구,전용면적_m2,층,건축년도,지하철역_거리_m,방개수,욕실개수,브랜드등급,거래금액_만원
구도심구,74.13,6,1996,504,3,1,2,50900
신도심구,60.08,9,2009,641,3,1,2,76100
호수구,49.86,27,1994,460,2,1,3,54100
구도심구,84.32,27,2012,2098,3,1,3,73300
중앙구,100.17,4,2011,820,4,2,1,173300
호수구,84.46,18,2012,142,3,1,1,102800
구도심구,73.92,10,2022,467,3,1,2,76300
구도심구,83.63,11,2018,1087,3,1,2,78200
중앙구,77.21,18,2001,1142,3,1,1,114800
신도심구,82.15,29,2011,785,3,1,3,111900
신도심구,85.15,17,2018,840,3,1,2,141800
호수구,82.96,28,2020,532,3,1,1,98800
구도심구,84.16,24,2013,704,3,1,2,74100
구도심구,117.08,23,1995,903,4,2,1,84400
신도심구,72.85,23,2006,1293,3,1,3,96500
강변구,48.13,23,2020,123,2,1,1,91100
신도심구,58.98,8,1995,2500,3,1,2,60100
중앙구,82.98,29,2011,701,3,1,2,158800
구도심구,85.06,27,2010,573,3,1,1,82300
구도심구,83.36,18,2000,319,3,1,2,75600
구도심구,84.78,21,2004,336,3,1,1,70200
신도심구,57.4,26,2024,2500,3,1,1,72000
호수구,81.83,5,2012,727,3,1,1,91700
호수구,83.73,2,2023,894,3,1,2,102200
구도심구,72.12,29,2008,1325,3,1,3,57400
강변구,75.82,17,2020,193,3,1,1,135800
신도심구,57.16,21,2012,525,3,1,2,81200
중앙구,72.75,15,2022,849,3,1,3,159400
강변구,101.5,16,2003,853,4,2,1,141400
구도심구,113.3,2,2005,636,4,2,3,99900
구도심구,82.18,9,1994,1006,3,1,1,60600
호수구,61.45,3,2000,262,3,1,2,72400
강변구,82.8,13,1997,928,3,1,2,111700
신도심구,83.76,1,1998,849,3,1,3,95200
신도심구,73.75,24,2002,1114,3,1,1,88600
강변구,101.85,9,2020,796,4,2,1,181000
중앙구,49.55,22,2005,1226,2,1,2,98300
신도심구,48.01,2,2019,1030,2,1,2,62900
강변구,58.61,1,2019,1127,3,1,2,83400
구도심구,58.73,13,2024,638,3,1,2,57900
신도심구,101.9,23,2009,808,4,2,2,139200
구도심구,72.6,24,2020,921,3,1,1,73900
구도심구,61.42,16,2006,350,3,1,1,48100
강변구,73.09,18,2013,1038,3,1,1,105600
구도심구,73.99,20,2018,820,3,1,1,72900
구도심구,72.61,20,1997,470,3,1,2,54200
신도심구,57.44,22,1994,627,3,1,1,59600
강변구,82.95,1,1998,1370,3,1,1,105500
구도심구,57.84,13,2016,428,3,1,1,53700
중앙구,100.5,25,2008,748,4,2,3,199600
강변구,57.83,13,2001,712,3,1,1,90500
중앙구,84.83,5,2017,342,3,1,1,158200
구도심구,100.06,20,1993,506,4,2,2,71400
구도심구,57.93,9,1998,709,3,1,1,49100
구도심구,58.53,15,2008,336,3,1,2,55200
구도심구,115.19,15,2022,583,4,2,1,119300
신도심구,84.26,21,2016,182,3,1,2,124100
신도심구,83.88,27,2014,974,3,1,1,111300
중앙구,47.28,21,2015,283,2,1,1,92700
중앙구,57.63,29,2002,554,3,1,1,105000
구도심구,82.47,1,2007,510,3,1,2,70800
신도심구,102.57,23,2021,1003,4,2,2,154100
신도심구,59.64,13,2016,91,3,1,1,91600
구도심구,99.97,22,2012,1152,4,2,2,94100
구도심구,83.32,3,1995,66,3,1,1,57500
신도심구,58.01,16,2016,1638,3,1,2,77000
신도심구,57.94,1,2004,1588,3,1,3,63000
강변구,59.55,20,2005,746,3,1,1,93700
중앙구,73.65,7,2014,1151,3,1,1,140300
신도심구,86.5,5,2005,1713,3,1,2,100900
강변구,75.5,3,2011,593,3,1,3,135100
신도심구,60.57,8,1993,1404,3,1,2,55800
호수구,84.81,28,1998,162,3,1,1,81800
강변구,83.49,29,2010,1425,3,1,2,124300
중앙구,84.72,3,2023,367,3,1,1,181200
강변구,83.58,29,2017,492,3,1,3,161700
강변구,60.96,18,2006,290,3,1,2,99800
구도심구,84.49,10,2024,738,3,1,3,81400
신도심구,74.31,28,2001,1595,3,1,3,92900
구도심구,74.15,7,2021,260,3,1,3,79400
구도심구,61.09,6,2005,621,3,1,1,44700
신도심구,82.28,7,1995,215,3,1,3,99700
구도심구,86.21,5,1993,766,3,1,1,62500
강변구,73.78,15,2024,2500,3,1,1,124500
중앙구,99.31,5,2013,729,4,2,1,172700
중앙구,100.1,7,1997,262,4,2,1,177000
구도심구,57.02,11,2024,178,3,1,1,53500
신도심구,84.78,19,1994,601,3,1,2,91000
강변구,72.75,25,2003,779,3,1,1,97200
신도심구,134.2,3,2016,1097,4,2,1,180100
강변구,60.36,19,1994,915,3,1,1,79900
구도심구,58.19,4,2021,900,3,1,2,54400
신도심구,73.68,29,2014,420,3,1,2,111300
신도심구,57.44,9,2023,121,3,1,2,90100
강변구,83.53,25,2019,524,3,1,2,152600
구도심구,87.09,23,2019,237,3,1,2,87800
신도심구,59.93,10,2000,1542,3,1,1,60500
중앙구,83.68,10,1999,198,3,1,2,169300
중앙구,100.27,10,2000,793,4,2,1,184900
호수구,100.95,14,1997,309,4,2,1,111200
호수구,84.16,13,2014,1212,3,1,3,95600
구도심구,58.5,20,1994,330,3,1,1,42800
강변구,59.64,14,2006,595,3,1,3,96100
호수구,99.86,23,2011,477,4,2,1,121300
구도심구,82.85,14,2010,1264,3,1,2,72200
구도심구,84.44,9,2008,435,3,1,1,70000
신도심구,99.6,10,2000,1187,4,2,3,125100
강변구,59.87,22,1996,231,3,1,2,83800
중앙구,83.98,5,2024,572,3,1,1,159600
호수구,56.81,9,2007,782,3,1,1,59400
신도심구,59.13,10,2012,391,3,1,2,80600
강변구,81.98,19,2011,154,3,1,1,134600
강변구,74.83,4,2004,740,3,1,1,86300
신도심구,113.7,14,2016,402,4,2,3,165400
강변구,76.22,20,2005,1108,3,1,2,115000
호수구,102.29,27,2006,611,4,2,1,97400
구도심구,82.73,13,2018,503,3,1,1,70700
구도심구,81.58,29,2003,429,3,1,1,68700
신도심구,113.09,18,2015,455,4,2,2,174700
구도심구,72.53,23,2014,149,3,1,1,64100
신도심구,76.19,8,1993,231,3,1,1,83300
구도심구,58.99,27,2014,330,3,1,1,54600
중앙구,60.12,8,2018,2131,3,1,3,102400
신도심구,100.66,4,2001,425,4,2,1,129100
중앙구,83.78,3,2022,107,3,1,2,181200
신도심구,73.96,19,1993,1146,3,1,1,77800
강변구,60.33,19,1998,1186,3,1,2,86600
중앙구,84.37,6,2023,211,3,1,1,160700
중앙구,82.73,26,2020,490,3,1,3,203600
신도심구,60.95,9,2017,721,3,1,3,97900
강변구,83.65,18,2012,418,3,1,1,138800
호수구,83.45,16,1999,905,3,1,1,83300
신도심구,97.6,18,2008,678,4,2,3,134700
강변구,59.76,22,2011,897,3,1,1,99100
신도심구,84.12,27,1995,1161,3,1,2,90000
중앙구,59.12,21,2012,98,3,1,2,123600
호수구,73.52,27,1995,163,3,1,1,71800
신도심구,83.31,26,1997,548,3,1,1,97300
구도심구,83.56,11,1998,775,3,1,1,68500
중앙구,59.56,17,1999,471,3,1,2,124800
신도심구,101.77,6,1995,2333,4,2,1,95200
신도심구,48.72,27,2023,357,2,1,2,80100
호수구,85.14,29,2018,833,3,1,2,98100
신도심구,133.91,26,2009,1301,4,2,2,186000
신도심구,83.39,22,2004,296,3,1,1,103300
강변구,101.24,25,1999,254,4,2,1,180100
강변구,82.37,24,2023,487,3,1,1,131000
신도심구,101.28,7,2018,333,4,2,1,165400
신도심구,82.15,8,2017,396,3,1,1,123400
중앙구,82.77,16,2008,616,3,1,3,156400
구도심구,56.58,13,1993,415,3,1,1,49300
호수구,83.79,22,2013,623,3,1,1,89100
중앙구,60.93,22,2008,228,3,1,2,120300
신도심구,133.86,29,2002,1228,4,2,2,148000
중앙구,59.77,23,2003,898,3,1,1,103400
구도심구,61.82,1,1994,1961,3,1,1,36700
강변구,101.48,10,2020,341,4,2,1,187200
구도심구,58.08,10,1998,1001,3,1,1,50700
구도심구,73.25,19,2019,219,3,1,1,69600
구도심구,84.0,10,2024,626,3,1,1,66700
중앙구,58.24,29,1994,716,3,1,2,102700
호수구,58.33,9,2012,150,3,1,3,69200
강변구,85.18,13,1995,1352,3,1,1,121700
중앙구,60.23,24,2019,1114,3,1,1,119800
신도심구,57.02,11,2009,898,3,1,3,74500
신도심구,48.02,2,1993,233,2,1,2,47700
구도심구,73.44,10,2017,369,3,1,2,75700
구도심구,74.72,11,2017,1203,3,1,3,70600
강변구,50.37,18,2022,621,2,1,2,102500
호수구,87.24,21,2008,532,3,1,2,98200
강변구,83.44,16,2022,1447,3,1,1,150700
신도심구,48.5,12,2014,697,2,1,3,64600
강변구,74.71,15,2009,251,3,1,2,110600
호수구,100.18,5,2004,1193,4,2,1,101400
강변구,83.83,6,2002,223,3,1,2,123300
중앙구,73.5,18,2012,625,3,1,1,140900
신도심구,80.85,26,2016,769,3,1,2,108700
호수구,59.15,16,1994,1027,3,1,1,49500
호수구,100.78,2,2006,178,4,2,2,107600
구도심구,115.53,29,1994,60,4,2,1,88900
호수구,114.01,10,2005,63,4,2,2,117200
호수구,57.49,22,2018,1568,3,1,2,69400
신도심구,73.69,27,2015,150,3,1,1,113800
강변구,56.49,29,1996,1835,3,1,1,69200
구도심구,72.55,4,2015,1280,3,1,1,65200
구도심구,74.76,6,1993,292,3,1,2,53600
신도심구,83.7,19,1993,89,3,1,3,108500
중앙구,60.11,23,2022,660,3,1,1,129400
구도심구,111.64,25,1994,417,4,2,2,84100
강변구,58.71,16,2001,1463,3,1,3,98600
호수구,48.43,5,1997,763,2,1,2,47500
강변구,102.15,21,2011,630,4,2,1,156600
중앙구,84.81,20,2009,534,3,1,1,162400
구도심구,74.77,14,2019,1026,3,1,3,70700
강변구,85.85,19,2024,588,3,1,1,142000
강변구,58.56,7,2016,2074,3,1,1,81000
신도심구,60.6,24,2007,145,3,1,2,81600
호수구,82.75,2,1994,491,3,1,1,66300
강변구,72.7,25,2022,927,3,1,2,142100
강변구,84.9,25,2010,844,3,1,3,136200
구도심구,57.19,20,1999,2070,3,1,3,40600
호수구,84.69,24,2010,346,3,1,2,91800
신도심구,84.12,27,2005,60,3,1,3,108400
중앙구,60.29,5,2004,1214,3,1,2,111800
중앙구,48.93,16,2007,738,2,1,3,100100
강변구,74.07,19,2017,1221,3,1,3,135800
중앙구,101.61,28,1998,815,4,2,3,198300
구도심구,83.2,22,2023,60,3,1,1,82900
중앙구,83.15,18,1994,852,3,1,1,146300
신도심구,74.57,17,1997,344,3,1,1,84900
구도심구,58.96,5,2014,492,3,1,2,50900
신도심구,83.51,10,1997,573,3,1,3,107100
강변구,58.9,13,2017,223,3,1,3,111700
구도심구,85.91,26,2016,334,3,1,3,90600
구도심구,58.47,25,2006,1074,3,1,2,53600
구도심구,58.43,19,2007,1073,3,1,2,50900
중앙구,81.95,4,2024,128,3,1,1,179200
중앙구,83.95,21,2018,744,3,1,2,196100
호수구,84.79,14,2013,1155,3,1,1,93500
신도심구,75.0,19,1997,690,3,1,2,93800
강변구,114.13,13,2011,775,4,2,2,168400
신도심구,102.15,21,1994,138,4,2,1,148900
구도심구,101.88,7,2001,1426,4,2,2,69300
호수구,85.34,5,2015,242,3,1,2,98300
강변구,85.18,7,2006,472,3,1,2,128100
호수구,85.88,27,2024,1162,3,1,2,123100
중앙구,73.8,3,2023,1763,3,1,1,131600
신도심구,72.41,9,1996,503,3,1,2,88700
구도심구,84.8,10,2021,2407,3,1,1,66400
중앙구,49.94,25,2020,708,2,1,1,96500
중앙구,50.88,11,1996,650,2,1,1,86500
신도심구,102.54,26,2005,274,4,2,2,132100
호수구,51.33,29,2023,480,2,1,3,71300
신도심구,84.74,19,1993,753,3,1,1,97400
호수구,84.27,10,1994,935,3,1,2,89500
구도심구,57.34,18,2009,905,3,1,3,48700
신도심구,114.37,20,2023,441,4,2,3,186600
구도심구,58.34,4,2001,1558,3,1,1,41400
중앙구,101.25,25,2017,666,4,2,1,206200
중앙구,84.07,13,2015,634,3,1,1,197500
구도심구,59.57,25,1997,258,3,1,3,51100
구도심구,58.88,18,2002,1002,3,1,1,38400
강변구,75.12,25,2012,608,3,1,2,125200
신도심구,70.73,3,2008,508,3,1,3,96100
구도심구,59.23,2,2000,189,3,1,1,42900
호수구,135.44,4,1999,197,4,2,2,131200
구도심구,61.24,26,2010,811,3,1,3,52700
신도심구,101.88,29,2019,1711,4,2,1,153400
신도심구,61.02,29,2006,539,3,1,1,80200
신도심구,134.2,10,2022,537,4,2,1,193400
구도심구,59.0,8,2014,1011,3,1,2,61300
호수구,74.64,11,2005,1392,3,1,1,68100
신도심구,84.0,24,2015,408,3,1,1,123900
강변구,58.06,8,2007,261,3,1,1,81700
강변구,100.38,16,2017,595,4,2,2,187000
구도심구,57.67,19,2024,896,3,1,2,54300
구도심구,84.63,11,2018,63,3,1,2,88000
중앙구,84.01,14,1997,455,3,1,2,169500
중앙구,83.57,20,1995,551,3,1,3,151700
신도심구,48.32,23,2018,496,2,1,2,61700
중앙구,59.61,6,2020,172,3,1,2,130100
구도심구,59.94,15,2011,456,3,1,1,56100
강변구,72.64,5,2000,558,3,1,1,107300
중앙구,57.45,1,2021,300,3,1,1,123300
호수구,115.15,19,2007,757,4,2,2,141500
강변구,82.35,14,2002,1115,3,1,3,124400
강변구,84.66,8,2004,1142,3,1,1,112500
강변구,75.94,2,2002,364,3,1,1,93800
중앙구,60.94,28,2002,884,3,1,2,106200
중앙구,84.89,24,2003,833,3,1,3,168100
중앙구,59.85,28,2014,1961,3,1,2,100000
강변구,76.7,4,1993,887,3,1,1,89500
중앙구,81.2,1,2004,925,3,1,2,139100
신도심구,83.44,7,1998,1268,3,1,1,86000
구도심구,135.02,3,2013,214,4,2,2,129300
신도심구,58.6,14,2024,654,3,1,2,86200
강변구,85.49,19,2018,1781,3,1,2,140300
신도심구,58.95,6,2000,1805,3,1,1,58300
호수구,74.16,12,2009,456,3,1,3,77000
호수구,83.67,16,1993,1750,3,1,1,75000
중앙구,58.37,10,2006,510,3,1,1,101500
강변구,83.34,14,2001,777,3,1,2,122000
강변구,74.33,18,2009,145,3,1,1,114100
강변구,48.07,28,2006,1512,2,1,1,70400
신도심구,115.14,9,2014,491,4,2,1,160500
신도심구,74.78,3,2010,177,3,1,1,101100
중앙구,102.32,26,2023,568,4,2,1,212800
신도심구,72.65,17,1995,60,3,1,2,88500
신도심구,111.96,14,2023,981,4,2,1,165900
중앙구,58.99,21,2018,1331,3,1,3,138200
구도심구,77.48,29,2015,269,3,1,2,78700
중앙구,85.52,4,2019,260,3,1,2,170400
호수구,73.33,25,1994,933,3,1,3,74400
중앙구,74.51,19,1999,1012,3,1,2,127800
구도심구,134.87,17,1993,378,4,2,1,87900
호수구,82.36,26,2018,301,3,1,3,95500
호수구,85.64,9,2004,1178,3,1,1,82900
구도심구,83.8,23,2004,160,3,1,1,71900
구도심구,100.89,17,2012,437,4,2,2,94500
구도심구,101.03,28,2006,295,4,2,1,93800
구도심구,85.37,14,2013,923,3,1,2,73700
중앙구,58.09,21,2022,315,3,1,3,125200
신도심구,46.95,15,2003,1284,2,1,2,54100
신도심구,84.39,12,2021,424,3,1,1,119000
호수구,98.55,11,2010,811,4,2,1,105200
신도심구,83.64,27,2005,320,3,1,1,102400
신도심구,60.42,25,2022,706,3,1,1,75400
구도심구,59.69,7,2008,355,3,1,2,44100
강변구,85.25,26,1997,247,3,1,2,128300
중앙구,101.74,17,2002,1008,4,2,2,167800
신도심구,61.89,4,2020,313,3,1,2,79500
신도심구,83.29,23,2009,317,3,1,1,117200
강변구,84.48,5,2010,662,3,1,1,142500
신도심구,113.47,26,2014,747,4,2,2,160500
신도심구,60.15,14,1999,239,3,1,1,74500
강변구,113.93,27,1995,872,4,2,1,154600
신도심구,86.06,15,2007,335,3,1,2,99500
구도심구,83.36,3,2022,187,3,1,1,85700
강변구,50.69,23,1997,485,2,1,1,77400
호수구,84.71,22,2016,479,3,1,1,113100
호수구,83.96,9,2024,823,3,1,1,98000
신도심구,74.65,6,1996,2008,3,1,2,70600
강변구,74.31,26,1997,654,3,1,1,112800
신도심구,84.43,23,2020,903,3,1,3,135100
구도심구,83.75,9,1996,141,3,1,1,68500
구도심구,48.16,21,2016,1324,2,1,1,40500
구도심구,73.6,7,2018,547,3,1,1,69700
신도심구,56.98,6,2003,202,3,1,3,70800
구도심구,115.01,20,2002,1291,4,2,2,92700
강변구,132.52,25,2009,565,4,2,2,213100
구도심구,58.74,27,2009,1153,3,1,3,62400
강변구,59.78,14,2020,2149,3,1,1,93500
구도심구,60.01,5,2011,157,3,1,2,47100
호수구,81.87,16,2023,323,3,1,2,108900
중앙구,100.89,20,2000,1019,4,2,2,181400
구도심구,84.55,29,2001,594,3,1,1,66300
중앙구,49.06,4,2000,60,2,1,3,84400
구도심구,50.61,20,2013,444,2,1,2,51100
중앙구,58.01,15,1994,502,3,1,3,96900
호수구,98.54,18,2020,565,4,2,1,124700
중앙구,84.97,3,2017,313,3,1,1,157900
호수구,83.36,1,2024,1549,3,1,1,83000
구도심구,71.89,18,2023,142,3,1,3,85300
신도심구,113.81,6,1995,781,4,2,1,127900
구도심구,75.48,18,2016,381,3,1,2,75400
구도심구,99.48,1,2009,359,4,2,1,79600
호수구,116.8,24,2016,1416,4,2,1,128200
강변구,82.99,10,2020,481,3,1,1,135100
신도심구,114.1,14,2011,784,4,2,2,140300
중앙구,57.54,10,1993,1066,3,1,1,90900
구도심구,84.05,13,2020,614,3,1,2,93500
강변구,58.84,16,2006,1429,3,1,2,91100
신도심구,82.21,19,2007,183,3,1,3,120800
신도심구,62.39,21,2011,819,3,1,2,78600
신도심구,48.41,29,2022,2022,2,1,2,70000
신도심구,48.41,6,2009,770,2,1,2,65600
구도심구,75.16,26,1999,110,3,1,1,64400
구도심구,86.18,18,2016,839,3,1,2,88600
신도심구,85.35,9,2013,1591,3,1,3,126700
신도심구,72.56,27,1995,449,3,1,1,77300
호수구,134.26,21,2010,444,4,2,1,137100
중앙구,111.74,6,2018,991,4,2,2,228000
중앙구,60.08,6,2021,870,3,1,2,117700
중앙구,72.04,20,2002,631,3,1,1,117700
구도심구,83.04,22,2009,333,3,1,3,88200
신도심구,84.0,2,2019,411,3,1,1,102400
구도심구,74.53,19,2011,255,3,1,1,68300
구도심구,83.69,16,2006,97,3,1,3,70600
강변구,60.82,29,1998,1325,3,1,1,80800
호수구,74.87,22,1994,1028,3,1,2,76800
구도심구,84.77,27,2015,958,3,1,3,90300
강변구,82.52,1,2023,946,3,1,1,137300
신도심구,103.04,23,2012,514,4,2,1,139800
강변구,48.04,10,2017,462,2,1,3,94900
강변구,61.09,17,2014,204,3,1,2,111100
중앙구,51.43,26,2004,1087,2,1,3,94400
호수구,59.62,26,2009,2500,3,1,3,61600
신도심구,50.24,7,2001,814,2,1,2,64600
신도심구,80.3,7,2000,1195,3,1,1,80800
구도심구,83.77,21,2011,1198,3,1,1,65900
신도심구,85.32,26,2013,1659,3,1,1,105200
호수구,75.11,18,2024,297,3,1,1,88400
구도심구,47.54,2,2000,144,2,1,2,33400
신도심구,83.65,5,2002,701,3,1,3,103900
신도심구,45.96,22,1998,551,2,1,3,63400
호수구,101.5,22,2023,2500,4,2,3,123600
구도심구,46.74,26,2018,258,2,1,1,46700
호수구,85.36,16,2003,2003,3,1,2,82400
중앙구,115.42,13,2024,555,4,2,1,286700
호수구,83.43,4,2015,231,3,1,2,95800
구도심구,84.63,23,2008,1764,3,1,3,73600
중앙구,83.74,28,2005,301,3,1,3,164100
신도심구,59.29,2,2011,1200,3,1,3,67100
구도심구,82.62,15,1995,716,3,1,1,67400
중앙구,101.75,11,1998,1998,4,2,2,154100
신도심구,132.03,22,2022,1378,4,2,1,191600
구도심구,71.8,23,1999,544,3,1,2,58800
강변구,73.85,7,1998,1770,3,1,1,98900
신도심구,83.75,28,2020,887,3,1,2,115600
신도심구,84.33,4,2023,644,3,1,1,130200
강변구,58.22,23,2019,704,3,1,2,110400
호수구,61.26,22,1996,1232,3,1,3,53100
구도심구,59.19,5,2019,523,3,1,1,53200
중앙구,84.28,20,2001,414,3,1,2,168400
호수구,59.24,8,1993,339,3,1,2,63900
호수구,50.2,8,2022,806,2,1,3,67900
강변구,49.69,3,2001,359,2,1,1,68400
구도심구,114.53,22,2014,1244,4,2,2,97100
중앙구,49.88,24,1995,513,2,1,1,86100
호수구,46.81,15,1999,936,2,1,1,43800
구도심구,81.86,23,2021,1430,3,1,1,72500
구도심구,58.91,11,2011,1691,3,1,2,48500
중앙구,133.76,17,2024,747,4,2,1,305100
호수구,114.7,23,1998,83,4,2,2,135900
중앙구,74.02,13,2021,89,3,1,1,171200
강변구,74.7,18,2020,1222,3,1,1,123200
중앙구,72.51,5,2022,283,3,1,2,150000
구도심구,48.99,15,1994,495,2,1,1,38900
강변구,57.39,25,1996,1346,3,1,1,82700
호수구,59.46,23,2009,418,3,1,1,70900
구도심구,56.75,9,1996,204,3,1,1,44400
중앙구,84.42,16,1995,507,3,1,1,135400
중앙구,57.24,18,2018,1066,3,1,2,121600
중앙구,58.54,28,2015,411,3,1,2,135100
구도심구,85.07,25,2020,966,3,1,1,81300
구도심구,74.27,24,2022,211,3,1,1,74600
강변구,57.03,22,1997,330,3,1,2,80800
구도심구,48.19,11,2019,513,2,1,1,54300
중앙구,57.2,11,1994,1466,3,1,1,79800
구도심구,56.97,14,2004,455,3,1,1,44700
호수구,101.14,13,2002,403,4,2,2,110500
구도심구,114.67,28,2000,405,4,2,2,96300
구도심구,74.53,26,2015,966,3,1,1,71900
구도심구,74.72,26,1996,1138,3,1,1,58900
중앙구,83.99,18,2018,1423,3,1,2,154500
강변구,83.67,6,2020,2206,3,1,1,115300
중앙구,57.71,5,2014,810,3,1,1,102200
신도심구,58.47,8,1995,363,3,1,2,73100
구도심구,72.41,19,2012,570,3,1,1,67500
구도심구,82.99,11,2013,296,3,1,1,74400
호수구,59.11,20,2004,707,3,1,2,64900
강변구,58.86,26,2004,340,3,1,2,86700
구도심구,77.68,10,2008,1418,3,1,1,58500
강변구,57.39,27,2024,765,3,1,1,92500
강변구,83.85,15,1993,1723,3,1,1,102200
구도심구,82.29,24,2009,1110,3,1,1,69800
호수구,83.53,2,2003,1042,3,1,1,69400
구도심구,58.58,8,2010,203,3,1,1,53400
중앙구,60.01,27,1993,964,3,1,1,100700
구도심구,100.46,26,2022,2175,4,2,1,79900
중앙구,83.77,17,2007,465,3,1,1,154500
호수구,48.48,1,2024,1276,2,1,2,55600
구도심구,57.32,2,1997,151,3,1,2,42700
강변구,100.22,13,2011,259,4,2,3,161100
중앙구,83.54,27,2014,600,3,1,2,168600
강변구,101.09,11,2018,408,4,2,2,174700
호수구,84.67,26,1993,335,3,1,1,79500
신도심구,73.72,16,2013,410,3,1,2,106000
구도심구,73.7,4,1997,892,3,1,2,62200
구도심구,56.94,17,2006,1287,3,1,3,49100
신도심구,84.65,11,1994,945,3,1,3,87600
중앙구,83.16,7,1994,983,3,1,1,128100
호수구,59.9,20,2017,620,3,1,3,86400
강변구,102.58,6,2015,253,4,2,2,174700
신도심구,73.77,27,2021,584,3,1,2,109800
구도심구,47.77,24,2015,720,2,1,1,43000
구도심구,73.98,23,2012,1325,3,1,1,65300
호수구,101.42,3,1996,1901,4,2,2,84900
중앙구,113.62,28,2017,841,4,2,1,203800
신도심구,83.32,15,2000,1236,3,1,2,94500
신도심구,114.68,22,1996,65,4,2,1,135000
신도심구,101.6,6,2016,507,4,2,1,144300
중앙구,100.58,23,2011,617,4,2,2,195200
중앙구,99.02,10,1997,928,4,2,2,162900
강변구,74.55,21,2010,1930,3,1,3,115000
강변구,83.08,9,2015,806,3,1,2,131200
신도심구,84.26,28,2008,132,3,1,2,117000
구도심구,84.18,21,2015,991,3,1,3,85100
구도심구,56.73,14,2009,478,3,1,2,48000
신도심구,84.1,14,2004,926,3,1,2,109100
신도심구,114.62,1,2000,1047,4,2,3,119700
강변구,74.76,9,2001,122,3,1,2,105300
신도심구,134.14,23,2018,593,4,2,2,191300
강변구,71.63,25,2004,610,3,1,2,122700
중앙구,60.53,29,2015,799,3,1,2,110100
신도심구,59.49,3,2004,357,3,1,2,73600
신도심구,99.56,8,2009,279,4,2,2,136600
강변구,83.05,23,2012,1910,3,1,2,135200
신도심구,74.28,11,2008,742,3,1,1,107200
신도심구,84.82,8,2016,304,3,1,1,115500
구도심구,73.41,9,2022,418,3,1,1,74700
구도심구,74.99,27,2020,1967,3,1,1,64000
구도심구,98.85,25,2022,1496,4,2,1,89600
강변구,82.75,1,1993,382,3,1,1,102400
구도심구,81.52,25,2017,256,3,1,1,70200
신도심구,82.92,17,2016,273,3,1,2,124400
신도심구,135.81,25,2006,1392,4,2,2,174800
구도심구,61.47,19,2003,453,3,1,2,50600
신도심구,59.28,20,1994,169,3,1,1,70700
신도심구,58.23,17,2019,428,3,1,1,74900
구도심구,83.73,22,2019,793,3,1,1,79800
호수구,84.57,24,1995,585,3,1,1,88000
호수구,82.12,15,2011,1513,3,1,1,83500
신도심구,73.31,4,2010,800,3,1,2,89500
신도심구,50.72,3,1998,879,2,1,1,50200
구도심구,82.75,13,2010,1186,3,1,2,74300
강변구,133.1,14,2018,1144,4,2,2,240600
구도심구,59.02,26,2003,427,3,1,1,49400
신도심구,59.34,1,2016,260,3,1,2,77400
중앙구,58.25,26,2024,755,3,1,2,113000
중앙구,74.09,2,2007,682,3,1,1,124000
구도심구,59.73,15,1996,804,3,1,2,44900
중앙구,76.35,13,2002,852,3,1,2,131500
강변구,83.85,17,1997,1817,3,1,2,122000
강변구,73.95,2,2004,521,3,1,3,95100
강변구,75.83,23,2013,876,3,1,1,106800
강변구,48.34,4,1999,259,2,1,1,68700
구도심구,112.41,23,2009,335,4,2,3,107000
중앙구,74.3,17,2024,651,3,1,2,162000
구도심구,75.29,26,2001,295,3,1,3,69500
호수구,59.43,29,2021,1004,3,1,2,74700
신도심구,83.88,25,2002,903,3,1,2,97800
강변구,99.26,14,2012,386,4,2,2,163200
구도심구,48.93,13,1998,550,2,1,1,38400
중앙구,60.48,20,2001,1401,3,1,1,100300
신도심구,57.52,19,2020,749,3,1,1,85500
호수구,83.71,23,2011,2500,3,1,1,75500
호수구,113.54,15,2011,550,4,2,2,136500
구도심구,73.16,14,2009,600,3,1,2,71300
강변구,74.3,4,2000,651,3,1,3,111600
구도심구,84.53,5,2022,149,3,1,1,81800
구도심구,84.52,24,2005,579,3,1,1,70300
신도심구,57.83,29,1993,564,3,1,1,61900
구도심구,57.02,18,2022,1067,3,1,2,52800
중앙구,74.31,10,1994,1439,3,1,1,108200
강변구,100.39,2,2021,515,4,2,1,163700
신도심구,86.21,2,2001,82,3,1,2,94300
강변구,86.26,20,1995,726,3,1,1,115700
강변구,103.39,19,2000,292,4,2,2,157100
구도심구,57.87,9,2013,772,3,1,1,57200
호수구,74.68,6,2010,758,3,1,1,82900
신도심구,50.05,3,1997,363,2,1,3,65100
구도심구,101.91,20,2002,730,4,2,1,87900
호수구,83.57,18,1999,175,3,1,1,81800
중앙구,60.53,10,2013,806,3,1,3,137800
신도심구,49.0,22,2020,1136,2,1,1,68900
신도심구,84.15,25,2001,931,3,1,1,99200
중앙구,82.15,16,2021,434,3,1,1,161600
구도심구,84.77,8,2006,1079,3,1,2,68700
신도심구,58.69,1,1995,997,3,1,2,53100
신도심구,114.56,24,2003,1028,4,2,2,140800
강변구,84.28,17,2020,1554,3,1,3,141000
강변구,84.22,11,2018,860,3,1,1,134800
호수구,83.95,1,2016,267,3,1,1,81500
중앙구,114.94,24,2005,308,4,2,3,246400
강변구,113.76,27,2017,861,4,2,1,196200
강변구,82.25,14,2015,126,3,1,3,170300
신도심구,74.68,8,2018,572,3,1,3,126900
신도심구,73.03,18,2010,494,3,1,3,107900
신도심구,99.41,26,2009,977,4,2,1,135900
중앙구,82.77,18,2023,225,3,1,2,194700
강변구,49.34,1,2023,991,2,1,2,77200
구도심구,58.88,6,2010,547,3,1,1,49700
구도심구,111.44,3,1999,822,4,2,2,90600
구도심구,100.54,12,2006,243,4,2,1,111800
구도심구,115.4,14,2009,1017,4,2,1,105400
구도심구,73.46,16,2014,1271,3,1,3,70700
중앙구,100.8,22,2003,2500,4,2,3,171200
신도심구,102.25,4,1994,784,4,2,1,112600
신도심구,74.95,28,2019,1242,3,1,1,101700
강변구,60.23,8,2023,294,3,1,2,118100
구도심구,130.67,16,1995,1500,4,2,1,90900
신도심구,51.08,7,2003,187,2,1,2,61300
구도심구,84.76,11,2006,1893,3,1,2,68600
호수구,86.95,25,2017,730,3,1,1,106000
신도심구,83.06,2,2017,204,3,1,2,111800
호수구,56.88,15,2003,505,3,1,1,60600
신도심구,84.01,17,2002,1233,3,1,1,104300
호수구,58.67,17,2005,580,3,1,2,64600
강변구,101.78,12,2000,575,4,2,1,140500
신도심구,60.29,11,2006,1158,3,1,1,68800
신도심구,83.9,27,2001,617,3,1,2,104600
중앙구,100.71,7,1994,1438,4,2,1,164000
신도심구,59.63,14,2015,424,3,1,1,82800
호수구,58.69,11,2018,137,3,1,2,75700
구도심구,100.59,23,2002,643,4,2,1,80200
강변구,60.24,24,2005,700,3,1,1,87800
강변구,60.51,25,2005,411,3,1,1,87300
강변구,85.3,3,1993,806,3,1,2,112400
중앙구,113.8,3,2010,160,4,2,1,206400
호수구,81.43,11,2007,822,3,1,3,100600
신도심구,73.82,13,2023,256,3,1,1,111300
강변구,133.09,2,2004,204,4,2,2,190600
신도심구,83.84,26,2018,686,3,1,2,122800
중앙구,73.19,27,2005,189,3,1,2,147200
강변구,73.98,13,1998,94,3,1,2,122300
구도심구,72.75,23,2004,899,3,1,1,55000
구도심구,72.46,17,2021,281,3,1,1,74100
호수구,85.47,20,2001,963,3,1,1,74800
구도심구,47.84,26,2020,531,2,1,1,50700
신도심구,84.0,3,2014,685,3,1,1,109200
구도심구,60.15,7,2016,1246,3,1,2,48400
호수구,75.1,13,2017,865,3,1,1,78400
구도심구,59.95,26,2009,977,3,1,3,58700
호수구,84.36,18,2012,953,3,1,2,85300
구도심구,84.87,12,1995,381,3,1,1,66300
호수구,75.65,1,2015,839,3,1,1,74700
중앙구,59.51,18,2015,313,3,1,2,126300
구도심구,56.8,8,1996,840,3,1,1,39700
신도심구,100.37,10,2009,513,4,2,1,122000
신도심구,59.84,29,2009,594,3,1,2,79600
구도심구,100.25,16,2002,1757,4,2,2,80600
호수구,75.94,5,1995,926,3,1,1,66200
호수구,58.92,2,1993,405,3,1,1,51300
강변구,84.1,12,1999,159,3,1,1,119200
구도심구,85.35,2,2000,701,3,1,1,63400
구도심구,48.78,13,1999,180,2,1,1,40600
강변구,114.21,13,2012,1901,4,2,2,164300
중앙구,60.08,26,2006,606,3,1,2,108200
중앙구,72.23,10,1996,1165,3,1,1,120000
구도심구,73.66,9,1995,216,3,1,3,57700
신도심구,84.99,18,2013,910,3,1,2,122400
호수구,101.08,19,2022,1327,4,2,1,117400
신도심구,50.76,2,2019,961,2,1,2,64300
호수구,112.11,3,2017,1107,4,2,2,130500
신도심구,81.97,5,2003,854,3,1,2,109900
구도심구,114.92,23,2015,478,4,2,1,112500
중앙구,102.04,7,1995,323,4,2,2,176100
신도심구,113.77,29,1998,367,4,2,1,152200
구도심구,84.48,13,1997,1930,3,1,1,51100
호수구,74.89,28,1998,754,3,1,2,69900
구도심구,73.02,8,2004,1409,3,1,2,56100
중앙구,83.15,13,1994,424,3,1,2,156800
신도심구,74.23,4,2019,1064,3,1,1,105300
중앙구,85.08,25,2015,305,3,1,1,154300
중앙구,57.6,18,2013,542,3,1,3,120800
구도심구,100.76,3,1998,462,4,2,2,72600
구도심구,58.71,22,2020,1791,3,1,2,53400
구도심구,114.5,26,1993,349,4,2,1,92400
호수구,58.99,20,2024,986,3,1,3,83400
구도심구,58.34,24,2016,869,3,1,1,54400
구도심구,102.5,9,1999,234,4,2,1,79200
중앙구,100.35,13,1999,1419,4,2,2,165700
강변구,83.65,25,2015,1527,3,1,1,134400
구도심구,132.09,18,2018,756,4,2,2,151200
호수구,58.14,18,2007,670,3,1,2,59600
중앙구,101.62,23,1994,134,4,2,3,205600
신도심구,74.38,18,2008,204,3,1,1,101200
구도심구,84.72,4,2008,531,3,1,1,75200
중앙구,74.66,7,2003,313,3,1,2,140900
신도심구,51.51,23,2021,1166,2,1,2,82700
호수구,83.1,8,2003,197,3,1,3,95800
구도심구,82.06,20,2000,181,3,1,1,64400
강변구,57.74,14,2014,927,3,1,2,99400
호수구,113.16,18,2012,829,4,2,1,135200
강변구,82.83,7,2012,718,3,1,1,128800
호수구,59.11,10,2009,1067,3,1,1,52300
강변구,85.5,20,2003,396,3,1,1,127900
신도심구,60.85,5,2001,478,3,1,1,72500
신도심구,49.61,9,1996,811,2,1,1,54800
강변구,86.57,29,1998,753,3,1,1,116100
호수구,58.57,5,2011,335,3,1,3,76800
강변구,57.04,17,2005,1292,3,1,1,67800
중앙구,85.26,5,2016,240,3,1,2,179800
강변구,46.79,21,2018,507,2,1,3,88500
구도심구,100.09,4,2010,255,4,2,1,100100
구도심구,101.62,17,1996,2458,4,2,2,68800
호수구,58.88,13,1993,683,3,1,1,55600
강변구,83.77,21,2000,297,3,1,1,124500
신도심구,57.58,1,2002,464,3,1,2,67400
중앙구,83.99,15,1995,803,3,1,2,159700
신도심구,50.2,16,2017,1160,2,1,1,62500
호수구,114.02,7,2004,321,4,2,3,123000
구도심구,58.0,9,2016,1578,3,1,2,53700
신도심구,82.5,21,1999,664,3,1,1,99500
신도심구,58.03,17,1993,933,3,1,1,61700
호수구,59.47,17,1997,438,3,1,3,63500
신도심구,84.41,28,2008,845,3,1,3,125100
중앙구,83.04,12,2008,413,3,1,2,169800
신도심구,131.35,26,2006,484,4,2,2,168400
중앙구,49.5,29,2023,1189,2,1,2,107800
강변구,47.92,17,2013,899,2,1,1,76000
중앙구,74.83,7,2016,521,3,1,3,167100
신도심구,73.09,13,1996,1147,3,1,2,81500
구도심구,99.81,2,2007,785,4,2,2,72500
강변구,114.18,21,2012,112,4,2,2,207200
신도심구,103.83,8,2011,596,4,2,2,147400
호수구,59.9,27,2023,1172,3,1,1,78000
구도심구,74.16,19,2008,1893,3,1,2,54500
신도심구,84.43,15,2004,273,3,1,1,108000
강변구,71.9,6,2023,1122,3,1,1,116700
호수구,82.65,3,2003,661,3,1,1,79100
강변구,55.99,20,2011,234,3,1,1,82100
강변구,76.08,23,1993,252,3,1,3,104800
호수구,102.83,8,1998,282,4,2,1,102800
신도심구,59.47,1,1994,172,3,1,1,59400
구도심구,134.16,10,2006,215,4,2,2,113400
신도심구,72.14,23,2022,680,3,1,3,127200
구도심구,48.74,17,1995,109,2,1,2,46300
강변구,61.15,3,2024,326,3,1,3,116800
강변구,59.16,4,2020,488,3,1,2,93200
강변구,83.32,4,1993,327,3,1,2,117000
강변구,56.89,22,1993,194,3,1,1,66400
호수구,85.66,23,2021,646,3,1,1,94500
강변구,100.92,12,2011,322,4,2,1,168500
신도심구,71.89,20,1998,343,3,1,2,81700
구도심구,57.89,1,2023,575,3,1,2,52900
구도심구,72.47,17,2010,982,3,1,2,58200
신도심구,100.84,8,2013,388,4,2,2,143400
신도심구,84.25,24,2014,404,3,1,2,133200
호수구,58.4,15,1999,226,3,1,1,56900
구도심구,84.93,25,2004,1163,3,1,1,67600
구도심구,84.09,17,1997,654,3,1,2,64100
호수구,75.27,14,2009,1115,3,1,1,74600
구도심구,58.57,28,2024,1236,3,1,3,57100
강변구,137.65,29,2013,384,4,2,1,241500
신도심구,58.32,14,2015,1060,3,1,1,70100
중앙구,57.92,11,1999,701,3,1,2,99400
구도심구,57.77,19,2010,412,3,1,1,53500
호수구,83.75,5,2024,362,3,1,2,114800
신도심구,71.94,12,1995,641,3,1,1,83400
신도심구,59.35,25,1999,753,3,1,1,69400
중앙구,71.71,27,2016,82,3,1,2,149700
호수구,84.19,13,1993,459,3,1,1,83700
중앙구,57.38,12,1999,731,3,1,2,94800
중앙구,113.54,26,2023,855,4,2,1,225300
강변구,74.73,6,1993,572,3,1,2,110400
중앙구,61.76,2,2006,837,3,1,1,102600
신도심구,112.71,3,2003,363,4,2,1,140200
신도심구,100.82,4,2005,823,4,2,2,130900
강변구,73.13,26,2001,747,3,1,2,108900
중앙구,99.96,2,2001,1223,4,2,3,146000
중앙구,83.14,10,2017,1630,3,1,2,162400
신도심구,74.99,18,1993,1243,3,1,2,82600
중앙구,100.41,18,1997,521,4,2,1,160000
구도심구,86.7,25,2001,237,3,1,2,69600
강변구,59.5,29,2019,325,3,1,2,109300
강변구,82.79,12,2005,1602,3,1,2,107300
신도심구,73.56,7,1994,665,3,1,2,82900
신도심구,48.04,3,2009,768,2,1,1,58500
중앙구,134.96,26,2013,1114,4,2,2,264300
중앙구,82.03,11,2007,636,3,1,2,161500
호수구,82.39,27,1995,1367,3,1,1,76500
중앙구,83.29,11,2021,213,3,1,2,177100
신도심구,84.82,22,2020,882,3,1,2,133600
신도심구,60.48,19,2022,1926,3,1,2,81900
강변구,135.66,21,2023,1439,4,2,3,275300
신도심구,84.64,19,2003,1494,3,1,1,93200
구도심구,83.9,9,2006,194,3,1,1,63600
구도심구,84.95,3,2023,738,3,1,1,84600
강변구,57.63,1,2007,581,3,1,3,89500
강변구,46.79,13,2020,324,2,1,1,89600
강변구,74.52,26,2013,747,3,1,2,128300
신도심구,57.79,19,2022,239,3,1,2,106700
구도심구,83.92,20,1993,836,3,1,2,63100
강변구,101.14,8,2015,304,4,2,1,180300
강변구,74.3,15,2018,807,3,1,1,120100
호수구,75.13,12,1999,336,3,1,3,85000
중앙구,85.0,4,2016,499,3,1,2,182800
신도심구,59.23,18,1999,464,3,1,1,75500
구도심구,113.47,11,2021,572,4,2,1,115600
강변구,74.13,12,2022,615,3,1,2,104700
중앙구,58.28,18,1993,466,3,1,3,103000
중앙구,58.76,1,2009,278,3,1,2,102900
호수구,117.14,28,2005,1277,4,2,1,113500
중앙구,59.22,7,2021,634,3,1,2,124500
강변구,84.54,20,2003,758,3,1,1,132100
중앙구,58.15,23,2016,466,3,1,3,131900
중앙구,60.22,5,1996,2500,3,1,1,78300
구도심구,101.91,8,1999,674,4,2,1,70300
강변구,59.92,12,2024,1320,3,1,1,110900
신도심구,49.26,24,2005,505,2,1,1,60000
신도심구,85.24,19,2017,907,3,1,1,116600
구도심구,102.53,14,2023,555,4,2,2,122600
중앙구,74.34,25,2023,1183,3,1,1,145900
호수구,58.86,14,1993,429,3,1,2,56700
구도심구,135.07,26,2000,251,4,2,1,112900
강변구,82.92,23,2015,757,3,1,1,120800
구도심구,100.14,5,2022,1236,4,2,2,82800
호수구,83.94,12,2024,568,3,1,2,105500
강변구,81.91,1,2016,421,3,1,1,121000
호수구,74.99,7,1996,213,3,1,2,75600
신도심구,72.84,1,2016,1247,3,1,1,80700
구도심구,83.43,4,2001,315,3,1,1,68500
호수구,83.74,1,2018,461,3,1,1,76700
신도심구,114.05,20,2010,454,4,2,2,159600
구도심구,83.59,12,1998,601,3,1,1,66600
강변구,58.92,14,2020,901,3,1,1,101800
구도심구,83.93,23,2024,2053,3,1,1,73100
구도심구,83.46,24,2009,779,3,1,1,68800
강변구,73.07,16,2019,214,3,1,1,127400
신도심구,102.3,14,1994,579,4,2,2,130700
강변구,81.47,19,2001,788,3,1,2,116600
중앙구,48.75,13,1997,1381,2,1,1,81400
중앙구,83.44,13,2002,1279,3,1,1,149700
강변구,84.5,9,2005,563,3,1,1,110200
중앙구,112.25,6,2006,661,4,2,3,215500
강변구,73.4,6,2003,729,3,1,2,101300
구도심구,83.88,20,2010,663,3,1,1,66200
구도심구,85.28,25,2000,579,3,1,3,78900
구도심구,84.4,13,2004,1659,3,1,1,65900
강변구,47.58,3,2019,366,2,1,1,81400
호수구,113.42,18,2010,1136,4,2,3,120900
신도심구,115.06,27,1993,1001,4,2,2,131500
중앙구,82.56,16,2003,563,3,1,2,140900
중앙구,83.91,1,2019,348,3,1,2,168000
구도심구,48.99,3,1998,632,2,1,3,38100
강변구,83.54,16,2022,928,3,1,1,154200
신도심구,77.23,25,2002,60,3,1,1,94800
호수구,83.5,2,2013,238,3,1,1,88700
중앙구,49.54,22,2008,61,2,1,3,106000
중앙구,83.08,23,2013,764,3,1,1,161000
호수구,59.63,2,2018,740,3,1,1,63300
신도심구,85.04,7,1997,262,3,1,1,100700
중앙구,83.29,1,2004,326,3,1,1,129500
호수구,58.93,17,2011,712,3,1,2,70100
호수구,72.93,6,2001,156,3,1,1,77700
신도심구,99.63,27,2005,966,4,2,2,131400
구도심구,85.24,3,2021,517,3,1,2,81800
강변구,48.34,19,2000,602,2,1,1,70300
중앙구,71.1,23,1999,640,3,1,2,124100
신도심구,76.12,6,2011,217,3,1,1,100400
강변구,83.04,8,1996,642,3,1,2,106400
구도심구,83.7,24,1993,890,3,1,2,69600
구도심구,50.97,3,2020,353,2,1,1,54800
중앙구,83.83,13,2001,322,3,1,1,142200
신도심구,83.8,8,1996,1972,3,1,2,91900
강변구,82.53,1,2013,295,3,1,2,142500
호수구,47.04,14,2008,443,2,1,2,50300
강변구,73.8,15,2007,1472,3,1,1,89600
구도심구,74.44,11,2007,146,3,1,1,71600
신도심구,59.37,24,1997,552,3,1,3,75700
신도심구,73.42,3,2020,877,3,1,1,96200
구도심구,49.02,13,1993,577,2,1,3,39600
구도심구,56.8,6,2008,125,3,1,2,49800
신도심구,84.55,22,2001,238,3,1,2,133000
구도심구,59.19,17,2013,106,3,1,1,53300
호수구,86.37,21,2010,525,3,1,3,107400
신도심구,49.01,4,2005,789,2,1,3,69700
신도심구,82.87,14,2010,350,3,1,2,127700
중앙구,73.94,2,2000,468,3,1,2,130900
구도심구,100.61,10,1997,466,4,2,1,75300
신도심구,101.52,28,2021,1319,4,2,1,138600
신도심구,74.03,22,2012,704,3,1,3,91900
중앙구,82.49,3,2013,640,3,1,1,154400
호수구,57.04,11,2024,1183,3,1,1,67200
신도심구,84.32,26,2021,182,3,1,1,133500
구도심구,60.66,5,2011,698,3,1,2,61000
중앙구,74.1,22,2018,398,3,1,2,170800
호수구,59.98,10,2009,1437,3,1,2,67500
강변구,102.22,14,2000,1190,4,2,1,139000
강변구,74.32,26,2012,398,3,1,1,133300
호수구,83.02,20,2022,490,3,1,1,103500
호수구,74.23,9,2021,280,3,1,3,107200
강변구,60.45,1,2009,1067,3,1,1,86400
신도심구,59.64,7,2023,917,3,1,3,94200
구도심구,114.9,13,1999,510,4,2,1,81400
호수구,100.44,4,1994,506,4,2,3,107200
신도심구,58.76,26,2005,423,3,1,2,81000
신도심구,83.86,2,1999,1380,3,1,2,91600
구도심구,73.94,16,2023,544,3,1,2,79000
구도심구,50.4,29,1996,436,2,1,2,42400
구도심구,81.18,10,2010,998,3,1,2,77800
신도심구,59.04,16,2017,60,3,1,1,83000
중앙구,58.9,3,1996,483,3,1,3,106600
호수구,82.35,22,1994,1091,3,1,2,73300
호수구,59.81,29,2010,1585,3,1,1,63200
구도심구,113.13,23,2021,363,4,2,1,114900
중앙구,83.57,5,1993,846,3,1,2,126900
강변구,103.22,11,1993,361,4,2,3,151600
구도심구,85.21,21,2022,2080,3,1,2,73900
중앙구,101.69,24,2012,669,4,2,1,192600
호수구,74.46,12,2015,912,3,1,2,89100
신도심구,83.8,28,2001,71,3,1,1,106400
구도심구,86.4,6,2002,420,3,1,1,60100
호수구,114.96,22,2008,1002,4,2,2,129400
신도심구,58.1,15,1999,180,3,1,1,69400
강변구,82.32,21,2007,667,3,1,1,122600
구도심구,84.68,18,2023,1632,3,1,1,70900
신도심구,73.93,13,2016,1039,3,1,1,99000
신도심구,99.29,24,2020,867,4,2,1,136100
구도심구,74.51,25,2008,439,3,1,1,71500
호수구,58.68,24,2018,227,3,1,1,62900
신도심구,84.64,3,2006,574,3,1,3,105400
강변구,74.53,13,2012,938,3,1,1,107900
신도심구,48.27,22,2016,280,2,1,3,77200
신도심구,49.76,26,2019,1033,2,1,2,78200
중앙구,58.4,11,2022,694,3,1,1,126400
강변구,83.48,22,1996,323,3,1,1,108600
구도심구,113.36,17,2018,140,4,2,1,107500
강변구,85.36,7,2015,177,3,1,2,139300
호수구,58.66,26,2016,558,3,1,2,74600
강변구,85.65,13,1993,1262,3,1,1,103600
중앙구,103.14,18,2008,326,4,2,1,179100
구도심구,83.11,9,2023,1372,3,1,1,78800
호수구,55.49,1,2021,124,3,1,2,70900
강변구,60.25,14,2000,628,3,1,1,85000
강변구,113.59,21,2008,584,4,2,2,186700
강변구,99.96,10,2020,794,4,2,2,156900
신도심구,48.29,27,2022,686,2,1,2,63500
신도심구,100.5,22,2003,435,4,2,1,110100
강변구,60.56,19,2018,437,3,1,1,104500
중앙구,49.19,24,2019,1112,2,1,1,96000
신도심구,85.54,25,1997,653,3,1,2,107700
호수구,84.59,21,1994,66,3,1,1,80400
구도심구,73.63,24,1994,469,3,1,1,59800
신도심구,113.53,21,1997,500,4,2,1,141600
중앙구,101.67,25,2016,498,4,2,2,212600
강변구,49.98,4,2005,1007,2,1,2,68100
강변구,85.2,10,2014,387,3,1,2,127000
구도심구,100.69,26,1995,726,4,2,2,87100
호수구,84.21,14,2012,1650,3,1,3,87900
호수구,134.7,1,2016,1268,4,2,3,130100
호수구,83.54,25,2024,360,3,1,1,107900
호수구,57.64,20,2003,666,3,1,1,53100
호수구,58.03,27,2010,60,3,1,3,72500
중앙구,100.71,1,2008,902,4,2,2,168900
중앙구,134.79,5,2004,212,4,2,3,279800
강변구,60.51,15,2013,601,3,1,1,104600
신도심구,57.37,6,2011,544,3,1,3,87800
중앙구,83.28,16,2019,1225,3,1,1,166800
구도심구,48.57,11,1993,730,2,1,2,34600
구도심구,49.95,7,2000,541,2,1,1,36300
신도심구,100.37,23,2011,944,4,2,1,126000
강변구,100.48,2,2011,1357,4,2,1,153900
강변구,99.31,26,2021,60,4,2,1,175400
강변구,84.58,5,2014,376,3,1,1,138400
호수구,73.81,17,1993,1681,3,1,3,75200
신도심구,113.22,29,2008,2212,4,2,3,141700
구도심구,58.69,4,2020,321,3,1,3,57800
강변구,60.35,27,2020,1099,3,1,3,115200
신도심구,99.79,9,2018,320,4,2,2,144800
신도심구,82.99,22,2008,250,3,1,3,123400
구도심구,115.5,25,1996,557,4,2,1,92300
구도심구,59.09,7,1999,1186,3,1,1,41800
강변구,114.8,11,2020,506,4,2,3,218800
호수구,84.48,25,2003,1176,3,1,1,92500
중앙구,83.96,3,2017,1249,3,1,2,155300
호수구,113.58,4,1994,423,4,2,2,118700
중앙구,75.0,9,2008,413,3,1,1,134600
강변구,85.39,18,2023,516,3,1,1,172700
구도심구,85.3,24,2000,618,3,1,2,67100
강변구,99.58,17,1993,565,4,2,2,135200
신도심구,115.57,15,2002,660,4,2,1,156200
신도심구,83.57,26,1995,447,3,1,2,111800
강변구,48.09,5,2012,230,2,1,1,81300
구도심구,58.8,27,1999,1935,3,1,1,38300
호수구,115.0,10,2000,376,4,2,2,121200
호수구,134.65,9,2011,136,4,2,1,151000
강변구,133.69,28,2003,995,4,2,3,196400
신도심구,50.01,19,2013,269,2,1,1,73500
강변구,74.17,13,2022,929,3,1,3,130500
강변구,83.31,10,2022,363,3,1,2,140200
강변구,83.15,13,2016,2174,3,1,3,116200
호수구,59.49,23,2023,1497,3,1,2,80100
호수구,83.9,5,2016,534,3,1,2,95900
구도심구,57.35,6,1995,868,3,1,2,41600
신도심구,85.02,9,2023,752,3,1,2,118900
신도심구,58.42,14,2011,352,3,1,1,87400
신도심구,50.91,24,1993,971,2,1,1,49700
신도심구,57.32,7,2012,656,3,1,1,68700
신도심구,113.78,23,2000,723,4,2,2,138400
중앙구,83.16,27,2010,917,3,1,1,155200
중앙구,112.83,13,2014,576,4,2,2,244500
호수구,83.42,28,1993,317,3,1,1,75600
신도심구,76.12,26,2007,868,3,1,1,106500
호수구,74.17,24,1994,1029,3,1,2,66900
강변구,83.05,12,1996,1032,3,1,3,110500
신도심구,71.81,9,1999,1047,3,1,1,74300
강변구,81.93,26,2017,795,3,1,3,140700
강변구,100.36,13,2006,143,4,2,1,143300
중앙구,100.24,1,1994,2237,4,2,1,132800
중앙구,58.73,21,2016,1023,3,1,1,106900
호수구,81.27,11,2010,467,3,1,1,88900
강변구,58.89,28,1997,1126,3,1,1,72700
구도심구,50.23,25,2010,243,2,1,1,41900
신도심구,85.95,4,2000,933,3,1,2,108700
신도심구,81.73,27,2013,504,3,1,2,130900
신도심구,83.04,28,2023,255,3,1,1,138400
강변구,57.97,22,2003,252,3,1,3,86200
호수구,134.17,8,2016,836,4,2,2,142200
구도심구,132.54,20,1993,905,4,2,1,109300
구도심구,86.02,26,2006,300,3,1,1,73900
신도심구,101.05,24,2021,509,4,2,1,135100
강변구,58.85,13,1995,780,3,1,2,88100
호수구,85.91,21,2022,416,3,1,1,108100
강변구,100.98,12,1995,2002,4,2,1,124800
중앙구,101.48,8,2008,843,4,2,1,153900
강변구,100.1,20,1998,577,4,2,1,137900
구도심구,82.36,14,1993,1239,3,1,1,61600
구도심구,100.27,7,2004,892,4,2,2,79200
구도심구,86.62,20,2011,785,3,1,3,90400
구도심구,59.76,10,2016,854,3,1,1,48800
강변구,59.33,18,2003,1041,3,1,1,84000
호수구,99.83,11,2008,386,4,2,1,121400
신도심구,85.09,26,1998,110,3,1,1,94500
구도심구,82.37,25,2016,1308,3,1,2,77300
중앙구,112.12,14,1998,658,4,2,3,214700
호수구,83.33,21,2020,445,3,1,2,107700
강변구,76.35,6,1998,316,3,1,1,104500
중앙구,76.28,29,2014,283,3,1,3,159500
신도심구,83.46,7,2003,708,3,1,2,105600
중앙구,83.19,26,2024,614,3,1,1,179400
강변구,82.03,25,2001,1250,3,1,3,110500
구도심구,84.09,6,2023,920,3,1,2,88700
신도심구,84.19,1,2019,1029,3,1,2,102600
호수구,84.95,22,2007,1208,3,1,1,78200
강변구,102.09,26,2008,735,4,2,1,150700
구도심구,48.76,21,2004,1626,2,1,2,36500
신도심구,84.67,2,2006,371,3,1,1,97000
구도심구,83.16,19,2007,1192,3,1,3,67700
신도심구,49.64,12,1997,108,2,1,1,60500
신도심구,83.39,27,2003,114,3,1,1,116400
호수구,84.55,24,2021,238,3,1,2,111600
강변구,84.45,24,2024,579,3,1,2,142900
강변구,101.08,12,1994,96,4,2,1,129300
구도심구,74.95,10,2016,565,3,1,2,73300
구도심구,57.12,24,2000,465,3,1,2,41800
중앙구,72.72,4,2013,2113,3,1,2,114900
신도심구,73.68,3,2012,186,3,1,1,86500
호수구,82.27,2,2021,686,3,1,2,94200
구도심구,100.51,15,2015,906,4,2,2,109400
호수구,83.55,3,2019,118,3,1,2,93800
신도심구,60.57,17,2018,1556,3,1,2,88000
구도심구,74.17,5,2013,1013,3,1,1,60400
강변구,60.24,26,2006,1318,3,1,1,78500
호수구,84.36,13,2003,755,3,1,1,94900
신도심구,58.36,3,2004,340,3,1,1,82300
구도심구,84.16,21,2004,168,3,1,2,77500
신도심구,101.88,10,2002,1075,4,2,2,126400
신도심구,85.43,8,2002,447,3,1,3,113400
구도심구,58.84,20,2011,81,3,1,2,55800
신도심구,72.02,28,2001,482,3,1,2,94600
호수구,81.94,29,2004,611,3,1,2,93600
신도심구,83.61,13,2015,1446,3,1,1,119900
구도심구,56.19,25,2003,514,3,1,2,47200
강변구,103.15,7,1996,614,4,2,1,139000
신도심구,84.72,25,1993,621,3,1,1,93700
신도심구,83.24,28,2017,1173,3,1,3,131200
중앙구,57.67,15,2023,348,3,1,2,155000
중앙구,75.23,16,2014,825,3,1,1,158000
구도심구,72.66,17,1994,416,3,1,2,61200
구도심구,57.78,3,2011,1424,3,1,3,53300
구도심구,83.08,25,2001,1640,3,1,1,66900
중앙구,84.14,22,2003,689,3,1,3,190800
강변구,101.74,26,2022,785,4,2,3,170300
강변구,115.43,4,2019,523,4,2,2,209200
구도심구,60.25,24,2016,114,3,1,1,47400
호수구,59.0,11,2009,625,3,1,1,67900
강변구,102.22,24,2011,584,4,2,1,170400
구도심구,133.19,29,2022,473,4,2,1,127800
중앙구,98.81,26,2014,515,4,2,2,168500
강변구,48.19,27,2011,832,2,1,3,82500
중앙구,58.03,4,1996,786,3,1,1,92700
강변구,48.24,10,2024,526,2,1,1,85300
구도심구,99.85,9,2018,1508,4,2,2,86000
호수구,83.45,15,2004,96,3,1,1,83800
강변구,84.74,29,2001,362,3,1,2,130700
신도심구,86.06,20,2023,1074,3,1,3,126900
구도심구,56.93,16,2023,134,3,1,1,61400
호수구,82.45,24,2006,94,3,1,1,89600
구도심구,48.05,6,2000,359,2,1,2,34900
강변구,84.92,20,2018,590,3,1,1,147000
구도심구,83.75,15,2013,428,3,1,3,86900
강변구,83.13,6,2021,707,3,1,3,169500
호수구,74.86,19,2010,103,3,1,1,90500
신도심구,102.15,25,2010,330,4,2,2,136000
구도심구,83.98,25,1997,963,3,1,2,72700
중앙구,58.02,25,2012,828,3,1,1,100600
신도심구,59.32,24,2004,383,3,1,1,75900
호수구,83.72,14,1999,673,3,1,3,94400
구도심구,58.71,2,2018,581,3,1,1,55300
신도심구,58.39,28,2004,593,3,1,2,86700
호수구,60.11,14,1999,748,3,1,1,63900
호수구,59.3,19,2023,1703,3,1,1,66300
강변구,85.24,1,2023,1728,3,1,3,139800
신도심구,85.6,26,2008,137,3,1,2,121500
신도심구,59.55,26,2002,504,3,1,2,73300
구도심구,83.39,27,1998,227,3,1,1,66600
강변구,60.25,6,2013,793,3,1,3,114900
강변구,74.56,25,2012,525,3,1,1,126900
호수구,62.12,19,2012,1204,3,1,2,79600
호수구,101.37,5,2017,612,4,2,1,106500
구도심구,114.84,17,2008,1551,4,2,2,93500
호수구,84.35,14,2014,1772,3,1,2,93700
구도심구,48.88,19,2013,1514,2,1,1,43300
구도심구,58.69,3,2018,68,3,1,2,56800
구도심구,59.35,17,2016,742,3,1,1,58000
신도심구,101.63,20,1994,470,4,2,2,127800
신도심구,60.39,21,2012,526,3,1,2,77700
강변구,134.37,23,2024,1074,4,2,3,266300
구도심구,83.44,19,2010,495,3,1,1,80200
강변구,83.61,21,2009,640,3,1,1,133800
강변구,99.41,3,2012,666,4,2,1,133200
신도심구,50.99,24,2010,96,2,1,1,68100
신도심구,100.35,11,2005,440,4,2,2,136700
강변구,60.16,16,2024,1260,3,1,1,96000
구도심구,101.33,16,1995,79,4,2,1,84100
호수구,84.36,29,2019,897,3,1,1,104000
강변구,48.86,10,1998,302,2,1,2,73000
중앙구,100.05,12,1999,462,4,2,2,180200
강변구,47.84,23,2012,1018,2,1,1,75700
구도심구,61.07,19,2013,243,3,1,3,62200
구도심구,101.14,10,2022,493,4,2,1,90000
중앙구,85.35,10,2002,137,3,1,2,154500
구도심구,102.66,25,1993,815,4,2,1,75300
중앙구,83.51,25,2001,332,3,1,2,172300
신도심구,84.51,5,2010,175,3,1,1,116300
호수구,59.05,12,2004,612,3,1,3,73300
강변구,57.61,23,2001,131,3,1,2,80800
강변구,133.78,4,2022,451,4,2,2,234200
신도심구,59.71,6,2010,308,3,1,2,94100
구도심구,83.4,5,2014,711,3,1,1,69400
호수구,58.61,16,2016,722,3,1,1,64300
호수구,58.79,14,2006,354,3,1,3,68100
중앙구,86.53,10,2016,1526,3,1,2,189600
중앙구,98.8,4,2023,1219,4,2,1,184800
구도심구,101.6,19,2016,271,4,2,1,101400
강변구,100.7,24,2002,2398,4,2,1,128900
호수구,58.23,7,2017,986,3,1,2,58400
구도심구,83.67,20,2000,767,3,1,2,69100
중앙구,49.8,24,1995,803,2,1,2,81000
구도심구,84.87,17,2007,211,3,1,1,78500
강변구,74.22,17,2009,1351,3,1,3,133700
신도심구,85.31,5,2008,96,3,1,1,107200
신도심구,60.52,28,2001,800,3,1,1,70600
신도심구,101.98,28,2001,1230,4,2,3,150600
구도심구,100.34,21,2022,291,4,2,2,100800
구도심구,101.59,27,2002,1033,4,2,2,75900
호수구,49.6,18,2018,655,2,1,3,70300
호수구,133.02,20,2001,1078,4,2,1,128900
신도심구,57.12,25,1996,1193,3,1,1,63800
중앙구,71.57,2,1995,1617,3,1,1,111600
구도심구,59.08,7,2000,1391,3,1,1,38700
호수구,59.36,6,2019,112,3,1,2,72900
강변구,82.58,19,2007,277,3,1,2,124700
신도심구,60.26,8,2015,859,3,1,1,81900
신도심구,74.18,12,2023,1204,3,1,2,104500
중앙구,85.62,15,1994,245,3,1,1,131300
구도심구,101.44,22,1996,972,4,2,1,79400
신도심구,82.72,16,2022,1457,3,1,1,113800
구도심구,84.55,1,2011,1173,3,1,2,61500
구도심구,59.8,20,2012,962,3,1,1,48000
구도심구,100.34,13,2003,581,4,2,3,91300
신도심구,47.27,4,2019,560,2,1,3,63200
강변구,59.12,19,2013,2153,3,1,2,89100
구도심구,47.8,8,2001,60,2,1,2,44200
구도심구,85.35,14,2013,410,3,1,2,86100
신도심구,73.51,29,1993,277,3,1,3,87600
호수구,86.07,7,2000,174,3,1,2,91500
중앙구,71.45,26,1999,922,3,1,1,109100
호수구,84.16,14,2018,837,3,1,1,98900
중앙구,85.72,28,2016,621,3,1,2,177300
강변구,47.93,25,1995,836,2,1,1,59300
신도심구,73.81,25,2022,1077,3,1,2,114400
중앙구,83.52,6,2019,521,3,1,3,159100
중앙구,83.18,23,2006,878,3,1,1,137600
중앙구,49.29,11,1999,485,2,1,1,78100
신도심구,82.45,27,2006,898,3,1,1,99200
구도심구,73.87,29,2011,1463,3,1,1,66900
중앙구,49.62,18,2013,1150,2,1,2,102800
구도심구,58.74,27,2004,1804,3,1,1,44500
구도심구,82.8,16,1996,411,3,1,1,64900
강변구,75.24,1,2012,340,3,1,2,116300
중앙구,84.88,26,2015,824,3,1,1,183600
호수구,57.75,16,2001,422,3,1,1,51900
구도심구,99.45,2,2013,925,4,2,1,83200
신도심구,57.86,2,2011,711,3,1,2,69400
구도심구,84.65,21,2009,281,3,1,1,78900
중앙구,101.33,27,1993,850,4,2,1,165500
신도심구,74.95,21,2002,298,3,1,1,99300
구도심구,48.61,13,2004,1532,2,1,2,43200
강변구,82.89,9,2019,529,3,1,2,132800
구도심구,135.1,13,2019,337,4,2,1,141100
신도심구,133.34,10,2020,726,4,2,2,196100
구도심구,59.22,8,2007,784,3,1,2,49500
신도심구,82.14,4,2003,401,3,1,3,123900
신도심구,73.32,17,2008,386,3,1,2,106700
강변구,60.21,7,2018,129,3,1,2,103800
강변구,83.14,5,2012,1110,3,1,1,132400
구도심구,84.98,8,2012,1504,3,1,1,68900
중앙구,81.2,24,2006,1226,3,1,3,150200
중앙구,100.33,17,2015,328,4,2,1,197600
강변구,73.79,15,2020,834,3,1,1,128400
강변구,86.09,18,2014,735,3,1,2,140300
구도심구,72.6,17,2005,167,3,1,3,69200
신도심구,49.81,15,2019,398,2,1,1,77600
호수구,75.27,25,2023,793,3,1,3,101200
중앙구,113.13,22,2018,80,4,2,1,272700
구도심구,83.55,6,2021,242,3,1,3,88400
신도심구,59.17,24,2001,1023,3,1,3,82800
신도심구,82.22,6,2006,319,3,1,2,116200
호수구,133.45,3,2000,169,4,2,3,158300
호수구,115.53,13,2004,1184,4,2,3,141400
호수구,84.63,12,2016,319,3,1,3,95900
강변구,73.81,23,2014,1029,3,1,2,124800
강변구,84.14,21,1993,1777,3,1,1,100200
구도심구,101.7,2,2017,236,4,2,1,88900
강변구,101.93,15,1999,544,4,2,1,141600
구도심구,100.33,24,1998,740,4,2,2,78300
신도심구,85.84,22,2010,1169,3,1,1,100300
신도심구,60.58,15,2000,397,3,1,3,81400
구도심구,84.81,18,2023,60,3,1,1,92200
구도심구,57.99,17,1997,235,3,1,1,44600
중앙구,47.78,7,1997,462,2,1,1,77200
중앙구,83.61,17,2017,1027,3,1,1,157000
구도심구,84.07,20,2002,548,3,1,1,64400
신도심구,98.88,2,2015,982,4,2,2,122600
강변구,101.59,21,2014,449,4,2,1,173600
신도심구,102.54,8,1999,690,4,2,2,134300
구도심구,84.69,1,2011,1080,3,1,1,59700
구도심구,83.19,22,2010,1277,3,1,2,72500
신도심구,48.05,12,1996,2036,2,1,2,54500
신도심구,84.36,12,2017,759,3,1,1,107100
강변구,58.82,19,2020,101,3,1,1,114100
신도심구,49.53,17,2023,854,2,1,2,73300
강변구,59.72,18,1995,94,3,1,2,91500
신도심구,102.31,28,1998,926,4,2,1,115500
구도심구,82.64,19,2019,673,3,1,2,85200
중앙구,114.27,2,2002,1232,4,2,1,191300
중앙구,133.56,7,2013,447,4,2,1,257100
강변구,113.88,14,2004,696,4,2,1,180300
호수구,60.04,14,1999,864,3,1,2,61800
구도심구,102.17,11,2012,60,4,2,1,88100
강변구,102.68,6,1999,837,4,2,2,143200
호수구,101.51,4,1997,60,4,2,1,95600
신도심구,58.87,5,2009,337,3,1,1,68800
신도심구,58.7,28,1999,777,3,1,1,71100
호수구,111.92,12,1999,74,4,2,1,117800
중앙구,60.61,28,2017,956,3,1,2,133000
강변구,73.61,10,2009,902,3,1,2,127400
신도심구,84.61,10,2010,1196,3,1,1,111900
강변구,59.81,15,1997,129,3,1,1,81800
구도심구,47.51,28,1998,1998,2,1,1,32000
강변구,132.89,17,2005,198,4,2,3,237800
중앙구,102.86,2,2005,693,4,2,2,179400
강변구,114.35,8,2007,469,4,2,2,181400
신도심구,58.3,29,1997,559,3,1,1,64000
강변구,58.85,5,2021,1812,3,1,2,89900
중앙구,75.3,25,2004,227,3,1,2,152100
호수구,85.12,27,2019,1632,3,1,2,84300
강변구,47.24,7,2005,1052,2,1,1,55800
신도심구,102.96,17,2008,607,4,2,1,140700
중앙구,135.16,18,1996,602,4,2,1,216700
신도심구,83.82,24,2014,905,3,1,3,126900
강변구,72.57,24,1994,443,3,1,1,110000
구도심구,75.26,2,2016,513,3,1,2,61700
강변구,59.57,10,2021,690,3,1,3,98000
호수구,57.25,28,2004,1512,3,1,2,56600
호수구,83.72,11,2021,553,3,1,1,96500
중앙구,77.75,8,2015,113,3,1,1,155900
중앙구,84.02,19,1993,711,3,1,2,145400
중앙구,100.11,6,1999,578,4,2,3,186000
구도심구,57.79,5,2013,364,3,1,3,56600
중앙구,51.13,24,2015,793,2,1,1,108700
호수구,50.02,4,1995,374,2,1,3,53100
구도심구,60.69,26,2014,542,3,1,1,55400
구도심구,84.3,8,2018,692,3,1,2,84800
신도심구,102.5,4,1995,743,4,2,1,98900
호수구,99.98,22,2021,838,4,2,1,128800
중앙구,84.2,6,2010,922,3,1,2,159200
신도심구,74.34,11,2012,681,3,1,1,90300
강변구,60.66,11,1994,144,3,1,3,87400
호수구,74.38,15,2012,762,3,1,1,88800
신도심구,73.25,14,2007,1174,3,1,3,92600
구도심구,101.08,6,2004,109,4,2,1,86200
강변구,81.99,7,2017,145,3,1,1,146700
호수구,56.21,6,2000,325,3,1,1,55900
신도심구,60.0,2,1994,1126,3,1,2,56900
신도심구,58.55,19,2008,309,3,1,2,81400
호수구,113.69,14,2016,1136,4,2,1,114200
신도심구,50.0,4,1997,729,2,1,1,53400
신도심구,50.68,10,2024,388,2,1,1,70300
신도심구,59.64,20,2014,2500,3,1,2,72100
중앙구,103.31,9,2022,201,4,2,2,210900
강변구,84.6,12,2008,627,3,1,2,136700
강변구,84.36,22,1996,277,3,1,1,128600
중앙구,74.29,20,1998,788,3,1,1,134900
호수구,47.46,21,2009,289,2,1,1,48700
신도심구,102.15,12,2011,434,4,2,3,142900
신도심구,56.07,15,2016,338,3,1,2,89200
신도심구,48.3,25,2018,502,2,1,1,73100
신도심구,84.03,26,2017,1167,3,1,2,113500
구도심구,58.05,2,2011,174,3,1,2,48100
호수구,58.46,25,1993,314,3,1,1,56000
호수구,103.21,26,2009,449,4,2,1,100000
신도심구,85.32,28,2019,518,3,1,2,134300
강변구,58.18,8,2020,1447,3,1,2,102900
신도심구,73.44,15,2019,327,3,1,1,105400
신도심구,82.47,2,1993,1132,3,1,1,70900
신도심구,49.85,4,2006,1569,2,1,1,61800
구도심구,58.7,17,2012,544,3,1,2,56500
신도심구,81.64,6,2000,261,3,1,1,102200
강변구,84.12,7,2006,1326,3,1,1,106300
강변구,134.53,9,1996,1068,4,2,1,158100
신도심구,75.16,14,1999,238,3,1,3,102500
중앙구,48.91,5,1993,1731,2,1,1,73700
강변구,83.55,24,2024,353,3,1,1,141300
구도심구,86.38,20,2020,538,3,1,1,83600
신도심구,59.01,23,2005,950,3,1,2,67400
강변구,84.86,27,1993,1596,3,1,3,107400
신도심구,58.35,18,2003,756,3,1,3,76500
구도심구,101.83,11,2006,496,4,2,1,89300
강변구,99.25,29,1998,441,4,2,1,120700
구도심구,73.45,17,2014,495,3,1,1,74500
호수구,132.55,14,2024,2370,4,2,2,145700
신도심구,133.27,13,2020,831,4,2,2,215200
구도심구,60.5,2,2020,683,3,1,1,54700
중앙구,73.27,28,2019,1075,3,1,2,162400
호수구,84.86,24,1995,522,3,1,1,92700
신도심구,60.82,21,2010,1541,3,1,2,73600
호수구,73.97,7,2011,880,3,1,1,79200
신도심구,60.19,27,1996,486,3,1,1,65200
중앙구,114.64,6,1997,412,4,2,1,188300
중앙구,74.14,8,2011,126,3,1,1,150800
구도심구,84.9,3,2015,1165,3,1,1,77400
신도심구,76.21,9,1999,172,3,1,2,92600
중앙구,58.24,10,2008,1484,3,1,2,95400
구도심구,99.85,24,1995,307,4,2,2,81700
호수구,47.78,10,1996,340,2,1,1,43300
신도심구,50.19,28,2011,1999,2,1,3,62200
신도심구,75.36,9,2010,1106,3,1,3,107100
중앙구,83.36,16,2017,671,3,1,2,183300
구도심구,71.44,18,2022,1878,3,1,2,69600
강변구,48.19,25,1999,582,2,1,2,70100
호수구,74.66,22,2003,429,3,1,2,87600
신도심구,58.92,26,2020,717,3,1,1,85000
신도심구,49.22,28,1994,1219,2,1,2,53900
강변구,83.37,4,2019,211,3,1,1,130500
강변구,60.22,3,2023,334,3,1,2,93600
구도심구,59.41,14,1996,266,3,1,2,43400
신도심구,84.7,5,1997,229,3,1,3,107900
신도심구,84.19,15,2014,537,3,1,1,109400
호수구,59.63,18,2008,225,3,1,2,61400
호수구,74.55,9,2024,109,3,1,2,95100
호수구,57.89,3,2010,331,3,1,3,69700
강변구,114.45,28,2013,313,4,2,3,214700
신도심구,59.95,11,2000,845,3,1,1,69500
호수구,60.39,25,2003,1148,3,1,3,64700
신도심구,74.5,19,1998,375,3,1,3,93800
중앙구,57.84,20,1997,337,3,1,3,113300
구도심구,58.03,23,1996,1928,3,1,2,40900
신도심구,58.48,8,2021,1120,3,1,2,83200
신도심구,84.23,7,1995,781,3,1,1,98500
호수구,83.85,29,2009,475,3,1,1,98100
구도심구,82.65,20,2009,1103,3,1,1,68600
신도심구,99.64,9,1994,247,4,2,2,115100
신도심구,71.48,19,2019,1137,3,1,3,104800
신도심구,110.26,12,2009,874,4,2,2,125900
중앙구,83.84,25,1997,991,3,1,1,147000
구도심구,103.78,15,1997,676,4,2,2,79700
구도심구,86.16,10,2015,186,3,1,2,89100
강변구,72.83,21,2012,253,3,1,1,121200
강변구,59.18,22,2006,907,3,1,2,101000
호수구,72.24,11,2005,844,3,1,2,79800
중앙구,57.43,22,1994,407,3,1,2,105700
신도심구,82.56,7,1994,401,3,1,2,92100
신도심구,48.73,7,2010,1347,2,1,1,53600
구도심구,48.78,24,2004,614,2,1,1,41100
강변구,114.3,19,2001,317,4,2,2,153800
구도심구,84.8,2,2005,1491,3,1,3,62500
신도심구,83.6,20,2012,1401,3,1,1,96800
구도심구,74.04,9,2002,613,3,1,2,58300
중앙구,82.69,8,2004,708,3,1,2,157400
신도심구,112.39,13,2002,1123,4,2,1,135900
신도심구,82.2,14,2014,952,3,1,1,108400
강변구,84.78,26,1994,180,3,1,1,119700
중앙구,83.59,13,2022,1523,3,1,1,157500
강변구,71.75,9,2010,147,3,1,1,133600
강변구,83.92,23,2000,838,3,1,2,126200
중앙구,132.5,16,2017,218,4,2,2,278600
호수구,75.99,1,2023,951,3,1,2,91100
신도심구,73.31,19,1994,347,3,1,1,91800
구도심구,74.82,15,1999,366,3,1,1,57300
호수구,75.31,17,1997,1080,3,1,3,68900
중앙구,132.85,6,1995,218,4,2,3,216300
구도심구,84.09,14,2016,407,3,1,2,79400
호수구,74.66,19,1999,226,3,1,1,75700
구도심구,74.14,20,2005,671,3,1,3,60100
신도심구,74.43,20,2019,222,3,1,2,111700
신도심구,47.4,29,2012,789,2,1,1,62300
중앙구,84.66,15,2014,1389,3,1,1,161200
신도심구,100.42,13,1996,82,4,2,1,122900
호수구,84.42,16,2024,348,3,1,2,116200
호수구,60.1,10,1995,245,3,1,2,67600
중앙구,84.8,10,2015,183,3,1,1,184800
구도심구,84.42,21,2013,774,3,1,1,77000
강변구,59.77,10,2006,711,3,1,1,82800
호수구,84.83,22,2019,1517,3,1,2,93700
중앙구,85.79,22,2021,1003,3,1,2,165300
호수구,100.96,28,1995,638,4,2,1,96700
구도심구,59.2,4,2023,750,3,1,2,59700
중앙구,60.12,11,2000,406,3,1,3,121200
중앙구,83.41,23,2018,767,3,1,1,173100
구도심구,47.4,13,2019,149,2,1,2,52100
강변구,74.59,19,2010,551,3,1,1,127900
신도심구,100.75,22,2020,855,4,2,1,133200
호수구,57.55,26,2019,530,3,1,3,73100
신도심구,84.6,7,2009,359,3,1,3,120200
신도심구,135.72,8,1998,659,4,2,1,147400
신도심구,82.04,14,2006,316,3,1,1,105200
중앙구,85.23,15,2021,506,3,1,1,186000
호수구,80.96,27,1999,1070,3,1,2,80000
강변구,58.52,2,2024,1116,3,1,1,90100
강변구,61.21,8,1998,722,3,1,1,77600
강변구,83.61,27,2014,265,3,1,1,146300
호수구,74.11,18,2013,469,3,1,2,91900
중앙구,59.92,20,1999,668,3,1,3,105800
호수구,46.94,8,2008,345,2,1,1,46200
구도심구,101.09,19,1997,1789,4,2,2,80300
구도심구,49.08,11,2004,352,2,1,2,48400
호수구,86.23,22,2023,635,3,1,1,108700
구도심구,72.52,3,1994,1164,3,1,3,52800
호수구,83.54,9,2020,1605,3,1,2,101800
중앙구,57.89,19,2014,260,3,1,2,127700
구도심구,57.76,18,2016,154,3,1,2,57100
신도심구,85.35,25,2002,716,3,1,1,110900
신도심구,84.03,24,2023,1928,3,1,1,105200
호수구,58.33,1,2001,179,3,1,1,51600
호수구,73.38,3,2009,482,3,1,2,83300
구도심구,73.32,11,1994,761,3,1,3,58900
신도심구,58.43,28,2021,656,3,1,1,89200
신도심구,82.48,14,2015,846,3,1,1,121400
신도심구,58.69,26,1998,1458,3,1,1,57200
신도심구,83.57,2,2014,1179,3,1,3,107400
신도심구,58.09,28,1998,474,3,1,1,78400
중앙구,84.19,2,2007,176,3,1,3,150600
중앙구,74.29,24,2009,1239,3,1,1,127000
구도심구,83.33,26,2022,481,3,1,1,70000
신도심구,73.83,9,2003,650,3,1,1,89900
호수구,116.59,9,1993,1099,4,2,1,105700
구도심구,86.54,17,2006,1214,3,1,1,72800
중앙구,99.74,21,2022,1057,4,2,3,207400
강변구,57.9,4,2018,1725,3,1,2,89800
강변구,72.73,7,1994,600,3,1,1,96600
호수구,50.27,22,1994,370,2,1,2,50500
강변구,73.52,24,2017,287,3,1,1,117800
신도심구,84.29,5,2016,387,3,1,2,122000
호수구,103.4,26,2010,399,4,2,2,114800
호수구,83.99,26,1995,724,3,1,3,74800
강변구,84.85,26,2001,906,3,1,2,131500
중앙구,59.62,7,2020,253,3,1,1,125900
강변구,48.29,20,1997,1102,2,1,1,67100
중앙구,102.27,5,1999,1173,4,2,1,155300
강변구,57.98,6,2007,921,3,1,1,87900
신도심구,60.61,3,2016,432,3,1,1,88500
호수구,113.3,15,2019,1423,4,2,1,142400
신도심구,133.43,21,2011,592,4,2,3,206400
구도심구,82.69,6,2008,333,3,1,3,79600
강변구,72.89,6,2005,251,3,1,1,98800
구도심구,100.49,9,1994,682,4,2,3,79400
구도심구,56.08,6,2001,438,3,1,2,41900
호수구,73.72,25,1999,195,3,1,1,70700
호수구,73.39,5,1994,145,3,1,3,84400
강변구,114.95,9,2016,757,4,2,3,188400
중앙구,114.51,9,2004,169,4,2,2,181700
강변구,83.15,6,2009,60,3,1,2,143200
신도심구,58.45,28,1999,1185,3,1,1,63100
호수구,83.72,7,2011,279,3,1,2,102600
신도심구,60.78,15,1997,842,3,1,2,66600
구도심구,100.01,17,2014,672,4,2,2,92700
신도심구,58.14,8,2016,363,3,1,1,88000
강변구,47.65,14,2002,1529,2,1,2,60900
강변구,82.22,5,1999,935,3,1,2,113100
구도심구,84.37,15,2017,565,3,1,2,85300
구도심구,101.24,1,2000,301,4,2,1,70800
신도심구,50.54,13,1998,886,2,1,1,58700
강변구,102.25,11,2003,981,4,2,1,144800
구도심구,51.88,11,2023,629,2,1,2,55000
강변구,48.91,4,2007,576,2,1,1,81900
호수구,83.69,29,2001,934,3,1,3,106700
강변구,57.44,1,2009,555,3,1,2,87600
중앙구,84.84,5,2004,328,3,1,1,150200
신도심구,49.14,3,2014,181,2,1,2,71600
신도심구,49.78,29,2007,558,2,1,1,63500
신도심구,82.63,10,2011,175,3,1,1,99200
신도심구,59.42,13,2006,989,3,1,1,72700
호수구,84.25,22,2008,559,3,1,2,103300
신도심구,84.17,2,2007,1092,3,1,3,91300
신도심구,48.18,2,2005,709,2,1,1,50400
신도심구,85.43,6,2023,845,3,1,2,121100
중앙구,61.46,20,2001,353,3,1,1,113100
신도심구,72.67,29,2018,531,3,1,1,121900
강변구,59.86,18,2015,702,3,1,2,97300
구도심구,97.55,26,2009,646,4,2,2,89700
중앙구,84.8,26,2003,627,3,1,3,165400
호수구,81.76,9,2008,248,3,1,2,91100
신도심구,133.37,6,2020,112,4,2,1,191800
호수구,72.42,5,1998,233,3,1,1,67900
신도심구,113.74,24,2011,60,4,2,1,186500
중앙구,85.01,20,2017,129,3,1,3,204700
구도심구,111.77,26,2013,738,4,2,2,101900
구도심구,113.57,15,1997,482,4,2,1,96500
구도심구,133.38,29,2009,312,4,2,1,122100
신도심구,60.9,26,1998,475,3,1,1,72800
구도심구,101.52,24,2022,88,4,2,2,106000
호수구,99.59,24,2004,548,4,2,1,102700
구도심구,83.43,4,2006,193,3,1,3,69800
강변구,60.87,22,2020,1293,3,1,1,88000
구도심구,134.86,28,2006,871,4,2,2,120500
구도심구,57.9,9,1999,821,3,1,1,43500
호수구,83.68,24,2021,638,3,1,1,108300
신도심구,83.72,11,2013,922,3,1,1,102900
신도심구,58.35,7,2012,551,3,1,1,71100
구도심구,81.95,22,1995,305,3,1,3,73400
신도심구,58.19,5,2007,830,3,1,2,72700
구도심구,85.67,14,2007,1132,3,1,1,74400
신도심구,100.54,28,2001,261,4,2,2,131300
강변구,73.88,5,2011,147,3,1,2,138300
구도심구,84.17,5,2000,1828,3,1,2,64200
중앙구,61.66,28,2008,1401,3,1,1,111500
강변구,101.01,23,2018,594,4,2,1,182300
구도심구,115.31,14,2016,67,4,2,1,108200
구도심구,58.28,12,2001,705,3,1,3,44700
호수구,83.69,28,1999,2454,3,1,1,71900
강변구,84.02,21,1993,917,3,1,2,129300
중앙구,83.07,27,2004,866,3,1,3,134600
호수구,83.76,3,1993,563,3,1,1,77100
강변구,85.07,16,1997,813,3,1,1,103800
강변구,83.04,22,2024,914,3,1,1,145200
강변구,59.0,2,2020,664,3,1,2,96000
신도심구,74.85,15,2010,504,3,1,1,105600
호수구,100.01,2,2017,672,4,2,1,106700
구도심구,60.31,27,2008,650,3,1,1,57200
구도심구,84.09,20,2012,82,3,1,2,88000
강변구,58.8,6,2022,2160,3,1,2,90100
신도심구,98.59,16,1995,867,4,2,1,118400
신도심구,83.55,4,2004,1260,3,1,2,97100
중앙구,74.45,24,1996,722,3,1,1,118600
강변구,61.09,6,2018,395,3,1,1,94000
강변구,74.68,18,2019,1088,3,1,1,134800
중앙구,115.35,3,2016,139,4,2,2,234700
신도심구,82.55,5,2012,891,3,1,2,91200
구도심구,83.85,29,2008,1080,3,1,1,72600
중앙구,85.46,12,1993,555,3,1,1,132500
신도심구,72.93,4,2017,833,3,1,1,95200
구도심구,75.16,21,2021,84,3,1,1,74200
구도심구,74.88,6,2023,858,3,1,1,68900
구도심구,59.33,18,2003,454,3,1,1,59200
신도심구,83.61,24,1999,836,3,1,1,109000
구도심구,99.82,20,2013,573,4,2,1,95700
강변구,116.13,8,1993,568,4,2,1,153700
신도심구,101.76,7,1994,854,4,2,1,117700
강변구,84.41,7,2019,471,3,1,2,151700
신도심구,58.5,19,2023,553,3,1,1,92700
신도심구,84.05,20,2005,1879,3,1,2,103200
강변구,114.2,16,2009,1315,4,2,1,170400
구도심구,84.48,12,2010,504,3,1,1,79600
강변구,84.88,2,1997,582,3,1,1,102900
강변구,83.06,25,2000,373,3,1,1,122200
중앙구,99.24,20,2002,455,4,2,2,173500
신도심구,114.1,19,2019,472,4,2,1,156300
강변구,81.9,4,2007,641,3,1,1,99500
신도심구,73.61,9,2016,96,3,1,1,107000
강변구,58.39,9,1999,446,3,1,1,86500
구도심구,84.59,18,2023,391,3,1,3,100500
호수구,76.38,23,2021,1429,3,1,3,87500
신도심구,111.67,26,2008,577,4,2,1,150400
구도심구,86.73,16,2000,703,3,1,1,69000
호수구,83.72,11,2024,436,3,1,1,110400
호수구,74.42,12,2018,580,3,1,1,83900
구도심구,82.3,22,2009,455,3,1,1,71400
호수구,85.2,10,2001,648,3,1,1,75200
호수구,59.05,13,2012,832,3,1,1,61600
구도심구,100.93,23,2004,201,4,2,1,86500
신도심구,71.68,16,2014,912,3,1,1,97500
중앙구,74.09,14,2019,283,3,1,2,145400
중앙구,60.01,22,2008,1921,3,1,3,105700
신도심구,83.72,9,1994,638,3,1,1,93100
신도심구,85.41,2,2011,696,3,1,2,116900
신도심구,102.36,23,2020,716,4,2,1,138800
신도심구,48.23,14,2000,610,2,1,1,59800
신도심구,135.91,10,2023,346,4,2,2,204300
구도심구,84.05,3,2004,698,3,1,1,64500
중앙구,59.06,27,2014,671,3,1,3,119700
강변구,59.12,22,2015,314,3,1,3,101700
구도심구,59.08,8,1998,203,3,1,1,44800
구도심구,97.84,18,1994,1084,4,2,1,75800
호수구,58.78,14,2023,445,3,1,1,69900
호수구,82.36,10,2015,526,3,1,3,96300
호수구,85.95,10,2013,673,3,1,1,96900
강변구,102.9,3,2002,338,4,2,2,154300
신도심구,85.02,29,1996,739,3,1,1,96400
강변구,83.71,27,2001,545,3,1,2,129900
구도심구,57.79,26,2010,582,3,1,1,47700
호수구,100.21,10,2015,1224,4,2,2,105900
강변구,61.33,29,2003,656,3,1,2,101100
신도심구,58.17,8,1999,508,3,1,1,67300
강변구,131.17,24,2000,263,4,2,1,201400
강변구,60.24,3,2023,713,3,1,1,110500
강변구,60.8,10,2013,1055,3,1,2,103800
중앙구,85.99,17,2024,514,3,1,2,178000
호수구,75.25,29,1993,1049,3,1,1,66800
신도심구,60.44,8,2007,720,3,1,3,88100
구도심구,84.06,13,2007,620,3,1,1,74400
구도심구,81.51,25,2005,780,3,1,3,74800
강변구,101.03,14,2005,210,4,2,3,150600
강변구,59.75,20,1995,450,3,1,2,82400
구도심구,83.84,13,1994,463,3,1,3,69300
강변구,100.78,1,2017,531,4,2,1,138300
호수구,57.84,9,2007,1726,3,1,2,60800
중앙구,57.8,17,1998,635,3,1,1,97300
구도심구,51.21,1,2004,183,2,1,1,33800
구도심구,86.25,7,2022,374,3,1,2,84500
강변구,59.0,28,2007,582,3,1,3,97400
강변구,84.34,1,2024,654,3,1,3,146000
호수구,132.82,8,1998,60,4,2,2,149700
강변구,59.77,18,1996,826,3,1,3,91600
신도심구,86.11,17,2011,850,3,1,2,106900
신도심구,57.16,6,2014,254,3,1,2,73200
강변구,49.56,2,2024,1035,2,1,1,75500
구도심구,84.65,27,2007,512,3,1,1,74100
구도심구,74.63,16,1999,295,3,1,1,65000
신도심구,115.97,17,2010,239,4,2,2,185200
구도심구,86.44,2,2002,815,3,1,2,73200
강변구,58.72,7,1998,393,3,1,2,82600
중앙구,74.81,3,1995,702,3,1,3,135700
신도심구,59.1,29,2016,233,3,1,2,91600
호수구,100.24,23,2013,467,4,2,2,111500
중앙구,84.32,16,1998,779,3,1,2,128200
강변구,74.81,20,2010,1200,3,1,2,119100
신도심구,84.26,5,2021,1284,3,1,1,100600
구도심구,82.94,29,2019,1184,3,1,3,77800
중앙구,100.44,16,2007,2500,4,2,2,156700
신도심구,58.45,15,1994,709,3,1,2,69300
구도심구,47.99,28,2013,227,2,1,1,48900
신도심구,59.38,3,2009,380,3,1,1,76200
강변구,74.5,13,2022,1261,3,1,3,129600
강변구,85.18,3,2010,343,3,1,3,123100
신도심구,57.97,13,2016,60,3,1,3,93200
신도심구,73.31,8,2009,480,3,1,2,99500
호수구,75.87,14,2010,1021,3,1,2,81200
구도심구,58.8,21,2003,375,3,1,1,53600
구도심구,114.04,9,2005,1302,4,2,2,84900
호수구,83.79,2,2002,1833,3,1,1,65600
신도심구,75.36,5,2007,697,3,1,3,99600
신도심구,85.41,21,2023,2041,3,1,1,107700
호수구,75.34,17,2003,1545,3,1,3,81200
강변구,101.03,29,2007,1043,4,2,1,155000
구도심구,82.95,26,2023,763,3,1,1,87400
구도심구,86.31,5,1997,717,3,1,2,69200
중앙구,115.03,22,2001,557,4,2,2,210200
신도심구,100.45,3,2008,870,4,2,2,124900
강변구,102.71,3,2006,92,4,2,2,165800
강변구,58.36,24,2003,1590,3,1,2,81800
신도심구,60.69,12,2017,2064,3,1,1,74900
강변구,85.77,29,2008,85,3,1,3,154600
구도심구,82.89,1,2004,1001,3,1,3,66000
호수구,84.7,15,2008,1508,3,1,2,90800
구도심구,84.94,9,2021,651,3,1,1,76500
강변구,62.14,29,2024,537,3,1,2,128500
강변구,58.11,20,2000,452,3,1,1,78000
강변구,85.72,23,1994,389,3,1,3,132100
중앙구,59.02,9,1994,740,3,1,1,89800
호수구,82.51,26,2007,1295,3,1,1,90000
신도심구,83.86,25,2013,104,3,1,1,124800
강변구,84.0,23,1994,272,3,1,2,121200
구도심구,82.73,14,2009,368,3,1,2,85500
신도심구,84.37,27,2005,160,3,1,2,113000
중앙구,85.15,20,2022,929,3,1,1,188000
강변구,59.29,2,2012,846,3,1,3,87000
구도심구,83.35,26,2006,1085,3,1,1,70100
구도심구,83.82,1,2011,68,3,1,1,64300
강변구,58.99,20,1997,1000,3,1,2,83100
호수구,84.26,8,2008,1290,3,1,2,87500
호수구,102.33,27,2003,941,4,2,2,114100
구도심구,59.33,22,1998,614,3,1,1,44400
강변구,82.32,24,2005,552,3,1,2,158800
중앙구,113.33,21,2013,791,4,2,1,198900
호수구,101.2,17,2011,728,4,2,1,113800
강변구,75.35,26,2023,377,3,1,1,139700
구도심구,85.56,9,2001,76,3,1,2,75400
구도심구,136.13,16,2015,420,4,2,1,123600
중앙구,84.16,9,2010,1912,3,1,1,143000
구도심구,59.92,4,2020,89,3,1,1,54900
호수구,47.25,26,2022,720,2,1,1,65300
구도심구,101.52,15,2015,1626,4,2,1,82300
신도심구,72.71,2,2006,1103,3,1,2,82500
호수구,58.92,24,2010,1218,3,1,1,59000
신도심구,77.64,28,2013,1129,3,1,1,95800
구도심구,84.36,20,2018,162,3,1,2,77700
구도심구,82.96,10,2000,1440,3,1,1,63600
구도심구,101.49,25,2020,1574,4,2,2,90000
강변구,83.38,22,2018,212,3,1,2,144100
중앙구,132.85,9,1995,449,4,2,2,211300
강변구,103.52,10,2001,658,4,2,2,156800
신도심구,60.28,29,2000,454,3,1,1,73500
신도심구,84.41,28,2011,350,3,1,1,115900
신도심구,48.53,20,1999,357,2,1,1,55800
신도심구,133.63,2,2002,997,4,2,3,159600
구도심구,60.85,7,1999,1194,3,1,1,42500
호수구,84.37,11,1995,358,3,1,1,81000
강변구,97.3,16,2007,1189,4,2,2,147700
구도심구,61.91,26,2003,452,3,1,2,47800
구도심구,101.22,25,2009,225,4,2,3,113400
신도심구,49.41,8,1999,778,2,1,1,58800
강변구,75.3,4,2002,636,3,1,3,116700
구도심구,84.56,8,2021,798,3,1,2,84800
호수구,74.9,7,2018,789,3,1,2,101900
구도심구,83.49,27,2001,733,3,1,1,72300
호수구,112.52,1,1998,584,4,2,1,101500
호수구,74.34,25,2024,1171,3,1,1,84400
신도심구,85.72,20,2014,947,3,1,2,115400
구도심구,100.22,4,2008,464,4,2,1,73900
신도심구,100.13,20,2015,456,4,2,1,137500
호수구,50.47,17,2000,148,2,1,1,54300
중앙구,113.45,1,2006,171,4,2,3,219000
신도심구,48.51,7,2005,554,2,1,1,62400
호수구,83.55,11,2016,1074,3,1,1,89200
강변구,83.92,7,1998,312,3,1,2,127400
구도심구,99.11,17,2008,976,4,2,3,96200
신도심구,58.35,18,2019,715,3,1,2,73500
호수구,59.28,5,1999,328,3,1,2,61900
호수구,84.27,4,1996,653,3,1,1,88600
강변구,60.39,20,2019,635,3,1,1,101600
구도심구,86.21,14,2020,340,3,1,1,70100
강변구,85.81,8,2006,933,3,1,1,117100
구도심구,85.1,8,1994,1144,3,1,1,51900
구도심구,58.82,2,2010,496,3,1,2,47000
구도심구,73.25,25,2002,244,3,1,1,56200
중앙구,134.02,25,2011,1180,4,2,2,275100
강변구,74.7,17,1997,161,3,1,1,112400
구도심구,49.99,11,2018,759,2,1,3,51700
신도심구,59.75,7,2014,312,3,1,2,93000
신도심구,73.85,9,2013,227,3,1,1,97200
중앙구,134.94,27,2009,413,4,2,1,262000
강변구,75.51,3,2000,635,3,1,3,130100
호수구,50.06,24,2023,270,2,1,3,72500
중앙구,83.96,9,2001,195,3,1,1,153900
신도심구,58.0,8,2004,117,3,1,1,68700
호수구,57.97,24,2022,1627,3,1,3,69200
중앙구,133.18,28,1994,801,4,2,2,207300
구도심구,84.31,29,1997,330,3,1,2,78300
강변구,49.62,8,2017,829,2,1,1,71500
호수구,72.3,18,2004,630,3,1,2,83800
구도심구,58.4,9,2011,999,3,1,2,53700
호수구,59.29,6,2011,526,3,1,1,57300
강변구,82.92,12,2019,1119,3,1,2,152600
신도심구,84.52,2,2012,370,3,1,1,102600
구도심구,83.63,5,2006,710,3,1,1,61800
강변구,113.13,18,2010,1073,4,2,2,184900
강변구,59.06,20,2016,735,3,1,2,96500
중앙구,114.47,8,2005,1952,4,2,3,194400
호수구,82.98,17,1998,986,3,1,2,79500
구도심구,58.71,23,2008,819,3,1,1,47000
구도심구,101.56,26,2024,471,4,2,1,94500
구도심구,48.09,17,1996,721,2,1,2,40400
신도심구,82.01,7,1998,1333,3,1,1,90000
신도심구,82.16,21,2024,427,3,1,2,133500
신도심구,58.5,5,2019,303,3,1,1,81200
구도심구,99.42,5,1996,429,4,2,1,75000
강변구,58.58,11,1999,411,3,1,1,79100
호수구,103.0,10,2015,897,4,2,1,108400
구도심구,47.35,5,2018,1808,2,1,1,43800
강변구,58.66,2,2016,169,3,1,2,100300
신도심구,76.56,28,2020,643,3,1,1,106700
중앙구,101.49,20,2009,271,4,2,3,193100
호수구,58.56,21,2021,781,3,1,2,64900
호수구,100.81,2,2012,845,4,2,2,99600
호수구,59.52,24,2008,413,3,1,3,72200
강변구,86.03,11,2013,914,3,1,3,148100
강변구,73.36,22,2006,361,3,1,3,125900
강변구,58.09,15,2012,360,3,1,1,98100
중앙구,112.35,8,2019,318,4,2,1,216600
중앙구,74.12,8,2023,432,3,1,2,182500
중앙구,82.31,5,2011,599,3,1,2,158400
호수구,83.44,25,1993,552,3,1,2,83100
중앙구,82.91,13,2012,685,3,1,2,159400
중앙구,85.29,23,2001,882,3,1,1,149500
구도심구,113.39,25,2000,691,4,2,1,103400
신도심구,84.48,5,2021,1607,3,1,2,106400
구도심구,82.08,10,2007,630,3,1,2,66700
구도심구,84.16,4,2018,1021,3,1,2,72900
호수구,82.56,1,2004,148,3,1,2,80800
구도심구,73.49,29,2012,685,3,1,1,63500
신도심구,86.65,20,2014,547,3,1,1,111300
구도심구,75.12,14,2021,511,3,1,1,73500
신도심구,83.85,6,1999,1316,3,1,1,100700
강변구,137.84,18,2010,2001,4,2,2,199700
신도심구,112.9,16,2005,889,4,2,2,144800
강변구,102.4,7,2007,116,4,2,3,175500
구도심구,82.16,1,2020,396,3,1,2,79300
강변구,83.71,14,1997,174,3,1,1,130500
강변구,57.38,15,2010,672,3,1,2,96200
강변구,84.31,24,2005,813,3,1,1,125200
구도심구,59.07,12,2021,136,3,1,1,54500
강변구,48.63,3,1999,1469,2,1,1,64500
구도심구,135.31,26,2000,224,4,2,1,104700
호수구,100.32,12,1995,787,4,2,1,87100
중앙구,84.39,21,2007,1448,3,1,2,154900
구도심구,59.98,2,1993,682,3,1,2,45900
강변구,82.22,2,2009,343,3,1,1,124300
강변구,73.1,1,2000,327,3,1,2,100300
구도심구,101.06,23,2005,695,4,2,1,78800
호수구,134.76,7,2012,1023,4,2,2,164700
강변구,75.71,23,2014,768,3,1,2,128000
신도심구,58.74,28,1994,321,3,1,1,66400
강변구,58.62,20,1997,537,3,1,2,89100
신도심구,57.95,29,2003,286,3,1,1,71400
구도심구,74.4,27,2009,283,3,1,1,63400
구도심구,48.64,21,2021,270,2,1,1,46600
구도심구,58.67,24,1997,452,3,1,1,44000
중앙구,58.89,18,1995,580,3,1,1,89500
구도심구,59.66,7,2013,630,3,1,1,48100
구도심구,83.32,3,2024,740,3,1,1,84400
구도심구,58.07,12,2019,336,3,1,1,59100
중앙구,101.52,14,2011,589,4,2,2,193300
신도심구,55.37,11,1993,642,3,1,2,67300
신도심구,58.28,3,2011,1241,3,1,3,78800
중앙구,47.62,15,2007,140,2,1,2,93000
강변구,85.44,15,2007,181,3,1,3,134700
신도심구,58.47,28,2008,858,3,1,2,79800
구도심구,83.33,28,2010,920,3,1,2,84900
강변구,58.94,18,2016,861,3,1,2,101200
구도심구,133.29,25,1999,855,4,2,2,115800
신도심구,58.52,10,1995,154,3,1,2,69200
구도심구,74.12,29,1994,1810,3,1,3,58100
신도심구,100.49,28,2005,1151,4,2,1,120100
신도심구,58.48,4,2009,156,3,1,3,68700
구도심구,57.79,21,2018,486,3,1,1,52800
호수구,99.62,14,2006,466,4,2,1,108000
신도심구,59.07,8,2010,550,3,1,1,82700
신도심구,49.37,12,2024,423,2,1,2,77100
구도심구,72.29,27,2016,239,3,1,1,69600
구도심구,49.91,27,2015,650,2,1,1,44200
중앙구,114.92,10,2004,1294,4,2,1,213500
신도심구,85.17,14,1997,413,3,1,2,116000
신도심구,84.36,15,2022,736,3,1,1,117600
호수구,59.76,22,2010,561,3,1,2,62000
신도심구,86.62,14,1995,854,3,1,2,87900
신도심구,83.64,12,2008,526,3,1,2,118200
호수구,47.75,27,1995,367,2,1,2,48800
신도심구,99.16,11,2024,431,4,2,1,141000
강변구,86.11,8,2009,1261,3,1,3,138500
강변구,103.12,10,2018,613,4,2,3,172100
중앙구,57.89,10,2008,599,3,1,1,113000
중앙구,58.13,17,1993,1236,3,1,1,86300
신도심구,83.61,20,2013,1385,3,1,2,103100
구도심구,102.47,4,2013,67,4,2,3,97600
구도심구,72.46,26,2000,185,3,1,2,60500
중앙구,46.64,8,2015,1009,2,1,3,98700
신도심구,103.6,4,2000,633,4,2,3,140700
강변구,59.37,20,2015,1389,3,1,2,103900
호수구,74.55,7,2016,141,3,1,1,87800
강변구,83.75,22,1997,698,3,1,1,114100
구도심구,59.56,28,2002,884,3,1,1,45700
강변구,47.18,21,1998,472,2,1,1,58800
구도심구,47.99,23,2016,971,2,1,1,43500
신도심구,114.13,15,2000,1021,4,2,1,124600
구도심구,71.27,11,2013,566,3,1,2,72800
강변구,83.64,18,2006,539,3,1,1,126600
호수구,133.56,11,1995,1088,4,2,2,131900
신도심구,83.64,26,2021,689,3,1,3,128300
구도심구,83.34,14,2015,844,3,1,1,71900
구도심구,82.8,15,2001,687,3,1,1,69500
호수구,71.81,20,2021,663,3,1,1,89100
강변구,84.17,6,2015,538,3,1,3,151700
강변구,113.64,17,2019,882,4,2,2,198500
강변구,99.35,22,1998,313,4,2,1,151100
강변구,74.08,23,1993,148,3,1,2,110500
신도심구,73.65,7,1994,598,3,1,2,71400
호수구,100.45,2,2010,1402,4,2,1,91300
호수구,56.41,6,2018,690,3,1,2,72200
신도심구,101.82,24,2022,502,4,2,1,141100
구도심구,57.52,8,2023,456,3,1,1,49800
호수구,84.08,2,2012,433,3,1,3,93000
호수구,100.03,18,2013,60,4,2,1,121100
강변구,83.53,26,2002,1279,3,1,2,116900
신도심구,60.38,7,1993,400,3,1,2,75700
구도심구,101.64,2,1999,606,4,2,1,81500
강변구,75.36,5,1994,480,3,1,2,89300
신도심구,74.4,4,2014,350,3,1,1,97900
호수구,84.48,6,2009,1321,3,1,1,70800
호수구,71.86,6,2017,248,3,1,1,88100
호수구,83.62,19,1997,902,3,1,3,82200
구도심구,58.73,7,2022,170,3,1,3,60800
강변구,75.47,16,2016,541,3,1,1,137500
강변구,113.39,12,2021,1204,4,2,1,169300
신도심구,49.32,19,2013,420,2,1,3,66400
신도심구,84.27,20,2003,849,3,1,2,90000
신도심구,85.39,18,2013,405,3,1,1,129200
구도심구,100.84,26,2012,471,4,2,1,98700
신도심구,84.99,6,1998,983,3,1,1,91800
구도심구,98.95,16,1996,862,4,2,1,67800
강변구,57.06,12,2013,1412,3,1,2,95000
강변구,71.26,16,1996,418,3,1,2,124200
중앙구,114.94,5,1996,757,4,2,2,187100
강변구,101.81,10,1995,631,4,2,1,124400
호수구,85.08,28,2012,771,3,1,2,107500
신도심구,83.19,24,2022,1144,3,1,2,113100
강변구,83.32,13,2008,363,3,1,2,133800
구도심구,48.85,4,1997,736,2,1,1,29400
신도심구,115.73,19,2009,1312,4,2,1,140300
중앙구,103.03,9,2008,631,4,2,1,172400
강변구,84.95,10,2011,978,3,1,1,140800
강변구,59.4,3,2006,104,3,1,2,86600
구도심구,75.6,9,2010,651,3,1,2,71900
강변구,58.69,7,2003,437,3,1,1,85000
중앙구,83.53,1,2021,853,3,1,2,163600
중앙구,83.85,18,2010,739,3,1,2,172400
신도심구,57.83,29,2002,316,3,1,2,75700
중앙구,83.79,4,1993,188,3,1,2,132500
구도심구,132.66,2,2014,1850,4,2,3,100500
강변구,60.23,3,2005,780,3,1,2,92800
구도심구,84.65,16,2000,767,3,1,1,58100
신도심구,85.72,24,2008,356,3,1,2,133200
신도심구,57.04,9,2008,482,3,1,1,74200
중앙구,86.28,4,2018,1321,3,1,2,164000
구도심구,82.11,3,2010,640,3,1,3,77000
호수구,57.56,18,2015,1350,3,1,1,60000
중앙구,58.26,11,2013,782,3,1,1,110200
강변구,102.57,11,2020,1166,4,2,1,154100
호수구,74.27,7,1993,96,3,1,3,76800
신도심구,83.71,26,2005,340,3,1,1,107700
강변구,83.05,11,2015,632,3,1,2,143700
강변구,99.35,21,1997,512,4,2,1,153800
구도심구,85.36,22,2007,857,3,1,1,67900
구도심구,101.96,2,2005,188,4,2,1,78300
신도심구,85.62,8,2018,192,3,1,2,113000
호수구,74.48,26,2023,836,3,1,1,94300
신도심구,70.83,26,1996,1133,3,1,3,84900
강변구,72.51,13,1999,480,3,1,2,108200
신도심구,74.56,5,2017,1438,3,1,3,102100
신도심구,58.56,9,1998,1654,3,1,1,59000
강변구,73.33,28,2008,588,3,1,2,140400
중앙구,72.68,20,2023,467,3,1,1,158900
신도심구,50.14,3,2024,391,2,1,1,75000
구도심구,59.55,21,2023,338,3,1,2,58300
중앙구,84.6,5,1997,946,3,1,1,141500
신도심구,83.24,9,1997,305,3,1,3,105100
구도심구,101.21,14,1998,263,4,2,1,83700
구도심구,82.39,11,2017,326,3,1,1,83400
구도심구,100.84,21,1998,592,4,2,2,82200
구도심구,97.97,5,2006,622,4,2,1,76500
구도심구,57.12,26,2019,913,3,1,1,44800
중앙구,133.61,18,2008,554,4,2,3,268000
신도심구,51.85,9,2023,177,2,1,1,73900
구도심구,81.84,28,2008,452,3,1,2,69300
강변구,99.51,14,2005,603,4,2,1,165200
중앙구,74.26,13,2023,372,3,1,1,173200
강변구,86.12,1,2010,738,3,1,1,105500
신도심구,74.24,29,1998,60,3,1,2,94700
신도심구,49.84,25,2013,550,2,1,2,67400
강변구,48.59,6,2017,1280,2,1,1,77000
구도심구,58.39,28,2019,1113,3,1,1,50700
호수구,59.1,24,1993,655,3,1,3,57400
강변구,83.21,13,1996,618,3,1,1,121300
호수구,84.87,27,2013,809,3,1,2,105000
중앙구,82.07,17,2016,265,3,1,1,188800
호수구,85.07,20,2013,1055,3,1,1,91800
호수구,49.05,6,2005,1411,2,1,1,41900
중앙구,58.74,4,2017,548,3,1,1,123400
구도심구,99.03,16,2011,654,4,2,2,98200
호수구,112.82,10,2022,921,4,2,1,138800
호수구,75.44,29,2004,346,3,1,2,79800
호수구,58.75,3,2017,1440,3,1,1,57100
신도심구,101.33,23,1997,1824,4,2,1,110000
중앙구,99.94,18,2016,854,4,2,1,186200
구도심구,73.97,26,2016,1513,3,1,1,62600
구도심구,57.35,29,2001,237,3,1,1,57400
구도심구,49.12,26,1994,721,2,1,1,42000
신도심구,84.44,11,2024,109,3,1,1,135600
신도심구,114.38,21,1995,452,4,2,1,126000
강변구,82.92,5,2007,459,3,1,1,118400
구도심구,73.59,15,1993,378,3,1,1,58500
중앙구,84.64,8,2006,241,3,1,1,172600
구도심구,100.75,8,2019,848,4,2,1,89100
구도심구,83.66,17,2009,325,3,1,1,72700
신도심구,103.28,4,2000,849,4,2,1,117500
신도심구,72.86,17,2005,576,3,1,1,83500
강변구,75.3,12,1995,750,3,1,3,98800
호수구,82.61,7,2011,406,3,1,1,83600
구도심구,84.79,17,1993,572,3,1,1,65600
신도심구,134.85,22,2004,2027,4,2,2,158500
강변구,83.39,18,1994,733,3,1,1,119900
강변구,72.54,3,2000,1443,3,1,1,81400
신도심구,71.64,17,1995,1395,3,1,3,74300
호수구,83.26,19,2022,205,3,1,2,113600
구도심구,74.63,20,2017,1393,3,1,2,64600
강변구,82.71,13,2022,572,3,1,1,137400
호수구,74.12,3,2014,459,3,1,1,88300
신도심구,72.23,4,2008,272,3,1,1,89100
호수구,83.72,10,1998,206,3,1,2,83800
강변구,47.62,19,2023,833,2,1,1,81800
구도심구,83.91,22,2022,200,3,1,2,87600
호수구,83.4,20,2006,856,3,1,3,99400
강변구,82.57,10,2000,72,3,1,3,119200
구도심구,83.21,13,2005,291,3,1,1,70600
호수구,82.88,2,2005,513,3,1,2,89100
강변구,99.42,24,2022,620,4,2,2,210800
중앙구,75.3,11,1995,304,3,1,2,118500
구도심구,73.57,15,2013,224,3,1,3,76700
강변구,81.36,14,2017,473,3,1,2,143000
중앙구,83.25,9,2017,385,3,1,2,176100
신도심구,85.1,5,1999,423,3,1,1,93600
구도심구,83.09,28,2006,885,3,1,2,76100
강변구,102.8,4,2003,1255,4,2,2,151600
강변구,57.97,28,2006,453,3,1,2,110200
구도심구,84.6,4,1995,886,3,1,2,57100
신도심구,60.24,3,1995,394,3,1,1,58600
구도심구,74.54,27,1993,371,3,1,1,64600
신도심구,82.35,28,2023,471,3,1,3,135000
호수구,82.87,26,2006,1138,3,1,1,81600
구도심구,75.4,23,2000,161,3,1,2,65700
중앙구,100.03,15,2018,141,4,2,2,199800
호수구,102.17,4,2008,1617,4,2,1,100000
신도심구,83.48,18,2004,297,3,1,1,106700
중앙구,114.17,16,1996,519,4,2,2,215100
강변구,72.34,22,2005,420,3,1,2,123000
구도심구,100.27,2,2013,1419,4,2,1,81200
중앙구,57.95,3,2012,1130,3,1,3,114400
강변구,59.27,18,2005,222,3,1,2,106800
중앙구,74.11,25,2012,624,3,1,1,150600
신도심구,59.56,28,2017,740,3,1,1,80300
신도심구,83.41,17,2022,869,3,1,1,113900
신도심구,57.88,11,2009,97,3,1,1,73200
강변구,84.22,14,2000,141,3,1,1,128800
중앙구,57.76,15,1997,911,3,1,1,85900
구도심구,60.29,18,1998,195,3,1,3,53500
신도심구,133.86,7,1993,732,4,2,2,141000
구도심구,83.61,12,2010,232,3,1,2,71600
중앙구,114.55,16,1999,150,4,2,2,195000
중앙구,83.91,25,2000,288,3,1,2,156000
강변구,47.01,24,2016,560,2,1,3,90900
신도심구,82.73,22,2003,710,3,1,1,96900
신도심구,85.27,7,2019,769,3,1,2,105100
구도심구,49.1,12,1997,983,2,1,3,48600
신도심구,98.98,17,2003,302,4,2,3,148000
신도심구,84.42,29,1994,947,3,1,1,98500
신도심구,83.33,11,2010,599,3,1,3,132600
중앙구,82.95,27,1996,666,3,1,2,144500
신도심구,82.63,22,2000,2145,3,1,1,85700
강변구,60.2,19,2016,844,3,1,1,108400
신도심구,131.64,21,2021,488,4,2,1,213500
중앙구,72.99,23,2010,431,3,1,1,148300
구도심구,59.14,21,2023,564,3,1,1,62700
호수구,50.89,20,2017,169,2,1,1,56300
중앙구,84.66,11,2017,731,3,1,2,173400
구도심구,132.98,13,2024,559,4,2,3,162200
구도심구,115.84,18,1995,660,4,2,3,100900
강변구,82.37,25,2000,597,3,1,2,111100
구도심구,134.32,19,2006,186,4,2,3,123200
구도심구,84.59,29,2012,863,3,1,1,82800
호수구,72.94,20,2024,364,3,1,1,96300
호수구,84.84,12,1996,1058,3,1,1,78500
중앙구,48.38,17,2000,912,2,1,1,83100
신도심구,59.83,19,2002,1561,3,1,2,70200
신도심구,71.79,26,2014,563,3,1,1,95700
중앙구,59.4,8,2023,983,3,1,3,124000
강변구,113.51,8,2023,1672,4,2,1,192200
호수구,135.38,6,2016,339,4,2,1,159200
중앙구,73.95,2,2017,1141,3,1,1,135800
신도심구,85.5,20,2006,834,3,1,1,111300
구도심구,74.61,28,2012,257,3,1,3,82700
강변구,58.85,18,1998,515,3,1,2,89900
신도심구,74.95,2,2009,2356,3,1,1,79700
호수구,59.95,11,2002,1101,3,1,2,61300
신도심구,74.57,27,2022,782,3,1,1,101500
중앙구,56.25,2,2004,347,3,1,1,91700
중앙구,57.82,18,2005,75,3,1,1,112900
호수구,60.66,13,2005,197,3,1,1,68200
강변구,112.49,27,2021,579,4,2,2,227500
신도심구,60.06,15,2022,579,3,1,2,90100
중앙구,74.85,17,2006,1297,3,1,1,132300
신도심구,83.13,21,2024,284,3,1,2,132900
호수구,71.61,24,2017,265,3,1,2,100900
신도심구,83.32,15,2020,843,3,1,1,121900
호수구,51.49,21,2022,437,2,1,1,66200
강변구,82.96,24,2003,433,3,1,1,124400
신도심구,83.05,16,2010,1215,3,1,1,103100
호수구,82.8,21,2002,251,3,1,1,78100
신도심구,85.46,11,2002,1100,3,1,1,90400
강변구,73.71,11,2007,775,3,1,1,111800
호수구,73.25,1,1994,404,3,1,2,65700
신도심구,60.7,20,1999,566,3,1,1,73400
신도심구,84.7,8,2018,309,3,1,3,140500
호수구,47.9,24,1998,501,2,1,1,47700
강변구,72.53,28,2012,1615,3,1,1,104700
강변구,85.39,26,2017,337,3,1,2,152200
중앙구,59.02,8,2001,124,3,1,2,110100
신도심구,47.14,19,2007,578,2,1,3,64700
강변구,81.86,22,2021,1438,3,1,1,143400
구도심구,72.66,15,2019,674,3,1,1,69400
강변구,99.51,15,2022,478,4,2,2,189100
구도심구,111.54,13,2013,463,4,2,2,100600
강변구,112.68,9,2021,1121,4,2,2,207500
신도심구,72.9,17,2005,733,3,1,2,105000
강변구,58.44,29,2012,841,3,1,1,83800
구도심구,86.03,7,2014,635,3,1,2,82300
신도심구,83.68,2,2024,1002,3,1,2,113000
신도심구,83.8,2,2004,1615,3,1,2,91700
호수구,74.61,17,2020,1739,3,1,1,84400
신도심구,48.72,8,2009,571,2,1,3,57600
강변구,59.48,14,1996,724,3,1,2,88900
호수구,59.34,28,2013,1571,3,1,1,66900
강변구,59.15,3,2024,634,3,1,1,110100
중앙구,117.32,6,2007,1111,4,2,2,197700
신도심구,50.09,7,2010,292,2,1,3,72100
중앙구,82.7,14,2022,328,3,1,1,173400
강변구,114.44,21,2022,1857,4,2,3,170900
구도심구,73.05,6,2005,947,3,1,1,55400
중앙구,84.54,4,2017,520,3,1,1,154600
구도심구,82.35,3,2013,387,3,1,2,78100
호수구,72.67,24,2013,464,3,1,1,74200
구도심구,84.41,1,2016,204,3,1,1,67600
구도심구,102.2,19,2003,895,4,2,2,83100
구도심구,84.6,17,2002,836,3,1,1,71600
호수구,102.02,3,1993,823,4,2,1,106300
강변구,134.45,17,2020,1352,4,2,1,223600
강변구,74.21,9,2001,609,3,1,1,97700
신도심구,83.4,15,2014,776,3,1,1,108000
신도심구,84.98,4,2014,130,3,1,1,120700
강변구,85.23,20,2015,953,3,1,3,135800
구도심구,83.92,24,2020,850,3,1,2,89700
중앙구,83.86,1,2020,228,3,1,2,172300
호수구,102.91,16,1993,521,4,2,1,95400
강변구,73.98,19,2019,1234,3,1,1,106500
중앙구,84.09,1,1999,760,3,1,3,148200
중앙구,59.58,21,2013,364,3,1,2,118700
강변구,83.88,16,2014,851,3,1,2,142900
강변구,83.02,9,1994,1747,3,1,1,97800
중앙구,101.45,15,2002,173,4,2,2,171500
강변구,73.95,20,2022,931,3,1,2,130700
강변구,86.21,19,1997,739,3,1,1,108600
신도심구,74.95,23,2000,209,3,1,2,92200
신도심구,58.29,2,1995,763,3,1,1,60500
강변구,59.87,23,1998,391,3,1,1,90000
강변구,114.37,2,2013,482,4,2,1,168600
중앙구,75.57,19,2019,854,3,1,2,151100
중앙구,133.37,11,2012,832,4,2,2,251500
강변구,59.23,2,2002,820,3,1,1,72800
구도심구,83.88,20,2020,2349,3,1,3,64400
호수구,84.07,17,2004,538,3,1,1,88800
호수구,82.94,20,2003,250,3,1,3,84700
신도심구,84.69,11,2009,938,3,1,2,112200
신도심구,84.5,9,1997,736,3,1,3,93200
강변구,115.54,19,2004,407,4,2,2,168200
구도심구,83.99,7,2018,385,3,1,1,82800
구도심구,48.51,24,2012,1409,2,1,1,40900
구도심구,59.95,20,2024,88,3,1,2,56000
호수구,83.05,29,2017,725,3,1,2,97500
신도심구,85.3,1,2004,374,3,1,2,103800
구도심구,85.3,17,2017,795,3,1,2,79300
구도심구,85.51,17,2020,329,3,1,1,82800
강변구,74.45,25,2013,808,3,1,1,121500
호수구,100.42,13,2017,1187,4,2,1,112300
중앙구,84.13,28,2009,415,3,1,2,158000
호수구,84.46,7,2022,463,3,1,2,107100
구도심구,83.33,25,2000,788,3,1,2,67400
중앙구,115.6,16,2006,992,4,2,2,241900
구도심구,84.7,28,2001,2075,3,1,1,59700
중앙구,132.93,7,1996,471,4,2,1,219300
구도심구,61.26,8,2012,463,3,1,1,55500
구도심구,84.12,17,1996,265,3,1,1,64800
구도심구,82.69,17,2000,62,3,1,2,67500
호수구,83.0,5,2017,1194,3,1,2,96800
중앙구,60.79,19,2000,556,3,1,3,119400
강변구,86.19,12,2020,258,3,1,1,174100
신도심구,75.21,5,1994,1077,3,1,2,86200
중앙구,115.58,15,2007,1135,4,2,2,226700
신도심구,75.46,21,1995,936,3,1,1,87800
강변구,59.67,1,1994,459,3,1,2,72400
신도심구,84.39,27,2018,745,3,1,3,118500
신도심구,74.65,18,1995,295,3,1,1,81200
호수구,59.88,8,2021,968,3,1,2,75800
강변구,83.11,22,2012,398,3,1,1,150400
호수구,84.88,25,2008,1285,3,1,1,91400
신도심구,60.75,28,2022,863,3,1,1,86900
강변구,83.75,23,2005,215,3,1,1,145100
신도심구,83.62,6,2005,1197,3,1,2,98500
신도심구,101.57,5,2006,1135,4,2,1,109900
강변구,73.22,7,2013,1037,3,1,2,118900
신도심구,57.42,26,2020,1075,3,1,3,95400
강변구,115.38,9,2010,612,4,2,2,176000
신도심구,83.46,10,2001,736,3,1,1,86700
신도심구,49.02,26,2021,531,2,1,1,72600
신도심구,100.27,6,2012,129,4,2,1,141900
구도심구,60.53,12,2019,853,3,1,1,44700
강변구,102.02,9,2006,171,4,2,1,167000
호수구,83.71,9,1999,265,3,1,2,78700
구도심구,132.58,18,2023,382,4,2,2,147600
호수구,133.58,22,2014,639,4,2,1,131700
구도심구,59.68,8,2002,1820,3,1,1,38300
중앙구,84.23,2,2020,379,3,1,3,183600
신도심구,74.13,19,1993,1915,3,1,3,87000
강변구,84.25,16,2022,1114,3,1,2,148900
구도심구,84.91,20,2011,783,3,1,2,91300
신도심구,48.95,14,2011,347,2,1,2,64800
강변구,49.54,23,1993,646,2,1,1,61000
호수구,47.82,19,1998,684,2,1,3,49700
중앙구,62.06,22,2016,960,3,1,1,119200
신도심구,58.66,22,2010,361,3,1,2,84800
구도심구,114.24,15,1997,1136,4,2,1,80400
중앙구,84.68,10,2014,595,3,1,2,180100
신도심구,100.51,17,2016,851,4,2,2,150000
구도심구,101.01,19,2001,560,4,2,2,95600
중앙구,83.99,17,2015,1390,3,1,1,152300
신도심구,72.9,16,2024,278,3,1,2,120400
강변구,101.53,10,2008,751,4,2,2,167000
구도심구,82.02,4,2000,211,3,1,2,67600
중앙구,86.1,13,2023,899,3,1,1,177100
호수구,114.95,26,2022,259,4,2,2,130000
호수구,84.77,21,2007,509,3,1,2,96600
강변구,81.92,22,2006,466,3,1,1,131800
강변구,113.05,22,2019,2216,4,2,2,175300
신도심구,85.67,27,1993,355,3,1,1,92200
구도심구,105.98,7,2002,1142,4,2,2,74200
신도심구,50.43,21,2010,60,2,1,1,70900
강변구,50.24,3,2013,641,2,1,2,81900
중앙구,84.63,8,2013,1430,3,1,1,166300
호수구,47.98,1,2004,137,2,1,1,41300
신도심구,135.19,13,2020,1109,4,2,1,180800
호수구,47.68,5,2013,564,2,1,3,51900
신도심구,82.55,12,2010,84,3,1,1,119300
호수구,57.47,4,2023,1214,3,1,1,70700
중앙구,135.17,2,1996,928,4,2,1,222400
중앙구,73.93,14,2015,316,3,1,2,164300
호수구,49.12,12,2022,966,2,1,1,61300
호수구,48.98,13,2014,148,2,1,2,61700
강변구,82.65,11,2011,400,3,1,1,138100
신도심구,133.2,12,2004,629,4,2,1,165300
신도심구,133.26,1,2001,606,4,2,1,151300
신도심구,72.31,14,2010,834,3,1,2,112800
강변구,83.39,25,2021,2181,3,1,1,128800
호수구,57.7,5,2007,257,3,1,3,67000
강변구,84.69,5,1996,717,3,1,1,112800
구도심구,84.79,23,2008,730,3,1,2,75400
중앙구,57.45,15,1996,1288,3,1,1,91700
중앙구,83.64,8,2022,603,3,1,1,172000
구도심구,116.23,23,2010,115,4,2,2,119200
강변구,47.82,10,1999,668,2,1,2,74500
구도심구,59.51,18,2012,100,3,1,2,66300
중앙구,59.13,17,2010,1210,3,1,2,112400
호수구,60.31,5,2009,624,3,1,1,64900
구도심구,59.35,22,2011,811,3,1,3,57800
호수구,83.48,18,2022,283,3,1,1,107100
중앙구,59.08,7,2020,294,3,1,3,145400
강변구,84.1,22,2001,920,3,1,2,110100
신도심구,100.89,18,2000,508,4,2,1,126300
신도심구,112.42,25,2024,357,4,2,2,205700
강변구,85.49,24,2013,1429,3,1,3,155100
중앙구,60.28,10,1993,680,3,1,1,103000
신도심구,57.75,28,2009,397,3,1,1,81900
강변구,58.64,1,1996,709,3,1,2,71700
신도심구,133.73,10,1993,453,4,2,1,140500
강변구,132.61,18,1998,868,4,2,1,173000
강변구,71.76,16,2001,269,3,1,2,102800
구도심구,73.2,7,1995,1223,3,1,3,59500
신도심구,83.57,6,2019,452,3,1,2,136000
강변구,57.27,23,2007,204,3,1,3,101700
신도심구,134.21,26,2010,227,4,2,1,193200
구도심구,60.4,20,2020,535,3,1,1,60100
신도심구,75.01,16,2019,359,3,1,1,114800
신도심구,73.85,23,2019,170,3,1,1,93000
호수구,56.79,7,1999,179,3,1,2,59900
신도심구,74.86,29,2016,628,3,1,1,101800
호수구,101.18,4,2024,737,4,2,1,120100
구도심구,59.51,17,1993,660,3,1,2,46700
중앙구,86.32,10,2020,1402,3,1,2,164900
신도심구,73.01,27,2020,810,3,1,2,100900
구도심구,55.55,8,2019,393,3,1,2,52500
호수구,47.74,19,2005,2500,2,1,3,41500
신도심구,59.58,5,1999,305,3,1,2,67300
중앙구,49.03,6,2016,151,2,1,3,99900
신도심구,72.54,13,2012,953,3,1,3,92800
중앙구,99.3,24,2016,1827,4,2,3,204400
구도심구,83.57,9,2001,1086,3,1,1,59600
신도심구,112.5,21,1998,513,4,2,2,121300
구도심구,74.62,17,2021,333,3,1,1,72600
호수구,83.51,29,2009,909,3,1,1,82300
구도심구,83.25,9,2020,534,3,1,2,91500
구도심구,58.09,8,2022,492,3,1,1,56900
구도심구,74.32,27,2007,1475,3,1,2,55600
구도심구,84.05,10,2001,119,3,1,2,74500
호수구,101.24,7,2021,783,4,2,1,119100
중앙구,84.22,24,2015,353,3,1,3,185300
신도심구,58.91,24,2014,609,3,1,2,94200
강변구,132.76,2,2023,297,4,2,2,211600
호수구,58.12,25,2000,534,3,1,1,62900
구도심구,113.53,19,2004,2445,4,2,3,84900
신도심구,103.48,9,1994,1019,4,2,1,110000
강변구,99.38,16,2005,908,4,2,2,145000
강변구,100.5,7,2007,621,4,2,1,143000
구도심구,59.12,5,2007,583,3,1,1,47600
강변구,83.64,4,1997,651,3,1,1,96500
중앙구,85.29,5,2018,846,3,1,2,177900
호수구,83.63,17,2008,1032,3,1,3,96300
구도심구,58.72,24,2007,1968,3,1,2,41900
강변구,59.98,15,2020,511,3,1,2,114800
강변구,76.17,1,2008,1452,3,1,1,108700
호수구,85.69,13,2021,1982,3,1,3,95600
구도심구,83.84,22,2000,1084,3,1,1,61000
구도심구,100.94,25,2020,575,4,2,3,115300
강변구,84.06,22,2024,1088,3,1,2,155800
강변구,84.18,11,2017,163,3,1,1,142600
중앙구,57.98,19,2021,1771,3,1,1,117200
구도심구,85.12,2,2016,1152,3,1,2,72500
중앙구,74.25,12,2012,558,3,1,3,172900
중앙구,58.95,16,2017,529,3,1,2,126700
구도심구,47.47,1,2023,200,2,1,3,48700
호수구,74.07,1,2012,1268,3,1,3,82900
구도심구,56.73,24,2014,537,3,1,1,43500
신도심구,83.3,7,1995,1870,3,1,2,92900
신도심구,48.32,4,2023,160,2,1,2,71600
신도심구,59.34,18,2017,302,3,1,1,89200
강변구,51.26,9,1998,274,2,1,2,84400
신도심구,84.69,29,2002,60,3,1,1,104400
신도심구,85.74,28,2000,955,3,1,2,101300
신도심구,74.77,24,2003,237,3,1,2,99000
호수구,60.35,9,2021,303,3,1,2,69500
호수구,116.23,26,2007,250,4,2,2,154700
중앙구,83.12,8,2006,458,3,1,2,157800
신도심구,83.04,7,2017,1635,3,1,1,116400
강변구,84.8,29,2004,846,3,1,2,127000
신도심구,101.0,20,2021,700,4,2,1,147400
강변구,114.26,3,2017,610,4,2,2,205900
강변구,73.7,26,2001,404,3,1,2,104900
구도심구,83.28,5,2013,409,3,1,1,73800
신도심구,60.94,20,2008,676,3,1,1,84000
호수구,82.68,13,2004,1521,3,1,1,78000
중앙구,74.82,1,2022,382,3,1,2,147300
중앙구,49.63,23,2005,1176,2,1,1,93200
신도심구,112.11,20,1996,260,4,2,1,145500
중앙구,100.0,26,2006,950,4,2,1,198900
강변구,58.2,18,2009,1482,3,1,1,80800
호수구,134.68,22,1997,577,4,2,1,125800
강변구,73.56,27,2016,407,3,1,2,126800
강변구,83.9,29,2000,948,3,1,2,128500
신도심구,99.25,17,1995,1750,4,2,2,97900
신도심구,76.79,1,2010,1141,3,1,1,80300
신도심구,84.09,11,1998,1904,3,1,3,90000
신도심구,84.6,18,2018,618,3,1,2,118000
구도심구,58.35,4,1995,591,3,1,2,47300
중앙구,73.22,4,2006,177,3,1,2,147000
신도심구,76.3,12,1994,393,3,1,1,83700
구도심구,81.7,27,2005,559,3,1,2,71400
호수구,59.33,10,2022,601,3,1,1,59100
신도심구,57.55,28,2013,936,3,1,3,80700
신도심구,83.51,24,2010,425,3,1,2,128000
중앙구,58.23,9,1998,445,3,1,1,94700
강변구,72.82,7,2003,2112,3,1,1,84500
중앙구,84.04,25,2005,60,3,1,2,180600
구도심구,80.92,22,2011,79,3,1,1,68400
강변구,58.62,19,1999,295,3,1,1,94700
구도심구,100.89,29,2024,75,4,2,3,136000
중앙구,82.37,3,2013,95,3,1,1,158200
호수구,75.82,12,2002,467,3,1,1,84400
구도심구,83.29,18,1996,765,3,1,1,55800
중앙구,83.72,3,2012,453,3,1,2,145800
중앙구,83.29,29,2007,797,3,1,2,150800
중앙구,83.9,17,2014,1036,3,1,2,178000
호수구,85.57,9,2012,705,3,1,3,102100
강변구,136.97,7,2013,795,4,2,1,210800
신도심구,84.89,1,2019,497,3,1,1,100600
신도심구,102.31,18,2009,425,4,2,1,135500
구도심구,86.06,29,2016,67,3,1,1,78900
신도심구,101.3,2,2004,1071,4,2,1,102200
신도심구,115.88,13,2023,683,4,2,1,158500
호수구,59.95,20,2006,754,3,1,2,66800
강변구,59.17,13,2014,169,3,1,1,94200
구도심구,84.42,19,2024,310,3,1,3,94600
중앙구,71.81,21,2004,478,3,1,3,125500
신도심구,84.35,29,1996,236,3,1,2,107900
호수구,99.15,18,2000,697,4,2,3,109300
구도심구,112.05,21,2000,664,4,2,2,91900
구도심구,74.23,9,1994,634,3,1,1,55100
강변구,82.66,5,2010,1060,3,1,2,135400
신도심구,58.99,3,2001,709,3,1,1,61100
신도심구,84.17,4,1996,1405,3,1,1,87300
신도심구,49.22,24,1997,726,2,1,2,53900
신도심구,82.92,2,2001,363,3,1,2,96800
강변구,85.08,15,2004,593,3,1,1,125200
강변구,83.89,18,2024,60,3,1,2,161400
강변구,84.53,20,2015,760,3,1,3,160200
신도심구,72.56,2,2015,318,3,1,1,97900
중앙구,48.79,25,2015,653,2,1,1,105100
호수구,60.32,13,2018,358,3,1,1,70800
구도심구,135.16,1,2003,236,4,2,3,117400
중앙구,113.04,4,1996,1691,4,2,2,177600
구도심구,73.35,25,2009,353,3,1,1,64000
구도심구,57.81,28,1993,304,3,1,2,46400
강변구,73.21,22,1999,963,3,1,2,104500
강변구,82.32,10,2017,466,3,1,1,151900
중앙구,73.83,28,2009,332,3,1,3,165400
중앙구,49.76,8,2015,981,2,1,2,96300
구도심구,73.06,7,2009,580,3,1,1,60600
호수구,58.89,23,2010,1068,3,1,3,72900
중앙구,73.74,10,2002,1437,3,1,1,130700
구도심구,60.27,16,1999,457,3,1,1,49500
중앙구,83.27,20,2001,927,3,1,1,148800
신도심구,83.31,5,2018,1480,3,1,1,116000
구도심구,57.98,27,2024,1736,3,1,2,54400
신도심구,82.63,5,1995,388,3,1,1,92900
중앙구,84.64,29,2010,1171,3,1,1,160000
신도심구,100.84,9,2008,80,4,2,3,139400
호수구,114.07,13,2010,719,4,2,1,139000
강변구,60.53,8,2000,190,3,1,1,84300
강변구,102.6,16,1993,458,4,2,1,138900
중앙구,82.02,1,1999,2229,3,1,2,129200
신도심구,84.78,5,1998,1082,3,1,1,80300
신도심구,74.27,16,1994,194,3,1,1,87200
구도심구,73.45,21,2004,253,3,1,3,65400
구도심구,49.39,28,2014,1247,2,1,1,43000
호수구,131.93,25,2023,1221,4,2,3,155300
구도심구,85.76,27,2014,1263,3,1,2,75800
강변구,74.62,24,1998,717,3,1,2,108900
신도심구,82.96,23,2004,1079,3,1,1,101500
강변구,48.3,11,2002,474,2,1,3,81800
강변구,56.96,27,1999,458,3,1,1,68700
호수구,83.62,28,2024,689,3,1,1,103200
구도심구,83.42,15,2013,328,3,1,2,80300
호수구,99.41,4,2008,286,4,2,1,105800
신도심구,84.93,2,2006,888,3,1,1,95100
신도심구,85.53,15,2003,942,3,1,2,101500
신도심구,100.97,19,2006,292,4,2,1,118100
중앙구,48.63,17,2013,389,2,1,1,99200
강변구,84.52,26,2022,805,3,1,1,136700
신도심구,83.98,16,2008,760,3,1,1,111100
중앙구,57.7,20,1998,717,3,1,2,95000
호수구,58.22,22,2023,304,3,1,2,81300
중앙구,58.64,26,2003,2420,3,1,1,88800
강변구,59.3,18,1995,428,3,1,1,82000
구도심구,84.01,17,2010,828,3,1,1,71800
중앙구,59.25,3,2018,235,3,1,1,116600
호수구,82.17,19,2001,580,3,1,1,82100
구도심구,59.8,6,2001,286,3,1,2,54400
중앙구,49.0,11,2002,415,2,1,1,77700
구도심구,77.06,16,2018,727,3,1,2,72500
구도심구,58.53,3,2023,1389,3,1,1,55900
구도심구,134.39,21,2020,382,4,2,1,140400
구도심구,77.4,9,2000,702,3,1,1,65900
구도심구,59.23,15,2020,821,3,1,1,56200
신도심구,58.92,11,2002,970,3,1,2,65600
강변구,72.82,11,2020,110,3,1,2,123300
구도심구,85.83,12,2024,1066,3,1,3,87400
호수구,99.61,2,2015,827,4,2,1,106900
신도심구,74.51,6,2023,716,3,1,1,104600
구도심구,83.43,23,1997,2320,3,1,3,59100
신도심구,83.77,4,2013,347,3,1,2,120600
구도심구,99.29,15,1994,761,4,2,1,73800
호수구,85.61,5,2013,2017,3,1,1,80200
강변구,58.67,16,2003,1291,3,1,1,76200
강변구,82.54,19,2024,456,3,1,1,160200
신도심구,102.5,14,2008,709,4,2,2,148000
신도심구,83.4,23,2017,725,3,1,1,108300
신도심구,134.4,8,2002,507,4,2,3,171800
중앙구,102.01,17,1995,200,4,2,2,188400
신도심구,59.57,9,2016,462,3,1,2,79600
신도심구,98.36,15,2000,869,4,2,1,118700
신도심구,84.83,2,2016,454,3,1,2,110300
구도심구,83.88,8,2007,580,3,1,3,70300
구도심구,83.61,21,2024,1400,3,1,1,88000
구도심구,100.87,23,2004,582,4,2,2,86100
구도심구,82.07,8,2005,609,3,1,1,69900
구도심구,84.23,8,2016,666,3,1,1,70400
신도심구,47.36,9,2018,423,2,1,2,77900
구도심구,73.66,9,1997,1088,3,1,2,63800
중앙구,114.19,29,2016,236,4,2,2,222200
강변구,85.29,19,2008,422,3,1,1,133300
신도심구,48.02,12,2024,712,2,1,2,80900
호수구,102.74,14,2013,475,4,2,2,119100
구도심구,102.14,15,2017,1635,4,2,1,90700
중앙구,83.48,17,2004,614,3,1,3,145300
신도심구,47.67,12,2002,602,2,1,1,54700
강변구,82.27,29,2018,291,3,1,1,147200
구도심구,49.33,9,1993,482,2,1,2,36300
구도심구,73.12,13,2011,1057,3,1,1,60900
신도심구,85.44,1,2023,361,3,1,1,104100
신도심구,113.18,15,2024,138,4,2,1,182700
강변구,72.92,25,2015,544,3,1,3,120400
신도심구,101.28,29,2008,634,4,2,1,145900
호수구,113.18,14,2019,443,4,2,1,130800
구도심구,49.01,5,1993,1414,2,1,1,34500
신도심구,60.18,21,2018,2225,3,1,1,78000
신도심구,84.14,19,1999,709,3,1,1,92400
중앙구,84.15,28,2016,479,3,1,3,180500
중앙구,74.25,15,2004,869,3,1,2,133000
강변구,81.97,1,2017,1420,3,1,3,122700
신도심구,84.47,27,2012,383,3,1,2,110700
호수구,84.19,20,2022,1021,3,1,1,104000
신도심구,85.07,24,2018,543,3,1,1,116400
강변구,59.73,4,2022,1241,3,1,2,99400
중앙구,58.76,14,1997,291,3,1,1,108200
강변구,60.24,14,2005,1533,3,1,2,91000
구도심구,113.65,8,2006,725,4,2,1,89400
신도심구,114.3,25,1993,867,4,2,2,139700
구도심구,100.63,6,1993,254,4,2,1,77600
구도심구,59.55,3,1994,248,3,1,1,41700
중앙구,83.55,7,2017,775,3,1,3,171900
구도심구,60.98,29,2007,885,3,1,1,54800
호수구,76.42,4,2017,510,3,1,1,92100
신도심구,60.05,17,2019,947,3,1,1,75300
중앙구,102.85,6,1994,253,4,2,1,154400
호수구,57.15,12,2020,188,3,1,2,77000
호수구,82.29,17,2000,669,3,1,3,82100
신도심구,133.61,1,2005,245,4,2,3,178800
신도심구,84.05,7,2023,142,3,1,2,148200
강변구,48.76,18,2002,311,2,1,2,78600
구도심구,112.03,1,2023,865,4,2,1,91300
신도심구,85.38,15,2009,714,3,1,3,122900
중앙구,86.59,18,1993,1431,3,1,2,145400
구도심구,85.54,7,2019,748,3,1,1,79400
호수구,102.3,5,1994,261,4,2,3,107000
구도심구,84.27,15,2013,903,3,1,2,73900
강변구,82.99,21,2007,375,3,1,1,123800
중앙구,84.09,1,1997,503,3,1,2,142000
호수구,51.53,10,2009,380,2,1,1,53700
호수구,100.58,29,2004,231,4,2,1,88200
신도심구,58.45,10,1996,2500,3,1,1,54400
구도심구,75.33,10,2010,331,3,1,2,71600
신도심구,75.41,22,1994,124,3,1,1,93700
신도심구,57.98,14,2010,976,3,1,1,82900
중앙구,73.69,12,2000,93,3,1,1,130700
중앙구,83.4,23,2019,547,3,1,1,182600
강변구,74.08,1,2023,1074,3,1,2,119700
구도심구,60.32,21,2022,206,3,1,1,62500
중앙구,100.04,12,2023,614,4,2,1,210400
강변구,135.31,26,1996,488,4,2,1,193200
신도심구,84.12,22,2009,326,3,1,1,107500
강변구,76.79,28,2000,1434,3,1,1,116900
강변구,49.38,4,1996,485,2,1,2,57300
신도심구,48.88,6,2005,962,2,1,1,60400
신도심구,74.69,27,2006,1135,3,1,1,93300
구도심구,113.6,12,2002,529,4,2,1,95000
호수구,81.85,24,1996,266,3,1,2,77300
강변구,73.71,20,2006,1153,3,1,1,94800
호수구,133.69,15,1997,547,4,2,2,142100
호수구,72.09,2,1994,591,3,1,2,69400
구도심구,58.91,3,2007,462,3,1,1,49800
구도심구,71.52,21,1995,1126,3,1,1,54900
구도심구,58.58,3,2023,239,3,1,3,60300
구도심구,101.29,1,2019,597,4,2,1,89300
구도심구,74.12,7,2022,271,3,1,2,82600
중앙구,83.51,27,1996,461,3,1,2,143800
호수구,73.9,19,2007,1227,3,1,1,81600
신도심구,113.06,21,2019,1217,4,2,2,143100
구도심구,84.01,19,2011,515,3,1,1,72500
신도심구,84.07,17,2002,747,3,1,1,105900
중앙구,57.92,8,2019,737,3,1,2,137700
신도심구,114.32,13,2002,272,4,2,3,156000
신도심구,84.31,16,2024,880,3,1,1,115000
신도심구,58.8,29,1996,297,3,1,2,82200
강변구,103.91,27,2015,440,4,2,1,173600
강변구,48.83,22,1993,129,2,1,2,72900
신도심구,73.66,24,2022,982,3,1,1,103100
신도심구,83.49,24,2004,1129,3,1,1,101000
호수구,72.83,20,1993,766,3,1,3,69900
강변구,84.82,24,2019,617,3,1,2,176600
강변구,58.18,3,2023,423,3,1,1,109100
강변구,58.32,1,2022,999,3,1,3,109300
신도심구,48.35,13,2008,1656,2,1,1,53900
신도심구,57.82,2,1994,331,3,1,2,54400
구도심구,111.9,10,2000,524,4,2,2,90800
호수구,83.44,6,1993,259,3,1,2,94500
강변구,85.05,28,1994,619,3,1,1,111800
구도심구,74.24,20,1998,457,3,1,2,66200
중앙구,85.87,2,2011,552,3,1,2,145100
강변구,59.9,19,2017,1007,3,1,1,92300
신도심구,59.63,22,2011,1199,3,1,3,82400
중앙구,86.26,10,1999,226,3,1,1,171400
구도심구,83.88,26,2012,732,3,1,1,80700
구도심구,101.08,29,2000,1437,4,2,2,67500
구도심구,113.99,29,2007,844,4,2,1,100600
신도심구,102.85,3,2021,277,4,2,2,142200
구도심구,59.0,14,1997,1164,3,1,1,41400
신도심구,58.22,23,2020,884,3,1,1,85700
중앙구,59.71,13,2001,826,3,1,2,117200
중앙구,100.02,14,2014,513,4,2,3,238700
구도심구,114.64,10,2001,793,4,2,2,96000
호수구,114.5,13,1998,2500,4,2,1,96100
중앙구,58.77,21,2007,108,3,1,1,123000
신도심구,101.68,1,2005,437,4,2,2,108700
구도심구,82.21,24,2009,470,3,1,3,89700
구도심구,101.2,22,2000,60,4,2,2,82500
신도심구,83.44,5,2024,2058,3,1,2,113000
구도심구,62.43,23,2014,259,3,1,1,56800
구도심구,49.19,16,2019,245,2,1,1,44600
호수구,113.28,10,2017,161,4,2,1,139000
중앙구,72.35,14,2016,433,3,1,1,150800
호수구,75.57,15,1997,824,3,1,1,71500
중앙구,73.58,7,2011,586,3,1,2,143300
구도심구,73.05,18,2021,291,3,1,2,84800
중앙구,114.4,19,1996,794,4,2,1,216200
강변구,49.78,11,2007,591,2,1,3,89800
중앙구,59.76,14,1998,1330,3,1,1,97000
신도심구,101.02,18,2018,363,4,2,2,136300
강변구,84.19,15,2022,337,3,1,2,166000
강변구,59.28,13,1994,1040,3,1,2,83500
신도심구,49.4,28,2018,250,2,1,2,79800
신도심구,59.51,26,2004,156,3,1,2,73600
구도심구,60.31,12,2023,578,3,1,1,63000
호수구,49.07,21,1993,842,2,1,2,51800
구도심구,58.02,24,1999,145,3,1,3,47900
중앙구,83.83,4,2015,1116,3,1,1,162200
강변구,101.9,18,2017,131,4,2,2,174300
호수구,111.86,24,1995,379,4,2,1,107500
중앙구,71.86,2,1998,589,3,1,2,106900
신도심구,75.1,10,2003,1414,3,1,1,83200
호수구,135.82,24,1994,1469,4,2,2,120700
호수구,82.48,28,2018,671,3,1,1,100500
신도심구,84.12,29,2014,429,3,1,1,125100
구도심구,58.52,18,2016,450,3,1,1,60200
신도심구,73.69,2,2008,1931,3,1,2,76200
구도심구,84.37,1,2013,1261,3,1,3,72700
중앙구,82.45,24,2011,770,3,1,1,145400
중앙구,47.67,22,2015,686,2,1,1,94400
구도심구,113.64,6,2007,642,4,2,2,98800
강변구,83.83,4,2013,103,3,1,2,131700
구도심구,82.65,5,2013,60,3,1,1,77300
신도심구,59.95,26,2013,500,3,1,2,85400
호수구,83.5,23,2020,225,3,1,3,114400
구도심구,83.49,28,2004,692,3,1,1,75200
신도심구,59.34,4,2021,656,3,1,1,80700
구도심구,83.85,21,1993,152,3,1,1,67700
강변구,85.0,27,2008,702,3,1,3,157600
신도심구,99.88,16,2007,730,4,2,2,146200
강변구,57.32,23,2020,716,3,1,2,101800
호수구,100.63,18,1994,366,4,2,3,98000
구도심구,84.07,1,1999,815,3,1,1,55800
호수구,57.51,13,2008,852,3,1,2,56400
호수구,57.33,8,2019,810,3,1,2,72300
호수구,59.22,3,2007,483,3,1,2,67700
강변구,58.09,18,2013,1538,3,1,2,92100
호수구,82.26,27,1998,1336,3,1,1,68500
신도심구,85.16,2,2023,618,3,1,1,110800
신도심구,58.24,10,2018,341,3,1,1,91600
신도심구,135.38,20,1994,309,4,2,3,177800
강변구,59.03,10,2015,864,3,1,1,99400
강변구,84.35,4,1997,196,3,1,2,148700
강변구,113.75,6,2010,907,4,2,1,174100
중앙구,97.81,1,2015,171,4,2,1,153300
신도심구,82.64,29,2022,547,3,1,1,113400
호수구,83.85,15,1995,860,3,1,2,83200
구도심구,59.44,28,2002,320,3,1,1,49900
신도심구,46.85,20,2015,1102,2,1,1,61700
신도심구,73.94,11,2001,441,3,1,1,88800
신도심구,57.65,28,2015,585,3,1,3,82800
강변구,74.28,8,1998,83,3,1,2,112000
구도심구,58.98,6,1998,166,3,1,2,52700
강변구,114.89,24,2010,91,4,2,3,228600
구도심구,102.28,17,2015,969,4,2,2,107600
구도심구,101.55,13,1999,425,4,2,2,79200
신도심구,85.03,18,2020,1175,3,1,2,122900
호수구,58.58,29,2020,60,3,1,1,71200
강변구,52.39,9,1995,790,2,1,1,71500
호수구,82.54,27,2002,82,3,1,3,93900
구도심구,83.37,27,2010,291,3,1,1,74600
구도심구,75.08,23,2008,540,3,1,1,72300
구도심구,84.9,5,2001,414,3,1,2,70900
구도심구,84.58,3,2009,716,3,1,1,70900
호수구,59.81,4,2023,364,3,1,2,78300
신도심구,71.5,21,2002,496,3,1,2,97000
구도심구,75.91,12,2000,248,3,1,1,64700
구도심구,83.76,29,2016,891,3,1,1,84900
신도심구,115.5,1,2011,635,4,2,1,125900
호수구,81.56,11,2015,784,3,1,2,98100
신도심구,84.31,8,2013,571,3,1,3,121800
신도심구,100.32,26,2017,1001,4,2,2,140600
중앙구,59.69,4,2016,370,3,1,1,124800
강변구,84.38,12,2012,612,3,1,1,147100
구도심구,84.44,26,2007,2500,3,1,2,61200
신도심구,82.73,29,2007,212,3,1,2,128000
신도심구,48.93,27,2001,1218,2,1,1,50800
강변구,113.78,19,2007,2243,4,2,1,157600
신도심구,114.59,5,2012,837,4,2,1,137400
구도심구,50.19,3,2015,60,2,1,1,43600
호수구,59.18,12,2017,222,3,1,2,74400
중앙구,57.47,14,2005,722,3,1,3,109900
신도심구,101.13,15,2016,577,4,2,1,113800
신도심구,87.13,2,2006,1580,3,1,2,99800
구도심구,60.98,20,2004,1613,3,1,1,49200
신도심구,97.43,12,1998,545,4,2,1,112800
신도심구,74.08,4,2001,575,3,1,1,85200
신도심구,85.12,27,2014,389,3,1,1,116400
신도심구,73.78,11,1999,810,3,1,1,74900
신도심구,83.45,7,1995,277,3,1,2,86400
신도심구,83.68,15,2001,529,3,1,2,113000
구도심구,59.66,28,2024,295,3,1,2,68900
구도심구,72.62,24,1997,688,3,1,2,61000
강변구,115.43,3,1997,1167,4,2,1,150200
구도심구,83.93,20,2005,170,3,1,1,76600
호수구,112.88,20,2005,503,4,2,1,126100
강변구,85.35,26,2022,1415,3,1,1,132900
신도심구,82.15,29,2000,1695,3,1,1,91200
강변구,58.33,22,2006,392,3,1,3,96800
구도심구,100.31,19,2002,307,4,2,3,89900
강변구,61.57,11,2000,60,3,1,2,100900
구도심구,48.18,27,2003,1253,2,1,2,43700
강변구,56.41,28,2001,1200,3,1,2,68000
신도심구,48.3,29,2015,633,2,1,2,68800
호수구,114.55,28,2018,2402,4,2,2,118500
신도심구,134.94,19,1998,577,4,2,1,172300
호수구,86.73,28,2008,1279,3,1,3,87100
호수구,60.69,23,2001,410,3,1,2,51600
호수구,114.23,7,2020,487,4,2,1,143600
강변구,82.93,1,1996,720,3,1,2,112900
구도심구,75.95,29,2006,298,3,1,2,60700
중앙구,83.56,13,2003,1054,3,1,3,154600
신도심구,83.21,26,2004,650,3,1,1,115000
호수구,48.5,9,2023,107,2,1,1,55900
구도심구,82.5,11,2010,1299,3,1,1,68300
신도심구,83.44,24,2005,277,3,1,1,112200
신도심구,58.72,16,2018,301,3,1,1,77500
구도심구,74.88,20,2017,484,3,1,1,68600
구도심구,83.53,10,1997,825,3,1,1,55100
신도심구,82.48,18,2007,752,3,1,1,104000
호수구,132.08,15,2006,1588,4,2,2,127500
강변구,101.25,28,2007,726,4,2,2,163900
강변구,84.09,15,2004,155,3,1,1,134800
구도심구,83.33,3,2019,245,3,1,1,86200
호수구,83.44,22,2024,143,3,1,2,130500
강변구,84.47,28,1993,140,3,1,1,117000
강변구,50.67,26,2020,441,2,1,2,91200
중앙구,83.06,3,2020,1238,3,1,1,153900
호수구,84.11,29,2004,647,3,1,1,81600
강변구,85.15,11,2008,848,3,1,3,143900
신도심구,100.07,25,1996,1042,4,2,1,107300
호수구,83.98,19,2004,1297,3,1,1,85600
중앙구,73.95,29,2000,328,3,1,1,122900
신도심구,47.43,10,2022,1182,2,1,2,66300
신도심구,49.2,18,1996,1078,2,1,2,58600
구도심구,74.04,20,2003,427,3,1,2,64400
신도심구,84.67,5,2008,311,3,1,3,102800
신도심구,57.58,23,2024,523,3,1,1,87200
강변구,59.01,5,2019,1558,3,1,1,85000
구도심구,60.66,25,2022,1282,3,1,3,66600
구도심구,103.49,4,2002,424,4,2,1,88200
중앙구,102.54,6,2001,1206,4,2,2,145200
신도심구,72.59,15,2011,944,3,1,2,104400
호수구,59.54,6,2003,830,3,1,1,60000
중앙구,58.42,3,1993,1476,3,1,3,81400
강변구,59.34,2,2018,745,3,1,1,95200
신도심구,73.07,9,1996,618,3,1,2,78300
강변구,46.94,15,1999,87,2,1,1,73900
강변구,73.59,2,2023,1036,3,1,2,112900
신도심구,134.87,4,2016,289,4,2,2,174100
강변구,84.35,18,2013,251,3,1,1,162200
신도심구,101.48,10,1997,634,4,2,3,112600
구도심구,59.26,22,2001,246,3,1,1,46500
신도심구,59.49,25,1999,789,3,1,1,66700
중앙구,114.64,1,2013,696,4,2,1,194600
구도심구,73.67,28,2009,653,3,1,2,70600
강변구,84.1,20,2004,524,3,1,1,127300
구도심구,136.09,24,2016,1014,4,2,2,137600
신도심구,84.17,14,2017,791,3,1,2,125400
구도심구,74.05,1,2016,782,3,1,2,56400
강변구,84.12,26,1996,314,3,1,3,134300
강변구,48.74,17,2012,560,2,1,3,87700
신도심구,58.48,2,1999,309,3,1,1,61100
중앙구,49.25,5,2001,554,2,1,2,100100
강변구,100.39,6,2024,349,4,2,1,185900
구도심구,83.83,11,2006,544,3,1,1,75400
구도심구,58.05,13,2018,560,3,1,1,58900
중앙구,59.13,13,2000,544,3,1,1,99500
호수구,84.7,26,2024,1029,3,1,2,111800
구도심구,113.75,28,2001,866,4,2,1,92200
호수구,56.59,20,1998,196,3,1,2,57200
구도심구,74.71,19,2003,502,3,1,3,62100
구도심구,101.14,26,1998,652,4,2,1,79200
신도심구,112.81,8,2012,338,4,2,1,158400
구도심구,114.93,17,1997,697,4,2,1,88700
호수구,57.32,19,1999,370,3,1,1,57200
중앙구,60.25,9,2015,587,3,1,3,129600
강변구,73.93,28,1994,283,3,1,1,100100
중앙구,56.28,7,2007,542,3,1,1,113500
호수구,101.21,2,2015,880,4,2,1,104600
신도심구,48.51,10,2007,963,2,1,1,57600
구도심구,83.33,24,1993,595,3,1,2,56600
구도심구,113.11,11,1998,1990,4,2,3,83100
호수구,133.85,7,2024,745,4,2,2,161500
강변구,83.42,26,2017,982,3,1,1,130800
구도심구,111.77,5,2004,1331,4,2,2,94100
호수구,50.53,5,2020,343,2,1,3,66100
중앙구,73.71,27,1993,875,3,1,1,102400
구도심구,48.12,10,1994,692,2,1,2,38400
신도심구,132.65,1,2021,896,4,2,2,158000
구도심구,114.92,13,2014,1127,4,2,2,109900
신도심구,47.44,22,2012,298,2,1,1,63700
강변구,49.16,22,2004,1938,2,1,2,68700
중앙구,73.3,3,2019,614,3,1,2,152200
중앙구,58.37,9,2012,467,3,1,2,116800
중앙구,99.68,18,2006,61,4,2,1,191600
구도심구,58.26,20,2005,1274,3,1,1,46700
신도심구,101.01,19,2004,1077,4,2,2,143700
강변구,84.28,10,2011,514,3,1,2,141800
구도심구,73.06,26,2013,113,3,1,3,75700
구도심구,58.89,3,2018,633,3,1,1,50900
신도심구,135.07,24,2005,177,4,2,1,180000
호수구,82.0,28,2001,1191,3,1,2,76600
신도심구,73.99,20,2010,503,3,1,2,112000
구도심구,72.86,13,2011,277,3,1,2,62100
중앙구,112.74,12,2001,710,4,2,2,190800
구도심구,101.31,13,1995,783,4,2,1,66700
호수구,100.35,5,2003,847,4,2,1,100800
구도심구,82.54,7,1995,292,3,1,1,60600
신도심구,102.59,19,1995,1121,4,2,1,117300
구도심구,60.1,16,2023,511,3,1,2,58700
신도심구,81.68,15,2018,82,3,1,1,124200
구도심구,72.23,14,1994,556,3,1,3,61600
구도심구,84.71,3,2004,551,3,1,1,69000
호수구,133.66,26,2001,544,4,2,2,142500
신도심구,135.8,28,2024,720,4,2,2,213600
중앙구,84.74,8,2007,1678,3,1,1,131200
신도심구,84.36,10,2001,568,3,1,2,97600
중앙구,112.77,19,2013,619,4,2,3,251600
강변구,134.59,1,2008,393,4,2,3,202800
강변구,99.47,3,1998,567,4,2,1,138500
구도심구,50.57,27,2002,859,2,1,2,46900
강변구,74.51,6,1997,873,3,1,1,94900
강변구,113.01,17,2015,1397,4,2,1,168000
중앙구,84.97,26,2024,105,3,1,1,185200
호수구,86.69,22,2018,1042,3,1,3,108700
구도심구,83.74,8,2005,942,3,1,2,72900
중앙구,74.66,5,2008,156,3,1,1,138600
중앙구,73.48,21,1994,1378,3,1,3,139700
신도심구,101.1,12,2004,188,4,2,2,138300
강변구,57.19,29,1994,875,3,1,1,79400
신도심구,84.0,19,2016,85,3,1,2,126100
신도심구,84.05,1,2022,275,3,1,2,127800
호수구,103.16,8,1999,893,4,2,1,95900
강변구,71.85,22,2014,918,3,1,1,110100
구도심구,83.66,21,2012,528,3,1,1,80800
중앙구,60.55,22,2006,1463,3,1,1,103400
호수구,58.71,7,2016,879,3,1,2,69300
호수구,73.79,8,2014,1140,3,1,1,84400
구도심구,48.0,7,2001,546,2,1,1,38300
신도심구,112.88,21,2018,242,4,2,3,178500
강변구,111.81,1,2013,240,4,2,3,175800
구도심구,48.24,24,2002,460,2,1,2,44900
구도심구,99.81,9,2016,286,4,2,2,95600
강변구,84.14,15,2013,270,3,1,3,153000
신도심구,83.05,8,1996,130,3,1,2,102000
신도심구,100.42,13,1998,484,4,2,1,121000
구도심구,83.46,23,2003,127,3,1,1,75800
구도심구,58.94,6,1994,476,3,1,1,43100
구도심구,48.37,17,2006,96,2,1,1,46400
구도심구,82.73,2,2007,442,3,1,1,63500
강변구,114.1,6,2017,859,4,2,1,187500
신도심구,85.28,20,1998,278,3,1,1,101700
중앙구,74.15,17,2011,727,3,1,2,170400
구도심구,48.27,18,2014,693,2,1,1,43000
신도심구,113.85,7,2007,346,4,2,1,143100
신도심구,71.54,6,2022,121,3,1,2,110600
강변구,83.83,13,2003,1046,3,1,1,116500
강변구,83.52,4,2006,344,3,1,1,127800
신도심구,57.88,26,1993,1588,3,1,1,64300
강변구,48.1,8,2006,1012,2,1,2,73000
중앙구,73.51,21,1993,898,3,1,3,127500
구도심구,75.19,5,2024,185,3,1,1,73300
신도심구,85.31,19,2000,902,3,1,2,100900
신도심구,99.89,6,2018,1227,4,2,3,143600
신도심구,58.38,9,1996,622,3,1,3,71700
구도심구,83.41,12,2001,735,3,1,2,74800
강변구,49.97,4,1996,862,2,1,2,63000
구도심구,59.17,4,2004,1320,3,1,1,49100
호수구,84.11,22,2012,782,3,1,1,92500
구도심구,101.64,11,2006,844,4,2,1,84500
신도심구,100.28,17,2012,709,4,2,1,124600
구도심구,60.64,19,2018,1619,3,1,3,59900
신도심구,84.0,19,1994,635,3,1,1,88100
신도심구,72.97,19,2006,840,3,1,2,98100
신도심구,133.72,29,2012,1372,4,2,3,188200
강변구,85.48,19,2009,421,3,1,1,133400
중앙구,113.49,11,1997,1812,4,2,1,144700
신도심구,60.14,9,1999,388,3,1,1,82100
중앙구,83.25,24,2005,281,3,1,1,144600
신도심구,100.08,13,2013,857,4,2,1,135400
신도심구,74.79,17,2024,373,3,1,1,108900
호수구,82.95,24,2004,1571,3,1,2,89300
중앙구,84.99,7,2009,2183,3,1,1,132500
구도심구,134.42,7,2002,290,4,2,2,108500
신도심구,57.95,2,1994,267,3,1,1,62500
중앙구,113.91,3,2005,257,4,2,1,186100
강변구,73.34,18,2004,82,3,1,1,109300
중앙구,84.42,15,1997,364,3,1,2,158800
강변구,86.27,9,2014,1193,3,1,2,152700
강변구,58.56,7,2001,887,3,1,1,75200
신도심구,134.64,21,2000,511,4,2,2,163300
신도심구,114.03,3,2005,818,4,2,1,138900
중앙구,134.03,21,2023,198,4,2,2,266400
강변구,133.8,27,2013,632,4,2,3,260100
중앙구,82.97,14,2006,718,3,1,1,140600
신도심구,84.4,15,2019,687,3,1,1,117200
강변구,100.65,16,1993,355,4,2,1,139300
신도심구,47.91,3,2003,344,2,1,2,60900
강변구,102.22,19,2010,943,4,2,1,147000
중앙구,84.12,11,2008,903,3,1,2,178200
호수구,83.73,14,2014,87,3,1,3,87900
중앙구,75.61,1,2015,85,3,1,1,128600
중앙구,71.8,26,2007,2076,3,1,2,117200
중앙구,50.53,10,2022,734,2,1,1,97900
호수구,72.94,3,2022,688,3,1,3,101000
구도심구,74.25,23,2008,299,3,1,2,61100
구도심구,58.29,29,2021,465,3,1,1,64000
호수구,57.89,16,2013,379,3,1,1,65900
중앙구,85.58,1,1997,1199,3,1,2,115800
호수구,76.23,29,1996,1162,3,1,2,62200
강변구,100.73,7,1995,742,4,2,1,129600
구도심구,59.4,7,1999,664,3,1,3,47200
신도심구,84.07,21,2002,834,3,1,2,107600
신도심구,61.08,10,1995,657,3,1,3,71800
호수구,81.46,3,2012,944,3,1,1,91100
중앙구,84.45,20,2006,1456,3,1,1,143400
호수구,83.13,8,2012,569,3,1,1,89000
신도심구,71.17,25,2009,304,3,1,1,102600
구도심구,83.57,5,2001,669,3,1,1,65900
호수구,61.22,27,2012,393,3,1,1,74100
중앙구,83.21,21,2023,157,3,1,2,207700
호수구,74.95,7,2003,239,3,1,1,75600
신도심구,85.44,17,2002,1325,3,1,1,98900
구도심구,73.98,28,2009,643,3,1,2,71600
중앙구,101.14,2,2018,462,4,2,2,163800
신도심구,71.94,24,2010,714,3,1,2,98300
구도심구,58.14,14,2019,416,3,1,2,58200
신도심구,60.09,28,1995,1352,3,1,1,65900
강변구,49.07,7,1996,2062,2,1,2,56800
강변구,84.44,21,2006,434,3,1,2,147200
호수구,101.16,29,2000,549,4,2,1,96600
중앙구,86.63,10,1993,781,3,1,1,130600
구도심구,73.48,4,1999,217,3,1,3,59700
호수구,60.93,12,2001,100,3,1,1,68000
중앙구,101.16,18,2022,1254,4,2,1,174600
강변구,51.03,19,2018,454,2,1,1,99300
구도심구,72.53,14,2004,425,3,1,3,73700
중앙구,101.22,28,2023,818,4,2,2,215100
신도심구,73.53,17,2019,303,3,1,3,127000
구도심구,59.17,19,2001,418,3,1,2,51400
신도심구,60.47,28,2008,221,3,1,2,94300
신도심구,84.45,28,2022,121,3,1,1,136700
구도심구,60.46,10,2007,413,3,1,1,59900
신도심구,83.2,9,2004,300,3,1,2,97400
강변구,73.01,22,2021,269,3,1,3,145000
신도심구,74.02,16,2014,616,3,1,3,97800
호수구,58.95,13,2007,1014,3,1,3,63900
구도심구,100.78,21,2020,1026,4,2,2,114000
신도심구,72.85,20,2016,999,3,1,1,102200
강변구,85.44,27,2004,338,3,1,2,146100
중앙구,73.56,11,2006,573,3,1,1,139000
강변구,60.71,22,1994,399,3,1,1,85800
중앙구,74.02,7,1996,341,3,1,1,117800
호수구,84.78,28,2023,358,3,1,1,102300
강변구,84.67,3,1994,250,3,1,1,107500
구도심구,100.01,22,2019,720,4,2,1,77000
강변구,114.44,3,1999,1211,4,2,2,153400
강변구,103.31,26,2010,392,4,2,2,177400
신도심구,84.3,28,2016,360,3,1,2,120800
강변구,85.08,24,2024,98,3,1,2,162400
구도심구,84.83,23,2004,897,3,1,1,71700
호수구,59.37,14,2022,76,3,1,1,79500
호수구,101.22,8,2007,637,4,2,2,101300
강변구,101.66,29,2020,315,4,2,1,170900
구도심구,59.92,16,1996,495,3,1,2,51100
중앙구,112.38,24,2001,663,4,2,2,213700
호수구,101.3,21,2012,635,4,2,1,124700
신도심구,73.78,21,2015,1116,3,1,3,116900
강변구,113.53,11,2018,80,4,2,1,229000
강변구,60.56,13,2004,1030,3,1,2,88800
중앙구,48.12,13,2012,683,2,1,3,112300
강변구,72.33,18,2012,1193,3,1,2,108700
호수구,84.95,21,2024,606,3,1,2,130000
구도심구,72.3,6,1996,172,3,1,2,59400
호수구,111.69,7,1993,546,4,2,1,105100
중앙구,60.09,2,2011,880,3,1,2,113800
신도심구,59.19,16,1993,986,3,1,2,60400
강변구,84.57,20,1999,559,3,1,1,111600
신도심구,48.47,7,2009,511,2,1,1,62900
강변구,82.34,21,2001,675,3,1,3,132700
강변구,72.58,1,2001,1094,3,1,1,103700
신도심구,133.67,26,2004,420,4,2,3,173100
강변구,82.47,21,2014,784,3,1,1,148300
신도심구,49.37,20,2004,1712,2,1,1,55100
구도심구,58.45,21,2018,2432,3,1,2,48300
중앙구,59.22,11,1998,1089,3,1,2,98400
호수구,114.19,29,1996,500,4,2,1,108300
신도심구,84.46,22,1998,217,3,1,1,105500
구도심구,74.6,6,2022,756,3,1,1,68300
구도심구,58.59,27,2001,1475,3,1,2,41500
구도심구,101.22,22,1993,560,4,2,1,74100
구도심구,59.28,10,2003,1173,3,1,2,49400
호수구,81.09,28,2015,1113,3,1,1,81200
구도심구,84.78,8,2004,605,3,1,1,71800
강변구,59.18,19,2005,1048,3,1,1,93300
중앙구,84.68,20,1995,239,3,1,1,157800
구도심구,57.46,28,2014,519,3,1,2,56900
중앙구,73.62,17,2000,816,3,1,3,119700
강변구,132.69,29,1996,594,4,2,1,191100
중앙구,84.89,9,2015,260,3,1,1,182800
신도심구,99.31,24,2022,1049,4,2,3,146700
강변구,82.89,8,2012,809,3,1,1,127700
구도심구,59.64,29,2022,680,3,1,1,60500
구도심구,83.24,23,2005,1334,3,1,2,77500
구도심구,82.89,19,2009,1063,3,1,1,68700
강변구,60.09,2,2004,60,3,1,1,87700
신도심구,75.14,15,2009,688,3,1,3,109400
신도심구,84.87,5,2021,673,3,1,2,126400
신도심구,85.02,27,2013,467,3,1,2,134300
구도심구,58.72,11,1993,81,3,1,1,41500
강변구,100.75,25,2011,327,4,2,1,167900
호수구,73.22,27,2005,61,3,1,3,86500
중앙구,59.2,4,2010,2088,3,1,3,93100
구도심구,58.37,23,2010,596,3,1,2,58700
신도심구,100.48,9,2011,846,4,2,1,136700
강변구,74.72,4,2020,256,3,1,2,133900
구도심구,85.42,8,2020,91,3,1,1,81300
중앙구,59.48,16,2024,442,3,1,2,137000
구도심구,86.15,25,2012,396,3,1,2,86800
신도심구,100.15,21,2002,713,4,2,1,122300
중앙구,71.79,7,1999,457,3,1,1,115600
중앙구,114.86,9,2020,2378,4,2,2,202400
구도심구,48.07,9,2022,1207,2,1,3,48000
강변구,58.67,22,1994,1555,3,1,1,68000
호수구,81.88,16,1999,599,3,1,1,83200
구도심구,82.92,1,2014,704,3,1,2,66800
구도심구,57.2,3,1998,1465,3,1,1,37200
강변구,83.48,3,1994,430,3,1,1,133400
구도심구,73.53,28,2024,817,3,1,1,82300
호수구,84.11,15,1996,457,3,1,1,82600
중앙구,85.49,15,1999,848,3,1,1,152600
강변구,134.81,23,2024,193,4,2,3,290300
강변구,82.05,6,1996,381,3,1,2,115700
신도심구,84.73,1,2018,714,3,1,2,114500
구도심구,84.13,8,2010,774,3,1,1,70300
신도심구,73.88,7,2010,983,3,1,2,104900
신도심구,58.97,24,2019,228,3,1,1,95000
강변구,134.25,24,1993,695,4,2,2,205700
중앙구,58.17,19,1994,145,3,1,1,99000
강변구,100.78,27,1999,477,4,2,2,174300
호수구,60.42,14,2008,613,3,1,1,65000
구도심구,100.16,7,2023,549,4,2,2,116100
신도심구,57.76,10,1995,1684,3,1,2,59400
구도심구,133.93,5,2006,617,4,2,1,99900
중앙구,82.64,27,2006,892,3,1,3,185400
강변구,56.93,18,1999,716,3,1,1,83900
강변구,83.59,23,2004,589,3,1,1,129900
호수구,85.74,9,1999,848,3,1,2,83000
구도심구,73.95,21,1997,671,3,1,2,56200
구도심구,59.21,10,2009,631,3,1,1,48200
중앙구,81.44,13,2022,510,3,1,1,175900
강변구,84.53,19,2005,430,3,1,1,128300
구도심구,74.11,29,2013,385,3,1,1,59400
신도심구,100.2,17,2014,632,4,2,1,154200
호수구,59.22,21,2019,600,3,1,1,69100
구도심구,49.2,18,2019,1436,2,1,2,50000
신도심구,82.73,13,2021,174,3,1,2,122800
구도심구,59.4,28,2019,1768,3,1,2,54400
호수구,60.44,28,2022,233,3,1,3,89000
신도심구,83.73,10,2023,584,3,1,1,130100
구도심구,57.96,26,2016,780,3,1,1,52500
호수구,58.79,14,2008,280,3,1,1,67600
강변구,85.03,22,2002,228,3,1,1,134000
호수구,82.53,15,2011,537,3,1,2,96000
중앙구,101.69,23,2019,907,4,2,1,190400
구도심구,83.19,26,2017,1073,3,1,2,75400
구도심구,84.29,13,2009,200,3,1,3,79900
구도심구,58.32,21,1995,521,3,1,1,44700
신도심구,100.32,15,2001,122,4,2,1,139000
구도심구,60.83,24,2011,285,3,1,2,62000
강변구,57.31,6,2005,1271,3,1,2,78000
강변구,101.58,22,2007,750,4,2,1,174600
강변구,86.08,18,2002,306,3,1,2,134500
신도심구,84.82,14,1995,1194,3,1,1,95900
신도심구,47.4,11,2007,343,2,1,2,60200
강변구,57.46,21,2007,575,3,1,2,89900
호수구,83.1,11,2018,98,3,1,1,107300
신도심구,84.19,1,1996,307,3,1,1,83600
신도심구,84.27,28,2008,702,3,1,2,114300
신도심구,47.47,13,2020,679,2,1,2,73500
강변구,57.95,5,2001,430,3,1,3,83200
구도심구,83.03,7,2003,534,3,1,2,61400
신도심구,83.78,25,1995,953,3,1,2,103100
중앙구,51.38,10,2011,504,2,1,2,123600
호수구,47.88,9,2020,781,2,1,2,60300
구도심구,57.83,15,2008,377,3,1,1,53600
구도심구,57.64,1,2006,569,3,1,1,41400
호수구,84.76,17,2016,90,3,1,2,117300
호수구,58.95,2,2007,399,3,1,1,56200
강변구,82.92,25,2005,616,3,1,1,135500
구도심구,100.56,13,2017,545,4,2,1,98800
구도심구,133.05,7,2002,376,4,2,3,122700
강변구,114.36,14,2020,257,4,2,2,221000
강변구,62.22,6,2001,631,3,1,2,94700
중앙구,49.66,10,2009,532,2,1,3,103700
구도심구,73.89,4,2001,729,3,1,2,63500
구도심구,83.2,20,2013,334,3,1,2,76900
구도심구,47.39,29,2006,856,2,1,1,38900
강변구,74.88,15,2000,224,3,1,2,127200
강변구,59.82,3,2016,157,3,1,3,108500
신도심구,58.44,3,2022,1279,3,1,2,79700
신도심구,85.46,25,1993,236,3,1,1,104800
호수구,84.03,11,2011,635,3,1,2,102100
호수구,84.93,9,2015,463,3,1,1,88600
호수구,114.36,3,2016,1298,4,2,1,126700
호수구,58.79,20,2000,879,3,1,1,58100
호수구,57.85,2,1996,162,3,1,1,53600
신도심구,73.83,27,2009,1548,3,1,1,89600
중앙구,85.01,7,2013,1087,3,1,2,168700
중앙구,83.39,3,2002,422,3,1,1,125200
신도심구,49.53,21,2004,222,2,1,3,65100
강변구,112.7,11,2010,666,4,2,1,184500
강변구,74.94,21,2007,692,3,1,1,135800
호수구,74.38,2,2008,107,3,1,1,76100
강변구,82.56,25,2014,634,3,1,1,129100
호수구,113.73,9,2024,1030,4,2,1,135800
구도심구,85.12,22,2018,610,3,1,1,76000
구도심구,112.49,28,1993,542,4,2,2,95500
구도심구,57.71,16,2004,495,3,1,1,48800
강변구,83.92,10,1993,303,3,1,2,126200
구도심구,103.56,10,2020,1168,4,2,1,92900
강변구,83.19,20,2013,440,3,1,1,148700
호수구,74.59,1,2000,666,3,1,1,59000
강변구,134.31,5,2019,186,4,2,1,229000
강변구,58.29,19,2011,528,3,1,2,101900
구도심구,74.19,1,1994,807,3,1,1,48200
구도심구,100.46,9,1997,432,4,2,2,83000
신도심구,113.57,19,2018,442,4,2,3,183700
구도심구,132.01,8,2002,568,4,2,1,113400
강변구,100.97,27,2009,785,4,2,3,177800
구도심구,50.08,29,2021,630,2,1,2,52500
강변구,114.07,1,2002,1913,4,2,2,148000
강변구,75.31,6,1993,1280,3,1,3,90300
강변구,84.7,27,1995,372,3,1,1,111400
강변구,73.93,1,2022,1126,3,1,2,105600
강변구,100.25,15,2012,105,4,2,1,172700
신도심구,83.42,28,2003,462,3,1,2,112600
강변구,99.24,18,1995,150,4,2,1,152000
강변구,58.68,9,2015,845,3,1,1,95800
신도심구,59.18,1,1994,433,3,1,3,63100
중앙구,76.06,12,1995,211,3,1,1,128200
구도심구,49.63,16,2012,964,2,1,1,37700
호수구,82.96,3,2013,237,3,1,1,90000
신도심구,57.27,16,2011,903,3,1,2,65400
호수구,83.75,12,2022,680,3,1,1,103800
중앙구,49.97,10,2001,494,2,1,1,85200
중앙구,58.74,29,2010,1049,3,1,3,117200
구도심구,84.65,26,2002,277,3,1,1,66400
구도심구,73.78,21,2004,123,3,1,1,60300
구도심구,59.86,18,1997,224,3,1,2,52300
중앙구,57.08,14,2018,1898,3,1,1,94200
구도심구,60.93,3,2015,306,3,1,1,57400
신도심구,82.67,9,2015,415,3,1,2,112700
강변구,59.95,1,1997,1466,3,1,2,63900
강변구,73.67,11,1996,415,3,1,1,110300
호수구,83.86,14,2018,861,3,1,2,111300
중앙구,83.71,18,2014,1573,3,1,2,154100
구도심구,84.31,11,1993,769,3,1,2,61200
구도심구,59.55,8,2014,558,3,1,2,55000
구도심구,115.27,21,2024,984,4,2,2,110400
구도심구,75.69,5,2017,71,3,1,1,67500
호수구,59.4,4,2001,411,3,1,2,63300
강변구,116.06,21,2003,1293,4,2,1,185600
중앙구,84.11,17,2017,309,3,1,1,172100
신도심구,85.29,26,2005,60,3,1,3,129300
신도심구,101.51,22,2016,628,4,2,1,145800
중앙구,48.34,27,2023,868,2,1,1,90000
강변구,101.22,20,2005,453,4,2,1,154700
강변구,84.6,25,2011,875,3,1,2,137000
중앙구,73.96,5,2008,684,3,1,2,153600
중앙구,59.5,16,2009,2500,3,1,1,105200
호수구,60.04,28,1995,997,3,1,2,59200
강변구,113.97,23,2024,684,4,2,1,220800
호수구,55.47,12,2010,91,3,1,3,67200
호수구,61.01,27,2000,330,3,1,2,70500
중앙구,83.64,10,2011,241,3,1,1,164300
구도심구,83.01,1,2005,1440,3,1,3,68500
구도심구,57.65,24,2019,215,3,1,1,61600
구도심구,100.6,12,2017,447,4,2,1,100000
중앙구,83.32,1,2005,741,3,1,1,127800
강변구,100.12,6,2015,379,4,2,1,159200
중앙구,58.18,3,1994,429,3,1,3,105500
구도심구,49.64,29,2023,684,2,1,2,54500
호수구,86.44,25,2009,309,3,1,2,102700
구도심구,59.98,27,2013,626,3,1,3,58200
구도심구,85.35,6,2013,963,3,1,1,73900
호수구,48.55,24,2003,348,2,1,1,50300
구도심구,101.13,17,2015,233,4,2,2,98600
중앙구,114.51,9,2005,1643,4,2,1,212600
호수구,100.21,20,2014,1658,4,2,2,106100
신도심구,113.49,28,1995,541,4,2,1,134700
중앙구,115.03,14,1997,613,4,2,1,194800
신도심구,75.31,1,2022,609,3,1,1,91200
호수구,74.08,25,2016,407,3,1,1,80400
강변구,112.57,6,1997,530,4,2,1,151600
신도심구,113.65,6,1999,93,4,2,1,115800
강변구,132.27,18,2010,174,4,2,1,242900
중앙구,84.09,24,1993,431,3,1,2,139900
중앙구,59.31,23,2005,351,3,1,1,107300
구도심구,113.68,26,2003,198,4,2,1,104700
호수구,114.29,26,1997,529,4,2,1,110600
중앙구,84.5,4,2002,893,3,1,1,146800
강변구,101.31,9,2002,309,4,2,1,143000
강변구,82.56,21,1995,60,3,1,1,115700
중앙구,113.7,12,2013,684,4,2,1,235500
신도심구,59.49,21,2001,440,3,1,3,75100
구도심구,102.89,14,1994,994,4,2,1,77300
구도심구,48.67,14,1993,161,2,1,1,30700
신도심구,74.66,1,2023,224,3,1,2,116400
신도심구,60.05,18,1996,420,3,1,1,67600
중앙구,83.76,26,2022,267,3,1,1,182500
강변구,60.38,24,1998,1201,3,1,1,80100
호수구,115.44,10,1995,170,4,2,2,107500
구도심구,85.66,20,2010,409,3,1,2,74700
호수구,114.55,6,2020,1881,4,2,1,124300
호수구,61.83,19,1995,157,3,1,3,68300
구도심구,48.26,12,2003,568,2,1,2,38800
호수구,103.55,27,2017,446,4,2,2,134400
신도심구,84.92,21,1995,756,3,1,1,99300
중앙구,85.61,3,1998,704,3,1,3,146500
중앙구,100.62,26,2002,672,4,2,1,161400
중앙구,102.01,22,2018,1040,4,2,1,202400
중앙구,85.71,7,2018,1023,3,1,2,177700
신도심구,132.7,9,2015,347,4,2,3,200300
구도심구,83.8,6,2014,337,3,1,1,73000
구도심구,81.43,9,1993,866,3,1,1,59800
신도심구,73.79,28,2000,629,3,1,3,105100
중앙구,48.02,27,2022,715,2,1,2,100600
구도심구,58.74,16,2016,574,3,1,2,56400
신도심구,87.51,11,2000,387,3,1,1,125900
중앙구,86.06,11,2015,836,3,1,1,170600
강변구,72.27,28,2016,298,3,1,3,123500
강변구,84.67,6,2016,1907,3,1,1,118300
강변구,59.96,22,2024,1790,3,1,2,96100
구도심구,58.59,29,2010,2187,3,1,2,48300
구도심구,114.21,25,1994,659,4,2,3,95200
구도심구,74.33,21,2019,427,3,1,2,72400
중앙구,57.38,27,1993,1388,3,1,1,97600
구도심구,82.76,7,2013,584,3,1,2,77100
구도심구,74.21,29,2018,994,3,1,3,72200
강변구,84.12,3,1997,989,3,1,3,108000
구도심구,133.15,1,2018,304,4,2,1,109200
신도심구,83.05,6,2018,822,3,1,1,102900
신도심구,83.89,18,2013,960,3,1,2,114700
중앙구,75.06,8,2003,534,3,1,2,129300
신도심구,83.91,19,1999,172,3,1,1,108100
중앙구,75.95,4,2015,1410,3,1,1,131100
강변구,48.17,21,1998,1880,2,1,1,64100
중앙구,101.23,7,2014,611,4,2,1,202400
호수구,73.57,16,1998,458,3,1,1,76400
강변구,84.71,4,2003,144,3,1,3,143100
신도심구,58.06,29,2009,635,3,1,2,90800
강변구,103.31,11,1998,404,4,2,1,137000
호수구,56.97,18,2018,144,3,1,2,77000
신도심구,76.06,15,2015,1050,3,1,1,104800
호수구,101.11,18,1993,853,4,2,2,103300
강변구,84.66,14,2020,364,3,1,3,164300
중앙구,115.6,3,2015,1651,4,2,1,219400
신도심구,60.03,25,2019,552,3,1,3,86200
강변구,83.12,19,2012,619,3,1,1,124800
구도심구,134.72,8,2013,496,4,2,2,121100
호수구,86.24,3,2005,1147,3,1,3,90000
신도심구,82.94,26,2000,832,3,1,2,102600
호수구,76.54,10,2000,92,3,1,1,73300
신도심구,84.46,27,2003,582,3,1,1,97700
강변구,113.48,23,2002,983,4,2,1,153800
신도심구,82.93,28,2017,144,3,1,1,106100
중앙구,113.73,20,2009,976,4,2,1,205300
구도심구,81.65,6,2006,845,3,1,1,65700
중앙구,83.5,2,2016,261,3,1,2,167500
강변구,73.68,8,2016,483,3,1,1,123100
신도심구,82.71,13,2022,195,3,1,1,140300
중앙구,101.9,19,2002,368,4,2,2,203600
중앙구,83.74,26,2000,477,3,1,1,154700
구도심구,58.24,5,1993,897,3,1,2,43600
중앙구,83.61,19,1998,1020,3,1,2,148900
신도심구,84.43,3,2012,679,3,1,2,111800
강변구,114.09,14,2018,462,4,2,1,197800
강변구,58.16,3,2012,955,3,1,2,103500
강변구,59.15,11,2024,621,3,1,2,108800
구도심구,73.94,18,2013,733,3,1,2,63200
호수구,57.63,22,2021,1055,3,1,2,74300
중앙구,133.65,24,2001,917,4,2,2,253400
호수구,74.7,16,2003,729,3,1,1,77300
신도심구,84.69,8,2018,831,3,1,1,100500
구도심구,58.72,27,2014,362,3,1,2,62800
구도심구,74.81,28,2008,325,3,1,2,70700
구도심구,132.82,29,2023,1864,4,2,2,120800
구도심구,82.86,23,2017,310,3,1,1,86900
신도심구,48.7,23,2002,1062,2,1,1,49400
신도심구,60.8,3,2012,457,3,1,2,83900
강변구,134.2,17,2005,893,4,2,2,199100
중앙구,133.67,12,2006,81,4,2,1,276600
구도심구,60.85,8,2018,181,3,1,3,64200
중앙구,83.66,2,2014,1103,3,1,2,140400
강변구,51.68,7,1993,130,2,1,2,77300
중앙구,83.39,27,2011,367,3,1,2,142600
강변구,57.79,27,2013,1429,3,1,1,90900
구도심구,100.8,22,2009,1021,4,2,1,77800
구도심구,113.7,3,2002,438,4,2,1,87300
신도심구,58.03,20,2013,311,3,1,1,79900
중앙구,87.12,4,2023,1572,3,1,1,176200
신도심구,59.38,20,1995,334,3,1,2,83500
신도심구,74.56,1,2012,711,3,1,2,81900
구도심구,48.45,9,2022,1349,2,1,1,45200
신도심구,58.31,4,2005,798,3,1,1,80400
신도심구,135.23,28,2003,1352,4,2,2,157800
신도심구,46.99,17,2000,425,2,1,2,57300
호수구,99.63,27,2000,240,4,2,3,113500
구도심구,48.7,1,2005,918,2,1,1,37900
신도심구,85.62,22,2017,1254,3,1,1,120000
신도심구,83.55,14,1998,833,3,1,3,102200
중앙구,114.5,14,2000,276,4,2,1,191900
호수구,59.03,26,2024,2387,3,1,2,71900
강변구,60.56,2,2024,195,3,1,1,94500
강변구,82.1,28,2000,659,3,1,1,101700
호수구,84.88,1,2006,1345,3,1,2,71300
구도심구,83.76,11,2005,614,3,1,2,69800
중앙구,50.11,5,2002,928,2,1,1,92000
중앙구,58.02,16,1997,120,3,1,2,96000
중앙구,101.03,18,1994,903,4,2,3,193500
신도심구,83.88,19,2012,263,3,1,2,132900
중앙구,82.8,24,1994,667,3,1,3,148500
호수구,57.46,22,2012,190,3,1,3,59500
호수구,58.3,28,1996,963,3,1,2,52100
신도심구,114.16,14,1997,823,4,2,2,129900
구도심구,83.09,6,1993,661,3,1,2,69600
강변구,58.6,5,2005,1124,3,1,3,85400
중앙구,111.74,8,2003,881,4,2,2,188400
구도심구,83.56,18,2003,184,3,1,1,71800
중앙구,75.23,2,2002,1103,3,1,1,103200
중앙구,74.85,28,2023,891,3,1,2,164300
강변구,83.9,29,2006,310,3,1,3,135100
중앙구,74.29,5,2018,594,3,1,1,175800
신도심구,83.01,23,2000,411,3,1,3,103500
구도심구,85.95,18,2008,2022,3,1,1,74700
구도심구,61.48,14,1995,236,3,1,1,43900
구도심구,114.2,22,2001,427,4,2,3,104300
구도심구,77.11,17,1995,564,3,1,3,66300
신도심구,73.18,10,1993,645,3,1,2,84200
구도심구,82.5,17,1998,438,3,1,3,72000
신도심구,83.15,4,1998,633,3,1,2,103900
강변구,73.74,8,2003,834,3,1,3,117200
호수구,86.77,29,2016,336,3,1,3,111800
강변구,113.66,6,1997,439,4,2,1,147800
중앙구,99.97,18,2012,1744,4,2,1,174800
강변구,99.92,9,2004,1120,4,2,1,138200
신도심구,60.37,14,2005,1102,3,1,1,72000
신도심구,75.2,8,2022,176,3,1,1,111800
신도심구,83.42,17,2007,1926,3,1,1,86300
호수구,46.75,17,2001,548,2,1,1,44200
강변구,82.65,18,2000,1185,3,1,2,124900
신도심구,76.07,9,1998,671,3,1,1,73400
강변구,59.83,17,2018,117,3,1,1,113600
구도심구,59.08,22,2014,456,3,1,1,52900
강변구,61.24,21,2001,1131,3,1,1,94900
중앙구,76.35,17,2008,1152,3,1,2,155700
신도심구,83.96,9,2009,691,3,1,3,114300
구도심구,83.98,16,1994,229,3,1,2,66600
구도심구,58.3,16,2022,1208,3,1,2,63400
신도심구,58.66,28,2018,336,3,1,3,101800
구도심구,99.22,11,2010,667,4,2,2,96200
신도심구,57.21,10,2015,870,3,1,1,82600
중앙구,81.93,22,1996,928,3,1,1,122600
중앙구,85.3,19,2024,849,3,1,2,192600
중앙구,82.13,13,2013,295,3,1,2,163200
강변구,103.34,1,2023,424,4,2,2,161300
신도심구,83.12,21,2020,288,3,1,1,125400
신도심구,136.08,22,2011,978,4,2,3,187200
신도심구,100.56,27,2002,889,4,2,2,124500
신도심구,57.12,15,2014,329,3,1,3,84800
구도심구,60.54,15,2009,1077,3,1,2,48600
구도심구,75.68,7,2006,1073,3,1,1,67300
강변구,72.91,14,2015,1318,3,1,1,114800
강변구,83.6,1,2021,867,3,1,1,115300
신도심구,57.91,15,1998,906,3,1,1,67300
신도심구,58.86,21,2010,449,3,1,3,95600
강변구,74.13,23,2017,534,3,1,1,134700
강변구,83.58,20,2003,1236,3,1,1,113100
구도심구,81.82,24,2003,378,3,1,1,66600
구도심구,133.3,20,1993,306,4,2,2,99000
중앙구,59.84,23,2003,912,3,1,1,99100
신도심구,73.75,13,2011,98,3,1,1,96100
호수구,133.61,18,2024,361,4,2,3,167200
중앙구,82.88,19,2009,1352,3,1,1,143100
호수구,83.27,17,2002,1530,3,1,3,87700
강변구,85.69,17,2018,1155,3,1,1,135500
신도심구,47.63,23,1999,646,2,1,2,59900
신도심구,114.86,7,1998,307,4,2,2,156600
중앙구,84.06,10,2009,184,3,1,1,181600
호수구,84.29,16,2019,475,3,1,2,106500
신도심구,83.12,19,1999,188,3,1,1,107700
호수구,73.58,15,1993,1876,3,1,1,60400
강변구,58.99,6,2016,456,3,1,3,102000
호수구,83.38,24,2011,499,3,1,3,94500
호수구,84.4,16,2014,1032,3,1,1,94100
신도심구,49.55,13,2005,158,2,1,2,71800
강변구,76.61,26,1996,509,3,1,1,96800
구도심구,114.33,13,2003,608,4,2,1,92000
신도심구,71.71,5,2008,193,3,1,1,90200
호수구,75.4,29,2006,290,3,1,2,87600
신도심구,83.76,12,2021,384,3,1,2,131800
강변구,103.41,26,2000,1184,4,2,2,153300
중앙구,85.77,15,2002,1500,3,1,3,173800
구도심구,100.39,8,1998,834,4,2,2,73900
호수구,59.87,11,2011,575,3,1,1,61800
중앙구,113.29,27,2018,1354,4,2,1,223000
구도심구,114.0,28,2021,1082,4,2,2,123300
호수구,84.81,5,2000,2242,3,1,1,63400
중앙구,85.34,29,2006,133,3,1,1,165400
중앙구,60.07,25,2016,623,3,1,1,120000
구도심구,74.09,19,1994,401,3,1,1,60000
구도심구,61.98,6,2015,156,3,1,2,62200
중앙구,48.56,18,1997,628,2,1,2,85500
구도심구,132.07,13,1994,2098,4,2,2,93200
신도심구,57.3,4,1996,248,3,1,3,67600
호수구,85.77,29,2021,2500,3,1,2,97300
호수구,73.91,18,2014,1099,3,1,1,89300
구도심구,74.19,3,2018,1390,3,1,2,66500
신도심구,73.35,10,2015,1383,3,1,1,91000
강변구,73.46,25,2018,838,3,1,3,132700
신도심구,83.06,13,2008,452,3,1,2,120100
중앙구,134.57,15,2018,186,4,2,1,284200
구도심구,73.88,5,1994,251,3,1,2,52500
중앙구,134.52,4,2011,914,4,2,1,259900
신도심구,84.41,29,2017,467,3,1,3,122800
중앙구,83.49,28,2024,278,3,1,1,191700
강변구,57.25,3,2004,742,3,1,1,70400
강변구,47.15,16,1998,804,2,1,3,71600
구도심구,104.63,20,2016,1035,4,2,1,94000
구도심구,85.77,26,1995,329,3,1,1,57500
중앙구,75.61,17,2017,574,3,1,2,165900
호수구,100.19,26,2015,337,4,2,2,114600
호수구,74.01,4,2015,216,3,1,1,85000
강변구,100.02,1,2002,1239,4,2,1,120800
구도심구,72.43,14,1996,1184,3,1,1,47300
신도심구,113.29,8,2012,138,4,2,1,142100
강변구,60.59,22,2004,650,3,1,1,84300
신도심구,60.01,10,2005,1359,3,1,1,74700
중앙구,82.84,12,1999,1059,3,1,2,149900
호수구,58.62,16,2003,300,3,1,2,74900
호수구,114.9,28,2019,1459,4,2,1,123600
구도심구,83.31,3,2021,1360,3,1,1,70200
신도심구,59.1,17,2004,785,3,1,1,73600
신도심구,59.48,12,1997,512,3,1,1,67400
호수구,114.47,2,1994,296,4,2,3,103200
강변구,84.3,24,1999,624,3,1,1,120100
중앙구,113.22,27,1993,1597,4,2,3,191200
신도심구,58.34,6,2014,306,3,1,2,71000
강변구,112.64,23,2013,1690,4,2,2,167700
강변구,82.13,21,2018,1025,3,1,3,133000
중앙구,83.86,21,2003,624,3,1,2,155100
신도심구,74.98,14,2019,1368,3,1,2,108600
강변구,47.34,10,1998,610,2,1,1,70500
강변구,114.33,3,2000,543,4,2,2,160000
중앙구,134.94,2,2022,1204,4,2,1,247100
신도심구,71.8,6,2021,60,3,1,1,92200
호수구,113.68,16,2012,643,4,2,3,131000
강변구,60.98,5,2012,612,3,1,2,100700
구도심구,59.66,20,2015,393,3,1,1,51000
구도심구,46.76,18,2019,534,2,1,3,53600
강변구,74.79,10,2000,1823,3,1,1,98200
구도심구,48.1,3,1995,60,2,1,3,36600
구도심구,74.83,16,1998,298,3,1,2,56400
신도심구,58.17,24,2004,346,3,1,1,70700
중앙구,83.94,12,2000,577,3,1,1,135500
중앙구,100.35,24,2009,509,4,2,3,191800
호수구,84.0,9,1997,717,3,1,1,71200
구도심구,58.32,3,2011,89,3,1,3,54800
호수구,83.73,19,2015,709,3,1,1,101200
호수구,57.59,26,1996,1814,3,1,1,47200
중앙구,84.59,26,2002,643,3,1,2,161200
구도심구,84.21,28,2010,522,3,1,1,73400
신도심구,72.06,4,1995,588,3,1,1,82300
구도심구,60.19,2,2014,471,3,1,2,49500
중앙구,100.79,17,2017,1025,4,2,1,202900
강변구,114.19,28,2004,791,4,2,1,169700
구도심구,84.92,29,1993,754,3,1,2,71300
구도심구,134.39,9,2009,1368,4,2,2,117200
구도심구,115.4,11,2020,1032,4,2,2,113100
강변구,58.65,20,2002,60,3,1,2,82700
강변구,85.24,27,2020,463,3,1,2,150900
호수구,74.15,6,2020,206,3,1,1,84200
신도심구,84.61,29,2001,337,3,1,3,108000
신도심구,59.48,24,2012,399,3,1,1,82000
신도심구,135.49,2,1994,327,4,2,3,155100
신도심구,84.87,25,2010,1063,3,1,2,115600
신도심구,58.47,19,2021,949,3,1,2,94800
신도심구,73.23,29,2023,462,3,1,1,114400
구도심구,73.94,7,1999,925,3,1,1,50700
호수구,83.09,29,2014,845,3,1,1,94900
호수구,112.74,2,1995,681,4,2,2,103600
신도심구,71.45,3,2001,561,3,1,1,90700
신도심구,82.14,13,2019,1137,3,1,1,111100
구도심구,86.38,20,2013,611,3,1,2,81400
구도심구,73.21,5,2005,738,3,1,1,63300
신도심구,86.28,8,2023,703,3,1,1,126000
구도심구,59.48,12,2017,411,3,1,2,52400
구도심구,58.94,4,1993,393,3,1,1,37400
구도심구,72.2,6,1995,534,3,1,1,60300
구도심구,114.01,5,2013,1051,4,2,1,84800
강변구,76.27,28,2021,575,3,1,2,138400
신도심구,60.87,28,1998,112,3,1,3,85100
신도심구,84.33,19,2010,789,3,1,1,96700
중앙구,112.62,20,2019,425,4,2,2,230000
호수구,82.85,4,2020,325,3,1,1,90000
구도심구,47.98,2,2013,985,2,1,2,44600
중앙구,85.53,11,2024,980,3,1,1,202500
구도심구,75.96,29,2022,685,3,1,2,73800
구도심구,84.24,14,2019,506,3,1,2,88500
구도심구,58.64,24,2014,439,3,1,2,58400
신도심구,50.86,11,2024,208,2,1,1,75800
호수구,72.83,9,1993,60,3,1,2,62800
신도심구,84.06,24,1995,463,3,1,1,112600
신도심구,74.56,14,2009,471,3,1,2,90200
중앙구,57.96,22,2014,306,3,1,2,125500
구도심구,83.24,22,2021,1364,3,1,2,76100
구도심구,83.14,22,2014,413,3,1,2,86900
신도심구,60.7,20,2000,679,3,1,2,80300
신도심구,86.3,24,2022,780,3,1,2,122500
구도심구,84.14,14,1995,855,3,1,1,58900
구도심구,73.68,9,1996,374,3,1,1,50300
강변구,133.28,15,2016,496,4,2,2,239000
호수구,114.0,10,2023,632,4,2,2,152400
구도심구,73.34,2,2009,375,3,1,2,59500
호수구,48.88,11,1997,1281,2,1,2,45300
호수구,74.5,15,1994,2330,3,1,2,70900
호수구,58.51,16,2024,765,3,1,1,77100
구도심구,83.77,10,2001,759,3,1,1,72000
구도심구,113.78,22,2013,1222,4,2,3,90300
강변구,100.62,9,2003,1055,4,2,1,145700
신도심구,73.47,19,1999,613,3,1,1,88900
구도심구,74.91,8,2014,1738,3,1,2,57900
신도심구,46.88,29,2016,390,2,1,1,62100
호수구,85.89,19,2008,992,3,1,1,88900
중앙구,49.16,17,2009,493,2,1,2,89300
신도심구,114.73,13,2008,827,4,2,1,137600
신도심구,101.87,22,2011,457,4,2,3,145900
신도심구,58.15,13,2018,1702,3,1,3,84900
중앙구,82.9,24,2015,1261,3,1,2,156400
강변구,82.76,5,2001,798,3,1,3,120300
구도심구,100.7,24,2000,1066,4,2,1,83200
신도심구,84.84,28,2014,308,3,1,1,105100
중앙구,58.3,8,2013,177,3,1,2,122100
중앙구,84.73,7,2004,378,3,1,2,162900
신도심구,56.16,28,2019,1671,3,1,1,75900
강변구,83.54,12,2006,455,3,1,1,123300
구도심구,60.4,21,2003,1112,3,1,1,44300
구도심구,83.79,6,2010,526,3,1,1,79900
강변구,100.01,13,1999,550,4,2,1,133300
신도심구,58.21,21,2015,460,3,1,3,82400
강변구,70.37,26,2021,437,3,1,2,130900
강변구,82.79,13,2023,1059,3,1,2,139700
호수구,60.27,3,2007,442,3,1,1,67500
신도심구,83.3,12,2001,433,3,1,1,99700
호수구,83.44,19,2008,618,3,1,1,98000
강변구,71.2,26,1996,497,3,1,2,106600
강변구,99.04,25,2014,329,4,2,2,169700
신도심구,85.43,23,2006,983,3,1,1,114000
신도심구,84.74,5,1996,721,3,1,3,96900
호수구,57.44,16,2010,421,3,1,2,66000
중앙구,48.24,17,2015,330,2,1,1,102900
호수구,48.96,14,2000,1238,2,1,3,51300
호수구,112.56,27,2005,228,4,2,1,116000
신도심구,98.6,28,2021,899,4,2,3,137300
강변구,100.81,7,2015,107,4,2,2,174100
신도심구,59.69,28,2018,663,3,1,1,80600
강변구,84.71,25,2007,676,3,1,1,130100
구도심구,102.05,21,2008,194,4,2,2,92300
신도심구,82.14,12,2008,209,3,1,2,107800
호수구,59.07,23,2007,692,3,1,2,64700
구도심구,113.68,17,1997,203,4,2,1,90100
신도심구,58.9,27,1994,1409,3,1,2,67900
구도심구,58.75,21,2019,425,3,1,1,59000
신도심구,113.21,28,2010,1568,4,2,1,158600
호수구,80.38,13,2010,1354,3,1,1,83600
강변구,75.39,3,2012,567,3,1,2,116500
호수구,84.4,15,2006,708,3,1,2,92100
구도심구,132.22,29,2021,1190,4,2,1,127900
호수구,59.57,19,2008,262,3,1,2,74200
신도심구,83.46,21,2009,455,3,1,3,132600
구도심구,73.5,19,2010,1543,3,1,1,55700
강변구,58.08,18,1998,1101,3,1,1,85300
구도심구,74.64,2,1998,516,3,1,1,52700
중앙구,83.04,12,1998,713,3,1,1,129500
강변구,57.68,3,2001,369,3,1,1,80500
신도심구,75.36,10,1998,484,3,1,2,99800
강변구,83.79,21,2000,889,3,1,1,121300
신도심구,83.82,24,2023,486,3,1,2,120800
구도심구,84.83,7,2004,985,3,1,3,66500
강변구,100.2,19,2018,203,4,2,1,160300
구도심구,73.44,7,2005,882,3,1,1,55800
중앙구,74.37,6,2019,288,3,1,1,154500
구도심구,82.15,28,2017,555,3,1,2,75000
구도심구,84.27,18,2019,352,3,1,1,80300
신도심구,58.09,6,2002,884,3,1,2,77300
구도심구,75.03,5,1996,222,3,1,2,66300
호수구,59.66,2,2002,993,3,1,2,61300
구도심구,74.5,15,2015,614,3,1,2,63100
신도심구,132.07,3,2013,521,4,2,3,211600
신도심구,83.88,17,2015,390,3,1,3,130400
구도심구,72.59,13,2024,449,3,1,2,77000
강변구,83.96,19,2000,1335,3,1,1,121400
구도심구,81.22,7,2007,384,3,1,2,75800
강변구,72.15,5,2008,1341,3,1,3,96200
구도심구,75.43,3,1997,1622,3,1,2,51300
중앙구,84.44,3,2014,513,3,1,2,165000
중앙구,48.58,3,1994,177,2,1,1,70400
호수구,82.91,8,2021,1134,3,1,2,105500
호수구,82.7,24,1995,1126,3,1,2,86400
호수구,84.24,18,1996,1354,3,1,3,82600
호수구,133.59,8,1998,584,4,2,1,130700
신도심구,102.86,28,2021,762,4,2,1,148800
강변구,83.78,23,2020,444,3,1,1,148600
중앙구,59.07,23,2022,430,3,1,1,138200
신도심구,82.33,27,2019,736,3,1,2,107500
강변구,100.57,22,2022,1197,4,2,1,174700
호수구,114.21,28,2008,1031,4,2,2,125100
중앙구,100.55,10,1993,633,4,2,2,157400
중앙구,58.42,25,2007,1261,3,1,2,103800
강변구,84.39,4,2000,227,3,1,2,140700
강변구,102.82,9,2000,2475,4,2,2,115500
강변구,84.17,26,2015,248,3,1,1,141800
구도심구,85.37,4,1998,597,3,1,1,71700
강변구,84.75,15,2003,728,3,1,2,118400
구도심구,85.3,10,2005,747,3,1,1,67600
호수구,58.27,3,1994,1182,3,1,1,50000
구도심구,58.75,7,2015,323,3,1,3,60700
구도심구,100.76,16,2017,781,4,2,2,97400
신도심구,114.66,19,2010,977,4,2,1,138400
강변구,101.95,20,1993,1292,4,2,2,137900
강변구,74.15,4,2018,509,3,1,1,121600
호수구,60.05,10,2007,683,3,1,1,65800
구도심구,58.32,4,2001,620,3,1,1,48200
강변구,102.06,1,2023,946,4,2,1,141800
신도심구,85.22,12,2020,950,3,1,1,127700
구도심구,134.81,19,2007,493,4,2,2,120200
구도심구,74.16,11,2007,612,3,1,1,66500
신도심구,84.86,2,2022,644,3,1,1,115900
호수구,99.93,7,1999,283,4,2,1,111500
구도심구,59.24,13,2006,810,3,1,1,49300
구도심구,134.36,11,2011,789,4,2,2,118400
강변구,82.4,24,2004,285,3,1,1,122000
중앙구,49.57,18,2003,847,2,1,2,84400
호수구,47.5,29,1996,2500,2,1,1,40500
신도심구,100.49,6,2001,352,4,2,1,111300
신도심구,84.05,11,2004,283,3,1,2,117500
신도심구,83.12,3,2019,969,3,1,2,114300
중앙구,101.1,1,2003,491,4,2,2,150000
구도심구,74.08,27,1998,1184,3,1,1,61100
강변구,100.02,15,2020,592,4,2,1,132900
구도심구,114.68,20,2004,407,4,2,2,101200
신도심구,58.08,9,2022,585,3,1,3,93300
강변구,86.75,2,1996,950,3,1,1,87100
중앙구,73.87,26,1993,929,3,1,2,124700
구도심구,72.59,20,2022,206,3,1,1,70000
강변구,72.82,21,1996,948,3,1,3,104300
중앙구,102.38,16,1993,657,4,2,1,179600
구도심구,48.51,12,2013,694,2,1,1,43800
신도심구,72.36,13,2003,811,3,1,1,85400
신도심구,85.02,23,2008,278,3,1,2,117400
강변구,58.5,7,2006,199,3,1,2,104500
호수구,101.78,10,2002,212,4,2,2,112700
강변구,115.12,9,2008,1138,4,2,2,164200
강변구,59.33,16,2001,1132,3,1,1,79500
강변구,61.88,29,2000,75,3,1,1,83600
강변구,131.93,27,2000,611,4,2,3,200000
강변구,58.02,16,1996,435,3,1,1,90100
중앙구,48.69,6,2009,307,2,1,1,90700
강변구,116.71,28,2010,1282,4,2,1,158400
신도심구,116.16,10,1993,1446,4,2,1,121700
호수구,85.55,11,2007,717,3,1,1,87400
중앙구,83.05,26,2016,416,3,1,2,185900
강변구,113.19,8,1993,473,4,2,2,152500
호수구,83.01,14,2002,268,3,1,1,95600
호수구,83.06,27,2023,467,3,1,1,97800
구도심구,102.79,10,2006,339,4,2,3,88000
강변구,83.71,19,1993,1386,3,1,2,116000
신도심구,83.87,2,2009,141,3,1,3,95000
강변구,74.93,29,2006,1056,3,1,1,108800
중앙구,82.0,13,1999,322,3,1,3,164900
신도심구,84.06,20,1995,943,3,1,3,85900
신도심구,72.68,15,2021,568,3,1,1,107500
신도심구,73.65,13,2019,1066,3,1,2,94800
구도심구,100.3,12,2014,221,4,2,1,81500
강변구,73.23,1,1993,402,3,1,2,85900
강변구,49.27,9,2020,494,2,1,2,87200
구도심구,59.27,12,2008,652,3,1,1,48200
호수구,58.74,11,2008,646,3,1,1,67500
강변구,101.44,8,2021,266,4,2,1,178700
신도심구,72.96,19,2006,208,3,1,2,96600
강변구,59.82,25,2000,516,3,1,2,82200
중앙구,100.75,26,2000,595,4,2,1,178000
구도심구,48.42,29,2022,496,2,1,3,60100
강변구,58.05,19,2010,140,3,1,1,89900
신도심구,100.71,12,2011,613,4,2,1,128100
신도심구,86.24,19,2011,839,3,1,1,105000
강변구,100.92,4,2000,716,4,2,2,156000
중앙구,99.63,24,2006,553,4,2,2,205600
강변구,115.1,16,2023,678,4,2,2,206500
호수구,48.43,5,1997,349,2,1,3,48300
구도심구,101.34,13,2023,1283,4,2,1,88200
신도심구,83.27,9,2001,429,3,1,1,98400
중앙구,60.54,11,2002,856,3,1,2,116000
구도심구,113.29,2,1993,1549,4,2,1,69600
중앙구,75.68,1,2014,538,3,1,2,154600
신도심구,99.74,11,2003,1096,4,2,1,111000
구도심구,83.65,9,2007,422,3,1,1,59900
신도심구,85.68,29,2011,1103,3,1,1,130200
강변구,59.2,8,2013,1388,3,1,1,89300
중앙구,116.73,10,2023,328,4,2,3,290600
중앙구,83.68,27,2010,1028,3,1,1,146400
신도심구,49.31,25,1998,1585,2,1,3,52600
호수구,51.29,2,2015,754,2,1,1,53200
강변구,99.18,3,1994,1230,4,2,3,113500
신도심구,57.03,3,2019,1408,3,1,2,75200
구도심구,83.05,14,2002,1124,3,1,1,69400
중앙구,84.98,17,2016,356,3,1,1,181500
강변구,57.07,11,1998,824,3,1,1,79000
강변구,84.72,1,2006,891,3,1,2,132600
구도심구,59.63,6,2015,123,3,1,1,56300
신도심구,116.42,18,2012,569,4,2,1,137000
구도심구,102.25,11,1993,680,4,2,2,77000
호수구,59.44,4,1994,849,3,1,2,62300
구도심구,85.63,19,2024,288,3,1,1,86200
호수구,84.65,18,2009,538,3,1,1,105600
구도심구,133.45,15,2020,716,4,2,2,143600
호수구,72.63,28,1995,461,3,1,1,67800
구도심구,83.32,25,2008,121,3,1,2,71700
구도심구,113.95,2,2011,1321,4,2,1,87800
구도심구,59.21,27,2022,1940,3,1,3,61600
호수구,81.44,2,2015,782,3,1,2,77400
신도심구,58.74,14,2013,791,3,1,2,83000
구도심구,84.03,27,2002,599,3,1,2,61700
신도심구,74.66,29,2024,210,3,1,3,122600
호수구,135.95,1,2003,156,4,2,2,119300
신도심구,74.22,3,2001,60,3,1,2,96100
구도심구,57.91,7,2016,1257,3,1,3,51600
구도심구,98.82,9,2024,1809,4,2,1,94200
호수구,101.82,9,2020,833,4,2,2,119100
강변구,82.96,13,1998,457,3,1,2,117200
구도심구,85.04,10,2019,538,3,1,2,74800
구도심구,60.68,17,2004,913,3,1,3,55300
호수구,82.15,25,2000,1216,3,1,2,84500
호수구,49.66,16,2022,607,2,1,2,68200
신도심구,60.55,10,2023,487,3,1,3,102100
신도심구,115.22,17,2004,284,4,2,2,159100
강변구,81.48,18,1993,420,3,1,1,114800
호수구,57.98,26,1999,877,3,1,1,58900
강변구,57.46,28,2010,748,3,1,2,100100
구도심구,114.63,9,1994,706,4,2,1,74600
구도심구,59.5,27,2000,293,3,1,2,49500
신도심구,55.76,24,1997,518,3,1,2,60600
강변구,58.64,4,2023,1037,3,1,1,98900
강변구,49.96,17,2004,1507,2,1,3,84000
호수구,74.18,5,2005,1003,3,1,2,80900
신도심구,134.18,15,2006,1213,4,2,3,169900
중앙구,73.56,2,1993,124,3,1,1,112600
구도심구,82.73,9,2010,1348,3,1,1,68900
강변구,83.98,18,2022,825,3,1,2,154800
호수구,84.06,9,2019,711,3,1,2,93000
강변구,84.74,1,2001,760,3,1,3,129400
강변구,84.84,12,1993,1694,3,1,3,101500
중앙구,84.1,16,2017,444,3,1,1,170000
신도심구,85.31,23,2019,761,3,1,1,129600
신도심구,100.55,4,2022,564,4,2,2,145800
구도심구,82.27,14,2011,306,3,1,1,75600
신도심구,101.57,6,2008,178,4,2,3,144300
강변구,59.15,5,2017,302,3,1,2,103800
강변구,84.6,4,2015,366,3,1,2,145000
강변구,82.48,23,2017,582,3,1,3,154700
호수구,61.15,27,2002,1213,3,1,1,59700
강변구,101.85,20,2021,303,4,2,1,171600
호수구,73.65,11,1994,361,3,1,2,64800
강변구,57.88,28,1995,1672,3,1,2,80200
중앙구,102.29,15,2013,454,4,2,2,229300
강변구,57.68,16,2011,395,3,1,1,96300
중앙구,76.71,19,2010,407,3,1,2,160000
구도심구,73.26,19,2022,672,3,1,1,67300
신도심구,116.06,15,2020,586,4,2,1,140200
강변구,83.78,14,2016,374,3,1,3,152900
구도심구,85.9,10,1998,474,3,1,1,58100
구도심구,100.12,20,1996,1058,4,2,1,75000
호수구,84.02,20,1997,733,3,1,1,88100
호수구,114.97,13,2012,1418,4,2,3,125200
구도심구,101.79,21,2015,510,4,2,1,91500
구도심구,75.32,4,2018,1055,3,1,1,61600
구도심구,113.42,13,1996,1079,4,2,1,83300
신도심구,84.1,29,2001,357,3,1,2,108800
구도심구,50.5,22,2003,800,2,1,1,38200
중앙구,58.15,21,2013,640,3,1,2,127200
구도심구,84.69,26,1994,131,3,1,2,81100
호수구,58.74,18,2019,187,3,1,2,82000
중앙구,84.25,20,1995,690,3,1,1,136700
구도심구,74.1,14,2009,142,3,1,2,68800
호수구,83.05,24,2022,113,3,1,1,101300
강변구,48.69,21,1999,629,2,1,1,66500
신도심구,101.17,16,2014,67,4,2,2,159600
호수구,73.88,4,2010,265,3,1,1,86200
호수구,60.89,24,2019,627,3,1,1,67100
중앙구,75.21,10,2011,554,3,1,1,147400
강변구,84.35,11,2020,554,3,1,1,156300
구도심구,83.08,4,2005,902,3,1,1,64000
강변구,83.01,7,1998,1158,3,1,1,106500
강변구,51.37,4,2014,1235,2,1,2,84300
중앙구,99.79,3,2023,1765,4,2,1,195100
강변구,84.14,1,2006,77,3,1,1,121500
신도심구,49.43,9,2019,338,2,1,3,79100
구도심구,100.63,22,2021,250,4,2,2,108400
구도심구,82.8,26,2013,1800,3,1,2,69600
구도심구,83.06,7,2018,637,3,1,1,70600
신도심구,73.34,13,2011,574,3,1,1,87200
강변구,73.15,25,2018,435,3,1,1,132000
중앙구,85.59,21,2003,418,3,1,2,164100
강변구,48.99,27,2009,416,2,1,3,88000
강변구,58.37,13,1995,443,3,1,1,75300
강변구,134.13,5,1999,411,4,2,1,188100
중앙구,84.8,5,2011,1537,3,1,1,146700
강변구,73.59,21,2016,2187,3,1,1,116600
구도심구,60.08,1,1993,2105,3,1,1,37000
구도심구,82.47,14,1995,126,3,1,3,66200
호수구,60.41,11,1993,370,3,1,1,58400
구도심구,58.99,27,2009,97,3,1,1,50300
신도심구,58.94,29,2003,2153,3,1,2,54300
중앙구,83.17,15,1994,783,3,1,1,149500
신도심구,82.53,17,2018,1037,3,1,3,120700
중앙구,47.0,11,2009,542,2,1,1,95000
신도심구,58.08,23,1993,576,3,1,3,67500
신도심구,84.71,9,2014,1321,3,1,1,101300
신도심구,82.85,22,2022,632,3,1,1,117700
강변구,82.14,27,2006,651,3,1,2,132900
구도심구,57.91,5,2023,979,3,1,3,59300
구도심구,83.54,7,2006,901,3,1,1,69800
구도심구,113.59,11,1995,617,4,2,1,82000
구도심구,83.85,25,1996,427,3,1,1,65600
신도심구,60.24,19,1995,402,3,1,1,65700
중앙구,85.5,6,2002,1247,3,1,2,159900
구도심구,76.41,11,2005,661,3,1,3,62600
신도심구,47.05,19,2007,332,2,1,2,61200
강변구,72.97,28,2008,1115,3,1,1,105500
강변구,114.84,14,2020,609,4,2,2,242400
호수구,73.46,3,1993,121,3,1,2,73700
구도심구,102.03,4,2021,348,4,2,1,92000
신도심구,84.25,1,2000,610,3,1,1,95900
구도심구,85.9,4,2023,149,3,1,2,91100
신도심구,50.25,12,1997,757,2,1,2,60900
신도심구,85.27,9,1996,849,3,1,1,98700
강변구,58.51,9,1996,1182,3,1,2,78700
신도심구,83.88,23,2002,705,3,1,2,108000
구도심구,58.63,14,2023,363,3,1,3,57600
중앙구,72.19,22,2007,125,3,1,3,165700
구도심구,85.77,16,1998,119,3,1,1,66900
강변구,49.89,6,2013,532,2,1,1,72400
구도심구,58.59,28,2009,532,3,1,2,52100
구도심구,135.57,14,2015,144,4,2,2,130000
구도심구,48.24,25,2016,743,2,1,1,42100
구도심구,71.79,3,2018,432,3,1,2,73100
호수구,75.21,25,1997,271,3,1,3,87200
신도심구,72.47,21,2008,211,3,1,1,83600
구도심구,83.77,8,2013,1547,3,1,1,66000
구도심구,59.25,24,2010,106,3,1,1,52200
강변구,84.46,22,2024,1822,3,1,1,134700
강변구,85.02,26,2023,285,3,1,2,181800
신도심구,74.7,7,2018,1933,3,1,1,86900
강변구,114.66,26,2000,132,4,2,2,195900
신도심구,133.05,23,2009,792,4,2,1,170600
신도심구,59.35,10,2018,1357,3,1,2,90500
구도심구,72.19,11,2001,1376,3,1,1,52700
강변구,60.87,8,2015,789,3,1,2,98400
구도심구,57.32,14,2000,712,3,1,1,45300
신도심구,83.58,27,1997,166,3,1,2,113800
구도심구,82.42,25,2000,1120,3,1,1,63900
중앙구,73.12,5,2022,1270,3,1,2,150800
신도심구,59.02,4,2024,620,3,1,1,88900
중앙구,58.37,2,2020,694,3,1,1,102300
구도심구,135.37,18,2001,2500,4,2,2,98700
강변구,114.27,10,2017,182,4,2,1,186200
호수구,48.44,23,1999,805,2,1,3,56800
강변구,83.84,23,1997,1101,3,1,2,120300
신도심구,85.46,6,2001,116,3,1,1,108000
강변구,85.09,21,1997,129,3,1,3,113500
구도심구,82.63,23,2013,331,3,1,1,80800
신도심구,100.18,29,2014,354,4,2,2,145600
신도심구,49.57,21,1994,311,2,1,1,51500
강변구,74.42,11,1996,365,3,1,2,108300
중앙구,132.74,29,2008,373,4,2,2,238000
중앙구,59.9,8,1996,613,3,1,1,101300
호수구,57.93,24,2019,278,3,1,2,82100
신도심구,85.56,11,2005,486,3,1,1,94300
중앙구,101.64,28,2006,590,4,2,2,196000
호수구,82.64,23,1993,435,3,1,1,77000
중앙구,100.37,18,2015,804,4,2,1,170800
신도심구,83.34,7,2016,1489,3,1,1,111900
구도심구,59.19,6,2017,176,3,1,2,60500
호수구,83.76,28,2010,258,3,1,3,118400
구도심구,99.63,24,2001,1003,4,2,3,88000
신도심구,99.33,15,1995,733,4,2,2,109900
호수구,59.66,26,2003,1058,3,1,2,64200
중앙구,59.34,23,2010,959,3,1,3,131300
호수구,101.13,12,1996,362,4,2,2,99100
구도심구,59.32,24,1994,1565,3,1,1,43400
호수구,48.26,24,1999,1590,2,1,2,38300
강변구,101.22,14,1995,266,4,2,1,155400
중앙구,87.05,1,1993,1426,3,1,2,129000
구도심구,75.41,22,2008,1526,3,1,1,49700
신도심구,48.65,10,2016,1895,2,1,1,61400
신도심구,48.37,11,2008,972,2,1,2,54200
호수구,97.57,21,1995,464,4,2,1,89800
구도심구,85.28,24,2003,342,3,1,3,82300
강변구,59.94,3,1994,464,3,1,3,84300
신도심구,73.35,24,2012,200,3,1,2,115800
중앙구,57.28,9,2000,816,3,1,2,100400
강변구,57.61,17,2005,529,3,1,1,87400
중앙구,59.53,26,2021,167,3,1,1,139400
구도심구,83.89,7,2011,348,3,1,3,79200
구도심구,59.83,7,2017,1349,3,1,1,51300
신도심구,74.1,29,2004,827,3,1,1,91800
신도심구,85.16,11,2022,316,3,1,1,126600
구도심구,74.44,28,2015,1863,3,1,2,69800
구도심구,59.99,11,2009,750,3,1,2,51000
호수구,46.49,18,2011,221,2,1,1,50200
신도심구,47.52,15,2012,466,2,1,1,60300
구도심구,73.56,29,1998,156,3,1,2,52600
신도심구,85.3,16,2001,1563,3,1,1,105300
신도심구,61.26,15,2014,1082,3,1,1,76000
호수구,100.8,14,2007,328,4,2,1,108700
신도심구,83.27,11,2018,91,3,1,2,139400
신도심구,46.65,13,2009,1070,2,1,1,58000
강변구,50.04,14,1995,733,2,1,1,69600
신도심구,58.34,23,2014,1409,3,1,2,70600
신도심구,52.55,2,2012,60,2,1,1,71700
구도심구,83.11,15,2004,999,3,1,3,72600
신도심구,51.53,16,2018,574,2,1,3,74800
강변구,101.9,22,2004,2380,4,2,2,126000
호수구,82.77,20,1996,205,3,1,1,91200
강변구,84.28,13,1996,1150,3,1,1,105400
호수구,84.93,4,2021,1016,3,1,2,93500
강변구,83.73,11,2005,164,3,1,1,124100
신도심구,115.01,8,2006,482,4,2,2,151700
신도심구,134.98,6,2002,921,4,2,1,157700
구도심구,74.72,21,2016,329,3,1,2,77100
중앙구,58.98,14,2012,337,3,1,1,119500
호수구,72.59,24,2021,1243,3,1,2,91800
신도심구,58.91,5,2021,2032,3,1,1,71900
신도심구,84.21,29,2024,1170,3,1,1,138300
신도심구,71.75,14,2003,178,3,1,1,87900
중앙구,84.2,8,2011,60,3,1,1,178500
신도심구,83.88,11,2004,234,3,1,3,111000
강변구,57.44,25,2015,992,3,1,1,83200
강변구,83.6,21,2016,1077,3,1,1,119000
구도심구,73.63,5,2001,446,3,1,2,62200
신도심구,103.32,29,2020,230,4,2,1,166700
중앙구,84.26,4,2002,479,3,1,3,145300
중앙구,50.24,8,2024,114,2,1,1,102400
강변구,83.86,22,2020,769,3,1,3,160900
강변구,56.75,16,1993,707,3,1,2,78300
구도심구,84.81,13,2005,216,3,1,1,69900
강변구,83.21,27,2005,1185,3,1,1,109000
호수구,73.6,24,2019,632,3,1,1,90200
강변구,82.74,28,2016,305,3,1,2,155500
중앙구,101.09,9,1994,792,4,2,1,163900
호수구,102.28,25,2019,2341,4,2,2,109900
강변구,85.12,7,1999,122,3,1,2,116600
신도심구,85.9,24,2004,2455,3,1,2,97100
호수구,76.07,16,1998,627,3,1,2,79200
호수구,98.54,18,1998,930,4,2,3,93100
구도심구,99.57,4,2009,981,4,2,1,79500
중앙구,56.83,26,1995,314,3,1,1,98300
신도심구,59.76,9,1995,438,3,1,1,67200
호수구,58.17,18,2018,1508,3,1,1,55300
호수구,58.41,5,2004,1697,3,1,1,51000
중앙구,73.74,27,2013,530,3,1,1,139200
신도심구,59.46,10,2024,2086,3,1,2,83500
강변구,82.22,23,1994,576,3,1,1,131200
중앙구,57.49,23,2018,1104,3,1,2,120000
구도심구,59.0,16,1996,336,3,1,1,42500
강변구,85.44,4,2017,1053,3,1,1,132100
강변구,73.97,9,2002,497,3,1,1,107200
중앙구,73.05,18,1997,2500,3,1,1,108900
신도심구,98.42,16,2000,826,4,2,1,126300
강변구,135.14,17,2004,1929,4,2,1,197400
신도심구,83.12,8,2016,723,3,1,2,122100
중앙구,47.62,16,2014,635,2,1,1,94600
호수구,56.94,3,2016,709,3,1,1,69700
중앙구,132.27,15,1993,2252,4,2,1,179100
신도심구,82.85,3,2024,422,3,1,1,121500
강변구,83.71,20,2006,2500,3,1,1,105700
중앙구,82.55,17,1996,1229,3,1,1,110800
강변구,59.22,25,2022,2177,3,1,2,103400
중앙구,73.7,14,2018,232,3,1,2,170200
중앙구,103.67,5,1995,1086,4,2,3,143500
신도심구,98.95,7,2006,1551,4,2,2,126400
구도심구,59.19,24,2022,1580,3,1,1,52500
중앙구,84.21,28,2014,1085,3,1,1,172200
신도심구,57.76,2,1999,466,3,1,3,68200
신도심구,114.11,20,2015,442,4,2,1,145700
강변구,59.92,14,1999,419,3,1,1,86400
신도심구,84.12,8,2004,791,3,1,2,99000
중앙구,60.66,15,1999,700,3,1,2,98900
강변구,81.39,28,2015,482,3,1,1,145000
신도심구,82.99,6,2022,546,3,1,1,122600
호수구,75.77,25,1994,642,3,1,1,78400
호수구,102.09,3,2012,75,4,2,1,109800
호수구,101.65,21,2000,502,4,2,1,95900
신도심구,102.48,3,2017,395,4,2,2,154200
중앙구,71.7,2,1997,222,3,1,1,104300
강변구,84.95,2,2004,236,3,1,1,114200
강변구,85.28,24,1999,495,3,1,1,126900
중앙구,83.21,17,2020,817,3,1,3,185500
중앙구,87.16,21,1995,853,3,1,1,135700
신도심구,84.24,5,2011,940,3,1,1,95400
강변구,56.37,27,1996,854,3,1,2,84600
강변구,74.46,24,2012,433,3,1,1,119000
구도심구,58.14,15,2017,235,3,1,1,58800
신도심구,60.4,27,2017,289,3,1,1,90800
호수구,59.66,5,1994,587,3,1,3,63500
강변구,58.28,9,2017,707,3,1,2,98300
신도심구,102.8,2,2002,1146,4,2,2,110000
강변구,85.13,5,2014,1590,3,1,3,124600
신도심구,48.01,25,2023,457,2,1,2,72900
강변구,100.82,12,1996,725,4,2,1,139100
강변구,114.62,19,2004,971,4,2,1,156800
구도심구,100.56,26,2020,644,4,2,1,99400
강변구,100.6,23,1997,297,4,2,1,158400
강변구,134.04,12,2001,342,4,2,2,199200
호수구,82.72,11,2010,1209,3,1,1,77800
중앙구,131.32,4,2024,483,4,2,1,268800
신도심구,114.29,25,2002,522,4,2,1,127300
신도심구,71.61,29,2005,68,3,1,1,101700
강변구,99.81,15,2018,1423,4,2,3,174000
신도심구,98.87,15,1996,991,4,2,1,104700
중앙구,99.02,25,2003,172,4,2,1,174900
구도심구,114.51,10,2003,907,4,2,2,86900
강변구,73.73,12,2005,952,3,1,2,119800
강변구,73.69,26,2011,1913,3,1,1,118600
강변구,82.42,12,2000,318,3,1,1,107400
호수구,83.21,27,2005,871,3,1,2,96200
구도심구,101.45,5,2022,406,4,2,1,96400
호수구,100.94,15,2019,390,4,2,2,140500
구도심구,84.99,15,2023,1683,3,1,2,70100
구도심구,115.16,9,2014,1215,4,2,2,104300
신도심구,58.7,28,2011,175,3,1,3,85500
호수구,111.78,14,1999,150,4,2,3,129200
신도심구,48.09,26,1998,931,2,1,1,55300
신도심구,83.88,7,2010,558,3,1,2,113700
구도심구,58.07,11,2005,283,3,1,2,51400
신도심구,82.73,14,2018,943,3,1,1,127000
중앙구,74.08,17,1993,861,3,1,3,125700
신도심구,61.92,7,2021,632,3,1,3,101700
강변구,83.41,10,1998,678,3,1,2,124900
구도심구,84.0,19,2005,303,3,1,1,77200
신도심구,57.43,9,2004,856,3,1,1,64000
구도심구,85.49,23,2022,2116,3,1,3,84300
신도심구,60.05,14,2016,209,3,1,3,96100
구도심구,59.97,29,1994,1187,3,1,1,39300
중앙구,60.63,7,2020,251,3,1,1,125000
호수구,83.49,25,2014,1044,3,1,2,112100
신도심구,100.64,15,1995,547,4,2,1,112100
강변구,86.05,3,2018,1062,3,1,2,137500
강변구,101.76,21,1994,222,4,2,3,158000
강변구,81.34,7,2006,60,3,1,1,119000
신도심구,101.55,5,1998,699,4,2,2,120600
구도심구,133.3,16,1993,1131,4,2,2,95900
호수구,75.08,23,2010,718,3,1,1,84700
구도심구,59.49,8,2014,985,3,1,1,51400
신도심구,56.91,19,2008,436,3,1,2,89400
신도심구,84.32,1,2003,1002,3,1,2,94900
구도심구,84.25,6,2009,1671,3,1,2,67000
구도심구,59.44,22,1997,431,3,1,3,54700
강변구,101.69,1,1994,974,4,2,1,107200
호수구,115.8,11,1998,342,4,2,3,139500
신도심구,59.5,15,1994,1789,3,1,2,58800
구도심구,59.03,2,2017,177,3,1,1,55500
호수구,60.38,29,2012,828,3,1,1,73700
구도심구,76.69,15,1998,644,3,1,1,57800
강변구,102.1,10,2011,434,4,2,1,158000
신도심구,84.25,29,2008,422,3,1,3,120600
중앙구,49.52,17,1996,603,2,1,2,89900
구도심구,84.31,20,2024,1623,3,1,1,72000
강변구,59.02,3,2023,754,3,1,1,98600
구도심구,76.6,5,2017,106,3,1,1,69900
호수구,73.1,2,2018,148,3,1,3,80100
강변구,85.39,15,2010,751,3,1,2,129700
신도심구,83.85,25,2018,1275,3,1,1,114100
구도심구,99.22,27,2009,312,4,2,1,89900
신도심구,48.77,17,1998,720,2,1,1,53800
강변구,100.34,2,1998,1288,4,2,2,125200
중앙구,49.69,19,2020,803,2,1,1,98000
신도심구,74.11,19,2007,670,3,1,1,103900
구도심구,99.77,18,2016,486,4,2,2,97900
신도심구,85.77,21,1997,548,3,1,1,108100
강변구,60.31,17,2007,1009,3,1,3,86300
신도심구,85.9,21,1995,1097,3,1,2,100300
신도심구,84.28,15,2000,1083,3,1,1,101400
강변구,113.96,5,1996,353,4,2,1,152900
구도심구,84.84,3,1999,60,3,1,2,66400
강변구,48.31,27,2012,443,2,1,2,81900
신도심구,84.16,13,1993,1170,3,1,1,93300
호수구,58.79,10,1999,1868,3,1,3,51100
신도심구,47.25,9,2015,265,2,1,2,72300
구도심구,84.15,2,1997,972,3,1,2,60600
중앙구,100.47,28,2010,373,4,2,1,193000
강변구,48.71,3,2020,1547,2,1,1,73400
중앙구,101.44,7,2017,1157,4,2,1,193000
구도심구,85.53,14,1996,788,3,1,1,72000
구도심구,82.98,11,1997,831,3,1,2,66700
강변구,58.6,2,2015,1439,3,1,1,75800
강변구,73.08,10,2004,117,3,1,1,106800
강변구,58.0,23,2006,584,3,1,2,85300
신도심구,58.29,8,2008,234,3,1,2,68900
구도심구,73.76,26,2011,820,3,1,1,59500
구도심구,74.7,11,2007,705,3,1,2,66200
호수구,59.38,1,1993,787,3,1,2,55400
강변구,57.73,4,1996,203,3,1,1,83700
구도심구,115.55,24,1993,1283,4,2,1,74400
신도심구,102.13,12,2001,1045,4,2,2,116700
강변구,72.92,29,2019,433,3,1,2,124400
호수구,115.47,23,2024,1102,4,2,1,113700
중앙구,59.39,1,2008,64,3,1,1,101500
구도심구,73.81,10,1993,241,3,1,2,61000
구도심구,101.43,22,1995,601,4,2,1,75800
호수구,73.97,2,2019,493,3,1,3,79800
신도심구,59.65,29,2003,1498,3,1,1,64400
강변구,74.22,5,2021,997,3,1,2,123700
구도심구,83.6,24,2009,1712,3,1,3,76400
구도심구,81.57,25,2021,172,3,1,1,80800
신도심구,74.63,15,1997,490,3,1,2,95800
구도심구,73.55,24,2020,229,3,1,1,72700
강변구,59.93,26,2010,791,3,1,2,99500
신도심구,84.58,22,2007,173,3,1,3,114000
호수구,58.58,21,2009,716,3,1,3,66100
강변구,102.23,12,2003,336,4,2,1,139800
신도심구,84.25,9,2012,1112,3,1,2,116300
호수구,74.2,26,2017,605,3,1,2,89700
구도심구,83.83,7,2018,142,3,1,1,59500
호수구,51.02,13,2024,1234,2,1,2,65000
신도심구,73.14,15,2006,1248,3,1,1,94500
호수구,73.61,12,2017,1070,3,1,3,84900
강변구,82.52,11,2021,426,3,1,3,163000
신도심구,84.87,18,1993,923,3,1,2,94800
신도심구,133.3,10,2008,1323,4,2,1,136600
구도심구,73.44,29,2015,560,3,1,3,84800
호수구,73.38,6,2007,580,3,1,1,75400
구도심구,84.08,12,1996,666,3,1,1,64500
구도심구,57.5,25,2013,1081,3,1,1,48100
신도심구,56.31,14,2005,738,3,1,1,68800
신도심구,134.55,21,2012,968,4,2,1,178600
신도심구,98.46,19,1993,539,4,2,1,102300
중앙구,115.02,10,1993,529,4,2,3,223100
신도심구,60.87,22,2012,992,3,1,2,88200
호수구,48.8,7,2024,381,2,1,2,65500
구도심구,75.56,22,2013,269,3,1,2,73100
구도심구,113.97,4,2023,367,4,2,2,109800
신도심구,60.92,21,2020,512,3,1,2,100100
신도심구,58.45,4,2002,634,3,1,2,74900
중앙구,46.16,26,1996,428,2,1,3,82600
신도심구,83.9,19,2010,466,3,1,1,104200
신도심구,103.05,2,2012,816,4,2,3,119000
강변구,84.64,4,2017,332,3,1,3,153600
중앙구,48.38,6,2009,1058,2,1,1,84100
구도심구,84.39,28,2022,298,3,1,3,100800
신도심구,75.17,18,2020,622,3,1,3,127300
신도심구,58.9,9,2011,593,3,1,1,77600
강변구,62.15,9,2010,1491,3,1,1,88800
신도심구,83.38,1,1993,545,3,1,2,80400
신도심구,75.2,6,2017,1159,3,1,2,110300
신도심구,134.91,25,2014,994,4,2,1,179300
신도심구,83.16,18,2021,407,3,1,1,129300
중앙구,73.49,11,1995,1407,3,1,2,125800
호수구,85.22,1,1997,424,3,1,1,72200
중앙구,84.17,10,2014,497,3,1,1,156500
신도심구,49.41,12,2008,862,2,1,1,73100
강변구,82.04,4,2011,461,3,1,2,139000
신도심구,59.79,18,2006,177,3,1,1,76900
강변구,74.34,20,2013,503,3,1,2,139000
호수구,83.92,29,2014,497,3,1,2,99500
신도심구,84.43,11,1999,283,3,1,3,113200
구도심구,73.51,9,2017,617,3,1,3,71000
강변구,58.29,24,2008,627,3,1,3,98600
중앙구,83.71,11,2011,820,3,1,2,160900
신도심구,73.44,19,2012,241,3,1,1,96600
신도심구,116.62,22,2016,254,4,2,1,170800
신도심구,85.09,26,2002,1081,3,1,1,95800
호수구,99.84,10,1993,292,4,2,1,97200
구도심구,76.44,19,1998,750,3,1,1,58000
호수구,100.48,4,2023,530,4,2,1,106200
강변구,49.04,23,2000,349,2,1,1,75100
구도심구,60.08,2,2000,1478,3,1,2,43600
신도심구,46.64,21,2020,634,2,1,3,85400
구도심구,48.72,7,2000,392,2,1,1,38700
호수구,113.31,14,2007,146,4,2,1,126200
구도심구,84.25,3,2004,948,3,1,2,70600
호수구,84.44,20,2014,290,3,1,1,106600
구도심구,83.91,14,2012,1397,3,1,3,81900
중앙구,83.85,20,2009,585,3,1,1,163300
구도심구,85.28,11,2009,2500,3,1,1,61900
신도심구,101.36,1,2019,496,4,2,2,146100
호수구,84.05,17,2011,280,3,1,1,95900
구도심구,84.18,21,2009,643,3,1,2,70000
중앙구,61.2,20,2021,379,3,1,1,118300
중앙구,134.21,8,1995,82,4,2,1,216300
중앙구,48.38,21,2019,1111,2,1,1,97300
신도심구,71.71,16,1999,763,3,1,2,103300
중앙구,99.28,7,2003,325,4,2,1,175300
구도심구,58.44,4,1993,238,3,1,1,42900
신도심구,58.87,10,2011,264,3,1,2,80700
구도심구,73.33,1,2019,619,3,1,2,68700
강변구,74.42,21,2005,2030,3,1,1,101000
신도심구,113.32,1,2014,524,4,2,3,146700
중앙구,99.9,2,2005,138,4,2,2,162900
호수구,84.74,5,2017,287,3,1,3,104700
강변구,135.64,10,2024,674,4,2,1,223900
중앙구,82.67,1,2015,333,3,1,2,156500
강변구,101.29,19,2003,202,4,2,1,155500
구도심구,56.71,4,2019,537,3,1,1,50800
중앙구,82.23,24,1994,287,3,1,1,151300
구도심구,48.29,17,2024,702,2,1,1,52000
구도심구,50.36,3,2019,716,2,1,3,49200
구도심구,83.07,12,2013,874,3,1,2,71300
강변구,58.02,5,2012,978,3,1,1,87400
중앙구,84.04,29,2001,318,3,1,1,149700
신도심구,84.04,18,2006,1098,3,1,1,102600
강변구,48.06,24,1996,457,2,1,2,68100
구도심구,76.38,11,2003,105,3,1,1,59200
신도심구,83.68,5,2011,1015,3,1,2,109400
신도심구,101.14,7,2004,1464,4,2,1,111400
중앙구,58.52,13,2017,514,3,1,2,122900
신도심구,134.53,23,2020,1137,4,2,3,205100
강변구,102.48,13,2010,543,4,2,1,161500
구도심구,86.0,27,2003,384,3,1,3,79400
중앙구,73.09,11,2002,549,3,1,3,136000
호수구,85.32,7,2010,593,3,1,2,98400
구도심구,101.66,15,2016,676,4,2,1,89900
강변구,75.17,4,1997,475,3,1,2,98000
중앙구,133.89,20,2007,986,4,2,1,226700
강변구,113.78,3,2007,843,4,2,3,170700
강변구,85.12,19,2002,263,3,1,2,121800
강변구,85.15,12,2000,407,3,1,2,113300
호수구,85.88,11,2019,950,3,1,2,106800
구도심구,84.24,18,2006,534,3,1,1,78700
강변구,100.87,21,2011,334,4,2,2,179500
신도심구,46.05,27,1994,520,2,1,3,55100
강변구,47.07,9,2002,169,2,1,1,60900
호수구,73.53,24,2000,1337,3,1,1,70100
중앙구,112.68,25,2003,607,4,2,3,195300
구도심구,74.98,29,2019,379,3,1,1,73000
구도심구,99.43,28,2011,161,4,2,3,93800
중앙구,83.4,23,2021,1769,3,1,1,134000
강변구,58.45,9,2006,147,3,1,2,103300
신도심구,115.45,21,2017,784,4,2,2,153600
호수구,83.27,23,1998,477,3,1,1,80600
신도심구,74.54,9,2019,521,3,1,1,104900
구도심구,49.23,24,2012,566,2,1,1,43100
구도심구,60.08,21,1994,392,3,1,2,49600
구도심구,60.02,15,2015,596,3,1,1,52800
신도심구,73.96,25,2008,661,3,1,1,98500
신도심구,81.96,3,1993,910,3,1,2,90900
구도심구,73.72,20,2020,845,3,1,3,69000
강변구,48.98,23,2010,267,2,1,1,81100
호수구,59.34,2,2012,312,3,1,2,59400
중앙구,73.11,12,2011,1100,3,1,3,134400
강변구,135.37,15,1995,431,4,2,2,199400
구도심구,74.02,7,2003,753,3,1,3,62200
강변구,57.9,26,2015,1253,3,1,2,97600
중앙구,83.45,19,2003,621,3,1,2,160300
강변구,116.31,8,2021,257,4,2,2,191600
신도심구,101.8,13,2003,262,4,2,1,135300
구도심구,102.26,4,2007,475,4,2,2,91000
중앙구,112.75,3,2007,476,4,2,2,203600
중앙구,83.17,22,1993,225,3,1,1,136100
신도심구,133.18,29,2018,299,4,2,1,205800
호수구,49.22,9,1997,852,2,1,2,46800
강변구,100.79,8,2008,1113,4,2,1,168100
호수구,100.41,20,2022,440,4,2,1,138700
호수구,113.56,15,2024,60,4,2,1,147300
강변구,83.05,5,2000,806,3,1,1,111200
구도심구,100.78,20,2005,126,4,2,2,90000
구도심구,60.34,7,2011,179,3,1,1,51500
신도심구,82.18,4,2015,512,3,1,1,111600
신도심구,74.42,14,2001,1295,3,1,1,89000
구도심구,85.66,22,2010,939,3,1,3,72800
구도심구,83.78,16,2019,875,3,1,3,89700
구도심구,73.37,19,2017,516,3,1,1,74400
호수구,60.11,7,2019,208,3,1,1,74800
신도심구,72.82,15,2021,1173,3,1,1,100800
구도심구,83.97,21,2020,215,3,1,1,86600
호수구,82.75,16,2009,739,3,1,2,102300
강변구,81.76,7,2024,649,3,1,2,147900
중앙구,58.82,28,2008,191,3,1,2,118900
신도심구,99.48,2,2015,122,4,2,3,159300
호수구,83.99,27,2023,874,3,1,2,109000
강변구,50.34,22,1994,586,2,1,1,63100
구도심구,76.23,4,2022,1168,3,1,2,76300
중앙구,84.11,8,2019,716,3,1,1,173900
신도심구,75.22,11,2024,656,3,1,2,110800
구도심구,59.48,28,2017,84,3,1,1,53200
중앙구,58.54,15,1998,643,3,1,1,100900
호수구,46.69,8,2002,542,2,1,1,46600
강변구,60.95,27,1993,723,3,1,1,73400
호수구,57.74,4,2012,542,3,1,1,62500
강변구,102.66,24,2006,532,4,2,2,163100
호수구,84.64,25,2008,508,3,1,1,92300
구도심구,72.83,12,2016,348,3,1,3,77700
중앙구,84.37,2,2019,867,3,1,1,134900
중앙구,86.56,26,1995,2500,3,1,3,120500
중앙구,60.84,29,2022,202,3,1,1,128800
신도심구,58.38,11,2004,273,3,1,1,80800
구도심구,58.15,6,2017,864,3,1,1,60600
신도심구,84.12,8,2011,464,3,1,1,111300
신도심구,83.8,4,2007,398,3,1,1,106000
신도심구,75.44,18,1999,122,3,1,2,79800
신도심구,84.89,16,1999,288,3,1,1,110200
구도심구,131.97,11,2016,250,4,2,1,128800
신도심구,74.55,19,2003,129,3,1,1,96700
구도심구,83.79,19,2000,1069,3,1,2,61600
호수구,84.04,1,1993,621,3,1,1,79500
신도심구,84.3,12,2019,2460,3,1,1,112300
중앙구,85.44,26,2005,669,3,1,1,158600
중앙구,85.17,24,2004,218,3,1,2,176700
신도심구,58.1,25,2004,713,3,1,2,75700
강변구,73.93,28,2012,820,3,1,1,124200
호수구,100.46,2,2008,371,4,2,2,94600
구도심구,71.98,8,2010,802,3,1,1,51400
신도심구,133.87,14,2001,789,4,2,1,145400
구도심구,76.21,15,2002,302,3,1,2,63100
강변구,81.95,23,2020,905,3,1,2,138500
구도심구,83.97,22,2007,693,3,1,1,74000
중앙구,73.93,21,2024,581,3,1,2,165300
구도심구,101.35,5,2020,623,4,2,1,94400
호수구,57.84,20,2015,216,3,1,2,65900
구도심구,82.29,24,2010,1368,3,1,2,65000
호수구,82.35,22,2019,459,3,1,2,105000
신도심구,102.6,17,1994,425,4,2,1,113000
구도심구,82.82,3,2008,732,3,1,1,68100
신도심구,133.4,5,2015,2233,4,2,1,160300
구도심구,103.53,22,1996,930,4,2,1,86300
중앙구,73.12,26,1998,464,3,1,1,125700
강변구,101.41,24,1995,726,4,2,2,161000
신도심구,115.28,13,2008,723,4,2,2,158800
중앙구,60.22,18,2010,578,3,1,2,126900
구도심구,82.4,6,2007,225,3,1,2,78900
구도심구,58.14,18,1994,949,3,1,1,44600
호수구,84.36,6,2008,404,3,1,1,85100
중앙구,61.31,24,2021,323,3,1,1,143100
호수구,83.09,23,1993,436,3,1,2,79700
중앙구,73.41,2,2017,1118,3,1,1,131400
신도심구,84.5,28,2001,397,3,1,1,105500
구도심구,49.74,24,1995,536,2,1,1,41100
중앙구,84.82,11,1994,1886,3,1,2,130400
중앙구,82.98,14,1993,417,3,1,3,133100
중앙구,83.36,3,2006,522,3,1,3,185200
신도심구,74.26,28,2008,571,3,1,1,102800
구도심구,60.51,3,2012,414,3,1,2,53300
중앙구,73.71,27,1995,517,3,1,1,112500
중앙구,113.97,19,2013,620,4,2,2,250400
신도심구,57.77,27,2016,399,3,1,1,76600
강변구,86.24,11,1995,116,3,1,1,125300
구도심구,49.19,26,2014,170,2,1,1,49900
호수구,85.29,13,1996,556,3,1,1,77900
구도심구,59.04,11,2007,1495,3,1,3,47900
호수구,84.1,10,2014,458,3,1,1,92900
신도심구,72.2,28,2020,684,3,1,3,105900
구도심구,56.42,14,2009,1172,3,1,1,47700
강변구,75.5,14,2006,795,3,1,1,116000
중앙구,74.09,19,2019,568,3,1,2,170000
구도심구,84.25,17,1999,523,3,1,2,66200
중앙구,132.5,16,1999,340,4,2,3,268800
호수구,82.92,11,2007,932,3,1,2,83200
구도심구,115.27,5,1996,1127,4,2,2,90300
호수구,86.09,29,1993,60,3,1,1,73500
강변구,58.25,15,2004,936,3,1,3,102600
신도심구,59.81,29,1997,828,3,1,2,68900
구도심구,74.23,14,2013,435,3,1,2,74400
강변구,73.86,18,2010,341,3,1,2,131200
신도심구,103.22,16,2008,758,4,2,1,121000
구도심구,83.46,29,2008,169,3,1,3,85800
호수구,85.49,4,1996,446,3,1,2,80200
구도심구,84.46,16,2005,682,3,1,2,72400
중앙구,73.98,5,1995,1276,3,1,2,110300
신도심구,85.65,26,2004,1599,3,1,1,109500
신도심구,59.35,16,2014,245,3,1,2,80500
중앙구,58.88,27,2024,721,3,1,2,136500
신도심구,75.66,8,2002,569,3,1,1,86900
강변구,60.5,5,2001,858,3,1,2,93200
중앙구,85.44,19,2014,509,3,1,2,208400
신도심구,44.33,5,2022,890,2,1,2,61600
강변구,59.53,11,2002,672,3,1,2,90300
신도심구,114.25,10,2019,371,4,2,1,160500
강변구,133.96,7,2003,896,4,2,1,201700
구도심구,84.73,4,2013,517,3,1,1,73300
강변구,84.31,20,1999,599,3,1,2,133300
호수구,101.81,22,2001,283,4,2,3,112100
중앙구,48.68,12,2024,471,2,1,2,128000
신도심구,75.8,9,2005,1260,3,1,2,78500
강변구,59.93,5,1993,381,3,1,2,84000
강변구,74.65,20,2017,1605,3,1,2,120900
신도심구,134.59,24,1997,615,4,2,3,170200
구도심구,85.39,16,1996,696,3,1,1,66400
호수구,135.23,13,2019,328,4,2,1,165800
강변구,83.86,19,2004,934,3,1,1,124000
강변구,85.19,27,1997,158,3,1,1,125100
구도심구,84.21,29,2024,480,3,1,2,100200
신도심구,86.3,6,2001,329,3,1,1,83700
강변구,85.32,14,2013,188,3,1,1,160700
구도심구,58.25,26,2001,857,3,1,1,54500
신도심구,86.8,19,2011,494,3,1,1,103100
구도심구,56.48,24,2015,598,3,1,1,52600
신도심구,84.76,29,2017,342,3,1,3,146600
신도심구,58.16,4,2006,979,3,1,2,76900
강변구,86.26,18,2012,669,3,1,2,162000
구도심구,59.3,16,2019,1409,3,1,1,54600
강변구,58.05,9,2019,358,3,1,1,85600
구도심구,83.68,19,2016,356,3,1,2,91200
구도심구,58.14,4,2005,803,3,1,1,48400
구도심구,133.63,15,2009,1501,4,2,1,119600
중앙구,73.61,13,2023,398,3,1,2,149500
강변구,73.1,12,2000,65,3,1,2,101900
신도심구,49.32,18,2015,213,2,1,3,76800
신도심구,101.47,28,2018,1260,4,2,1,149900
호수구,82.8,28,2008,465,3,1,2,105800
신도심구,72.01,21,2020,1704,3,1,1,90300
호수구,59.37,10,2006,243,3,1,2,64700
강변구,84.64,29,2019,806,3,1,3,187700
신도심구,114.88,29,2013,818,4,2,2,154900
중앙구,74.66,25,1994,169,3,1,1,130600
구도심구,60.89,26,2019,173,3,1,2,60800
강변구,60.2,24,2015,478,3,1,2,109200
강변구,52.22,23,2000,855,2,1,3,75200
구도심구,87.72,22,2015,738,3,1,2,79200
신도심구,131.89,19,2009,508,4,2,3,185800
중앙구,131.36,19,2023,495,4,2,1,274900
중앙구,100.99,12,2002,89,4,2,2,185900
신도심구,59.61,26,2001,292,3,1,1,77100
강변구,133.91,19,1994,142,4,2,2,218900
강변구,74.84,18,2018,727,3,1,3,132200
구도심구,73.68,22,2024,214,3,1,2,73800
강변구,83.17,3,2015,1247,3,1,2,130800
신도심구,48.35,27,2004,598,2,1,1,57000
신도심구,100.76,17,2021,285,4,2,1,134300
강변구,135.01,28,2001,1120,4,2,2,210600
중앙구,100.42,3,2015,196,4,2,1,199100
강변구,100.65,7,2012,200,4,2,1,164100
중앙구,74.68,28,2020,276,3,1,2,145500
강변구,48.76,21,2024,1124,2,1,2,84000
호수구,102.34,19,2004,1714,4,2,1,87300
구도심구,82.9,12,1996,142,3,1,1,64500
신도심구,112.64,17,1998,2500,4,2,1,112600
신도심구,59.37,16,2016,874,3,1,2,86000
신도심구,74.49,6,2004,409,3,1,3,95400
구도심구,72.96,17,1997,821,3,1,1,52300
강변구,85.61,15,2019,1140,3,1,1,138900
강변구,103.31,10,2013,289,4,2,2,181900
강변구,133.25,10,1997,1144,4,2,1,166800
중앙구,60.78,23,2015,568,3,1,2,119700
강변구,81.14,20,2013,140,3,1,1,127300
호수구,50.29,14,2024,867,2,1,3,63900
호수구,57.97,18,2024,1451,3,1,2,68400
중앙구,75.17,7,2024,762,3,1,1,144500
신도심구,82.85,15,2021,236,3,1,1,120800
신도심구,83.92,17,2018,770,3,1,1,128500
신도심구,73.03,8,2014,684,3,1,1,95500
신도심구,83.74,5,2010,817,3,1,1,96200
중앙구,103.2,16,2018,131,4,2,2,192300
구도심구,58.87,28,2023,148,3,1,2,70900
호수구,76.53,14,1996,373,3,1,1,80600
구도심구,83.54,27,1997,1005,3,1,1,64000
구도심구,102.79,25,2008,905,4,2,3,102700
신도심구,99.05,22,2002,1081,4,2,1,121100
강변구,58.66,26,2010,828,3,1,2,95000
중앙구,83.36,12,2002,958,3,1,2,135400
신도심구,115.85,23,2018,681,4,2,2,194900
중앙구,74.22,5,2021,511,3,1,2,154700
구도심구,71.49,10,2002,885,3,1,3,59500
신도심구,132.43,17,2017,216,4,2,1,193000
신도심구,57.78,2,1996,268,3,1,1,61400
강변구,85.12,23,2018,196,3,1,1,155100
호수구,101.97,27,2015,647,4,2,1,121600
강변구,58.64,4,2015,219,3,1,1,92100
강변구,83.34,29,2008,60,3,1,1,133300
강변구,84.86,3,1996,167,3,1,2,124300
구도심구,99.64,4,2019,1453,4,2,1,81400
호수구,114.55,23,1996,652,4,2,2,126100
강변구,101.45,20,2008,1119,4,2,1,151000
호수구,48.67,28,1998,145,2,1,2,56900
강변구,84.48,13,2020,802,3,1,1,129300
구도심구,114.12,17,2011,201,4,2,1,109500
중앙구,84.6,5,2009,786,3,1,2,149500
신도심구,82.4,21,2003,1080,3,1,1,93800
구도심구,49.74,29,2018,870,2,1,2,51500
신도심구,102.23,18,1999,602,4,2,2,125200
강변구,49.39,28,2016,1403,2,1,2,95500
구도심구,74.72,12,2024,1003,3,1,2,77600
호수구,113.87,29,2001,313,4,2,3,122500
신도심구,115.07,16,2014,209,4,2,1,168700
구도심구,134.08,5,2002,2339,4,2,3,96900
구도심구,82.62,11,2022,330,3,1,1,87000
강변구,59.98,15,2021,526,3,1,1,103600
호수구,82.04,2,2003,258,3,1,3,87300
강변구,59.34,26,2000,967,3,1,1,83800
구도심구,100.54,7,1995,281,4,2,2,79900
중앙구,83.46,20,2015,583,3,1,2,188500
강변구,74.21,27,2022,766,3,1,3,123300
신도심구,48.15,13,1997,352,2,1,1,57300
신도심구,74.61,18,2019,758,3,1,2,105600
호수구,101.07,15,2017,1623,4,2,1,98800
호수구,83.26,23,2008,679,3,1,1,84600
중앙구,60.61,2,2000,914,3,1,2,91800
강변구,59.25,11,2013,432,3,1,2,99400
신도심구,74.76,18,2012,404,3,1,2,110100
신도심구,60.7,3,2018,199,3,1,2,92300
신도심구,115.68,25,2011,637,4,2,2,157100
호수구,84.7,19,1994,1129,3,1,1,84500
구도심구,58.64,1,1999,882,3,1,1,39600
중앙구,99.28,1,2005,401,4,2,2,149200
신도심구,74.25,5,2008,464,3,1,2,96200
구도심구,60.31,20,2004,1638,3,1,1,46200
신도심구,84.43,16,2021,811,3,1,1,93900
중앙구,44.87,14,2001,983,2,1,1,82400
신도심구,85.04,17,2014,1064,3,1,2,117000
신도심구,102.12,15,2004,417,4,2,1,119500
강변구,113.64,10,2024,379,4,2,2,199200
구도심구,75.19,1,2022,410,3,1,2,74300
강변구,84.75,1,2018,371,3,1,3,152900
신도심구,58.18,20,2017,1428,3,1,1,73300
신도심구,85.53,22,2013,507,3,1,3,116300
호수구,57.48,7,2011,1297,3,1,2,62000
중앙구,83.93,8,2011,519,3,1,1,163100
중앙구,58.81,12,1993,543,3,1,1,97900
강변구,113.01,19,2022,102,4,2,1,196800
신도심구,101.36,18,2024,393,4,2,1,153900
강변구,75.57,17,2009,1454,3,1,1,110500
구도심구,102.5,2,2020,1418,4,2,1,88500
강변구,59.87,13,2005,385,3,1,2,104500
중앙구,81.96,22,1996,64,3,1,1,155600
신도심구,57.4,18,2019,265,3,1,1,92600
구도심구,59.2,24,2009,382,3,1,2,62300
호수구,83.96,21,2023,384,3,1,3,124200
구도심구,83.4,27,1999,384,3,1,3,70500
신도심구,86.29,17,2008,591,3,1,3,135900
구도심구,84.13,17,2014,241,3,1,3,78100
구도심구,49.65,17,1997,530,2,1,1,45200
강변구,50.19,8,2024,709,2,1,2,84900
신도심구,84.07,13,2012,407,3,1,1,122000
구도심구,87.11,5,1998,612,3,1,3,79000
강변구,47.87,13,2016,1609,2,1,1,75300
구도심구,73.27,5,2021,908,3,1,2,60200
신도심구,82.87,15,2004,821,3,1,1,95200
신도심구,85.88,28,2012,434,3,1,3,131800
중앙구,101.96,14,2016,370,4,2,1,219500
구도심구,73.35,22,1997,553,3,1,3,61600
호수구,82.96,13,2009,809,3,1,3,97300
중앙구,85.66,27,2010,674,3,1,1,146700
신도심구,74.43,7,2002,628,3,1,2,104000
중앙구,50.69,25,2002,1007,2,1,1,84600
중앙구,48.93,22,2013,777,2,1,1,100500
호수구,101.61,26,2017,966,4,2,1,127800
신도심구,59.36,4,2005,281,3,1,2,71000
신도심구,83.25,26,1997,207,3,1,1,100400
강변구,83.83,27,2018,1521,3,1,2,140800
호수구,72.58,9,1998,60,3,1,2,73300
강변구,101.59,19,1993,231,4,2,1,147800
구도심구,84.91,18,2003,432,3,1,1,67900
강변구,50.19,2,2019,1289,2,1,1,73200
중앙구,101.8,16,2017,201,4,2,1,208100
구도심구,83.85,20,2002,108,3,1,3,89200
중앙구,75.86,6,2009,294,3,1,1,136400
구도심구,85.07,11,2023,394,3,1,2,93300
강변구,85.67,17,2016,607,3,1,3,176300
구도심구,75.74,27,2017,833,3,1,1,65700
구도심구,133.85,2,1995,1029,4,2,2,92400
구도심구,84.47,28,2000,163,3,1,3,70500
중앙구,84.93,24,1996,60,3,1,2,130200
구도심구,47.62,25,2024,592,2,1,1,45200
호수구,57.65,2,2003,198,3,1,2,54900
강변구,72.44,17,2008,361,3,1,3,121000
강변구,83.87,11,2010,451,3,1,2,135900
구도심구,83.6,27,2009,383,3,1,2,78100
강변구,82.28,22,1994,95,3,1,2,108800
구도심구,59.18,19,2022,637,3,1,2,62400
구도심구,83.89,1,2005,1884,3,1,1,61400
중앙구,102.42,26,2022,531,4,2,3,262500
신도심구,86.42,15,2017,2079,3,1,1,105400
신도심구,101.55,5,2015,60,4,2,2,155100
강변구,100.16,26,2015,289,4,2,1,162600
호수구,59.78,27,2024,1689,3,1,2,69500
강변구,84.01,15,2002,283,3,1,2,135800
신도심구,133.71,20,2003,670,4,2,2,168400
구도심구,82.97,18,2014,540,3,1,1,69900
강변구,58.44,9,2000,439,3,1,2,92100
구도심구,133.79,22,2018,1037,4,2,1,115800
중앙구,59.96,29,1993,555,3,1,1,93400
신도심구,74.61,28,2021,917,3,1,2,119700
중앙구,61.19,20,2004,1717,3,1,3,113600
구도심구,84.81,11,1993,1058,3,1,3,65900
구도심구,74.51,27,2012,229,3,1,2,64700
구도심구,83.63,27,2001,2365,3,1,2,55400
호수구,112.76,1,2002,814,4,2,1,104300
구도심구,83.32,10,2008,472,3,1,1,75100
구도심구,83.16,17,2011,194,3,1,2,81100
신도심구,97.93,17,1997,581,4,2,2,115500
호수구,99.79,21,1994,308,4,2,2,96900
구도심구,60.92,15,2007,152,3,1,1,54600
호수구,49.44,1,2004,211,2,1,1,43300
강변구,83.55,5,2011,127,3,1,1,133100
신도심구,101.48,23,2016,75,4,2,2,137900
구도심구,81.66,21,2012,418,3,1,1,69400
강변구,59.34,19,1996,505,3,1,1,83400
강변구,85.53,13,2024,738,3,1,2,164200
호수구,83.85,8,2015,797,3,1,1,95500
신도심구,81.87,9,1994,365,3,1,1,84900
강변구,100.5,20,2017,404,4,2,2,157100
강변구,102.54,15,2021,643,4,2,1,179000
신도심구,84.31,4,2011,221,3,1,2,100900
구도심구,82.3,12,2019,892,3,1,3,88800
호수구,86.84,24,2021,432,3,1,1,99600
호수구,82.5,18,2023,996,3,1,1,114800
구도심구,83.71,26,2023,599,3,1,2,81200
구도심구,82.76,15,1999,470,3,1,2,71700
강변구,82.76,15,1994,1188,3,1,3,109600
호수구,83.46,28,2013,143,3,1,1,96300
강변구,59.76,15,2014,715,3,1,3,107700
중앙구,85.55,4,2011,1522,3,1,1,155700
호수구,83.54,12,2000,618,3,1,1,88600
호수구,72.79,19,2023,533,3,1,2,100000
강변구,74.57,11,2006,1013,3,1,1,116200
구도심구,59.61,12,2016,363,3,1,1,53900
신도심구,134.29,26,2012,448,4,2,1,192600
강변구,101.33,13,2021,195,4,2,1,176500
강변구,83.86,9,2015,346,3,1,2,155600
중앙구,74.12,4,2013,851,3,1,1,138600
신도심구,83.78,12,2019,457,3,1,1,126200
신도심구,85.28,23,1994,265,3,1,1,100600
신도심구,136.67,9,2015,1223,4,2,2,194100
강변구,49.22,14,2011,1116,2,1,3,77300
호수구,48.99,20,2017,293,2,1,1,52800
구도심구,84.31,27,2000,1110,3,1,3,75500
호수구,58.21,24,2012,835,3,1,2,73700
중앙구,84.92,9,2002,644,3,1,3,158800
구도심구,101.53,5,1996,1586,4,2,2,76200
구도심구,58.5,20,2011,711,3,1,1,45900
강변구,75.08,8,1993,315,3,1,2,99700
강변구,84.02,12,1995,423,3,1,2,120700
강변구,99.84,4,2009,135,4,2,3,148000
강변구,84.42,23,2021,816,3,1,3,141500
신도심구,59.28,5,2015,1570,3,1,2,77200
강변구,85.15,12,1993,717,3,1,2,111200
강변구,85.0,12,1996,645,3,1,1,112600
구도심구,100.87,2,2006,993,4,2,2,75600
중앙구,83.43,23,2006,889,3,1,2,143100
강변구,59.0,18,1994,1243,3,1,2,77400
구도심구,84.44,16,2001,552,3,1,1,68700
강변구,84.58,6,1997,764,3,1,3,117400
강변구,59.36,2,2011,531,3,1,1,82700
강변구,83.89,2,2014,191,3,1,1,125100
중앙구,115.2,19,2005,231,4,2,1,228400
신도심구,83.19,22,2011,333,3,1,1,113400
중앙구,61.98,24,1999,185,3,1,1,94600
강변구,84.92,24,2020,630,3,1,1,134900
호수구,57.65,12,1993,1038,3,1,1,54400
호수구,84.22,1,2009,367,3,1,1,80300
강변구,84.93,8,2003,111,3,1,1,125000
강변구,58.58,23,2007,305,3,1,3,114600
신도심구,72.21,23,2009,459,3,1,2,105000
구도심구,112.75,15,2013,989,4,2,1,84500
구도심구,59.65,1,2022,587,3,1,2,60700
중앙구,98.89,23,2010,587,4,2,2,200700
중앙구,82.26,24,2000,789,3,1,2,150900
신도심구,84.64,7,2009,1095,3,1,1,105900
호수구,58.73,24,2009,1531,3,1,2,66100
호수구,58.17,19,2020,368,3,1,1,71500
중앙구,58.41,26,2011,552,3,1,1,101900
신도심구,82.24,19,2020,367,3,1,3,136000
강변구,134.58,3,2013,761,4,2,1,187200
구도심구,100.03,19,2011,110,4,2,1,103400
호수구,48.36,4,2003,1803,2,1,1,42100
신도심구,59.42,8,2001,819,3,1,2,72000
중앙구,58.69,26,1996,732,3,1,1,92100
신도심구,133.15,29,2010,312,4,2,1,185600
신도심구,56.61,14,2022,414,3,1,1,87500
구도심구,59.44,9,1993,185,3,1,1,42200
강변구,84.09,12,2023,298,3,1,1,156900
호수구,83.38,8,2020,1095,3,1,1,94900
강변구,57.76,17,2007,134,3,1,1,90700
강변구,84.02,13,2003,2047,3,1,1,102900
강변구,59.58,2,2011,1240,3,1,3,102500
중앙구,49.12,18,2020,721,2,1,2,115700
강변구,60.97,19,1993,280,3,1,1,87500
구도심구,74.85,20,2007,918,3,1,1,67700
중앙구,133.87,28,1994,858,4,2,2,227700
중앙구,84.89,21,2013,362,3,1,2,174300
중앙구,84.06,20,1995,806,3,1,1,110900
중앙구,74.05,7,2003,458,3,1,1,119300
호수구,85.56,14,2016,101,3,1,2,123100
호수구,132.92,13,2017,197,4,2,1,172800
중앙구,74.03,28,2000,1211,3,1,1,123800
구도심구,135.43,14,2009,400,4,2,1,107100
구도심구,84.37,20,1998,325,3,1,2,74000
호수구,83.56,16,2011,628,3,1,1,91400
강변구,56.95,2,1993,68,3,1,1,73000
강변구,81.28,28,2019,578,3,1,1,129400
신도심구,86.49,20,1993,657,3,1,2,96900
호수구,114.37,7,2012,900,4,2,2,135600
구도심구,113.3,2,2005,233,4,2,2,104100
신도심구,74.42,28,2000,357,3,1,2,91100
강변구,112.86,9,2010,646,4,2,1,162400
구도심구,100.6,1,1997,252,4,2,1,76900
호수구,82.87,18,2011,685,3,1,3,91500
신도심구,57.3,1,2013,626,3,1,3,69900
구도심구,56.47,7,2007,62,3,1,1,49300
신도심구,47.08,26,2004,1079,2,1,2,67900
신도심구,60.23,2,2007,258,3,1,1,67200
신도심구,132.82,22,2023,590,4,2,1,193400
구도심구,59.64,18,2017,1820,3,1,1,51000
호수구,85.15,9,1993,283,3,1,2,80200
신도심구,84.02,9,2002,793,3,1,3,94900
강변구,83.64,14,1993,2119,3,1,2,106900
신도심구,59.16,16,2000,877,3,1,2,73600
중앙구,83.5,26,2017,1234,3,1,1,166000
강변구,85.44,8,2020,211,3,1,3,160100
중앙구,86.25,18,2007,1523,3,1,1,164200
신도심구,60.74,20,2015,103,3,1,3,91200
강변구,81.42,1,2004,836,3,1,1,98900
강변구,48.48,26,2008,572,2,1,1,84500
구도심구,84.0,29,2019,448,3,1,2,72300
강변구,74.56,3,2001,388,3,1,1,104300
구도심구,56.93,8,2003,891,3,1,1,44500
호수구,98.91,23,1997,313,4,2,2,102000
신도심구,60.57,24,1999,405,3,1,2,68300
강변구,113.33,5,1994,840,4,2,1,132200
강변구,99.22,27,2019,1201,4,2,2,181100
신도심구,72.68,10,2020,525,3,1,2,119800
신도심구,74.47,9,2006,1564,3,1,1,83100
중앙구,58.01,11,2011,654,3,1,1,103100
신도심구,114.29,20,2000,609,4,2,2,125700
신도심구,82.83,6,1994,2500,3,1,3,88200
강변구,46.91,16,2009,756,2,1,1,77900
구도심구,85.71,3,1998,1948,3,1,2,47900
중앙구,59.48,5,2020,2500,3,1,2,87900
강변구,83.6,23,2001,218,3,1,2,131300
구도심구,83.37,12,2016,309,3,1,2,84200
강변구,60.76,24,2001,127,3,1,2,91400
구도심구,101.71,22,1997,937,4,2,1,76600
신도심구,60.38,29,2010,947,3,1,3,83500
강변구,83.3,4,1998,370,3,1,2,120100
호수구,84.06,28,2005,60,3,1,2,89000
강변구,134.48,26,2002,783,4,2,2,202900
강변구,83.34,13,2021,140,3,1,1,141700
호수구,113.89,4,2009,494,4,2,1,114600
구도심구,73.3,4,2016,974,3,1,2,58000
구도심구,101.48,15,2011,642,4,2,1,89400
중앙구,57.41,1,2022,1194,3,1,1,110300
중앙구,84.69,3,2007,472,3,1,2,155900
구도심구,59.37,16,2020,321,3,1,1,57500
강변구,133.76,17,2021,271,4,2,2,273300
강변구,114.54,25,2022,956,4,2,1,210600
구도심구,73.56,29,2015,542,3,1,2,80400
강변구,83.2,8,2024,307,3,1,1,173000
중앙구,84.65,10,2016,756,3,1,2,174700
중앙구,59.7,6,2002,115,3,1,2,100900
신도심구,83.39,7,1998,602,3,1,1,91900
구도심구,83.29,13,1999,704,3,1,3,73800
호수구,83.78,29,2011,775,3,1,1,101600
중앙구,58.34,26,1998,1570,3,1,1,84500
강변구,115.83,27,2000,452,4,2,2,179300
신도심구,59.38,14,2013,712,3,1,2,79100
신도심구,84.02,20,2003,797,3,1,2,106100
신도심구,57.88,21,2014,547,3,1,3,86500
호수구,59.89,8,2024,196,3,1,2,80500
신도심구,48.27,14,1995,1020,2,1,1,60400
신도심구,73.22,16,2013,60,3,1,1,106000
호수구,84.93,11,2019,208,3,1,3,109100
중앙구,84.46,14,1997,442,3,1,1,137600
호수구,81.0,13,2018,208,3,1,2,101300
신도심구,83.81,2,2009,601,3,1,3,101100
신도심구,59.15,23,2013,1275,3,1,2,80500
호수구,48.59,27,1994,1995,2,1,1,33500
신도심구,84.19,22,2006,555,3,1,2,111300
신도심구,81.83,28,2004,752,3,1,1,100400
강변구,80.6,13,1997,598,3,1,3,111600
구도심구,57.83,2,2017,532,3,1,2,50000
신도심구,101.34,8,2009,534,4,2,2,147300
강변구,45.13,25,2021,1757,2,1,1,77400
구도심구,82.99,5,1998,73,3,1,1,62000
구도심구,56.69,16,2016,1081,3,1,1,52800
신도심구,83.71,1,2012,280,3,1,2,97300
중앙구,76.35,10,2013,480,3,1,2,153000
신도심구,83.74,4,2002,199,3,1,3,112100
중앙구,48.87,4,2015,183,2,1,1,107000
중앙구,85.01,5,2000,1199,3,1,1,146500
신도심구,59.03,16,2017,336,3,1,2,90700
중앙구,83.74,21,2007,584,3,1,2,153100
강변구,60.11,9,2008,824,3,1,2,102800
구도심구,49.57,24,2011,1567,2,1,1,39800
강변구,84.35,12,1995,190,3,1,1,120200
호수구,48.83,22,2004,1636,2,1,2,48300
호수구,58.58,16,1999,692,3,1,3,71700
신도심구,102.1,21,2023,670,4,2,2,151600
호수구,100.6,29,2006,449,4,2,2,120800
호수구,102.48,29,1993,396,4,2,2,100600
강변구,72.74,18,1993,121,3,1,2,108000
구도심구,85.72,28,2022,1341,3,1,2,92300
중앙구,101.57,21,1998,175,4,2,1,152400
구도심구,57.84,8,1993,356,3,1,1,42600
신도심구,84.61,28,1999,1201,3,1,3,97800
중앙구,58.22,5,1999,524,3,1,3,109100
강변구,114.04,14,1995,220,4,2,2,173900
호수구,83.42,5,2024,1031,3,1,1,94000
강변구,83.84,23,1994,399,3,1,2,115600
강변구,85.13,26,2016,351,3,1,1,147900
강변구,59.62,24,2019,182,3,1,1,95900
신도심구,72.65,3,2013,377,3,1,2,103500
구도심구,82.72,8,1997,439,3,1,2,62500
구도심구,84.32,10,2016,811,3,1,1,80100
