season,year,month,hour,holiday,weekday,workingday,weather,temp,feel_temp,humidity,windspeed,count
spring,2011,1,0,0,6,0,clear,3.28,3.0,81.0,0.0,16
spring,2011,1,1,0,6,0,clear,2.34,2.0,80.0,0.0,40
spring,2011,1,2,0,6,0,clear,2.34,2.0,80.0,0.0,32
spring,2011,1,3,0,6,0,clear,3.28,3.0,75.0,0.0,13
spring,2011,1,4,0,6,0,clear,3.28,3.0,75.0,0.0,1
spring,2011,1,5,0,6,0,misty,3.28,1.0,75.0,6.0,1
spring,2011,1,6,0,6,0,clear,2.34,2.0,80.0,0.0,2
spring,2011,1,7,0,6,0,clear,1.4,1.0,86.0,0.0,3
spring,2011,1,8,0,6,0,clear,3.28,3.0,75.0,0.0,8
spring,2011,1,9,0,6,0,clear,7.04,7.0,76.0,0.0,14
spring,2011,1,10,0,6,0,clear,9.86,10.0,76.0,17.0,36
spring,2011,1,11,0,6,0,clear,8.92,6.0,81.0,19.0,56
spring,2011,1,12,0,6,0,clear,11.74,12.0,77.0,19.0,84
spring,2011,1,13,0,6,0,misty,13.62,14.0,72.0,20.0,94
spring,2011,1,14,0,6,0,misty,13.62,14.0,72.0,19.0,106
spring,2011,1,15,0,6,0,misty,12.68,13.0,77.0,20.0,110
spring,2011,1,16,0,6,0,misty,11.74,12.0,82.0,20.0,93
spring,2011,1,17,0,6,0,misty,12.68,13.0,82.0,19.0,67
spring,2011,1,18,0,6,0,rain,11.74,12.0,88.0,17.0,35
spring,2011,1,19,0,6,0,rain,11.74,12.0,88.0,17.0,37
spring,2011,1,20,0,6,0,misty,10.8,11.0,87.0,17.0,36
spring,2011,1,21,0,6,0,misty,10.8,11.0,87.0,13.0,34
spring,2011,1,22,0,6,0,misty,10.8,11.0,94.0,15.0,28
spring,2011,1,23,0,6,0,misty,13.62,14.0,88.0,20.0,39
spring,2011,1,0,0,0,0,misty,13.62,14.0,88.0,20.0,17
spring,2011,1,1,0,0,0,misty,12.68,13.0,94.0,17.0,17
spring,2011,1,2,0,0,0,misty,11.74,12.0,100.0,19.0,9
spring,2011,1,3,0,0,0,misty,13.62,14.0,94.0,13.0,6
spring,2011,1,4,0,0,0,misty,13.62,14.0,94.0,13.0,3
spring,2011,1,6,0,0,0,rain,11.74,12.0,77.0,20.0,2
spring,2011,1,7,0,0,0,misty,10.8,11.0,76.0,13.0,1
spring,2011,1,8,0,0,0,rain,10.8,11.0,71.0,15.0,8
spring,2011,1,9,0,0,0,misty,9.86,10.0,76.0,15.0,20
spring,2011,1,10,0,0,0,misty,8.92,7.0,81.0,15.0,53
spring,2011,1,11,0,0,0,misty,8.92,6.0,71.0,17.0,70
spring,2011,1,12,0,0,0,misty,8.92,6.0,66.0,20.0,93
spring,2011,1,13,0,0,0,misty,8.92,7.0,66.0,9.0,75
spring,2011,1,14,0,0,0,rain,8.92,7.0,76.0,13.0,59
spring,2011,1,15,0,0,0,rain,7.98,6.0,81.0,11.0,74
spring,2011,1,16,0,0,0,rain,7.98,6.0,71.0,11.0,76
spring,2011,1,17,0,0,0,clear,7.98,6.0,57.0,13.0,65
spring,2011,1,18,0,0,0,misty,8.92,6.0,46.0,22.0,53
spring,2011,1,19,0,0,0,clear,7.04,3.0,42.0,30.0,30
spring,2011,1,20,0,0,0,clear,6.1,2.0,39.0,24.0,22
spring,2011,1,21,0,0,0,clear,4.22,-1.0,44.0,22.0,31
spring,2011,1,22,0,0,0,clear,3.28,-2.0,44.0,20.0,9
spring,2011,1,23,0,0,0,clear,2.34,-1.0,47.0,11.0,8
spring,2011,1,0,0,1,1,clear,2.34,-3.0,44.0,24.0,5
spring,2011,1,1,0,1,1,clear,1.4,-5.0,44.0,28.0,2
spring,2011,1,4,0,1,1,clear,-0.48,-7.0,47.0,26.0,1
spring,2011,1,5,0,1,1,clear,-0.48,-7.0,47.0,19.0,3
spring,2011,1,6,0,1,1,clear,-1.42,-9.0,50.0,26.0,30
spring,2011,1,7,0,1,1,clear,-1.42,-7.0,50.0,13.0,64
spring,2011,1,8,0,1,1,clear,-1.42,-8.0,50.0,19.0,154
spring,2011,1,9,0,1,1,clear,-0.48,-7.0,43.0,26.0,88
spring,2011,1,10,0,1,1,clear,0.46,-5.0,43.0,17.0,44
spring,2011,1,11,0,1,1,clear,1.4,-4.0,40.0,22.0,51
spring,2011,1,12,0,1,1,clear,2.34,-2.0,35.0,20.0,61
spring,2011,1,13,0,1,1,clear,3.28,-2.0,35.0,19.0,61
spring,2011,1,14,0,1,1,clear,4.22,-0.0,30.0,19.0,77
spring,2011,1,15,0,1,1,clear,4.22,-0.0,30.0,17.0,72
spring,2011,1,16,0,1,1,clear,4.22,-0.0,30.0,17.0,76
spring,2011,1,17,0,1,1,clear,3.28,-1.0,30.0,15.0,157
spring,2011,1,18,0,1,1,clear,3.28,1.0,32.0,7.0,157
spring,2011,1,19,0,1,1,clear,1.4,1.0,47.0,0.0,110
spring,2011,1,20,0,1,1,clear,1.4,-1.0,47.0,7.0,52
spring,2011,1,21,0,1,1,clear,0.46,-3.0,64.0,9.0,52
spring,2011,1,22,0,1,1,clear,-1.42,-6.0,69.0,9.0,20
spring,2011,1,23,0,1,1,clear,0.46,-2.0,55.0,7.0,12
spring,2011,1,0,0,2,1,clear,-0.48,-4.0,55.0,7.0,5
spring,2011,1,1,0,2,1,clear,-0.48,-4.0,59.0,7.0,2
spring,2011,1,2,0,2,1,clear,-1.42,-6.0,63.0,9.0,1
spring,2011,1,4,0,2,1,clear,-1.42,-4.0,63.0,6.0,2
spring,2011,1,5,0,2,1,clear,-2.36,-6.0,68.0,7.0,4
spring,2011,1,6,0,2,1,clear,-2.36,-6.0,74.0,7.0,36
spring,2011,1,7,0,2,1,clear,-2.36,-6.0,74.0,9.0,94
spring,2011,1,8,0,2,1,clear,-1.42,-6.0,69.0,11.0,179
spring,2011,1,9,0,2,1,clear,-0.48,-6.0,64.0,15.0,100
spring,2011,1,10,0,2,1,misty,-0.48,-7.0,69.0,22.0,42
spring,2011,1,11,0,2,1,clear,2.34,-2.0,51.0,20.0,57
spring,2011,1,12,0,2,1,clear,2.34,-1.0,51.0,11.0,78
spring,2011,1,13,0,2,1,clear,3.28,-1.0,56.0,13.0,97
spring,2011,1,14,0,2,1,clear,4.22,1.0,52.0,15.0,63
spring,2011,1,15,0,2,1,clear,5.16,2.0,52.0,17.0,65
spring,2011,1,16,0,2,1,clear,6.1,3.0,49.0,17.0,83
spring,2011,1,17,0,2,1,clear,5.16,2.0,48.0,15.0,212
spring,2011,1,18,0,2,1,clear,4.22,1.0,48.0,13.0,182
spring,2011,1,19,0,2,1,clear,3.28,1.0,48.0,7.0,112
spring,2011,1,20,0,2,1,clear,3.28,1.0,48.0,7.0,54
spring,2011,1,21,0,2,1,clear,2.34,2.0,64.0,0.0,48
spring,2011,1,22,0,2,1,clear,2.34,1.0,64.0,6.0,35
spring,2011,1,23,0,2,1,clear,1.4,-1.0,69.0,6.0,11
spring,2011,1,0,0,3,1,clear,1.4,1.0,64.0,0.0,6
spring,2011,1,1,0,3,1,clear,-0.48,-3.0,74.0,6.0,6
spring,2011,1,2,0,3,1,clear,-0.48,-3.0,74.0,6.0,2
spring,2011,1,4,0,3,1,clear,3.28,-1.0,48.0,15.0,2
spring,2011,1,5,0,3,1,clear,2.34,-1.0,47.0,11.0,3
spring,2011,1,6,0,3,1,clear,1.4,-3.0,47.0,15.0,33
spring,2011,1,7,0,3,1,clear,0.46,-4.0,43.0,13.0,88
spring,2011,1,8,0,3,1,clear,1.4,-4.0,40.0,20.0,195
spring,2011,1,9,0,3,1,clear,2.34,-3.0,37.0,22.0,115
spring,2011,1,10,0,3,1,clear,2.34,-3.0,37.0,22.0,57
spring,2011,1,11,0,3,1,clear,4.22,-1.0,33.0,22.0,46
spring,2011,1,12,0,3,1,clear,4.22,-1.0,33.0,22.0,79
spring,2011,1,13,0,3,1,clear,5.16,1.0,30.0,20.0,71
spring,2011,1,14,0,3,1,clear,6.1,3.0,28.0,13.0,62
spring,2011,1,15,0,3,1,clear,6.1,3.0,28.0,13.0,62
spring,2011,1,16,0,3,1,clear,6.1,5.0,28.0,6.0,89
spring,2011,1,17,0,3,1,clear,3.28,-1.0,38.0,13.0,190
spring,2011,1,18,0,3,1,clear,3.28,-0.0,38.0,9.0,169
spring,2011,1,19,0,3,1,clear,3.28,1.0,38.0,7.0,132
spring,2011,1,20,0,3,1,clear,2.34,-1.0,47.0,11.0,89
spring,2011,1,21,0,3,1,clear,1.4,-3.0,51.0,13.0,43
spring,2011,1,22,0,3,1,clear,0.46,-3.0,55.0,9.0,42
spring,2011,1,23,0,3,1,clear,1.4,1.0,47.0,0.0,19
spring,2011,1,0,0,4,1,clear,0.46,-0.0,55.0,0.0,11
spring,2011,1,1,0,4,1,clear,-0.48,-1.0,64.0,0.0,4
spring,2011,1,2,0,4,1,clear,-0.48,-1.0,64.0,0.0,2
spring,2011,1,4,0,4,1,misty,-0.48,-3.0,64.0,6.0,1
spring,2011,1,5,0,4,1,misty,-1.42,-4.0,69.0,6.0,4
spring,2011,1,6,0,4,1,misty,-1.42,-5.0,63.0,7.0,36
spring,2011,1,7,0,4,1,misty,-0.48,-1.0,59.0,0.0,95
spring,2011,1,8,0,4,1,clear,-0.48,-1.0,59.0,0.0,219
spring,2011,1,9,0,4,1,misty,0.46,-0.0,51.0,0.0,122
spring,2011,1,10,0,4,1,clear,1.4,1.0,47.0,0.0,45
spring,2011,1,11,0,4,1,clear,2.34,1.0,44.0,6.0,59
spring,2011,1,12,0,4,1,clear,4.22,3.0,35.0,0.0,84
spring,2011,1,13,0,4,1,clear,4.22,2.0,35.0,7.0,67
spring,2011,1,14,0,4,1,clear,5.16,2.0,36.0,11.0,70
spring,2011,1,15,0,4,1,clear,5.16,2.0,36.0,0.0,62
spring,2011,1,16,0,4,1,clear,4.22,1.0,38.0,11.0,86
spring,2011,1,17,0,4,1,clear,2.34,-1.0,51.0,11.0,172
spring,2011,1,18,0,4,1,clear,2.34,-1.0,51.0,9.0,163
spring,2011,1,19,0,4,1,clear,2.34,1.0,55.0,6.0,112
spring,2011,1,20,0,4,1,clear,1.4,-2.0,51.0,11.0,69
spring,2011,1,21,0,4,1,misty,2.34,-2.0,55.0,15.0,48
spring,2011,1,22,0,4,1,misty,2.34,-2.0,51.0,19.0,52
spring,2011,1,23,0,4,1,misty,1.4,-3.0,59.0,13.0,23
spring,2011,1,0,0,5,1,misty,1.4,-3.0,64.0,13.0,17
spring,2011,1,1,0,5,1,misty,1.4,-3.0,69.0,15.0,7
spring,2011,1,2,0,5,1,misty,1.4,-3.0,69.0,15.0,1
spring,2011,1,4,0,5,1,misty,1.4,-2.0,69.0,9.0,1
spring,2011,1,5,0,5,1,rain,2.34,2.0,55.0,0.0,5
spring,2011,1,6,0,5,1,misty,1.4,1.0,69.0,0.0,34
spring,2011,1,7,0,5,1,clear,1.4,-2.0,69.0,9.0,84
spring,2011,1,8,0,5,1,clear,1.4,-3.0,51.0,17.0,210
spring,2011,1,9,0,5,1,clear,1.4,-4.0,47.0,20.0,134
spring,2011,1,10,0,5,1,clear,2.34,-3.0,37.0,22.0,63
spring,2011,1,11,0,5,1,misty,1.4,-3.0,40.0,15.0,67
spring,2011,1,12,0,5,1,misty,1.4,-3.0,37.0,17.0,59
spring,2011,1,13,0,5,1,misty,1.4,-4.0,37.0,19.0,73
spring,2011,1,14,0,5,1,misty,1.4,-3.0,40.0,17.0,50
spring,2011,1,15,0,5,1,misty,1.4,-2.0,37.0,11.0,72
spring,2011,1,16,0,5,1,misty,1.4,-2.0,37.0,11.0,87
spring,2011,1,17,0,5,1,misty,1.4,1.0,37.0,0.0,187
spring,2011,1,18,0,5,1,clear,1.4,-1.0,40.0,6.0,123
spring,2011,1,19,0,5,1,clear,-0.48,-3.0,55.0,6.0,95
spring,2011,1,20,0,5,1,clear,0.46,-2.0,47.0,7.0,51
spring,2011,1,21,0,5,1,clear,0.46,-3.0,47.0,9.0,39
spring,2011,1,22,0,5,1,misty,0.46,-3.0,43.0,11.0,36
spring,2011,1,23,0,5,1,misty,0.46,-3.0,51.0,11.0,15
spring,2011,1,0,0,6,0,misty,0.46,-3.0,51.0,11.0,25
spring,2011,1,1,0,6,0,misty,0.46,-2.0,55.0,6.0,16
spring,2011,1,2,0,6,0,misty,0.46,-0.0,55.0,0.0,16
spring,2011,1,3,0,6,0,rain,0.46,-3.0,55.0,11.0,7
spring,2011,1,4,0,6,0,rain,0.46,-3.0,55.0,11.0,1
spring,2011,1,5,0,6,0,misty,-0.48,-5.0,74.0,11.0,5
spring,2011,1,6,0,6,0,misty,-0.48,-5.0,74.0,11.0,2
spring,2011,1,7,0,6,0,misty,-0.48,-4.0,74.0,7.0,9
spring,2011,1,8,0,6,0,rain,-0.48,-4.0,93.0,7.0,15
spring,2011,1,9,0,6,0,rain,-0.48,-4.0,93.0,7.0,20
spring,2011,1,10,0,6,0,misty,0.46,-3.0,80.0,11.0,61
spring,2011,1,11,0,6,0,misty,1.4,-4.0,69.0,26.0,62
spring,2011,1,12,0,6,0,misty,1.4,-4.0,59.0,24.0,98
spring,2011,1,13,0,6,0,clear,1.4,-4.0,44.0,22.0,102
spring,2011,1,14,0,6,0,clear,1.4,-5.0,32.0,33.0,95
spring,2011,1,15,0,6,0,clear,1.4,-5.0,32.0,30.0,74
spring,2011,1,16,0,6,0,clear,0.46,-7.0,29.0,30.0,76
spring,2011,1,17,0,6,0,clear,-0.48,-8.0,37.0,37.0,69
spring,2011,1,18,0,6,0,clear,-1.42,-8.0,39.0,20.0,55
spring,2011,1,19,0,6,0,clear,-1.42,-8.0,36.0,17.0,30
spring,2011,1,20,0,6,0,clear,-2.36,-8.0,36.0,17.0,28
spring,2011,1,21,0,6,0,clear,-2.36,-9.0,39.0,24.0,37
spring,2011,1,22,0,6,0,clear,-2.36,-9.0,36.0,26.0,34
spring,2011,1,23,0,6,0,clear,-3.3,-12.0,39.0,30.0,22
spring,2011,1,0,0,0,0,clear,-3.3,-11.0,42.0,26.0,25
spring,2011,1,1,0,0,0,clear,-3.3,-12.0,42.0,31.0,12
spring,2011,1,2,0,0,0,clear,-3.3,-12.0,46.0,31.0,11
spring,2011,1,3,0,0,0,clear,-3.3,-11.0,46.0,28.0,4
spring,2011,1,4,0,0,0,clear,-4.24,-10.0,53.0,13.0,1
spring,2011,1,5,0,0,0,clear,-4.24,-10.0,53.0,13.0,1
spring,2011,1,6,0,0,0,clear,-3.3,-10.0,49.0,19.0,1
spring,2011,1,7,0,0,0,clear,-4.24,-10.0,53.0,13.0,6
spring,2011,1,8,0,0,0,clear,-3.3,-10.0,49.0,19.0,10
spring,2011,1,9,0,0,0,clear,-2.36,-11.0,46.0,35.0,19
spring,2011,1,10,0,0,0,clear,-1.42,-9.0,43.0,26.0,49
spring,2011,1,11,0,0,0,clear,-0.48,-8.0,40.0,35.0,49
spring,2011,1,12,0,0,0,clear,0.46,-7.0,37.0,30.0,83
spring,2011,1,13,0,0,0,clear,1.4,-5.0,34.0,30.0,75
spring,2011,1,14,0,0,0,clear,2.34,-4.0,32.0,31.0,72
spring,2011,1,15,0,0,0,clear,2.34,-3.0,35.0,24.0,82
spring,2011,1,16,0,0,0,clear,1.4,-5.0,34.0,30.0,92
spring,2011,1,17,0,0,0,clear,0.46,-6.0,37.0,26.0,62
spring,2011,1,18,0,0,0,clear,-0.48,-7.0,40.0,22.0,48
spring,2011,1,19,0,0,0,clear,-0.48,-7.0,43.0,22.0,41
spring,2011,1,20,0,0,0,clear,-1.42,-8.0,46.0,17.0,38
spring,2011,1,21,0,0,0,clear,-1.42,-9.0,46.0,28.0,20
spring,2011,1,22,0,0,0,clear,-1.42,-8.0,46.0,20.0,15
spring,2011,1,23,0,0,0,clear,-2.36,-7.0,50.0,13.0,6
spring,2011,1,0,0,1,1,clear,-2.36,-8.0,50.0,19.0,5
spring,2011,1,1,0,1,1,clear,-2.36,-8.0,50.0,19.0,1
spring,2011,1,2,0,1,1,clear,-2.36,-8.0,50.0,15.0,3
spring,2011,1,3,0,1,1,clear,-2.36,-8.0,50.0,15.0,1
spring,2011,1,4,0,1,1,clear,-3.3,-8.0,54.0,9.0,3
spring,2011,1,5,0,1,1,clear,-3.3,-9.0,54.0,17.0,3
spring,2011,1,6,0,1,1,clear,-2.36,-8.0,50.0,19.0,31
spring,2011,1,7,0,1,1,clear,-2.36,-8.0,50.0,15.0,77
spring,2011,1,8,0,1,1,misty,-2.36,-8.0,50.0,19.0,188
spring,2011,1,9,0,1,1,misty,-1.42,-8.0,50.0,17.0,94
spring,2011,1,10,0,1,1,misty,-1.42,-8.0,50.0,20.0,31
spring,2011,1,11,0,1,1,misty,-0.48,-7.0,47.0,19.0,30
spring,2011,1,12,0,1,1,misty,1.4,-4.0,40.0,19.0,52
spring,2011,1,13,0,1,1,misty,1.4,-4.0,40.0,19.0,54
spring,2011,1,14,0,1,1,misty,1.4,-3.0,40.0,15.0,47
spring,2011,1,15,0,1,1,misty,1.4,-3.0,40.0,15.0,45
spring,2011,1,16,0,1,1,clear,1.4,-2.0,40.0,9.0,74
spring,2011,1,17,0,1,1,clear,1.4,-1.0,40.0,7.0,178
spring,2011,1,18,0,1,1,clear,1.4,-3.0,40.0,15.0,155
spring,2011,1,19,0,1,1,clear,-0.48,-5.0,47.0,11.0,95
spring,2011,1,20,0,1,1,clear,-0.48,-5.0,50.0,11.0,74
spring,2011,1,21,0,1,1,clear,-1.42,-7.0,59.0,13.0,38
spring,2011,1,22,0,1,1,clear,-1.42,-6.0,59.0,11.0,24
spring,2011,1,23,0,1,1,clear,-1.42,-6.0,59.0,11.0,18
spring,2011,1,0,0,2,1,clear,-1.42,-5.0,59.0,7.0,12
spring,2011,1,1,0,2,1,clear,-1.42,-6.0,59.0,11.0,3
spring,2011,1,2,0,2,1,misty,-0.48,-6.0,55.0,13.0,3
spring,2011,1,5,0,2,1,misty,-0.48,-4.0,55.0,9.0,6
spring,2011,1,6,0,2,1,misty,-0.48,-4.0,55.0,9.0,27
spring,2011,1,7,0,2,1,misty,-0.48,-1.0,55.0,0.0,99
spring,2011,1,8,0,2,1,misty,0.46,-2.0,51.0,6.0,217
spring,2011,1,9,0,2,1,misty,0.46,-3.0,51.0,11.0,130
spring,2011,1,10,0,2,1,misty,1.4,-2.0,51.0,11.0,54
spring,2011,1,11,0,2,1,misty,1.4,-2.0,47.0,9.0,35
spring,2011,1,12,0,2,1,misty,1.4,-1.0,51.0,7.0,57
spring,2011,1,13,0,2,1,misty,1.4,-1.0,59.0,6.0,52
spring,2011,1,14,0,2,1,misty,1.4,-1.0,59.0,6.0,63
spring,2011,1,15,0,2,1,misty,-0.48,-3.0,80.0,6.0,47
spring,2011,1,16,0,2,1,misty,-0.48,-6.0,86.0,15.0,76
spring,2011,1,17,0,2,1,misty,-0.48,-6.0,86.0,15.0,136
spring,2011,1,18,0,2,1,rain,-0.48,-4.0,93.0,7.0,95
spring,2011,1,19,0,2,1,rain,-0.48,-1.0,93.0,0.0,51
spring,2011,1,20,0,2,1,rain,-0.48,-6.0,93.0,13.0,32
spring,2011,1,21,0,2,1,rain,-0.48,-3.0,86.0,6.0,20
spring,2011,1,22,0,2,1,rain,-0.48,-4.0,93.0,7.0,29
spring,2011,1,23,0,2,1,rain,-0.48,-3.0,93.0,6.0,19
spring,2011,1,0,0,3,1,misty,-0.48,-3.0,86.0,6.0,7
spring,2011,1,1,0,3,1,misty,-0.48,-4.0,86.0,7.0,6
spring,2011,1,2,0,3,1,clear,-1.42,-6.0,86.0,9.0,1
spring,2011,1,5,0,3,1,clear,-1.42,-6.0,86.0,11.0,5
spring,2011,1,6,0,3,1,clear,-2.36,-6.0,93.0,9.0,16
spring,2011,1,7,0,3,1,clear,-1.42,-6.0,69.0,9.0,54
spring,2011,1,8,0,3,1,clear,-0.48,-5.0,59.0,11.0,128
spring,2011,1,9,0,3,1,clear,-0.48,-7.0,59.0,22.0,81
spring,2011,1,10,0,3,1,clear,0.46,-4.0,55.0,15.0,39
spring,2011,1,11,0,3,1,clear,1.4,-4.0,51.0,26.0,35
spring,2011,1,12,0,3,1,clear,1.4,-6.0,47.0,39.0,55
spring,2011,1,13,0,3,1,clear,2.34,-3.0,44.0,24.0,49
spring,2011,1,14,0,3,1,clear,1.4,-4.0,47.0,22.0,44
spring,2011,1,15,0,3,1,clear,1.4,-5.0,47.0,28.0,49
spring,2011,1,16,0,3,1,clear,2.34,-3.0,44.0,22.0,68
spring,2011,1,17,0,3,1,clear,1.4,-4.0,47.0,24.0,139
spring,2011,1,18,0,3,1,clear,1.4,-6.0,47.0,35.0,137
spring,2011,1,19,0,3,1,clear,0.46,-6.0,47.0,28.0,83
spring,2011,1,20,0,3,1,clear,-0.48,-7.0,50.0,22.0,56
spring,2011,1,21,0,3,1,clear,-0.48,-7.0,55.0,22.0,57
spring,2011,1,22,0,3,1,clear,-0.48,-8.0,55.0,30.0,33
spring,2011,1,23,0,3,1,clear,-1.42,-9.0,59.0,28.0,20
spring,2011,1,0,0,4,1,clear,-1.42,-8.0,59.0,19.0,7
spring,2011,1,1,0,4,1,clear,-1.42,-8.0,50.0,19.0,2
spring,2011,1,2,0,4,1,clear,-1.42,-8.0,50.0,24.0,2
spring,2011,1,3,0,4,1,clear,-1.42,-8.0,50.0,22.0,3
spring,2011,1,4,0,4,1,clear,-1.42,-8.0,50.0,17.0,4
spring,2011,1,5,0,4,1,clear,-1.42,-8.0,50.0,20.0,3
spring,2011,1,6,0,4,1,clear,-2.36,-6.0,54.0,9.0,28
spring,2011,1,7,0,4,1,clear,-2.36,-6.0,54.0,9.0,72
spring,2011,1,8,0,4,1,clear,-1.42,-7.0,50.0,13.0,202
spring,2011,1,9,0,4,1,clear,-1.42,-8.0,50.0,22.0,139
spring,2011,1,10,0,4,1,misty,-0.48,-7.0,50.0,24.0,38
spring,2011,1,11,0,4,1,misty,1.4,-5.0,44.0,30.0,37
spring,2011,1,12,0,4,1,clear,1.4,-5.0,44.0,28.0,52
spring,2011,1,13,0,4,1,clear,2.34,-3.0,41.0,30.0,83
spring,2011,1,14,0,4,1,clear,2.34,-3.0,41.0,26.0,42
spring,2011,1,15,0,4,1,clear,3.28,-2.0,38.0,20.0,60
spring,2011,1,16,0,4,1,clear,3.28,-2.0,38.0,24.0,78
spring,2011,1,17,0,4,1,clear,1.4,-4.0,40.0,19.0,162
spring,2011,1,18,0,4,1,clear,1.4,-4.0,40.0,22.0,144
spring,2011,1,19,0,4,1,clear,-0.48,-6.0,47.0,17.0,99
spring,2011,1,20,0,4,1,clear,-0.48,-6.0,47.0,15.0,64
spring,2011,1,21,0,4,1,clear,-1.42,-8.0,46.0,20.0,40
spring,2011,1,22,0,4,1,clear,-1.42,-8.0,46.0,22.0,30
spring,2011,1,23,0,4,1,clear,-2.36,-7.0,50.0,13.0,15
spring,2011,1,0,0,5,1,clear,-2.36,-7.0,50.0,13.0,14
spring,2011,1,1,0,5,1,clear,-3.3,-8.0,54.0,11.0,5
spring,2011,1,2,0,5,1,clear,-3.3,-8.0,54.0,9.0,1
spring,2011,1,3,0,5,1,clear,-3.3,-7.0,54.0,7.0,1
spring,2011,1,5,0,5,1,clear,-3.3,-7.0,54.0,6.0,8
spring,2011,1,6,0,5,1,clear,-3.3,-4.0,54.0,0.0,17
spring,2011,1,7,0,5,1,clear,-3.3,-8.0,74.0,11.0,70
spring,2011,1,8,0,5,1,clear,-2.36,-5.0,68.0,0.0,158
spring,2011,1,9,0,5,1,clear,-1.42,-6.0,69.0,9.0,117
spring,2011,1,10,0,5,1,clear,0.46,-4.0,55.0,13.0,44
spring,2011,1,11,0,5,1,clear,0.46,-5.0,51.0,19.0,53
spring,2011,1,12,0,5,1,clear,1.4,-3.0,44.0,17.0,61
spring,2011,1,13,0,5,1,clear,2.34,-3.0,37.0,26.0,77
spring,2011,1,14,0,5,1,clear,2.34,-2.0,41.0,19.0,64
spring,2011,1,15,0,5,1,clear,3.28,-0.0,38.0,11.0,68
spring,2011,1,16,0,5,1,clear,2.34,-0.0,41.0,7.0,90
spring,2011,1,17,0,5,1,clear,2.34,-1.0,41.0,11.0,159
spring,2011,1,18,0,5,1,clear,1.4,1.0,47.0,0.0,139
spring,2011,1,19,0,5,1,clear,-0.48,-3.0,59.0,6.0,92
spring,2011,1,20,0,5,1,clear,0.46,-0.0,59.0,0.0,68
spring,2011,1,21,0,5,1,clear,-0.48,-1.0,69.0,0.0,52
spring,2011,1,22,0,5,1,misty,-0.48,-1.0,69.0,0.0,36
spring,2011,1,23,0,5,1,misty,0.46,-0.0,55.0,0.0,27
spring,2011,1,0,0,6,0,clear,0.46,-0.0,55.0,0.0,28
spring,2011,1,1,0,6,0,misty,-0.48,-3.0,59.0,6.0,20
spring,2011,1,2,0,6,0,misty,-0.48,-3.0,59.0,6.0,12
spring,2011,1,3,0,6,0,misty,-0.48,-1.0,59.0,0.0,8
spring,2011,1,4,0,6,0,misty,-0.48,-1.0,59.0,0.0,5
spring,2011,1,5,0,6,0,clear,-0.48,-1.0,59.0,0.0,1
spring,2011,1,6,0,6,0,clear,-1.42,-5.0,63.0,7.0,3
spring,2011,1,7,0,6,0,clear,-1.42,-2.0,63.0,0.0,10
spring,2011,1,8,0,6,0,clear,-1.42,-6.0,63.0,9.0,23
spring,2011,1,9,0,6,0,clear,-0.48,-4.0,64.0,9.0,33
spring,2011,1,10,0,6,0,clear,0.46,-3.0,59.0,11.0,59
spring,2011,1,11,0,6,0,clear,1.4,-3.0,55.0,15.0,72
spring,2011,1,12,0,6,0,clear,3.28,-1.0,48.0,15.0,89
spring,2011,1,13,0,6,0,clear,5.16,1.0,38.0,20.0,101
spring,2011,1,14,0,6,0,clear,6.1,3.0,39.0,19.0,118
spring,2011,1,15,0,6,0,misty,7.04,5.0,36.0,13.0,129
spring,2011,1,16,0,6,0,misty,7.98,6.0,34.0,13.0,128
spring,2011,1,17,0,6,0,misty,7.04,4.0,36.0,19.0,83
spring,2011,1,18,0,6,0,misty,6.1,3.0,45.0,17.0,84
spring,2011,1,19,0,6,0,misty,7.04,4.0,39.0,17.0,74
spring,2011,1,20,0,6,0,misty,7.04,4.0,39.0,17.0,41
spring,2011,1,21,0,6,0,misty,7.04,4.0,39.0,15.0,57
spring,2011,1,22,0,6,0,misty,6.1,5.0,42.0,7.0,26
spring,2011,1,23,0,6,0,clear,6.1,3.0,45.0,19.0,44
spring,2011,1,0,0,0,0,clear,4.22,4.0,56.0,0.0,39
spring,2011,1,1,0,0,0,clear,4.22,2.0,56.0,9.0,23
spring,2011,1,2,0,0,0,clear,4.22,3.0,56.0,6.0,16
spring,2011,1,3,0,0,0,clear,2.34,2.0,69.0,0.0,15
spring,2011,1,4,0,0,0,clear,4.22,1.0,56.0,11.0,1
spring,2011,1,5,0,0,0,misty,4.22,1.0,56.0,11.0,2
spring,2011,1,6,0,0,0,misty,4.22,1.0,56.0,11.0,1
spring,2011,1,7,0,0,0,misty,3.28,-2.0,56.0,20.0,3
spring,2011,1,8,0,0,0,clear,2.34,-2.0,55.0,19.0,18
spring,2011,1,9,0,0,0,clear,2.34,-2.0,51.0,17.0,32
spring,2011,1,10,0,0,0,clear,2.34,-2.0,51.0,19.0,79
spring,2011,1,11,0,0,0,clear,3.28,-1.0,44.0,17.0,93
spring,2011,1,12,0,0,0,clear,3.28,-2.0,41.0,19.0,104
spring,2011,1,13,0,0,0,clear,4.22,-1.0,35.0,20.0,118
spring,2011,1,14,0,0,0,clear,5.16,2.0,36.0,17.0,91
spring,2011,1,15,0,0,0,clear,4.22,-0.0,38.0,17.0,113
spring,2011,1,16,0,0,0,clear,3.28,-1.0,38.0,15.0,99
spring,2011,1,17,0,0,0,clear,2.34,-2.0,37.0,17.0,105
spring,2011,1,18,0,0,0,clear,1.4,-2.0,40.0,11.0,67
spring,2011,1,19,0,0,0,clear,0.46,-3.0,47.0,9.0,61
spring,2011,1,20,0,0,0,clear,0.46,-3.0,47.0,11.0,57
spring,2011,1,21,0,0,0,clear,0.46,-3.0,51.0,11.0,28
spring,2011,1,22,0,0,0,misty,1.4,-2.0,49.0,9.0,21
spring,2011,1,23,0,0,0,misty,1.4,-1.0,40.0,7.0,18
spring,2011,1,0,1,1,0,misty,1.4,-3.0,47.0,15.0,17
spring,2011,1,1,1,1,0,misty,1.4,-3.0,44.0,13.0,16
spring,2011,1,2,1,1,0,misty,0.46,-5.0,43.0,17.0,8
spring,2011,1,3,1,1,0,misty,0.46,-4.0,43.0,13.0,2
spring,2011,1,4,1,1,0,misty,0.46,-3.0,43.0,9.0,3
spring,2011,1,5,1,1,0,misty,0.46,-3.0,43.0,11.0,1
spring,2011,1,6,1,1,0,misty,0.46,-4.0,43.0,13.0,5
spring,2011,1,7,1,1,0,misty,-0.48,-4.0,50.0,9.0,13
spring,2011,1,8,1,1,0,misty,-0.48,-6.0,47.0,15.0,33
spring,2011,1,9,1,1,0,misty,-0.48,-6.0,47.0,15.0,47
spring,2011,1,10,1,1,0,misty,-0.48,-6.0,50.0,17.0,57
spring,2011,1,11,1,1,0,misty,-0.48,-6.0,55.0,13.0,64
spring,2011,1,12,1,1,0,misty,0.46,-3.0,47.0,9.0,80
spring,2011,1,13,1,1,0,misty,0.46,-3.0,47.0,9.0,93
spring,2011,1,14,1,1,0,misty,0.46,-2.0,43.0,7.0,86
spring,2011,1,15,1,1,0,misty,1.4,-2.0,47.0,11.0,93
spring,2011,1,16,1,1,0,misty,1.4,-2.0,47.0,11.0,82
spring,2011,1,17,1,1,0,clear,1.4,-3.0,51.0,13.0,71
spring,2011,1,18,1,1,0,misty,0.46,-5.0,55.0,17.0,92
spring,2011,1,19,1,1,0,rain,0.46,-4.0,59.0,13.0,60
spring,2011,1,20,1,1,0,rain,-0.48,-6.0,80.0,13.0,33
spring,2011,1,21,1,1,0,rain,-0.48,-6.0,80.0,13.0,27
spring,2011,1,22,1,1,0,rain,-1.42,-8.0,93.0,17.0,13
spring,2011,1,23,1,1,0,rain,-0.48,-7.0,86.0,19.0,4
spring,2011,1,12,0,2,1,misty,1.4,-4.0,86.0,22.0,3
spring,2011,1,13,0,2,1,misty,1.4,-3.0,86.0,15.0,22
spring,2011,1,14,0,2,1,misty,2.34,-1.0,80.0,11.0,28
spring,2011,1,15,0,2,1,misty,2.34,-1.0,87.0,11.0,35
spring,2011,1,16,0,2,1,misty,2.34,-1.0,87.0,13.0,61
spring,2011,1,17,0,2,1,misty,2.34,-1.0,82.0,13.0,125
spring,2011,1,18,0,2,1,misty,2.34,-1.0,80.0,11.0,133
spring,2011,1,19,0,2,1,misty,2.34,-1.0,80.0,9.0,99
spring,2011,1,20,0,2,1,misty,2.34,2.0,87.0,0.0,83
spring,2011,1,21,0,2,1,misty,2.34,-0.0,93.0,7.0,41
spring,2011,1,22,0,2,1,misty,2.34,1.0,93.0,6.0,33
spring,2011,1,23,0,2,1,misty,2.34,2.0,93.0,0.0,20
spring,2011,1,0,0,3,1,misty,2.34,2.0,93.0,0.0,3
spring,2011,1,1,0,3,1,rain,2.34,-1.0,93.0,9.0,7
spring,2011,1,2,0,3,1,rain,2.34,-1.0,93.0,9.0,3
spring,2011,1,4,0,3,1,rain,2.34,-1.0,93.0,9.0,2
spring,2011,1,5,0,3,1,misty,2.34,1.0,93.0,6.0,7
spring,2011,1,6,0,3,1,misty,2.34,1.0,93.0,6.0,32
spring,2011,1,7,0,3,1,misty,3.28,1.0,92.0,7.0,90
spring,2011,1,8,0,3,1,misty,3.28,1.0,93.0,7.0,197
spring,2011,1,9,0,3,1,misty,3.28,1.0,93.0,7.0,109
spring,2011,1,10,0,3,1,misty,4.22,2.0,93.0,9.0,47
spring,2011,1,11,0,3,1,misty,5.16,4.0,87.0,6.0,52
spring,2011,1,12,0,3,1,misty,6.1,5.0,81.0,6.0,70
spring,2011,1,13,0,3,1,clear,10.8,11.0,62.0,19.0,78
spring,2011,1,14,0,3,1,clear,10.8,11.0,58.0,17.0,75
spring,2011,1,15,0,3,1,clear,10.8,11.0,54.0,19.0,82
spring,2011,1,16,0,3,1,clear,9.86,10.0,58.0,26.0,104
spring,2011,1,17,0,3,1,clear,8.92,6.0,57.0,22.0,197
spring,2011,1,18,0,3,1,clear,7.98,5.0,61.0,19.0,161
spring,2011,1,19,0,3,1,clear,7.04,3.0,57.0,28.0,112
spring,2011,1,20,0,3,1,clear,7.04,4.0,49.0,20.0,76
spring,2011,1,21,0,3,1,clear,7.04,3.0,49.0,28.0,59
spring,2011,1,22,0,3,1,clear,6.1,4.0,52.0,11.0,59
spring,2011,1,23,0,3,1,clear,6.1,2.0,52.0,31.0,28
spring,2011,1,0,0,4,1,clear,4.22,-1.0,56.0,26.0,13
spring,2011,1,1,0,4,1,clear,4.22,2.0,56.0,0.0,5
spring,2011,1,2,0,4,1,clear,4.22,2.0,56.0,0.0,2
spring,2011,1,3,0,4,1,clear,4.22,1.0,56.0,11.0,1
spring,2011,1,4,0,4,1,clear,4.22,1.0,56.0,11.0,1
spring,2011,1,5,0,4,1,clear,3.28,-1.0,60.0,15.0,6
spring,2011,1,6,0,4,1,clear,2.34,-2.0,60.0,15.0,35
spring,2011,1,7,0,4,1,clear,2.34,-2.0,55.0,15.0,101
spring,2011,1,8,0,4,1,clear,2.34,-2.0,55.0,19.0,249
spring,2011,1,9,0,4,1,misty,3.28,-1.0,52.0,15.0,143
spring,2011,1,10,0,4,1,clear,4.22,-1.0,48.0,20.0,57
spring,2011,1,11,0,4,1,misty,5.16,2.0,45.0,11.0,68
spring,2011,1,12,0,4,1,misty,6.1,6.0,42.0,0.0,84
spring,2011,1,13,0,4,1,misty,5.16,3.0,45.0,7.0,98
spring,2011,1,14,0,4,1,misty,6.1,4.0,45.0,9.0,81
spring,2011,1,15,0,4,1,misty,7.04,5.0,45.0,13.0,70
spring,2011,1,16,0,4,1,misty,6.1,4.0,49.0,9.0,91
spring,2011,1,17,0,4,1,misty,6.1,5.0,49.0,7.0,215
spring,2011,1,18,0,4,1,misty,4.22,1.0,56.0,13.0,185
spring,2011,1,19,0,4,1,clear,4.22,-1.0,56.0,22.0,152
spring,2011,1,20,0,4,1,misty,4.22,-0.0,60.0,19.0,126
spring,2011,1,21,0,4,1,misty,3.28,-1.0,60.0,17.0,57
spring,2011,1,22,0,4,1,misty,3.28,-2.0,65.0,19.0,56
spring,2011,1,23,0,4,1,misty,3.28,-2.0,65.0,22.0,31
spring,2011,1,0,0,5,1,misty,3.28,-1.0,70.0,17.0,21
spring,2011,1,1,0,5,1,misty,3.28,-1.0,70.0,17.0,6
spring,2011,1,2,0,5,1,rain,3.28,-0.0,75.0,11.0,2
spring,2011,1,3,0,5,1,rain,2.34,-2.0,80.0,20.0,1
spring,2011,1,4,0,5,1,misty,2.34,1.0,87.0,6.0,1
spring,2011,1,5,0,5,1,clear,3.28,-3.0,60.0,28.0,5
spring,2011,1,6,0,5,1,clear,2.34,-2.0,55.0,17.0,27
spring,2011,1,7,0,5,1,clear,1.4,-4.0,51.0,19.0,68
spring,2011,1,8,0,5,1,clear,1.4,-4.0,47.0,22.0,217
spring,2011,1,9,0,5,1,clear,1.4,-4.0,51.0,24.0,166
spring,2011,1,10,0,5,1,clear,1.4,-5.0,47.0,31.0,63
spring,2011,1,11,0,5,1,clear,2.34,-4.0,41.0,31.0,59
spring,2011,1,12,0,5,1,clear,2.34,-4.0,27.0,39.0,78
spring,2011,1,13,0,5,1,clear,1.4,-6.0,21.0,39.0,73
spring,2011,1,14,0,5,1,clear,1.4,-6.0,25.0,35.0,62
spring,2011,1,15,0,5,1,clear,-0.48,-8.0,26.0,30.0,65
spring,2011,1,16,0,5,1,clear,-0.48,-7.0,26.0,24.0,97
spring,2011,1,17,0,5,1,clear,-1.42,-8.0,28.0,24.0,161
spring,2011,1,18,0,5,1,clear,-2.36,-8.0,30.0,17.0,120
spring,2011,1,19,0,5,1,clear,-2.36,-9.0,30.0,22.0,96
spring,2011,1,20,0,5,1,clear,-3.3,-11.0,33.0,28.0,53
spring,2011,1,21,0,5,1,clear,-4.24,-11.0,38.0,19.0,41
spring,2011,1,22,0,5,1,clear,-5.18,-14.0,41.0,26.0,34
spring,2011,1,23,0,5,1,clear,-5.18,-13.0,38.0,22.0,27
spring,2011,1,0,0,6,0,clear,-6.12,-14.0,45.0,17.0,13
spring,2011,1,1,0,6,0,misty,-6.12,-16.0,41.0,26.0,12
spring,2011,1,2,0,6,0,misty,-6.12,-14.0,41.0,17.0,11
spring,2011,1,3,0,6,0,misty,-6.12,-14.0,41.0,19.0,7
spring,2011,1,4,0,6,0,misty,-7.06,-15.0,48.0,20.0,3
spring,2011,1,6,0,6,0,misty,-7.06,-14.0,44.0,15.0,2
spring,2011,1,7,0,6,0,clear,-7.06,-15.0,44.0,19.0,8
spring,2011,1,8,0,6,0,clear,-7.06,-16.0,44.0,22.0,27
spring,2011,1,9,0,6,0,clear,-6.12,-14.0,41.0,17.0,40
spring,2011,1,10,0,6,0,misty,-6.12,-12.0,41.0,11.0,53
spring,2011,1,11,0,6,0,misty,-5.18,-11.0,38.0,9.0,63
spring,2011,1,12,0,6,0,misty,-5.18,-9.0,38.0,7.0,70
spring,2011,1,13,0,6,0,clear,-4.24,-5.0,35.0,0.0,84
spring,2011,1,14,0,6,0,clear,-3.3,-7.0,33.0,7.0,75
spring,2011,1,15,0,6,0,clear,-2.36,-6.0,28.0,0.0,103
spring,2011,1,16,0,6,0,clear,-2.36,-7.0,28.0,13.0,83
spring,2011,1,17,0,6,0,clear,-2.36,-3.0,28.0,0.0,67
spring,2011,1,18,0,6,0,clear,-4.24,-10.0,35.0,13.0,54
spring,2011,1,19,0,6,0,clear,-4.24,-9.0,35.0,9.0,59
spring,2011,1,20,0,6,0,clear,-5.18,-11.0,45.0,11.0,45
spring,2011,1,21,0,6,0,clear,-5.18,-9.0,41.0,6.0,39
spring,2011,1,22,0,6,0,clear,-5.18,-6.0,49.0,0.0,30
spring,2011,1,23,0,6,0,clear,-6.12,-11.0,57.0,7.0,33
spring,2011,1,0,0,0,0,clear,-6.12,-11.0,57.0,7.0,22
spring,2011,1,1,0,0,0,clear,-6.12,-11.0,57.0,7.0,13
spring,2011,1,2,0,0,0,clear,-7.06,-12.0,62.0,9.0,18
spring,2011,1,3,0,0,0,clear,-7.06,-12.0,62.0,9.0,5
spring,2011,1,5,0,0,0,misty,-6.12,-11.0,57.0,7.0,3
spring,2011,1,6,0,0,0,misty,-6.12,-11.0,57.0,7.0,1
spring,2011,1,7,0,0,0,clear,-4.24,-9.0,58.0,11.0,2
spring,2011,1,8,0,0,0,clear,-5.18,-11.0,62.0,11.0,19
spring,2011,1,9,0,0,0,clear,-3.3,-11.0,54.0,24.0,28
spring,2011,1,10,0,0,0,clear,-1.42,-9.0,46.0,26.0,58
spring,2011,1,11,0,0,0,clear,-1.42,-7.0,43.0,15.0,99
spring,2011,1,12,0,0,0,clear,-0.48,-8.0,37.0,31.0,116
spring,2011,1,13,0,0,0,clear,-1.42,-9.0,33.0,26.0,87
spring,2011,1,14,0,0,0,clear,-0.48,-7.0,28.0,24.0,110
spring,2011,1,15,0,0,0,clear,-0.48,-7.0,28.0,24.0,77
spring,2011,1,16,0,0,0,clear,-0.48,-7.0,26.0,22.0,65
spring,2011,1,17,0,0,0,clear,-1.42,-9.0,26.0,26.0,55
spring,2011,1,18,0,0,0,clear,-2.36,-8.0,30.0,17.0,49
spring,2011,1,19,0,0,0,clear,-2.36,-8.0,30.0,19.0,50
spring,2011,1,20,0,0,0,clear,-3.3,-9.0,36.0,17.0,35
spring,2011,1,21,0,0,0,clear,-3.3,-9.0,36.0,13.0,25
spring,2011,1,22,0,0,0,clear,-4.24,-10.0,38.0,13.0,28
spring,2011,1,23,0,0,0,clear,-5.18,-12.0,41.0,15.0,21
spring,2011,1,0,0,1,1,clear,-5.18,-12.0,41.0,13.0,7
spring,2011,1,1,0,1,1,clear,-6.12,-13.0,45.0,13.0,1
spring,2011,1,3,0,1,1,clear,-6.12,-14.0,45.0,17.0,1
spring,2011,1,4,0,1,1,clear,-7.06,-12.0,48.0,9.0,1
spring,2011,1,5,0,1,1,clear,-7.06,-12.0,48.0,9.0,5
spring,2011,1,6,0,1,1,clear,-7.06,-11.0,48.0,6.0,15
spring,2011,1,7,0,1,1,clear,-7.06,-8.0,48.0,0.0,84
spring,2011,1,8,0,1,1,clear,-6.12,-7.0,49.0,0.0,177
spring,2011,1,9,0,1,1,clear,-5.18,-6.0,41.0,0.0,102
spring,2011,1,10,0,1,1,clear,-3.3,-7.0,42.0,0.0,40
spring,2011,1,11,0,1,1,clear,-3.3,-8.0,46.0,9.0,46
spring,2011,1,12,0,1,1,misty,-2.36,-7.0,42.0,13.0,63
spring,2011,1,13,0,1,1,misty,-1.42,-7.0,43.0,15.0,60
spring,2011,1,14,0,1,1,misty,-1.42,-7.0,46.0,15.0,45
spring,2011,1,15,0,1,1,clear,-0.48,-5.0,40.0,11.0,57
spring,2011,1,16,0,1,1,clear,-0.48,-6.0,47.0,17.0,70
spring,2011,1,17,0,1,1,clear,-1.42,-8.0,50.0,17.0,184
spring,2011,1,18,0,1,1,clear,-1.42,-7.0,59.0,13.0,153
spring,2011,1,19,0,1,1,clear,-1.42,-6.0,54.0,11.0,106
spring,2011,1,20,0,1,1,clear,-1.42,-7.0,59.0,13.0,81
spring,2011,1,21,0,1,1,clear,-1.42,-6.0,63.0,11.0,59
spring,2011,1,22,0,1,1,misty,-1.42,-7.0,63.0,15.0,35
spring,2011,1,23,0,1,1,misty,-0.48,-6.0,64.0,17.0,24
spring,2011,1,0,0,2,1,misty,-0.48,-7.0,69.0,19.0,9
spring,2011,1,1,0,2,1,misty,-0.48,-5.0,69.0,11.0,5
spring,2011,1,2,0,2,1,clear,-0.48,-6.0,69.0,15.0,2
spring,2011,1,4,0,2,1,clear,-1.42,-5.0,74.0,7.0,1
spring,2011,1,5,0,2,1,clear,-1.42,-7.0,74.0,15.0,9
spring,2011,1,6,0,2,1,clear,-0.48,-4.0,74.0,7.0,36
spring,2011,1,7,0,2,1,clear,-0.48,-6.0,74.0,15.0,108
spring,2011,1,8,0,2,1,misty,-0.48,-4.0,74.0,9.0,238
spring,2011,1,9,0,2,1,misty,1.4,-1.0,64.0,6.0,144
spring,2011,1,10,0,2,1,misty,2.34,-0.0,60.0,7.0,55
spring,2011,1,11,0,2,1,misty,3.28,-0.0,60.0,9.0,61
spring,2011,1,12,0,2,1,misty,4.22,3.0,56.0,6.0,106
spring,2011,1,13,0,2,1,misty,4.22,2.0,56.0,9.0,93
spring,2011,1,14,0,2,1,misty,6.1,6.0,45.0,0.0,68
spring,2011,1,15,0,2,1,misty,7.04,7.0,42.0,0.0,84
spring,2011,1,16,0,2,1,misty,7.04,7.0,42.0,0.0,116
spring,2011,1,17,0,2,1,clear,6.1,6.0,45.0,0.0,222
spring,2011,1,18,0,2,1,misty,6.1,5.0,49.0,6.0,225
spring,2011,1,19,0,2,1,misty,4.22,1.0,65.0,11.0,146
spring,2011,1,20,0,2,1,clear,3.28,-1.0,65.0,13.0,119
spring,2011,1,21,0,2,1,clear,3.28,-1.0,65.0,13.0,45
spring,2011,1,22,0,2,1,clear,2.34,-1.0,64.0,11.0,53
spring,2011,1,23,0,2,1,misty,2.34,-1.0,64.0,11.0,40
spring,2011,1,0,0,3,1,misty,2.34,-1.0,69.0,9.0,17
spring,2011,1,1,0,3,1,misty,3.28,-0.0,65.0,9.0,5
spring,2011,1,2,0,3,1,rain,2.34,-1.0,69.0,13.0,10
spring,2011,1,5,0,3,1,rain,1.4,-4.0,86.0,19.0,1
spring,2011,1,6,0,3,1,rain,1.4,-4.0,86.0,19.0,8
spring,2011,1,7,0,3,1,rain,2.34,-2.0,87.0,20.0,30
spring,2011,1,8,0,3,1,rain,2.34,-2.0,87.0,20.0,72
spring,2011,1,9,0,3,1,rain,2.34,-2.0,87.0,20.0,58
spring,2011,1,10,0,3,1,rain,2.34,-2.0,93.0,19.0,28
spring,2011,1,11,0,3,1,rain,2.34,-3.0,93.0,22.0,41
spring,2011,1,12,0,3,1,rain,2.34,-3.0,93.0,22.0,48
spring,2011,1,13,0,3,1,rain,2.34,-3.0,93.0,22.0,47
spring,2011,1,14,0,3,1,rain,2.34,-3.0,93.0,24.0,36
spring,2011,1,15,0,3,1,rain,2.34,-4.0,93.0,31.0,43
spring,2011,1,16,0,3,1,heavy_rain,2.34,-3.0,93.0,22.0,36
spring,2011,1,17,0,3,1,rain,1.4,-4.0,93.0,24.0,26
spring,2011,1,16,0,4,1,clear,2.34,-1.0,55.0,13.0,24
spring,2011,1,17,0,4,1,clear,2.34,-0.0,55.0,7.0,84
spring,2011,1,18,0,4,1,clear,1.4,-1.0,69.0,6.0,104
spring,2011,1,19,0,4,1,clear,1.4,-1.0,69.0,6.0,79
spring,2011,1,20,0,4,1,clear,0.46,-2.0,74.0,6.0,59
spring,2011,1,21,0,4,1,clear,0.46,-2.0,74.0,6.0,38
spring,2011,1,22,0,4,1,clear,0.46,-2.0,74.0,6.0,27
spring,2011,1,23,0,4,1,clear,0.46,-3.0,80.0,11.0,16
spring,2011,1,0,0,5,1,misty,1.4,-2.0,75.0,9.0,9
spring,2011,1,1,0,5,1,misty,1.4,-2.0,75.0,9.0,3
spring,2011,1,2,0,5,1,misty,1.4,-2.0,75.0,11.0,2
spring,2011,1,3,0,5,1,misty,1.4,-1.0,75.0,7.0,1
spring,2011,1,5,0,5,1,misty,0.46,-2.0,80.0,7.0,4
spring,2011,1,6,0,5,1,misty,0.46,-3.0,80.0,9.0,16
spring,2011,1,7,0,5,1,misty,-0.48,-3.0,86.0,6.0,60
spring,2011,1,8,0,5,1,misty,-0.48,-3.0,86.0,6.0,157
spring,2011,1,9,0,5,1,rain,0.46,-2.0,86.0,6.0,101
spring,2011,1,10,0,5,1,rain,0.46,-2.0,86.0,7.0,49
spring,2011,1,11,0,5,1,rain,0.46,-2.0,93.0,7.0,30
spring,2011,1,12,0,5,1,rain,0.46,-2.0,93.0,7.0,29
spring,2011,1,13,0,5,1,rain,0.46,-2.0,93.0,7.0,31
spring,2011,1,14,0,5,1,rain,2.34,2.0,80.0,0.0,38
spring,2011,1,15,0,5,1,misty,1.4,1.0,86.0,0.0,41
spring,2011,1,16,0,5,1,clear,2.34,2.0,80.0,0.0,80
spring,2011,1,17,0,5,1,clear,3.28,-0.0,75.0,9.0,149
spring,2011,1,18,0,5,1,clear,3.28,-1.0,75.0,13.0,109
spring,2011,1,19,0,5,1,misty,3.28,-0.0,75.0,9.0,89
spring,2011,1,20,0,5,1,misty,3.28,-1.0,70.0,13.0,62
spring,2011,1,21,0,5,1,misty,2.34,-1.0,75.0,9.0,58
spring,2011,1,22,0,5,1,clear,3.28,-2.0,65.0,24.0,26
spring,2011,1,23,0,5,1,clear,3.28,-1.0,60.0,15.0,23
spring,2011,1,0,0,6,0,clear,2.34,-3.0,64.0,24.0,28
spring,2011,1,1,0,6,0,clear,2.34,-1.0,64.0,13.0,20
spring,2011,1,2,0,6,0,clear,2.34,-1.0,64.0,11.0,15
spring,2011,1,3,0,6,0,clear,1.4,-2.0,64.0,9.0,8
spring,2011,1,4,0,6,0,clear,-0.48,-4.0,69.0,7.0,3
spring,2011,1,6,0,6,0,clear,-0.48,-4.0,64.0,9.0,2
spring,2011,1,7,0,6,0,clear,-0.48,-4.0,59.0,7.0,5
spring,2011,1,8,0,6,0,clear,0.46,-3.0,55.0,11.0,34
spring,2011,1,9,0,6,0,clear,0.46,-2.0,59.0,6.0,34
spring,2011,1,10,0,6,0,misty,0.46,-2.0,64.0,7.0,55
spring,2011,1,11,0,6,0,misty,0.46,-3.0,64.0,9.0,64
spring,2011,1,12,0,6,0,misty,1.4,-3.0,59.0,13.0,78
spring,2011,1,13,0,6,0,misty,2.34,-1.0,55.0,11.0,65
spring,2011,1,14,0,6,0,misty,2.34,-1.0,60.0,9.0,99
spring,2011,1,15,0,6,0,clear,2.34,-2.0,69.0,17.0,120
spring,2011,1,16,0,6,0,clear,3.28,-0.0,60.0,11.0,107
spring,2011,1,17,0,6,0,clear,3.28,3.0,60.0,0.0,91
spring,2011,1,18,0,6,0,clear,2.34,-1.0,69.0,9.0,68
spring,2011,1,19,0,6,0,misty,2.34,-2.0,69.0,17.0,58
spring,2011,1,20,0,6,0,clear,0.46,-2.0,74.0,6.0,43
spring,2011,1,21,0,6,0,clear,0.46,-2.0,74.0,6.0,36
spring,2011,1,22,0,6,0,clear,-0.48,-3.0,80.0,6.0,32
spring,2011,1,23,0,6,0,clear,-0.48,-3.0,80.0,6.0,33
spring,2011,1,0,0,0,0,clear,-0.48,-4.0,80.0,7.0,33
spring,2011,1,1,0,0,0,clear,-1.42,-2.0,80.0,0.0,29
spring,2011,1,2,0,0,0,clear,-0.48,-1.0,80.0,0.0,11
spring,2011,1,3,0,0,0,clear,-1.42,-2.0,93.0,0.0,8
spring,2011,1,4,0,0,0,clear,-1.42,-2.0,93.0,0.0,1
spring,2011,1,5,0,0,0,clear,-1.42,-2.0,86.0,0.0,3
spring,2011,1,7,0,0,0,clear,-1.42,-2.0,86.0,0.0,3
spring,2011,1,8,0,0,0,misty,-1.42,-2.0,86.0,0.0,12
spring,2011,1,9,0,0,0,misty,-0.48,-1.0,80.0,0.0,38
spring,2011,1,10,0,0,0,misty,0.46,-0.0,80.0,0.0,64
spring,2011,1,11,0,0,0,clear,2.34,2.0,75.0,0.0,59
spring,2011,1,12,0,0,0,clear,6.1,5.0,52.0,7.0,97
spring,2011,1,13,0,0,0,clear,5.16,3.0,61.0,7.0,84
spring,2011,1,14,0,0,0,clear,5.16,4.0,61.0,6.0,122
spring,2011,1,15,0,0,0,clear,6.1,6.0,56.0,0.0,109
spring,2011,1,16,0,0,0,clear,6.1,6.0,56.0,0.0,123
spring,2011,1,17,0,0,0,clear,6.1,3.0,56.0,13.0,77
spring,2011,1,18,0,0,0,clear,4.22,1.0,65.0,11.0,65
spring,2011,1,19,0,0,0,clear,4.22,1.0,65.0,13.0,55
spring,2011,1,20,0,0,0,misty,4.22,2.0,65.0,7.0,33
spring,2011,1,21,0,0,0,misty,3.28,-0.0,70.0,11.0,28
spring,2011,1,22,0,0,0,misty,3.28,-1.0,70.0,13.0,21
spring,2011,1,23,0,0,0,misty,3.28,-2.0,65.0,19.0,21
spring,2011,1,0,0,1,1,misty,3.28,-1.0,65.0,15.0,7
spring,2011,1,1,0,1,1,clear,2.34,-2.0,64.0,17.0,7
spring,2011,1,2,0,1,1,clear,2.34,-1.0,64.0,13.0,1
spring,2011,1,3,0,1,1,clear,2.34,-1.0,64.0,13.0,2
spring,2011,1,4,0,1,1,clear,1.4,-3.0,59.0,15.0,2
spring,2011,1,5,0,1,1,clear,0.46,-5.0,64.0,19.0,8
spring,2011,1,6,0,1,1,clear,-0.48,-7.0,69.0,22.0,37
spring,2011,1,7,0,1,1,misty,-0.48,-7.0,64.0,19.0,72
spring,2011,1,8,0,1,1,misty,-0.48,-7.0,59.0,19.0,185
spring,2011,1,9,0,1,1,misty,-0.48,-7.0,59.0,20.0,112
spring,2011,1,10,0,1,1,misty,-0.48,-6.0,59.0,13.0,69
spring,2011,1,11,0,1,1,misty,-0.48,-6.0,59.0,13.0,48
spring,2011,1,12,0,1,1,misty,0.46,-2.0,55.0,7.0,68
spring,2011,1,13,0,1,1,misty,-0.48,-1.0,59.0,0.0,54
spring,2011,1,14,0,1,1,misty,0.46,-3.0,55.0,9.0,86
spring,2011,1,15,0,1,1,misty,-0.48,-4.0,59.0,9.0,44
spring,2011,1,16,0,1,1,misty,-0.48,-4.0,56.0,13.0,86
spring,2011,1,17,0,1,1,misty,-0.48,-6.0,59.0,13.0,161
spring,2011,1,18,0,1,1,misty,-0.48,-6.0,55.0,15.0,156
spring,2011,1,19,0,1,1,clear,6.1,5.0,61.0,7.0,111
spring,2011,1,20,0,1,1,rain,-0.48,-5.0,59.0,11.0,78
spring,2011,1,21,0,1,1,rain,-0.48,-3.0,59.0,6.0,56
spring,2011,1,22,0,1,1,misty,-0.48,-4.0,59.0,7.0,34
spring,2011,1,23,0,1,1,misty,-0.48,-3.0,64.0,6.0,17
spring,2011,2,0,0,2,1,misty,-0.48,-4.0,64.0,7.0,8
spring,2011,2,1,0,2,1,misty,-0.48,-4.0,69.0,7.0,3
spring,2011,2,2,0,2,1,misty,-0.48,-1.0,69.0,0.0,2
spring,2011,2,3,0,2,1,misty,-0.48,-1.0,69.0,0.0,2
spring,2011,2,5,0,2,1,rain,-1.42,-2.0,93.0,0.0,3
spring,2011,2,6,0,2,1,rain,-1.42,-2.0,93.0,0.0,22
spring,2011,2,7,0,2,1,rain,-0.48,-1.0,93.0,0.0,52
spring,2011,2,8,0,2,1,rain,-0.48,-1.0,93.0,0.0,135
spring,2011,2,9,0,2,1,misty,-0.48,-1.0,93.0,0.0,116
spring,2011,2,10,0,2,1,misty,-0.48,-1.0,93.0,0.0,47
spring,2011,2,11,0,2,1,misty,0.46,-0.0,86.0,0.0,51
spring,2011,2,12,0,2,1,misty,1.4,1.0,86.0,0.0,55
spring,2011,2,13,0,2,1,misty,1.4,1.0,86.0,0.0,52
spring,2011,2,14,0,2,1,misty,2.34,1.0,80.0,6.0,54
spring,2011,2,15,0,2,1,misty,3.28,3.0,75.0,0.0,52
spring,2011,2,16,0,2,1,misty,3.28,-0.0,75.0,9.0,64
spring,2011,2,17,0,2,1,misty,3.28,3.0,75.0,0.0,176
spring,2011,2,18,0,2,1,misty,3.28,1.0,81.0,7.0,168
spring,2011,2,19,0,2,1,misty,3.28,-0.0,81.0,9.0,108
spring,2011,2,20,0,2,1,misty,2.34,-1.0,87.0,9.0,74
spring,2011,2,21,0,2,1,misty,2.34,-1.0,87.0,9.0,64
spring,2011,2,22,0,2,1,misty,2.34,1.0,87.0,6.0,36
spring,2011,2,23,0,2,1,rain,1.4,-3.0,93.0,13.0,16
spring,2011,2,0,0,3,1,rain,2.34,-0.0,93.0,7.0,2
spring,2011,2,1,0,3,1,rain,2.34,-1.0,93.0,13.0,3
spring,2011,2,2,0,3,1,rain,2.34,-1.0,93.0,9.0,4
spring,2011,2,3,0,3,1,rain,2.34,-1.0,93.0,9.0,1
spring,2011,2,4,0,3,1,rain,2.34,-2.0,93.0,19.0,1
spring,2011,2,5,0,3,1,rain,2.34,-0.0,93.0,7.0,3
spring,2011,2,6,0,3,1,rain,2.34,-0.0,93.0,7.0,18
spring,2011,2,7,0,3,1,rain,2.34,-2.0,93.0,15.0,49
spring,2011,2,8,0,3,1,rain,2.34,-2.0,93.0,15.0,155
spring,2011,2,9,0,3,1,misty,3.28,1.0,93.0,6.0,123
spring,2011,2,10,0,3,1,misty,2.34,2.0,100.0,0.0,61
spring,2011,2,11,0,3,1,misty,3.28,-1.0,93.0,13.0,52
spring,2011,2,12,0,3,1,misty,3.28,-1.0,93.0,15.0,64
spring,2011,2,13,0,3,1,clear,7.98,6.0,93.0,11.0,75
spring,2011,2,14,0,3,1,clear,9.86,10.0,82.0,26.0,63
spring,2011,2,15,0,3,1,clear,9.86,10.0,76.0,22.0,76
spring,2011,2,16,0,3,1,clear,8.92,6.0,71.0,20.0,103
spring,2011,2,17,0,3,1,clear,8.92,5.0,53.0,35.0,190
spring,2011,2,18,0,3,1,clear,7.98,3.0,42.0,37.0,182
spring,2011,2,19,0,3,1,clear,5.16,-0.0,45.0,33.0,91
spring,2011,2,20,0,3,1,clear,3.28,-3.0,48.0,37.0,75
spring,2011,2,21,0,3,1,clear,2.34,-3.0,47.0,22.0,63
spring,2011,2,22,0,3,1,clear,2.34,-2.0,44.0,17.0,40
spring,2011,2,23,0,3,1,clear,1.4,-5.0,44.0,30.0,32
spring,2011,2,0,0,4,1,clear,1.4,-5.0,40.0,30.0,12
spring,2011,2,1,0,4,1,clear,1.4,-6.0,44.0,35.0,5
spring,2011,2,2,0,4,1,clear,0.46,-5.0,43.0,17.0,2
spring,2011,2,3,0,4,1,clear,0.46,-5.0,43.0,17.0,1
spring,2011,2,5,0,4,1,clear,-0.48,-7.0,50.0,20.0,2
spring,2011,2,6,0,4,1,clear,-0.48,-7.0,43.0,24.0,39
spring,2011,2,7,0,4,1,clear,-1.42,-8.0,50.0,22.0,87
spring,2011,2,8,0,4,1,clear,-1.42,-8.0,50.0,24.0,188
spring,2011,2,9,0,4,1,clear,-0.48,-7.0,47.0,20.0,133
spring,2011,2,10,0,4,1,clear,0.46,-6.0,43.0,22.0,52
spring,2011,2,11,0,4,1,clear,0.46,-7.0,43.0,30.0,64
spring,2011,2,12,0,4,1,clear,1.4,-4.0,40.0,24.0,69
spring,2011,2,13,0,4,1,clear,1.4,-5.0,40.0,28.0,51
spring,2011,2,14,0,4,1,clear,2.34,-3.0,37.0,26.0,47
spring,2011,2,15,0,4,1,clear,2.34,-3.0,37.0,22.0,60
spring,2011,2,16,0,4,1,clear,2.34,-2.0,37.0,17.0,78
spring,2011,2,17,0,4,1,clear,1.4,-3.0,40.0,13.0,175
spring,2011,2,18,0,4,1,clear,1.4,-2.0,40.0,11.0,147
spring,2011,2,19,0,4,1,clear,1.4,1.0,40.0,0.0,96
spring,2011,2,20,0,4,1,clear,1.4,-1.0,47.0,6.0,109
spring,2011,2,21,0,4,1,clear,0.46,-2.0,55.0,7.0,54
spring,2011,2,22,0,4,1,clear,0.46,-2.0,51.0,6.0,41
spring,2011,2,23,0,4,1,clear,1.4,-1.0,47.0,7.0,38
spring,2011,2,0,0,5,1,misty,1.4,1.0,44.0,0.0,13
spring,2011,2,1,0,5,1,misty,-0.48,-1.0,59.0,0.0,7
spring,2011,2,2,0,5,1,misty,-1.42,-5.0,63.0,7.0,1
spring,2011,2,3,0,5,1,misty,-1.42,-5.0,63.0,7.0,1
spring,2011,2,5,0,5,1,misty,-1.42,-6.0,63.0,9.0,7
spring,2011,2,6,0,5,1,misty,-0.48,-1.0,55.0,0.0,28
spring,2011,2,7,0,5,1,clear,-1.42,-2.0,59.0,0.0,87
spring,2011,2,8,0,5,1,clear,-1.42,-6.0,74.0,9.0,220
spring,2011,2,9,0,5,1,misty,-0.48,-4.0,80.0,9.0,127
spring,2011,2,10,0,5,1,misty,1.4,-2.0,51.0,9.0,51
spring,2011,2,11,0,5,1,clear,2.34,-1.0,51.0,11.0,64
spring,2011,2,12,0,5,1,misty,3.28,-0.0,48.0,11.0,86
spring,2011,2,13,0,5,1,misty,4.22,1.0,50.0,15.0,82
spring,2011,2,14,0,5,1,misty,5.16,2.0,45.0,11.0,91
spring,2011,2,15,0,5,1,misty,5.16,2.0,48.0,17.0,90
spring,2011,2,16,0,5,1,misty,6.1,3.0,42.0,15.0,99
spring,2011,2,17,0,5,1,misty,4.22,2.0,56.0,9.0,205
spring,2011,2,18,0,5,1,misty,3.28,1.0,60.0,7.0,155
spring,2011,2,19,0,5,1,misty,3.28,-0.0,65.0,9.0,103
spring,2011,2,20,0,5,1,misty,3.28,-0.0,65.0,11.0,71
spring,2011,2,21,0,5,1,misty,3.28,-0.0,70.0,11.0,43
spring,2011,2,22,0,5,1,misty,3.28,-0.0,65.0,11.0,46
spring,2011,2,23,0,5,1,misty,3.28,-0.0,70.0,9.0,31
spring,2011,2,0,0,6,0,misty,3.28,-0.0,70.0,11.0,39
spring,2011,2,1,0,6,0,misty,3.28,-0.0,65.0,11.0,18
spring,2011,2,2,0,6,0,misty,3.28,-0.0,75.0,11.0,17
spring,2011,2,3,0,6,0,misty,3.28,-0.0,75.0,11.0,11
spring,2011,2,4,0,6,0,rain,2.34,-1.0,93.0,9.0,8
spring,2011,2,5,0,6,0,rain,1.4,-1.0,100.0,6.0,9
spring,2011,2,6,0,6,0,rain,1.4,1.0,100.0,0.0,4
spring,2011,2,7,0,6,0,rain,2.34,1.0,93.0,6.0,4
spring,2011,2,8,0,6,0,rain,1.4,-1.0,100.0,6.0,10
spring,2011,2,9,0,6,0,rain,1.4,-1.0,100.0,6.0,20
spring,2011,2,10,0,6,0,rain,1.4,-2.0,100.0,9.0,34
spring,2011,2,11,0,6,0,rain,2.34,-1.0,100.0,9.0,47
spring,2011,2,12,0,6,0,rain,2.34,-1.0,100.0,11.0,52
spring,2011,2,13,0,6,0,rain,2.34,-1.0,100.0,11.0,72
spring,2011,2,14,0,6,0,rain,2.34,2.0,100.0,0.0,55
spring,2011,2,15,0,6,0,rain,2.34,2.0,100.0,0.0,60
spring,2011,2,16,0,6,0,rain,2.34,-1.0,100.0,9.0,71
spring,2011,2,17,0,6,0,misty,3.28,-2.0,100.0,19.0,78
spring,2011,2,18,0,6,0,misty,5.16,-0.0,93.0,30.0,83
spring,2011,2,19,0,6,0,misty,5.16,-0.0,93.0,30.0,84
spring,2011,2,20,0,6,0,clear,6.1,3.0,87.0,17.0,69
spring,2011,2,21,0,6,0,clear,4.22,1.0,100.0,13.0,56
spring,2011,2,22,0,6,0,clear,4.22,2.0,93.0,9.0,45
spring,2011,2,23,0,6,0,clear,4.22,1.0,93.0,15.0,59
spring,2011,2,0,0,0,0,clear,4.22,1.0,70.0,13.0,39
spring,2011,2,1,0,0,0,clear,4.22,-1.0,65.0,28.0,44
spring,2011,2,2,0,0,0,clear,4.22,-1.0,60.0,22.0,20
spring,2011,2,3,0,0,0,clear,4.22,3.0,60.0,6.0,13
spring,2011,2,4,0,0,0,clear,4.22,-1.0,60.0,24.0,2
spring,2011,2,5,0,0,0,clear,4.22,1.0,60.0,15.0,1
spring,2011,2,6,0,0,0,clear,4.22,1.0,60.0,15.0,1
spring,2011,2,7,0,0,0,clear,3.28,-0.0,65.0,11.0,8
spring,2011,2,8,0,0,0,clear,3.28,1.0,65.0,7.0,23
spring,2011,2,9,0,0,0,clear,5.16,3.0,56.0,7.0,45
spring,2011,2,10,0,0,0,clear,6.1,3.0,52.0,17.0,89
spring,2011,2,11,0,0,0,clear,7.04,4.0,49.0,17.0,117
spring,2011,2,12,0,0,0,clear,7.98,6.0,46.0,0.0,174
spring,2011,2,13,0,0,0,clear,7.98,8.0,46.0,0.0,182
spring,2011,2,14,0,0,0,clear,7.98,7.0,46.0,6.0,161
spring,2011,2,15,0,0,0,clear,7.98,7.0,46.0,6.0,182
spring,2011,2,16,0,0,0,clear,7.98,7.0,49.0,7.0,157
spring,2011,2,17,0,0,0,clear,7.98,8.0,46.0,0.0,121
spring,2011,2,18,0,0,0,clear,6.1,4.0,56.0,11.0,78
spring,2011,2,19,0,0,0,clear,5.16,3.0,61.0,9.0,21
spring,2011,2,20,0,0,0,clear,5.16,3.0,61.0,7.0,26
spring,2011,2,21,0,0,0,clear,4.22,4.0,60.0,0.0,27
spring,2011,2,22,0,0,0,clear,4.22,4.0,60.0,0.0,62
spring,2011,2,23,0,0,0,clear,3.28,3.0,65.0,0.0,30
spring,2011,2,0,0,1,1,clear,3.28,3.0,65.0,0.0,15
spring,2011,2,1,0,1,1,clear,2.34,2.0,75.0,0.0,5
spring,2011,2,2,0,1,1,clear,1.4,1.0,80.0,0.0,3
spring,2011,2,3,0,1,1,clear,1.4,1.0,86.0,0.0,1
spring,2011,2,4,0,1,1,clear,1.4,1.0,86.0,0.0,2
spring,2011,2,5,0,1,1,clear,1.4,1.0,86.0,0.0,10
spring,2011,2,6,0,1,1,clear,0.46,-0.0,93.0,0.0,30
spring,2011,2,7,0,1,1,clear,0.46,-0.0,86.0,0.0,95
spring,2011,2,8,0,1,1,misty,-0.48,-1.0,100.0,0.0,230
spring,2011,2,9,0,1,1,clear,2.34,2.0,80.0,0.0,118
spring,2011,2,10,0,1,1,clear,3.28,1.0,75.0,7.0,55
spring,2011,2,11,0,1,1,clear,6.1,5.0,65.0,6.0,47
spring,2011,2,12,0,1,1,misty,7.04,7.0,62.0,0.0,66
spring,2011,2,13,0,1,1,misty,8.92,8.0,57.0,6.0,64
spring,2011,2,14,0,1,1,misty,8.92,8.0,57.0,6.0,60
spring,2011,2,15,0,1,1,misty,9.86,10.0,54.0,6.0,50
spring,2011,2,16,0,1,1,misty,8.92,7.0,57.0,9.0,114
spring,2011,2,17,0,1,1,misty,7.04,5.0,70.0,11.0,216
spring,2011,2,18,0,1,1,misty,7.98,6.0,66.0,9.0,175
spring,2011,2,19,0,1,1,misty,7.04,7.0,70.0,0.0,128
spring,2011,2,20,0,1,1,misty,7.04,6.0,70.0,7.0,88
spring,2011,2,21,0,1,1,clear,7.04,7.0,70.0,0.0,78
spring,2011,2,22,0,1,1,clear,5.16,4.0,81.0,6.0,37
spring,2011,2,23,0,1,1,misty,6.1,6.0,81.0,0.0,25
spring,2011,2,0,0,2,1,misty,5.16,5.0,87.0,0.0,10
spring,2011,2,1,0,2,1,misty,5.16,5.0,87.0,0.0,4
spring,2011,2,2,0,2,1,misty,4.22,2.0,93.0,7.0,2
spring,2011,2,3,0,2,1,rain,5.16,2.0,93.0,11.0,1
spring,2011,2,4,0,2,1,clear,4.22,1.0,93.0,11.0,3
spring,2011,2,5,0,2,1,clear,4.22,-1.0,81.0,22.0,2
spring,2011,2,6,0,2,1,clear,4.22,-1.0,70.0,22.0,39
spring,2011,2,7,0,2,1,clear,3.28,-3.0,65.0,28.0,100
spring,2011,2,8,0,2,1,clear,3.28,-3.0,56.0,33.0,243
spring,2011,2,9,0,2,1,clear,3.28,-3.0,52.0,33.0,135
spring,2011,2,10,0,2,1,clear,2.34,-4.0,47.0,37.0,48
spring,2011,2,11,0,2,1,clear,2.34,-4.0,47.0,31.0,50
spring,2011,2,12,0,2,1,clear,3.28,-3.0,38.0,33.0,65
spring,2011,2,13,0,2,1,misty,3.28,-3.0,32.0,30.0,50
spring,2011,2,14,0,2,1,clear,2.34,-3.0,37.0,28.0,64
spring,2011,2,15,0,2,1,clear,2.34,-3.0,35.0,26.0,51
spring,2011,2,16,0,2,1,clear,2.34,-4.0,35.0,35.0,83
spring,2011,2,17,0,2,1,clear,2.34,-4.0,32.0,39.0,176
spring,2011,2,18,0,2,1,clear,1.4,-4.0,32.0,26.0,152
spring,2011,2,19,0,2,1,clear,-0.48,-8.0,40.0,31.0,101
spring,2011,2,20,0,2,1,clear,-0.48,-7.0,40.0,22.0,56
spring,2011,2,21,0,2,1,clear,-1.42,-9.0,33.0,31.0,54
spring,2011,2,22,0,2,1,clear,-2.36,-9.0,33.0,24.0,29
spring,2011,2,23,0,2,1,clear,-2.36,-9.0,33.0,22.0,12
spring,2011,2,0,0,3,1,clear,-3.3,-11.0,36.0,24.0,17
spring,2011,2,1,0,3,1,clear,-3.3,-9.0,36.0,15.0,7
spring,2011,2,2,0,3,1,clear,-4.24,-11.0,38.0,19.0,3
spring,2011,2,3,0,3,1,clear,-5.18,-11.0,45.0,9.0,2
spring,2011,2,5,0,3,1,clear,-5.18,-9.0,45.0,7.0,7
spring,2011,2,6,0,3,1,clear,-5.18,-6.0,45.0,0.0,43
spring,2011,2,7,0,3,1,clear,-5.18,-9.0,49.0,7.0,99
spring,2011,2,8,0,3,1,clear,-3.3,-7.0,42.0,0.0,199
spring,2011,2,9,0,3,1,clear,-2.36,-7.0,39.0,11.0,123
spring,2011,2,10,0,3,1,clear,-1.42,-4.0,36.0,0.0,59
spring,2011,2,11,0,3,1,misty,-1.42,-6.0,43.0,11.0,41
spring,2011,2,12,0,3,1,misty,0.46,-4.0,40.0,15.0,61
spring,2011,2,13,0,3,1,clear,0.46,-5.0,40.0,17.0,69
spring,2011,2,14,0,3,1,clear,1.4,-4.0,34.0,20.0,58
spring,2011,2,15,0,3,1,misty,1.4,-4.0,34.0,19.0,64
spring,2011,2,16,0,3,1,misty,1.4,-3.0,37.0,17.0,79
spring,2011,2,17,0,3,1,misty,1.4,-3.0,34.0,17.0,166
spring,2011,2,18,0,3,1,misty,0.46,-5.0,47.0,20.0,170
spring,2011,2,19,0,3,1,rain,-1.42,-8.0,86.0,17.0,88
spring,2011,2,20,0,3,1,rain,-1.42,-6.0,86.0,11.0,84
spring,2011,2,21,0,3,1,misty,-1.42,-6.0,86.0,11.0,83
spring,2011,2,22,0,3,1,rain,-0.48,-5.0,80.0,11.0,46
spring,2011,2,23,0,3,1,rain,-0.48,-6.0,80.0,13.0,37
spring,2011,2,0,0,4,1,rain,-1.42,-7.0,86.0,13.0,16
spring,2011,2,1,0,4,1,rain,-1.42,-6.0,80.0,9.0,7
spring,2011,2,2,0,4,1,rain,-1.42,-6.0,80.0,9.0,3
spring,2011,2,4,0,4,1,misty,-1.42,-7.0,59.0,15.0,1
spring,2011,2,5,0,4,1,misty,-2.36,-8.0,50.0,15.0,6
spring,2011,2,6,0,4,1,misty,-2.36,-8.0,54.0,19.0,26
spring,2011,2,7,0,4,1,clear,-3.3,-11.0,50.0,28.0,99
spring,2011,2,8,0,4,1,clear,-3.3,-11.0,49.0,22.0,178
spring,2011,2,9,0,4,1,clear,-2.36,-9.0,42.0,24.0,122
spring,2011,2,10,0,4,1,clear,-2.36,-9.0,42.0,20.0,35
spring,2011,2,11,0,4,1,clear,-1.42,-8.0,39.0,24.0,45
spring,2011,2,12,0,4,1,clear,-0.48,-7.0,34.0,26.0,69
spring,2011,2,13,0,4,1,clear,0.46,-5.0,29.0,20.0,62
spring,2011,2,14,0,4,1,clear,1.4,-4.0,27.0,19.0,48
spring,2011,2,15,0,4,1,clear,1.4,-3.0,25.0,17.0,50
spring,2011,2,16,0,4,1,clear,1.4,-4.0,27.0,20.0,80
spring,2011,2,17,0,4,1,clear,0.46,-4.0,26.0,13.0,165
spring,2011,2,18,0,4,1,clear,-0.48,-4.0,28.0,9.0,160
spring,2011,2,19,0,4,1,clear,-1.42,-5.0,28.0,7.0,112
spring,2011,2,20,0,4,1,clear,-1.42,-4.0,31.0,6.0,97
spring,2011,2,21,0,4,1,clear,-1.42,-2.0,39.0,0.0,72
spring,2011,2,22,0,4,1,clear,-2.36,-3.0,39.0,0.0,51
spring,2011,2,23,0,4,1,clear,-2.36,-6.0,42.0,7.0,34
spring,2011,2,0,0,5,1,clear,-3.3,-7.0,49.0,7.0,14
spring,2011,2,1,0,5,1,clear,-3.3,-7.0,54.0,6.0,7
spring,2011,2,2,0,5,1,clear,-3.3,-7.0,54.0,6.0,3
spring,2011,2,5,0,5,1,clear,-4.24,-8.0,63.0,6.0,4
spring,2011,2,6,0,5,1,clear,-3.3,-4.0,68.0,0.0,24
spring,2011,2,7,0,5,1,clear,-4.24,-5.0,73.0,0.0,74
spring,2011,2,8,0,5,1,clear,-3.3,-8.0,74.0,11.0,216
spring,2011,2,9,0,5,1,clear,-2.36,-8.0,74.0,15.0,140
spring,2011,2,10,0,5,1,clear,-1.42,-7.0,69.0,13.0,44
spring,2011,2,11,0,5,1,clear,2.34,-1.0,47.0,9.0,64
spring,2011,2,12,0,5,1,clear,2.34,-1.0,47.0,9.0,71
spring,2011,2,13,0,5,1,clear,3.28,-1.0,35.0,13.0,110
spring,2011,2,14,0,5,1,clear,6.1,3.0,26.0,17.0,84
spring,2011,2,15,0,5,1,clear,7.04,5.0,21.0,11.0,74
spring,2011,2,16,0,5,1,clear,6.1,3.0,28.0,13.0,125
spring,2011,2,17,0,5,1,clear,6.1,6.0,24.0,0.0,211
spring,2011,2,18,0,5,1,clear,5.16,5.0,28.0,0.0,174
spring,2011,2,19,0,5,1,clear,4.22,4.0,33.0,0.0,101
spring,2011,2,20,0,5,1,clear,2.34,-1.0,55.0,9.0,63
spring,2011,2,21,0,5,1,clear,1.4,-2.0,59.0,9.0,47
spring,2011,2,22,0,5,1,clear,1.4,-1.0,64.0,6.0,43
spring,2011,2,23,0,5,1,clear,0.46,-0.0,69.0,0.0,53
spring,2011,2,0,0,6,0,clear,-0.48,-3.0,69.0,6.0,30
spring,2011,2,1,0,6,0,clear,-1.42,-2.0,86.0,0.0,24
spring,2011,2,2,0,6,0,clear,-1.42,-2.0,80.0,0.0,15
spring,2011,2,3,0,6,0,clear,-2.36,-3.0,80.0,0.0,10
spring,2011,2,4,0,6,0,clear,-2.36,-5.0,74.0,6.0,4
spring,2011,2,5,0,6,0,clear,-2.36,-5.0,74.0,6.0,1
spring,2011,2,6,0,6,0,clear,-2.36,-7.0,93.0,13.0,2
spring,2011,2,7,0,6,0,clear,-2.36,-6.0,80.0,7.0,11
spring,2011,2,8,0,6,0,clear,-1.42,-6.0,86.0,9.0,30
spring,2011,2,9,0,6,0,clear,-0.48,-4.0,64.0,9.0,43
spring,2011,2,10,0,6,0,clear,2.34,-2.0,41.0,17.0,84
spring,2011,2,11,0,6,0,clear,6.1,2.0,28.0,22.0,114
spring,2011,2,12,0,6,0,clear,6.1,2.0,39.0,31.0,120
spring,2011,2,13,0,6,0,clear,6.1,2.0,39.0,28.0,135
spring,2011,2,14,0,6,0,clear,7.98,5.0,31.0,19.0,120
spring,2011,2,15,0,6,0,clear,7.98,4.0,29.0,28.0,174
spring,2011,2,16,0,6,0,clear,7.98,4.0,29.0,28.0,145
spring,2011,2,17,0,6,0,clear,7.04,3.0,31.0,35.0,137
spring,2011,2,18,0,6,0,clear,5.16,1.0,38.0,22.0,64
spring,2011,2,19,0,6,0,clear,5.16,2.0,38.0,11.0,41
spring,2011,2,20,0,6,0,clear,4.22,1.0,41.0,15.0,40
spring,2011,2,21,0,6,0,clear,4.22,4.0,41.0,0.0,51
spring,2011,2,22,0,6,0,clear,3.28,1.0,44.0,6.0,45
spring,2011,2,23,0,6,0,clear,2.34,-1.0,51.0,9.0,32
spring,2011,2,0,0,0,0,clear,1.4,-1.0,64.0,7.0,39
spring,2011,2,1,0,0,0,clear,1.4,-1.0,59.0,6.0,24
spring,2011,2,2,0,0,0,misty,1.4,-1.0,75.0,6.0,20
spring,2011,2,3,0,0,0,misty,1.4,-1.0,69.0,7.0,12
spring,2011,2,4,0,0,0,misty,1.4,-2.0,69.0,11.0,2
spring,2011,2,6,0,0,0,misty,1.4,-2.0,69.0,9.0,5
spring,2011,2,7,0,0,0,misty,2.34,2.0,55.0,0.0,3
spring,2011,2,8,0,0,0,misty,2.34,-1.0,64.0,13.0,12
spring,2011,2,9,0,0,0,misty,3.28,-1.0,60.0,15.0,47
spring,2011,2,10,0,0,0,clear,6.1,2.0,45.0,22.0,105
spring,2011,2,11,0,0,0,clear,7.04,3.0,39.0,30.0,112
spring,2011,2,12,0,0,0,clear,8.92,5.0,32.0,31.0,152
spring,2011,2,13,0,0,0,clear,9.86,10.0,29.0,24.0,154
spring,2011,2,14,0,0,0,misty,10.8,11.0,30.0,28.0,161
spring,2011,2,15,0,0,0,misty,10.8,11.0,30.0,20.0,162
spring,2011,2,16,0,0,0,misty,11.74,12.0,28.0,22.0,134
spring,2011,2,17,0,0,0,clear,11.74,12.0,28.0,22.0,125
spring,2011,2,18,0,0,0,clear,10.8,11.0,32.0,20.0,95
spring,2011,2,19,0,0,0,clear,10.8,11.0,35.0,19.0,61
spring,2011,2,20,0,0,0,clear,10.8,11.0,35.0,22.0,47
spring,2011,2,21,0,0,0,clear,10.8,11.0,35.0,24.0,51
spring,2011,2,22,0,0,0,clear,10.8,11.0,35.0,20.0,36
spring,2011,2,23,0,0,0,clear,10.8,11.0,35.0,24.0,30
spring,2011,2,0,0,1,1,clear,9.86,10.0,37.0,24.0,11
spring,2011,2,1,0,1,1,clear,9.86,10.0,37.0,24.0,7
spring,2011,2,2,0,1,1,clear,8.92,6.0,40.0,20.0,2
spring,2011,2,3,0,1,1,clear,7.98,5.0,46.0,15.0,2
spring,2011,2,4,0,1,1,clear,7.04,4.0,53.0,19.0,2
spring,2011,2,5,0,1,1,clear,7.04,4.0,53.0,19.0,3
spring,2011,2,6,0,1,1,clear,7.98,4.0,46.0,20.0,26
spring,2011,2,7,0,1,1,clear,7.98,4.0,46.0,20.0,98
spring,2011,2,8,0,1,1,clear,9.86,10.0,40.0,31.0,256
spring,2011,2,9,0,1,1,clear,10.8,11.0,37.0,26.0,130
spring,2011,2,10,0,1,1,clear,12.68,13.0,33.0,15.0,55
spring,2011,2,11,0,1,1,clear,16.44,17.0,23.0,17.0,53
spring,2011,2,12,0,1,1,clear,18.32,19.0,22.0,30.0,126
spring,2011,2,13,0,1,1,clear,19.26,20.0,19.0,26.0,120
spring,2011,2,14,0,1,1,clear,20.2,23.0,15.0,33.0,90
spring,2011,2,15,0,1,1,clear,18.32,19.0,21.0,44.0,90
spring,2011,2,16,0,1,1,clear,16.44,17.0,27.0,31.0,118
spring,2011,2,17,0,1,1,clear,13.62,14.0,33.0,41.0,243
spring,2011,2,18,0,1,1,clear,10.8,11.0,40.0,41.0,205
spring,2011,2,19,0,1,1,clear,9.86,10.0,43.0,33.0,98
spring,2011,2,20,0,1,1,clear,8.92,5.0,46.0,31.0,70
spring,2011,2,21,0,1,1,clear,8.92,5.0,50.0,35.0,43
spring,2011,2,22,0,1,1,clear,7.98,3.0,46.0,44.0,45
spring,2011,2,23,0,1,1,clear,7.04,3.0,49.0,33.0,20
spring,2011,2,0,0,2,1,clear,6.1,2.0,49.0,28.0,19
spring,2011,2,1,0,2,1,clear,6.1,-0.0,42.0,52.0,5
spring,2011,2,2,0,2,1,clear,5.16,-1.0,41.0,46.0,3
spring,2011,2,4,0,2,1,clear,2.34,-4.0,37.0,35.0,1
spring,2011,2,5,0,2,1,clear,2.34,-4.0,32.0,31.0,4
spring,2011,2,6,0,2,1,clear,1.4,-4.0,32.0,22.0,30
spring,2011,2,7,0,2,1,clear,1.4,-4.0,32.0,24.0,105
spring,2011,2,8,0,2,1,clear,1.4,-4.0,32.0,24.0,223
spring,2011,2,9,0,2,1,clear,2.34,-3.0,29.0,30.0,110
spring,2011,2,10,0,2,1,clear,3.28,-2.0,27.0,19.0,52
spring,2011,2,11,0,2,1,clear,4.22,-0.0,25.0,17.0,57
spring,2011,2,12,0,2,1,clear,5.16,2.0,24.0,17.0,71
spring,2011,2,13,0,2,1,clear,7.04,4.0,21.0,15.0,82
spring,2011,2,14,0,2,1,clear,7.98,5.0,19.0,15.0,79
spring,2011,2,15,0,2,1,clear,7.98,6.0,19.0,11.0,85
spring,2011,2,16,0,2,1,clear,7.98,5.0,19.0,17.0,98
spring,2011,2,17,0,2,1,clear,7.04,4.0,22.0,15.0,206
spring,2011,2,18,0,2,1,clear,6.1,4.0,22.0,9.0,212
spring,2011,2,19,0,2,1,clear,5.16,3.0,26.0,9.0,145
spring,2011,2,20,0,2,1,clear,4.22,2.0,33.0,7.0,101
spring,2011,2,21,0,2,1,clear,3.28,3.0,52.0,0.0,66
spring,2011,2,22,0,2,1,clear,3.28,3.0,44.0,0.0,41
spring,2011,2,23,0,2,1,misty,2.34,1.0,44.0,6.0,20
spring,2011,2,0,0,3,1,clear,2.34,1.0,41.0,6.0,15
spring,2011,2,1,0,3,1,clear,1.4,-1.0,44.0,6.0,9
spring,2011,2,3,0,3,1,misty,1.4,-3.0,47.0,13.0,1
spring,2011,2,4,0,3,1,clear,1.4,-3.0,51.0,13.0,1
spring,2011,2,5,0,3,1,clear,1.4,-3.0,47.0,13.0,5
spring,2011,2,6,0,3,1,clear,1.4,-3.0,55.0,15.0,33
spring,2011,2,7,0,3,1,misty,1.4,-3.0,55.0,15.0,108
spring,2011,2,8,0,3,1,misty,2.34,-1.0,55.0,11.0,230
spring,2011,2,9,0,3,1,clear,3.28,-2.0,52.0,19.0,124
spring,2011,2,10,0,3,1,clear,4.22,-1.0,41.0,26.0,69
spring,2011,2,11,0,3,1,clear,7.98,4.0,34.0,20.0,66
spring,2011,2,12,0,3,1,clear,9.86,10.0,32.0,22.0,86
spring,2011,2,13,0,3,1,clear,11.74,12.0,30.0,24.0,93
spring,2011,2,14,0,3,1,clear,13.62,14.0,28.0,28.0,82
spring,2011,2,15,0,3,1,clear,13.62,14.0,28.0,28.0,117
spring,2011,2,16,0,3,1,clear,13.62,14.0,31.0,26.0,122
spring,2011,2,17,0,3,1,clear,13.62,14.0,28.0,19.0,255
spring,2011,2,18,0,3,1,clear,10.8,11.0,40.0,15.0,222
spring,2011,2,19,0,3,1,clear,7.98,5.0,53.0,15.0,161
spring,2011,2,20,0,3,1,clear,9.86,10.0,43.0,13.0,118
spring,2011,2,21,0,3,1,clear,8.92,7.0,46.0,13.0,92
spring,2011,2,22,0,3,1,clear,7.98,6.0,53.0,13.0,73
spring,2011,2,23,0,3,1,clear,9.86,10.0,40.0,15.0,33
spring,2011,2,0,0,4,1,clear,7.98,6.0,53.0,13.0,17
spring,2011,2,1,0,4,1,clear,7.98,5.0,53.0,15.0,6
spring,2011,2,2,0,4,1,misty,7.98,5.0,53.0,15.0,6
spring,2011,2,3,0,4,1,clear,7.98,6.0,53.0,13.0,4
spring,2011,2,4,0,4,1,clear,7.04,5.0,57.0,13.0,4
spring,2011,2,5,0,4,1,clear,7.04,6.0,66.0,6.0,12
spring,2011,2,6,0,4,1,clear,6.1,4.0,70.0,9.0,47
spring,2011,2,7,0,4,1,clear,7.04,6.0,57.0,7.0,126
spring,2011,2,8,0,4,1,clear,7.04,6.0,57.0,6.0,285
spring,2011,2,9,0,4,1,clear,8.92,7.0,57.0,13.0,179
spring,2011,2,10,0,4,1,clear,9.86,10.0,54.0,13.0,88
spring,2011,2,11,0,4,1,misty,12.68,13.0,44.0,17.0,90
spring,2011,2,12,0,4,1,clear,14.56,15.0,41.0,15.0,101
spring,2011,2,13,0,4,1,clear,17.38,18.0,34.0,15.0,123
spring,2011,2,14,0,4,1,clear,20.2,25.0,31.0,15.0,81
spring,2011,2,15,0,4,1,clear,20.2,24.0,28.0,17.0,106
spring,2011,2,16,0,4,1,misty,18.32,19.0,35.0,20.0,146
spring,2011,2,17,0,4,1,misty,19.26,20.0,32.0,20.0,274
spring,2011,2,18,0,4,1,misty,17.38,18.0,42.0,19.0,222
spring,2011,2,19,0,4,1,clear,14.56,15.0,55.0,22.0,175
spring,2011,2,20,0,4,1,clear,14.56,15.0,59.0,22.0,139
spring,2011,2,21,0,4,1,clear,16.44,17.0,55.0,26.0,124
spring,2011,2,22,0,4,1,clear,15.5,16.0,59.0,19.0,76
spring,2011,2,23,0,4,1,clear,13.62,14.0,67.0,20.0,44
spring,2011,2,0,0,5,1,clear,12.68,13.0,72.0,19.0,32
spring,2011,2,1,0,5,1,clear,12.68,13.0,72.0,15.0,8
spring,2011,2,2,0,5,1,clear,12.68,13.0,72.0,19.0,7
spring,2011,2,3,0,5,1,clear,13.62,14.0,67.0,17.0,8
spring,2011,2,4,0,5,1,clear,13.62,14.0,67.0,17.0,1
spring,2011,2,5,0,5,1,misty,13.62,14.0,67.0,7.0,7
spring,2011,2,6,0,5,1,misty,12.68,13.0,72.0,11.0,50
spring,2011,2,7,0,5,1,misty,11.74,12.0,77.0,15.0,116
spring,2011,2,8,0,5,1,misty,11.74,12.0,77.0,13.0,272
spring,2011,2,9,0,5,1,misty,11.74,12.0,77.0,13.0,169
spring,2011,2,10,0,5,1,misty,12.68,13.0,72.0,15.0,95
spring,2011,2,11,0,5,1,clear,12.68,13.0,72.0,11.0,113
spring,2011,2,12,0,5,1,clear,15.5,16.0,59.0,13.0,185
spring,2011,2,13,0,5,1,clear,20.2,25.0,43.0,13.0,176
spring,2011,2,14,0,5,1,clear,23.02,25.0,36.0,20.0,191
spring,2011,2,15,0,5,1,clear,23.02,25.0,36.0,22.0,172
spring,2011,2,16,0,5,1,clear,23.02,25.0,36.0,19.0,232
spring,2011,2,17,0,5,1,clear,23.02,25.0,34.0,24.0,327
spring,2011,2,18,0,5,1,clear,22.08,25.0,33.0,22.0,224
spring,2011,2,19,0,5,1,clear,21.14,25.0,29.0,39.0,162
spring,2011,2,20,0,5,1,clear,20.2,25.0,31.0,13.0,124
spring,2011,2,21,0,5,1,clear,19.26,20.0,21.0,33.0,72
spring,2011,2,22,0,5,1,clear,17.38,18.0,10.0,17.0,107
spring,2011,2,23,0,5,1,clear,16.44,17.0,8.0,19.0,77
spring,2011,2,0,0,6,0,clear,14.56,15.0,12.0,33.0,29
spring,2011,2,1,0,6,0,clear,13.62,14.0,14.0,28.0,31
spring,2011,2,2,0,6,0,clear,12.68,13.0,13.0,26.0,17
spring,2011,2,3,0,6,0,clear,11.74,12.0,14.0,20.0,7
spring,2011,2,4,0,6,0,clear,10.8,11.0,15.0,22.0,3
spring,2011,2,5,0,6,0,clear,10.8,11.0,15.0,22.0,3
spring,2011,2,6,0,6,0,clear,10.8,11.0,17.0,28.0,6
spring,2011,2,7,0,6,0,clear,9.86,10.0,17.0,35.0,22
spring,2011,2,8,0,6,0,clear,9.86,10.0,17.0,39.0,45
spring,2011,2,9,0,6,0,clear,10.8,11.0,16.0,44.0,55
spring,2011,2,10,0,6,0,clear,11.74,12.0,16.0,39.0,106
spring,2011,2,11,0,6,0,clear,12.68,13.0,16.0,39.0,123
spring,2011,2,12,0,6,0,clear,12.68,13.0,18.0,33.0,119
spring,2011,2,13,0,6,0,clear,12.68,13.0,16.0,41.0,155
spring,2011,2,14,0,6,0,clear,13.62,14.0,15.0,44.0,196
spring,2011,2,15,0,6,0,clear,12.68,13.0,16.0,50.0,171
spring,2011,2,16,0,6,0,clear,12.68,13.0,16.0,43.0,120
spring,2011,2,17,0,6,0,clear,11.74,12.0,19.0,41.0,127
spring,2011,2,18,0,6,0,clear,8.92,5.0,25.0,30.0,88
spring,2011,2,19,0,6,0,clear,7.98,4.0,29.0,24.0,59
spring,2011,2,20,0,6,0,clear,7.04,3.0,28.0,35.0,47
spring,2011,2,21,0,6,0,clear,7.04,2.0,26.0,37.0,33
spring,2011,2,22,0,6,0,clear,6.1,1.0,28.0,33.0,44
spring,2011,2,23,0,6,0,clear,5.16,-0.0,33.0,30.0,29
spring,2011,2,0,0,0,0,clear,4.22,-2.0,35.0,30.0,17
spring,2011,2,1,0,0,0,clear,3.28,-3.0,41.0,31.0,16
spring,2011,2,2,0,0,0,clear,3.28,-3.0,41.0,37.0,17
spring,2011,2,3,0,0,0,clear,2.34,-4.0,44.0,37.0,18
spring,2011,2,4,0,0,0,clear,2.34,-4.0,44.0,37.0,1
spring,2011,2,6,0,0,0,clear,1.4,-4.0,47.0,20.0,2
spring,2011,2,7,0,0,0,clear,0.46,-5.0,51.0,17.0,2
spring,2011,2,8,0,0,0,clear,1.4,-1.0,51.0,7.0,24
spring,2011,2,9,0,0,0,clear,2.34,-2.0,47.0,19.0,55
spring,2011,2,10,0,0,0,misty,4.22,1.0,41.0,13.0,104
spring,2011,2,11,0,0,0,misty,6.1,4.0,33.0,11.0,161
spring,2011,2,12,0,0,0,clear,6.1,5.0,33.0,7.0,182
spring,2011,2,13,0,0,0,clear,7.98,6.0,29.0,0.0,198
spring,2011,2,14,0,0,0,clear,8.92,7.0,27.0,11.0,212
spring,2011,2,15,0,0,0,clear,8.92,8.0,27.0,6.0,168
spring,2011,2,16,0,0,0,clear,8.92,8.0,29.0,6.0,147
spring,2011,2,17,0,0,0,clear,7.98,7.0,33.0,11.0,146
spring,2011,2,18,0,0,0,misty,7.98,6.0,36.0,9.0,101
spring,2011,2,19,0,0,0,misty,7.98,6.0,36.0,9.0,42
spring,2011,2,20,0,0,0,misty,7.98,8.0,42.0,0.0,42
spring,2011,2,21,0,0,0,misty,7.04,7.0,53.0,0.0,56
spring,2011,2,22,0,0,0,misty,7.04,4.0,57.0,15.0,47
spring,2011,2,23,0,0,0,misty,6.1,4.0,61.0,11.0,54
spring,2011,2,0,1,1,0,misty,7.98,4.0,42.0,22.0,37
spring,2011,2,1,1,1,0,misty,7.98,4.0,42.0,22.0,13
spring,2011,2,2,1,1,0,misty,7.98,4.0,42.0,22.0,4
spring,2011,2,3,1,1,0,misty,7.98,4.0,42.0,20.0,5
spring,2011,2,4,1,1,0,clear,7.04,5.0,45.0,11.0,1
spring,2011,2,5,1,1,0,misty,7.98,8.0,36.0,0.0,3
spring,2011,2,6,1,1,0,misty,11.74,12.0,26.0,20.0,8
spring,2011,2,7,1,1,0,misty,11.74,12.0,26.0,19.0,19
spring,2011,2,8,1,1,0,misty,7.04,4.0,57.0,20.0,63
spring,2011,2,9,1,1,0,misty,7.04,4.0,57.0,19.0,57
spring,2011,2,10,1,1,0,misty,7.04,4.0,57.0,17.0,81
spring,2011,2,11,1,1,0,misty,7.04,6.0,57.0,7.0,90
spring,2011,2,12,1,1,0,misty,7.04,5.0,66.0,13.0,93
spring,2011,2,13,1,1,0,rain,6.1,2.0,81.0,22.0,103
spring,2011,2,14,1,1,0,misty,7.04,4.0,76.0,17.0,116
spring,2011,2,15,1,1,0,misty,6.1,2.0,70.0,30.0,87
spring,2011,2,16,1,1,0,rain,5.16,-0.0,75.0,28.0,56
spring,2011,2,17,1,1,0,misty,5.16,1.0,75.0,26.0,80
spring,2011,2,18,1,1,0,misty,3.28,-2.0,87.0,24.0,66
spring,2011,2,19,1,1,0,misty,3.28,-2.0,87.0,24.0,49
spring,2011,2,20,1,1,0,rain,3.28,-2.0,81.0,26.0,29
spring,2011,2,21,1,1,0,rain,2.34,-3.0,75.0,30.0,34
spring,2011,2,22,1,1,0,rain,1.4,-5.0,75.0,28.0,11
spring,2011,2,23,1,1,0,rain,1.4,-5.0,75.0,28.0,2
spring,2011,2,6,0,2,1,misty,-2.36,-8.0,80.0,19.0,7
spring,2011,2,7,0,2,1,misty,-2.36,-8.0,80.0,19.0,40
spring,2011,2,8,0,2,1,misty,-2.36,-8.0,80.0,17.0,114
spring,2011,2,9,0,2,1,misty,-1.42,-8.0,74.0,17.0,106
spring,2011,2,10,0,2,1,clear,-0.48,-4.0,69.0,0.0,44
spring,2011,2,11,0,2,1,clear,-0.48,-1.0,64.0,0.0,50
spring,2011,2,12,0,2,1,clear,1.4,-1.0,59.0,7.0,55
spring,2011,2,13,0,2,1,clear,2.34,-1.0,55.0,11.0,55
spring,2011,2,14,0,2,1,clear,2.34,-1.0,55.0,13.0,58
spring,2011,2,15,0,2,1,clear,3.28,-1.0,48.0,13.0,69
spring,2011,2,16,0,2,1,clear,2.34,-1.0,51.0,11.0,86
spring,2011,2,17,0,2,1,clear,2.34,-2.0,51.0,15.0,196
spring,2011,2,18,0,2,1,clear,2.34,-1.0,47.0,9.0,167
spring,2011,2,19,0,2,1,clear,1.4,-4.0,47.0,19.0,118
spring,2011,2,20,0,2,1,clear,1.4,-3.0,47.0,15.0,105
spring,2011,2,21,0,2,1,clear,1.4,-3.0,47.0,17.0,82
spring,2011,2,22,0,2,1,clear,-0.48,-6.0,43.0,17.0,77
spring,2011,2,23,0,2,1,clear,-0.48,-6.0,43.0,17.0,21
spring,2011,2,0,0,3,1,clear,-1.42,-7.0,50.0,13.0,6
spring,2011,2,1,0,3,1,clear,-1.42,-6.0,46.0,11.0,4
spring,2011,2,2,0,3,1,clear,-2.36,-6.0,50.0,9.0,1
spring,2011,2,3,0,3,1,clear,-2.36,-7.0,50.0,11.0,2
spring,2011,2,5,0,3,1,clear,-2.36,-6.0,50.0,7.0,8
spring,2011,2,6,0,3,1,clear,-2.36,-6.0,50.0,7.0,36
spring,2011,2,7,0,3,1,clear,-2.36,-6.0,54.0,9.0,96
spring,2011,2,8,0,3,1,clear,-1.42,-6.0,54.0,11.0,235
spring,2011,2,9,0,3,1,clear,0.46,-2.0,51.0,6.0,139
spring,2011,2,10,0,3,1,clear,1.4,1.0,40.0,0.0,51
spring,2011,2,11,0,3,1,clear,3.28,1.0,41.0,7.0,69
spring,2011,2,12,0,3,1,clear,4.22,3.0,35.0,6.0,67
spring,2011,2,13,0,3,1,clear,6.1,5.0,28.0,6.0,87
spring,2011,2,14,0,3,1,clear,7.04,6.0,29.0,7.0,78
spring,2011,2,15,0,3,1,clear,7.98,7.0,25.0,6.0,72
spring,2011,2,16,0,3,1,clear,7.98,8.0,25.0,0.0,94
spring,2011,2,17,0,3,1,clear,7.98,7.0,25.0,6.0,222
spring,2011,2,18,0,3,1,clear,7.04,6.0,26.0,6.0,209
spring,2011,2,19,0,3,1,clear,6.1,6.0,33.0,0.0,141
spring,2011,2,20,0,3,1,clear,3.28,-0.0,60.0,11.0,109
spring,2011,2,21,0,3,1,clear,3.28,3.0,48.0,0.0,91
spring,2011,2,22,0,3,1,clear,3.28,3.0,48.0,0.0,61
spring,2011,2,23,0,3,1,clear,2.34,1.0,55.0,6.0,39
spring,2011,2,0,0,4,1,clear,2.34,1.0,55.0,6.0,11
spring,2011,2,1,0,4,1,clear,2.34,1.0,60.0,6.0,7
spring,2011,2,2,0,4,1,clear,1.4,-1.0,64.0,6.0,4
spring,2011,2,3,0,4,1,clear,1.4,-2.0,64.0,9.0,2
spring,2011,2,5,0,4,1,clear,1.4,-2.0,69.0,9.0,4
spring,2011,2,6,0,4,1,clear,1.4,-3.0,69.0,13.0,58
spring,2011,2,7,0,4,1,clear,1.4,-3.0,72.0,13.0,104
spring,2011,2,8,0,4,1,clear,3.28,-1.0,70.0,15.0,252
spring,2011,2,9,0,4,1,misty,3.28,-2.0,75.0,20.0,137
spring,2011,2,10,0,4,1,misty,4.22,-0.0,70.0,19.0,57
spring,2011,2,11,0,4,1,misty,7.04,3.0,57.0,26.0,79
spring,2011,2,12,0,4,1,misty,8.92,6.0,53.0,24.0,95
spring,2011,2,13,0,4,1,misty,9.86,10.0,54.0,20.0,88
spring,2011,2,14,0,4,1,misty,10.8,11.0,50.0,20.0,69
spring,2011,2,15,0,4,1,rain,10.8,11.0,54.0,26.0,63
spring,2011,2,16,0,4,1,rain,9.86,10.0,62.0,19.0,71
spring,2011,2,17,0,4,1,rain,8.92,7.0,66.0,13.0,177
spring,2011,2,18,0,4,1,misty,7.98,4.0,87.0,22.0,137
spring,2011,2,19,0,4,1,rain,7.98,4.0,93.0,20.0,115
spring,2011,2,20,0,4,1,misty,7.98,4.0,93.0,24.0,89
spring,2011,2,21,0,4,1,misty,7.98,4.0,87.0,22.0,83
spring,2011,2,22,0,4,1,rain,7.98,5.0,87.0,19.0,55
spring,2011,2,23,0,4,1,misty,7.04,4.0,93.0,15.0,50
spring,2011,2,0,0,5,1,rain,7.04,7.0,93.0,0.0,9
spring,2011,2,1,0,5,1,misty,7.04,7.0,100.0,0.0,10
spring,2011,2,2,0,5,1,misty,7.04,7.0,100.0,0.0,3
spring,2011,2,3,0,5,1,misty,7.04,6.0,93.0,7.0,2
spring,2011,2,5,0,5,1,misty,7.04,6.0,93.0,7.0,6
spring,2011,2,6,0,5,1,rain,7.98,7.0,93.0,6.0,11
spring,2011,2,7,0,5,1,rain,7.98,6.0,100.0,9.0,35
spring,2011,2,8,0,5,1,rain,8.92,7.0,93.0,9.0,73
spring,2011,2,9,0,5,1,rain,7.98,4.0,93.0,24.0,114
spring,2011,2,10,0,5,1,rain,11.74,12.0,94.0,22.0,49
spring,2011,2,11,0,5,1,clear,16.44,17.0,77.0,30.0,59
spring,2011,2,12,0,5,1,rain,17.38,18.0,60.0,31.0,115
spring,2011,2,13,0,5,1,rain,17.38,18.0,60.0,31.0,83
spring,2011,2,14,0,5,1,rain,18.32,19.0,56.0,41.0,85
spring,2011,2,15,0,5,1,clear,13.62,14.0,41.0,54.0,55
spring,2011,2,16,0,5,1,clear,7.04,3.0,49.0,31.0,102
spring,2011,2,17,0,5,1,clear,7.04,2.0,49.0,50.0,189
spring,2011,2,18,0,5,1,clear,7.04,3.0,49.0,33.0,157
spring,2011,2,19,0,5,1,clear,6.1,2.0,52.0,30.0,90
spring,2011,2,20,0,5,1,clear,6.1,1.0,49.0,41.0,62
spring,2011,2,21,0,5,1,clear,5.16,1.0,48.0,26.0,63
spring,2011,2,22,0,5,1,clear,4.22,-2.0,48.0,30.0,50
spring,2011,2,23,0,5,1,clear,4.22,-1.0,48.0,22.0,39
spring,2011,2,0,0,6,0,clear,3.28,-1.0,52.0,13.0,28
spring,2011,2,1,0,6,0,clear,3.28,-2.0,52.0,20.0,27
spring,2011,2,2,0,6,0,clear,2.34,-3.0,60.0,24.0,12
spring,2011,2,3,0,6,0,clear,2.34,-1.0,55.0,9.0,8
spring,2011,2,4,0,6,0,misty,2.34,1.0,60.0,6.0,2
spring,2011,2,5,0,6,0,misty,2.34,-0.0,64.0,7.0,10
spring,2011,2,6,0,6,0,clear,2.34,2.0,60.0,0.0,7
spring,2011,2,7,0,6,0,clear,2.34,1.0,60.0,6.0,22
spring,2011,2,8,0,6,0,misty,3.28,3.0,60.0,0.0,57
spring,2011,2,9,0,6,0,misty,4.22,1.0,56.0,11.0,74
spring,2011,2,10,0,6,0,misty,6.1,4.0,49.0,9.0,85
spring,2011,2,11,0,6,0,clear,6.1,6.0,45.0,0.0,126
spring,2011,2,12,0,6,0,misty,7.04,5.0,45.0,11.0,160
spring,2011,2,13,0,6,0,misty,7.98,5.0,42.0,17.0,174
spring,2011,2,14,0,6,0,misty,7.98,4.0,36.0,22.0,211
spring,2011,2,15,0,6,0,misty,8.92,6.0,40.0,19.0,165
spring,2011,2,16,0,6,0,clear,8.92,6.0,46.0,19.0,171
spring,2011,2,17,0,6,0,clear,8.92,7.0,43.0,15.0,183
spring,2011,2,18,0,6,0,clear,7.98,6.0,46.0,13.0,137
spring,2011,2,19,0,6,0,clear,7.04,4.0,49.0,17.0,94
spring,2011,2,20,0,6,0,clear,6.1,4.0,56.0,11.0,68
spring,2011,2,21,0,6,0,clear,5.16,2.0,65.0,17.0,68
spring,2011,2,22,0,6,0,clear,5.16,2.0,75.0,15.0,46
spring,2011,2,23,0,6,0,clear,5.16,1.0,75.0,19.0,34
spring,2011,2,0,0,0,0,clear,4.22,-0.0,87.0,19.0,34
spring,2011,2,1,0,0,0,clear,4.22,1.0,87.0,13.0,37
spring,2011,2,2,0,0,0,clear,4.22,2.0,87.0,9.0,22
spring,2011,2,3,0,0,0,clear,4.22,3.0,87.0,6.0,11
spring,2011,2,4,0,0,0,clear,3.28,-0.0,87.0,9.0,2
spring,2011,2,6,0,0,0,clear,3.28,3.0,87.0,0.0,3
spring,2011,2,7,0,0,0,clear,3.28,-0.0,87.0,9.0,14
spring,2011,2,8,0,0,0,clear,4.22,4.0,87.0,0.0,35
spring,2011,2,9,0,0,0,clear,5.16,4.0,87.0,6.0,59
spring,2011,2,10,0,0,0,clear,6.1,4.0,81.0,11.0,103
spring,2011,2,11,0,0,0,clear,8.92,7.0,62.0,9.0,125
spring,2011,2,12,0,0,0,clear,10.8,11.0,54.0,6.0,193
spring,2011,2,13,0,0,0,clear,11.74,12.0,47.0,0.0,259
spring,2011,2,14,0,0,0,clear,12.68,13.0,47.0,6.0,282
spring,2011,2,15,0,0,0,clear,13.62,14.0,44.0,9.0,261
spring,2011,2,16,0,0,0,clear,14.56,15.0,44.0,11.0,268
spring,2011,2,17,0,0,0,clear,11.74,12.0,54.0,13.0,187
spring,2011,2,18,0,0,0,clear,10.8,11.0,54.0,13.0,127
spring,2011,2,19,0,0,0,clear,10.8,11.0,54.0,9.0,102
spring,2011,2,20,0,0,0,clear,10.8,11.0,54.0,6.0,81
spring,2011,2,21,0,0,0,clear,9.86,10.0,62.0,11.0,69
spring,2011,2,22,0,0,0,misty,9.86,10.0,62.0,7.0,69
spring,2011,2,23,0,0,0,misty,8.92,7.0,62.0,11.0,59
spring,2011,2,0,0,1,1,misty,8.92,8.0,66.0,7.0,30
spring,2011,2,1,0,1,1,rain,7.98,4.0,87.0,24.0,8
spring,2011,2,3,0,1,1,rain,7.04,5.0,93.0,11.0,1
spring,2011,2,5,0,1,1,misty,7.98,8.0,93.0,0.0,5
spring,2011,2,6,0,1,1,misty,7.98,7.0,96.0,7.0,28
spring,2011,2,7,0,1,1,misty,8.92,8.0,93.0,7.0,92
spring,2011,2,8,0,1,1,misty,7.98,4.0,93.0,20.0,255
spring,2011,2,9,0,1,1,clear,11.74,12.0,82.0,19.0,142
spring,2011,2,10,0,1,1,misty,16.44,17.0,72.0,33.0,92
spring,2011,2,11,0,1,1,misty,18.32,19.0,64.0,20.0,87
spring,2011,2,12,0,1,1,misty,18.32,19.0,64.0,20.0,36
spring,2011,2,13,0,1,1,rain,13.62,14.0,94.0,15.0,32
spring,2011,2,14,0,1,1,rain,11.74,12.0,100.0,20.0,25
spring,2011,2,15,0,1,1,rain,11.74,12.0,100.0,20.0,35
spring,2011,2,16,0,1,1,rain,11.74,12.0,100.0,9.0,42
spring,2011,2,17,0,1,1,rain,10.8,11.0,100.0,20.0,79
spring,2011,2,18,0,1,1,rain,13.62,14.0,94.0,13.0,131
spring,2011,2,19,0,1,1,rain,12.68,13.0,88.0,41.0,80
spring,2011,2,20,0,1,1,rain,12.68,13.0,88.0,41.0,45
spring,2011,2,21,0,1,1,misty,9.86,10.0,87.0,26.0,80
spring,2011,2,22,0,1,1,rain,7.98,4.0,93.0,28.0,76
spring,2011,2,23,0,1,1,misty,7.04,3.0,81.0,26.0,45
spring,2011,3,0,0,2,1,clear,6.1,2.0,70.0,31.0,7
spring,2011,3,1,0,2,1,clear,4.22,-1.0,70.0,24.0,3
spring,2011,3,2,0,2,1,clear,3.28,-2.0,65.0,26.0,4
spring,2011,3,3,0,2,1,clear,2.34,-2.0,69.0,19.0,2
spring,2011,3,4,0,2,1,clear,2.34,-2.0,69.0,17.0,1
spring,2011,3,5,0,2,1,clear,1.4,-4.0,64.0,19.0,2
spring,2011,3,6,0,2,1,clear,1.4,-4.0,59.0,20.0,46
spring,2011,3,7,0,2,1,clear,1.4,-4.0,59.0,22.0,107
spring,2011,3,8,0,2,1,clear,1.4,-4.0,59.0,26.0,214
spring,2011,3,9,0,2,1,clear,2.34,-3.0,55.0,28.0,124
spring,2011,3,10,0,2,1,clear,3.28,-2.0,52.0,19.0,68
spring,2011,3,11,0,2,1,clear,5.16,2.0,45.0,17.0,56
spring,2011,3,12,0,2,1,clear,6.1,4.0,39.0,9.0,86
spring,2011,3,13,0,2,1,clear,7.04,7.0,39.0,0.0,78
spring,2011,3,14,0,2,1,clear,7.04,6.0,36.0,9.0,79
spring,2011,3,15,0,2,1,clear,7.98,8.0,34.0,0.0,64
spring,2011,3,16,0,2,1,clear,7.98,7.0,34.0,6.0,102
spring,2011,3,17,0,2,1,clear,7.98,7.0,34.0,6.0,242
spring,2011,3,18,0,2,1,clear,7.04,5.0,39.0,13.0,224
spring,2011,3,19,0,2,1,clear,6.1,4.0,49.0,9.0,119
spring,2011,3,20,0,2,1,clear,6.1,5.0,61.0,6.0,88
spring,2011,3,21,0,2,1,clear,4.22,4.0,56.0,0.0,63
spring,2011,3,22,0,2,1,clear,3.28,2.0,62.0,7.0,47
spring,2011,3,23,0,2,1,clear,3.28,-1.0,65.0,15.0,25
spring,2011,3,0,0,3,1,clear,2.34,-1.0,69.0,11.0,8
spring,2011,3,1,0,3,1,clear,2.34,-1.0,69.0,13.0,4
spring,2011,3,2,0,3,1,clear,2.34,-1.0,69.0,13.0,2
spring,2011,3,3,0,3,1,clear,2.34,-2.0,69.0,19.0,4
spring,2011,3,4,0,3,1,clear,1.4,-2.0,75.0,9.0,1
spring,2011,3,5,0,3,1,clear,2.34,-2.0,69.0,15.0,5
spring,2011,3,6,0,3,1,clear,2.34,-2.0,55.0,17.0,40
spring,2011,3,7,0,3,1,clear,2.34,-2.0,64.0,17.0,110
spring,2011,3,8,0,3,1,clear,3.28,-2.0,65.0,19.0,256
spring,2011,3,9,0,3,1,clear,5.16,1.0,56.0,20.0,148
spring,2011,3,10,0,3,1,clear,7.04,4.0,49.0,19.0,76
spring,2011,3,11,0,3,1,clear,7.98,4.0,53.0,22.0,73
spring,2011,3,12,0,3,1,clear,10.8,11.0,43.0,13.0,82
spring,2011,3,13,0,3,1,clear,15.5,16.0,25.0,0.0,125
spring,2011,3,14,0,3,1,clear,16.44,17.0,23.0,20.0,96
spring,2011,3,15,0,3,1,clear,17.38,18.0,19.0,28.0,110
spring,2011,3,16,0,3,1,clear,17.38,18.0,19.0,22.0,139
spring,2011,3,17,0,3,1,clear,15.5,16.0,23.0,19.0,268
spring,2011,3,18,0,3,1,clear,13.62,14.0,23.0,33.0,201
spring,2011,3,19,0,3,1,clear,10.8,11.0,28.0,35.0,150
spring,2011,3,20,0,3,1,clear,8.92,6.0,29.0,28.0,95
spring,2011,3,21,0,3,1,clear,7.98,3.0,29.0,31.0,71
spring,2011,3,22,0,3,1,clear,6.1,1.0,26.0,37.0,48
spring,2011,3,23,0,3,1,clear,4.22,-2.0,30.0,35.0,22
spring,2011,3,0,0,4,1,clear,3.28,-3.0,30.0,31.0,13
spring,2011,3,1,0,4,1,clear,3.28,-3.0,30.0,31.0,1
spring,2011,3,2,0,4,1,clear,1.4,-5.0,27.0,31.0,3
spring,2011,3,3,0,4,1,clear,1.4,-5.0,27.0,31.0,1
spring,2011,3,4,0,4,1,clear,-0.48,-8.0,31.0,33.0,1
spring,2011,3,5,0,4,1,clear,-1.42,-8.0,33.0,20.0,8
spring,2011,3,6,0,4,1,clear,-1.42,-8.0,33.0,20.0,35
spring,2011,3,7,0,4,1,clear,-2.36,-10.0,42.0,28.0,111
spring,2011,3,8,0,4,1,clear,-1.42,-8.0,39.0,20.0,220
spring,2011,3,9,0,4,1,clear,-0.48,-7.0,37.0,19.0,145
spring,2011,3,10,0,4,1,clear,0.46,-4.0,29.0,13.0,56
spring,2011,3,11,0,4,1,clear,1.4,-1.0,29.0,6.0,50
spring,2011,3,12,0,4,1,clear,2.34,-1.0,25.0,9.0,72
spring,2011,3,13,0,4,1,clear,2.34,1.0,25.0,6.0,80
spring,2011,3,14,0,4,1,clear,3.28,1.0,21.0,7.0,78
spring,2011,3,15,0,4,1,clear,3.28,3.0,23.0,0.0,68
spring,2011,3,16,0,4,1,clear,4.22,4.0,23.0,0.0,71
spring,2011,3,17,0,4,1,clear,4.22,4.0,22.0,0.0,202
spring,2011,3,18,0,4,1,clear,3.28,-2.0,35.0,22.0,167
spring,2011,3,19,0,4,1,clear,1.4,-3.0,40.0,17.0,106
spring,2011,3,20,0,4,1,clear,1.4,-1.0,40.0,6.0,70
spring,2011,3,21,0,4,1,clear,0.46,-2.0,40.0,7.0,51
spring,2011,3,22,0,4,1,clear,1.4,1.0,40.0,0.0,53
spring,2011,3,23,0,4,1,misty,0.46,-2.0,43.0,6.0,23
spring,2011,3,0,0,5,1,misty,1.4,-3.0,55.0,13.0,12
spring,2011,3,1,0,5,1,misty,0.46,-4.0,64.0,13.0,4
spring,2011,3,2,0,5,1,misty,0.46,-4.0,64.0,13.0,2
spring,2011,3,3,0,5,1,misty,0.46,-5.0,74.0,17.0,1
spring,2011,3,4,0,5,1,misty,0.46,-4.0,74.0,13.0,1
spring,2011,3,5,0,5,1,misty,-0.48,-4.0,74.0,9.0,7
spring,2011,3,6,0,5,1,misty,-0.48,-3.0,74.0,6.0,29
spring,2011,3,7,0,5,1,clear,-0.48,-4.0,80.0,9.0,83
spring,2011,3,8,0,5,1,clear,0.46,-3.0,74.0,9.0,228
spring,2011,3,9,0,5,1,clear,2.34,-1.0,60.0,9.0,150
spring,2011,3,10,0,5,1,clear,3.28,-1.0,60.0,17.0,66
spring,2011,3,11,0,5,1,clear,5.16,2.0,52.0,15.0,89
spring,2011,3,12,0,5,1,clear,7.04,4.0,43.0,11.0,97
spring,2011,3,13,0,5,1,clear,7.98,5.0,42.0,15.0,87
spring,2011,3,14,0,5,1,clear,8.92,6.0,40.0,19.0,95
spring,2011,3,15,0,5,1,clear,8.92,6.0,40.0,20.0,106
spring,2011,3,16,0,5,1,clear,8.92,7.0,46.0,13.0,118
spring,2011,3,17,0,5,1,misty,8.92,6.0,50.0,17.0,228
spring,2011,3,18,0,5,1,misty,7.98,4.0,53.0,20.0,187
spring,2011,3,19,0,5,1,clear,7.04,4.0,61.0,17.0,107
spring,2011,3,20,0,5,1,misty,6.1,3.0,70.0,13.0,87
spring,2011,3,21,0,5,1,misty,6.1,3.0,70.0,15.0,70
spring,2011,3,22,0,5,1,clear,6.1,3.0,70.0,13.0,44
spring,2011,3,23,0,5,1,misty,6.1,4.0,75.0,11.0,46
spring,2011,3,0,0,6,0,misty,5.16,3.0,81.0,7.0,19
spring,2011,3,1,0,6,0,misty,6.1,5.0,81.0,7.0,25
spring,2011,3,2,0,6,0,misty,6.1,3.0,87.0,13.0,20
spring,2011,3,3,0,6,0,misty,6.1,3.0,87.0,13.0,2
spring,2011,3,4,0,6,0,misty,6.1,4.0,93.0,11.0,1
spring,2011,3,5,0,6,0,misty,6.1,4.0,100.0,9.0,3
spring,2011,3,6,0,6,0,misty,6.1,3.0,100.0,15.0,4
spring,2011,3,7,0,6,0,misty,6.1,2.0,100.0,20.0,15
spring,2011,3,8,0,6,0,misty,6.1,2.0,100.0,20.0,45
spring,2011,3,9,0,6,0,misty,7.04,4.0,93.0,15.0,63
spring,2011,3,10,0,6,0,misty,7.98,6.0,93.0,13.0,103
spring,2011,3,11,0,6,0,misty,10.8,11.0,76.0,15.0,159
spring,2011,3,12,0,6,0,misty,12.68,13.0,67.0,17.0,167
spring,2011,3,13,0,6,0,misty,13.62,14.0,67.0,19.0,190
spring,2011,3,14,0,6,0,misty,14.56,15.0,59.0,19.0,198
spring,2011,3,15,0,6,0,misty,13.62,14.0,63.0,20.0,205
spring,2011,3,16,0,6,0,misty,14.56,15.0,59.0,20.0,204
spring,2011,3,17,0,6,0,misty,14.56,15.0,59.0,24.0,164
spring,2011,3,18,0,6,0,misty,14.56,15.0,59.0,22.0,152
spring,2011,3,19,0,6,0,misty,13.62,14.0,67.0,22.0,89
spring,2011,3,20,0,6,0,misty,12.68,13.0,77.0,22.0,70
spring,2011,3,21,0,6,0,misty,12.68,13.0,72.0,22.0,72
spring,2011,3,22,0,6,0,misty,11.74,12.0,77.0,20.0,63
spring,2011,3,23,0,6,0,misty,12.68,13.0,77.0,20.0,44
spring,2011,3,0,0,0,0,misty,11.74,12.0,77.0,24.0,52
spring,2011,3,1,0,0,0,misty,11.74,12.0,77.0,19.0,39
spring,2011,3,2,0,0,0,misty,10.8,11.0,82.0,19.0,32
spring,2011,3,3,0,0,0,misty,11.74,12.0,82.0,20.0,11
spring,2011,3,4,0,0,0,misty,11.74,12.0,88.0,24.0,3
spring,2011,3,6,0,0,0,misty,11.74,12.0,94.0,24.0,2
spring,2011,3,7,0,0,0,rain,11.74,12.0,100.0,30.0,5
spring,2011,3,8,0,0,0,misty,10.8,11.0,100.0,20.0,9
spring,2011,3,9,0,0,0,misty,11.74,12.0,100.0,19.0,22
spring,2011,3,10,0,0,0,misty,11.74,12.0,100.0,20.0,31
spring,2011,3,11,0,0,0,misty,11.74,12.0,100.0,15.0,62
spring,2011,3,12,0,0,0,misty,13.62,14.0,94.0,22.0,79
spring,2011,3,13,0,0,0,misty,13.62,14.0,94.0,24.0,105
spring,2011,3,14,0,0,0,rain,12.68,13.0,100.0,15.0,39
spring,2011,3,15,0,0,0,rain,12.68,13.0,100.0,15.0,7
spring,2011,3,16,0,0,0,rain,8.92,6.0,100.0,19.0,11
spring,2011,3,17,0,0,0,rain,7.98,4.0,100.0,20.0,25
spring,2011,3,18,0,0,0,rain,7.04,3.0,100.0,24.0,23
spring,2011,3,19,0,0,0,rain,6.1,1.0,100.0,33.0,11
spring,2011,3,20,0,0,0,rain,5.16,-0.0,100.0,28.0,11
spring,2011,3,21,0,0,0,rain,3.28,-4.0,93.0,41.0,7
spring,2011,3,22,0,0,0,misty,2.34,-3.0,100.0,26.0,10
spring,2011,3,23,0,0,0,misty,2.34,-3.0,100.0,28.0,9
spring,2011,3,0,0,1,1,rain,1.4,-4.0,100.0,22.0,4
spring,2011,3,1,0,1,1,rain,1.4,-4.0,100.0,22.0,2
spring,2011,3,3,0,1,1,clear,1.4,-6.0,80.0,39.0,1
spring,2011,3,4,0,1,1,clear,1.4,-6.0,80.0,35.0,1
spring,2011,3,5,0,1,1,clear,1.4,-4.0,75.0,24.0,1
spring,2011,3,6,0,1,1,clear,1.4,-4.0,75.0,26.0,34
spring,2011,3,7,0,1,1,clear,1.4,-5.0,75.0,28.0,91
spring,2011,3,8,0,1,1,clear,1.4,-4.0,75.0,26.0,211
spring,2011,3,9,0,1,1,clear,2.34,-4.0,64.0,31.0,134
spring,2011,3,10,0,1,1,clear,3.28,-2.0,60.0,20.0,58
spring,2011,3,11,0,1,1,clear,4.22,-2.0,48.0,30.0,60
spring,2011,3,12,0,1,1,clear,6.1,2.0,42.0,28.0,96
spring,2011,3,13,0,1,1,clear,7.04,3.0,36.0,26.0,70
spring,2011,3,14,0,1,1,clear,7.04,3.0,36.0,28.0,77
spring,2011,3,15,0,1,1,clear,7.98,4.0,31.0,26.0,96
spring,2011,3,16,0,1,1,clear,7.98,4.0,31.0,24.0,122
spring,2011,3,17,0,1,1,clear,7.98,4.0,29.0,24.0,233
spring,2011,3,18,0,1,1,clear,7.04,4.0,31.0,15.0,233
spring,2011,3,19,0,1,1,clear,6.1,3.0,33.0,15.0,145
spring,2011,3,20,0,1,1,clear,6.1,4.0,33.0,11.0,92
spring,2011,3,21,0,1,1,clear,5.16,2.0,38.0,15.0,54
spring,2011,3,22,0,1,1,clear,4.22,1.0,48.0,11.0,35
spring,2011,3,23,0,1,1,clear,5.16,5.0,48.0,0.0,22
spring,2011,3,0,0,2,1,clear,4.22,3.0,48.0,6.0,10
spring,2011,3,1,0,2,1,clear,3.28,-0.0,52.0,9.0,4
spring,2011,3,2,0,2,1,clear,3.28,-0.0,52.0,9.0,1
spring,2011,3,3,0,2,1,clear,3.28,1.0,52.0,6.0,7
spring,2011,3,4,0,2,1,clear,2.34,2.0,64.0,0.0,2
spring,2011,3,5,0,2,1,clear,1.4,-1.0,69.0,7.0,10
spring,2011,3,6,0,2,1,clear,1.4,1.0,59.0,0.0,45
spring,2011,3,7,0,2,1,clear,0.46,-3.0,64.0,9.0,128
spring,2011,3,8,0,2,1,clear,2.34,-1.0,55.0,13.0,257
spring,2011,3,9,0,2,1,clear,4.22,1.0,41.0,11.0,151
spring,2011,3,10,0,2,1,misty,6.1,3.0,33.0,13.0,71
spring,2011,3,11,0,2,1,misty,8.92,7.0,25.0,11.0,78
spring,2011,3,12,0,2,1,misty,8.92,9.0,23.0,0.0,99
spring,2011,3,13,0,2,1,misty,9.86,10.0,25.0,7.0,98
spring,2011,3,14,0,2,1,misty,9.86,10.0,20.0,0.0,72
spring,2011,3,15,0,2,1,misty,8.92,9.0,18.0,0.0,112
spring,2011,3,16,0,2,1,clear,9.86,10.0,27.0,11.0,108
spring,2011,3,17,0,2,1,clear,8.92,7.0,27.0,15.0,248
spring,2011,3,18,0,2,1,clear,7.98,6.0,27.0,13.0,235
spring,2011,3,19,0,2,1,clear,7.98,7.0,31.0,7.0,150
spring,2011,3,20,0,2,1,clear,7.04,6.0,39.0,6.0,76
spring,2011,3,21,0,2,1,clear,6.1,3.0,49.0,13.0,75
spring,2011,3,22,0,2,1,clear,6.1,3.0,49.0,15.0,55
spring,2011,3,23,0,2,1,clear,5.16,2.0,61.0,13.0,41
spring,2011,3,0,0,3,1,clear,4.22,3.0,65.0,6.0,9
spring,2011,3,1,0,3,1,clear,4.22,2.0,52.0,9.0,4
spring,2011,3,2,0,3,1,clear,4.22,2.0,52.0,9.0,2
spring,2011,3,3,0,3,1,clear,3.28,1.0,70.0,6.0,3
spring,2011,3,4,0,3,1,clear,3.28,1.0,75.0,7.0,2
spring,2011,3,5,0,3,1,misty,3.28,-0.0,81.0,9.0,8
spring,2011,3,6,0,3,1,misty,3.28,1.0,85.0,7.0,49
spring,2011,3,7,0,3,1,misty,3.28,-0.0,87.0,11.0,141
spring,2011,3,8,0,3,1,misty,3.28,-0.0,87.0,9.0,249
spring,2011,3,9,0,3,1,misty,4.22,-0.0,87.0,17.0,141
spring,2011,3,10,0,3,1,misty,6.1,3.0,75.0,17.0,57
spring,2011,3,11,0,3,1,misty,7.04,3.0,76.0,26.0,59
spring,2011,3,12,0,3,1,misty,7.04,4.0,76.0,17.0,98
spring,2011,3,13,0,3,1,misty,7.04,3.0,76.0,24.0,99
spring,2011,3,14,0,3,1,misty,7.98,4.0,76.0,20.0,71
spring,2011,3,15,0,3,1,misty,8.92,6.0,71.0,20.0,79
spring,2011,3,16,0,3,1,misty,7.98,4.0,76.0,22.0,112
spring,2011,3,17,0,3,1,misty,7.98,4.0,76.0,20.0,194
spring,2011,3,18,0,3,1,misty,7.98,5.0,76.0,17.0,188
spring,2011,3,19,0,3,1,misty,7.98,4.0,76.0,22.0,134
spring,2011,3,20,0,3,1,misty,7.04,5.0,87.0,13.0,91
spring,2011,3,21,0,3,1,misty,7.04,4.0,93.0,22.0,62
spring,2011,3,22,0,3,1,rain,7.04,5.0,93.0,11.0,21
spring,2011,3,23,0,3,1,rain,7.98,6.0,93.0,13.0,18
spring,2011,3,0,0,4,1,rain,7.98,5.0,0.0,17.0,3
spring,2011,3,1,0,4,1,rain,7.98,5.0,0.0,17.0,2
spring,2011,3,2,0,4,1,rain,7.98,5.0,0.0,17.0,1
spring,2011,3,5,0,4,1,rain,8.92,7.0,0.0,13.0,3
spring,2011,3,6,0,4,1,rain,8.92,6.0,0.0,22.0,12
spring,2011,3,7,0,4,1,rain,9.86,10.0,0.0,15.0,37
spring,2011,3,8,0,4,1,rain,9.86,10.0,0.0,19.0,44
spring,2011,3,9,0,4,1,rain,10.8,11.0,0.0,15.0,24
spring,2011,3,10,0,4,1,rain,10.8,11.0,0.0,11.0,17
spring,2011,3,11,0,4,1,rain,10.8,11.0,0.0,17.0,11
spring,2011,3,12,0,4,1,rain,11.74,12.0,0.0,15.0,34
spring,2011,3,13,0,4,1,rain,11.74,12.0,0.0,15.0,12
spring,2011,3,14,0,4,1,rain,12.68,13.0,0.0,20.0,12
spring,2011,3,15,0,4,1,rain,12.68,13.0,0.0,15.0,14
spring,2011,3,16,0,4,1,rain,11.74,12.0,0.0,17.0,21
spring,2011,3,17,0,4,1,misty,12.68,13.0,0.0,26.0,111
spring,2011,3,18,0,4,1,rain,12.68,13.0,0.0,24.0,82
spring,2011,3,19,0,4,1,rain,12.68,13.0,0.0,39.0,56
spring,2011,3,20,0,4,1,rain,8.92,6.0,0.0,22.0,38
spring,2011,3,21,0,4,1,rain,8.92,7.0,0.0,15.0,28
spring,2011,3,22,0,4,1,misty,7.98,6.0,0.0,9.0,34
spring,2011,3,23,0,4,1,rain,7.98,7.0,0.0,6.0,27
spring,2011,3,0,0,5,1,misty,7.98,7.0,100.0,6.0,6
spring,2011,3,1,0,5,1,rain,7.98,7.0,100.0,7.0,8
spring,2011,3,2,0,5,1,rain,7.98,7.0,100.0,7.0,5
spring,2011,3,3,0,5,1,misty,7.04,6.0,93.0,6.0,2
spring,2011,3,5,0,5,1,clear,6.1,3.0,81.0,15.0,7
spring,2011,3,6,0,5,1,clear,4.22,-0.0,81.0,19.0,32
spring,2011,3,7,0,5,1,clear,4.22,1.0,70.0,13.0,114
spring,2011,3,8,0,5,1,clear,5.16,2.0,70.0,17.0,259
spring,2011,3,9,0,5,1,misty,6.1,3.0,61.0,19.0,156
spring,2011,3,10,0,5,1,misty,7.04,4.0,57.0,20.0,78
spring,2011,3,11,0,5,1,misty,7.04,4.0,57.0,20.0,81
spring,2011,3,12,0,5,1,misty,7.98,5.0,53.0,17.0,111
spring,2011,3,13,0,5,1,clear,8.92,6.0,53.0,17.0,107
spring,2011,3,14,0,5,1,misty,8.92,6.0,50.0,24.0,89
spring,2011,3,15,0,5,1,misty,7.98,5.0,53.0,17.0,85
spring,2011,3,16,0,5,1,misty,7.98,4.0,49.0,20.0,113
spring,2011,3,17,0,5,1,clear,7.98,5.0,49.0,15.0,223
spring,2011,3,18,0,5,1,clear,7.04,4.0,49.0,22.0,153
spring,2011,3,19,0,5,1,clear,6.1,2.0,56.0,22.0,118
spring,2011,3,20,0,5,1,clear,6.1,4.0,56.0,11.0,76
spring,2011,3,21,0,5,1,misty,6.1,3.0,52.0,17.0,53
spring,2011,3,22,0,5,1,clear,6.1,4.0,52.0,11.0,64
spring,2011,3,23,0,5,1,clear,6.1,3.0,52.0,17.0,37
spring,2011,3,0,0,6,0,clear,4.22,2.0,60.0,9.0,34
spring,2011,3,1,0,6,0,clear,3.28,-1.0,65.0,13.0,18
spring,2011,3,2,0,6,0,clear,3.28,-1.0,65.0,13.0,14
spring,2011,3,3,0,6,0,clear,3.28,-1.0,65.0,17.0,7
spring,2011,3,4,0,6,0,clear,3.28,-1.0,65.0,17.0,1
spring,2011,3,5,0,6,0,clear,2.34,-1.0,69.0,13.0,2
spring,2011,3,6,0,6,0,clear,2.34,-2.0,75.0,17.0,4
spring,2011,3,7,0,6,0,clear,3.28,-1.0,70.0,13.0,23
spring,2011,3,8,0,6,0,clear,4.22,1.0,65.0,11.0,53
spring,2011,3,9,0,6,0,clear,5.16,3.0,65.0,7.0,101
spring,2011,3,10,0,6,0,clear,7.04,4.0,66.0,15.0,99
spring,2011,3,11,0,6,0,clear,7.98,4.0,49.0,22.0,119
spring,2011,3,12,0,6,0,clear,7.98,5.0,53.0,19.0,158
spring,2011,3,13,0,6,0,clear,8.92,6.0,51.0,24.0,157
spring,2011,3,14,0,6,0,clear,10.8,11.0,50.0,30.0,166
spring,2011,3,15,0,6,0,clear,11.74,12.0,44.0,33.0,182
spring,2011,3,16,0,6,0,clear,13.62,14.0,41.0,30.0,244
spring,2011,3,17,0,6,0,clear,13.62,14.0,44.0,22.0,213
spring,2011,3,18,0,6,0,clear,11.74,12.0,54.0,11.0,145
spring,2011,3,19,0,6,0,clear,11.74,12.0,54.0,6.0,112
spring,2011,3,20,0,6,0,clear,10.8,11.0,58.0,7.0,86
spring,2011,3,21,0,6,0,clear,9.86,10.0,62.0,0.0,82
spring,2011,3,22,0,6,0,clear,8.92,9.0,71.0,0.0,63
spring,2011,3,23,0,6,0,clear,9.86,10.0,66.0,6.0,49
spring,2011,3,0,0,0,0,clear,9.86,10.0,62.0,7.0,38
spring,2011,3,1,0,0,0,clear,8.92,7.0,66.0,9.0,33
spring,2011,3,3,0,0,0,clear,7.98,6.0,76.0,9.0,23
spring,2011,3,4,0,0,0,clear,7.98,6.0,66.0,11.0,13
spring,2011,3,5,0,0,0,clear,8.92,7.0,62.0,9.0,3
spring,2011,3,6,0,0,0,clear,7.98,8.0,66.0,0.0,2
spring,2011,3,7,0,0,0,clear,8.92,7.0,62.0,13.0,10
spring,2011,3,8,0,0,0,clear,10.8,11.0,50.0,20.0,34
spring,2011,3,9,0,0,0,clear,10.8,11.0,50.0,28.0,44
spring,2011,3,10,0,0,0,clear,11.74,12.0,47.0,17.0,122
spring,2011,3,11,0,0,0,clear,12.68,13.0,41.0,28.0,181
spring,2011,3,12,0,0,0,clear,13.62,14.0,38.0,26.0,194
spring,2011,3,13,0,0,0,clear,13.62,14.0,38.0,26.0,221
spring,2011,3,14,0,0,0,clear,13.62,14.0,41.0,20.0,250
spring,2011,3,15,0,0,0,clear,14.56,15.0,39.0,22.0,304
spring,2011,3,16,0,0,0,clear,13.62,14.0,41.0,26.0,256
spring,2011,3,17,0,0,0,clear,12.68,13.0,41.0,24.0,241
spring,2011,3,18,0,0,0,clear,10.8,11.0,43.0,24.0,147
spring,2011,3,19,0,0,0,clear,8.92,6.0,50.0,24.0,101
spring,2011,3,20,0,0,0,clear,7.04,4.0,57.0,20.0,77
spring,2011,3,21,0,0,0,clear,6.1,3.0,56.0,17.0,58
spring,2011,3,22,0,0,0,clear,6.1,2.0,56.0,22.0,37
spring,2011,3,23,0,0,0,clear,4.22,1.0,65.0,15.0,28
spring,2011,3,0,0,1,1,clear,4.22,2.0,65.0,7.0,11
spring,2011,3,1,0,1,1,clear,4.22,3.0,65.0,6.0,1
spring,2011,3,2,0,1,1,clear,4.22,3.0,65.0,6.0,1
spring,2011,3,3,0,1,1,clear,4.22,2.0,65.0,9.0,3
spring,2011,3,5,0,1,1,clear,3.28,-0.0,70.0,9.0,8
spring,2011,3,6,0,1,1,clear,4.22,2.0,65.0,9.0,28
spring,2011,3,7,0,1,1,misty,5.16,5.0,61.0,0.0,88
spring,2011,3,8,0,1,1,misty,6.1,4.0,56.0,9.0,241
spring,2011,3,9,0,1,1,clear,7.04,4.0,53.0,22.0,140
spring,2011,3,10,0,1,1,clear,7.98,5.0,42.0,17.0,84
spring,2011,3,11,0,1,1,clear,8.92,6.0,40.0,17.0,71
spring,2011,3,12,0,1,1,clear,9.86,10.0,37.0,0.0,94
spring,2011,3,13,0,1,1,clear,9.86,10.0,36.0,22.0,75
spring,2011,3,14,0,1,1,misty,9.86,10.0,34.0,0.0,79
spring,2011,3,15,0,1,1,clear,9.86,10.0,37.0,11.0,101
spring,2011,3,16,0,1,1,clear,10.8,11.0,35.0,7.0,107
spring,2011,3,17,0,1,1,clear,9.86,10.0,40.0,13.0,271
spring,2011,3,18,0,1,1,clear,8.92,8.0,40.0,7.0,235
spring,2011,3,19,0,1,1,clear,8.92,7.0,43.0,9.0,150
spring,2011,3,20,0,1,1,clear,7.98,5.0,46.0,15.0,129
spring,2011,3,21,0,1,1,clear,7.98,6.0,46.0,9.0,63
spring,2011,3,22,0,1,1,clear,7.04,6.0,49.0,7.0,47
spring,2011,3,23,0,1,1,clear,7.04,7.0,53.0,0.0,19
spring,2011,3,0,0,2,1,clear,7.04,7.0,53.0,0.0,14
spring,2011,3,1,0,2,1,clear,6.1,4.0,62.0,6.0,10
spring,2011,3,2,0,2,1,clear,6.1,4.0,62.0,6.0,3
spring,2011,3,4,0,2,1,clear,3.28,1.0,75.0,6.0,2
spring,2011,3,5,0,2,1,clear,3.28,-1.0,75.0,13.0,11
spring,2011,3,6,0,2,1,clear,2.34,-1.0,80.0,13.0,35
spring,2011,3,7,0,2,1,clear,3.28,-0.0,75.0,11.0,119
spring,2011,3,8,0,2,1,clear,4.22,3.0,70.0,6.0,282
spring,2011,3,9,0,2,1,misty,6.1,6.0,70.0,0.0,157
spring,2011,3,10,0,2,1,misty,7.04,5.0,66.0,13.0,78
spring,2011,3,11,0,2,1,misty,7.98,5.0,57.0,15.0,78
spring,2011,3,12,0,2,1,misty,8.92,7.0,50.0,15.0,102
spring,2011,3,13,0,2,1,misty,8.92,6.0,57.0,19.0,97
spring,2011,3,14,0,2,1,misty,9.86,10.0,46.0,20.0,88
spring,2011,3,15,0,2,1,misty,9.86,10.0,43.0,19.0,90
spring,2011,3,16,0,2,1,misty,9.86,10.0,46.0,22.0,114
spring,2011,3,17,0,2,1,misty,8.92,7.0,62.0,13.0,217
spring,2011,3,18,0,2,1,misty,8.92,6.0,62.0,20.0,225
spring,2011,3,19,0,2,1,misty,7.98,5.0,71.0,19.0,152
spring,2011,3,20,0,2,1,misty,7.98,5.0,71.0,19.0,88
spring,2011,3,21,0,2,1,rain,7.04,6.0,81.0,7.0,55
spring,2011,3,22,0,2,1,misty,7.04,5.0,87.0,11.0,21
spring,2011,3,23,0,2,1,misty,7.04,5.0,87.0,11.0,18
spring,2011,3,0,0,3,1,rain,6.1,3.0,93.0,17.0,8
spring,2011,3,1,0,3,1,rain,6.1,2.0,100.0,20.0,3
spring,2011,3,3,0,3,1,misty,5.16,2.0,100.0,15.0,3
spring,2011,3,4,0,3,1,misty,6.1,4.0,93.0,11.0,1
spring,2011,3,5,0,3,1,misty,6.1,5.0,93.0,7.0,3
spring,2011,3,6,0,3,1,misty,6.1,5.0,93.0,7.0,31
spring,2011,3,7,0,3,1,misty,6.1,3.0,93.0,13.0,111
spring,2011,3,8,0,3,1,misty,7.04,5.0,93.0,0.0,253
spring,2011,3,9,0,3,1,misty,7.04,6.0,93.0,9.0,154
spring,2011,3,10,0,3,1,misty,8.92,7.0,81.0,11.0,68
spring,2011,3,11,0,3,1,misty,8.92,7.0,81.0,9.0,75
spring,2011,3,12,0,3,1,misty,10.8,11.0,71.0,7.0,88
spring,2011,3,13,0,3,1,misty,10.8,11.0,76.0,9.0,99
spring,2011,3,14,0,3,1,misty,10.8,11.0,76.0,15.0,100
spring,2011,3,15,0,3,1,misty,10.8,11.0,76.0,17.0,101
spring,2011,3,16,0,3,1,misty,10.8,11.0,76.0,11.0,151
spring,2011,3,17,0,3,1,misty,12.68,13.0,54.0,20.0,253
spring,2011,3,18,0,3,1,misty,12.68,13.0,54.0,15.0,237
spring,2011,3,19,0,3,1,misty,12.68,13.0,51.0,22.0,168
spring,2011,3,20,0,3,1,misty,11.74,12.0,54.0,20.0,121
spring,2011,3,21,0,3,1,misty,11.74,12.0,58.0,19.0,78
spring,2011,3,22,0,3,1,misty,10.8,11.0,62.0,26.0,59
spring,2011,3,23,0,3,1,clear,10.8,11.0,65.0,13.0,27
spring,2011,3,0,0,4,1,clear,9.86,10.0,66.0,17.0,23
spring,2011,3,1,0,4,1,clear,8.92,7.0,71.0,15.0,12
spring,2011,3,2,0,4,1,clear,7.98,4.0,71.0,20.0,8
spring,2011,3,3,0,4,1,clear,7.98,6.0,66.0,11.0,2
spring,2011,3,4,0,4,1,clear,7.98,6.0,71.0,13.0,3
spring,2011,3,5,0,4,1,clear,7.04,6.0,76.0,7.0,13
spring,2011,3,6,0,4,1,clear,7.04,5.0,76.0,13.0,51
spring,2011,3,7,0,4,1,clear,7.04,6.0,76.0,9.0,140
spring,2011,3,8,0,4,1,clear,8.92,7.0,66.0,9.0,299
spring,2011,3,9,0,4,1,clear,10.8,11.0,62.0,17.0,185
spring,2011,3,10,0,4,1,clear,12.68,13.0,54.0,22.0,78
spring,2011,3,11,0,4,1,clear,12.68,13.0,54.0,19.0,86
spring,2011,3,12,0,4,1,clear,15.5,16.0,45.0,15.0,105
spring,2011,3,13,0,4,1,misty,16.44,17.0,42.0,6.0,111
spring,2011,3,14,0,4,1,clear,15.5,16.0,45.0,7.0,119
spring,2011,3,15,0,4,1,clear,16.44,17.0,42.0,17.0,125
spring,2011,3,16,0,4,1,clear,15.5,16.0,48.0,19.0,142
spring,2011,3,17,0,4,1,clear,15.5,16.0,42.0,13.0,313
spring,2011,3,18,0,4,1,misty,13.62,14.0,59.0,11.0,310
spring,2011,3,19,0,4,1,clear,12.68,13.0,58.0,13.0,207
spring,2011,3,20,0,4,1,clear,11.74,12.0,67.0,15.0,137
spring,2011,3,21,0,4,1,clear,11.74,12.0,62.0,15.0,138
spring,2011,3,22,0,4,1,clear,10.8,11.0,66.0,15.0,87
spring,2011,3,23,0,4,1,clear,11.74,12.0,62.0,19.0,50
spring,2011,3,0,0,5,1,clear,11.74,12.0,58.0,19.0,29
spring,2011,3,1,0,5,1,clear,10.8,11.0,62.0,17.0,16
spring,2011,3,2,0,5,1,clear,10.8,11.0,62.0,13.0,14
spring,2011,3,3,0,5,1,clear,8.92,7.0,71.0,13.0,5
spring,2011,3,5,0,5,1,clear,9.86,10.0,66.0,11.0,10
spring,2011,3,6,0,5,1,clear,10.8,11.0,66.0,13.0,36
spring,2011,3,7,0,5,1,clear,10.8,11.0,66.0,13.0,123
spring,2011,3,8,0,5,1,clear,11.74,12.0,67.0,17.0,280
spring,2011,3,9,0,5,1,clear,13.62,14.0,63.0,15.0,210
spring,2011,3,10,0,5,1,clear,16.44,17.0,53.0,19.0,117
spring,2011,3,11,0,5,1,clear,17.38,18.0,52.0,19.0,159
spring,2011,3,12,0,5,1,misty,18.32,19.0,49.0,24.0,195
spring,2011,3,13,0,5,1,clear,22.08,25.0,41.0,19.0,175
spring,2011,3,14,0,5,1,clear,23.02,25.0,39.0,17.0,174
spring,2011,3,15,0,5,1,misty,23.96,26.0,39.0,24.0,173
spring,2011,3,16,0,5,1,clear,23.96,26.0,39.0,19.0,204
spring,2011,3,17,0,5,1,clear,24.9,26.0,37.0,22.0,332
spring,2011,3,18,0,5,1,clear,23.96,26.0,39.0,11.0,331
spring,2011,3,19,0,5,1,clear,23.02,25.0,44.0,9.0,190
spring,2011,3,20,0,5,1,clear,21.14,25.0,46.0,9.0,149
spring,2011,3,21,0,5,1,clear,21.14,25.0,46.0,7.0,113
spring,2011,3,22,0,5,1,clear,21.14,25.0,50.0,11.0,118
spring,2011,3,23,0,5,1,misty,20.2,25.0,53.0,15.0,86
spring,2011,3,0,0,6,0,misty,20.2,25.0,53.0,17.0,76
spring,2011,3,1,0,6,0,misty,19.26,20.0,46.0,24.0,51
spring,2011,3,2,0,6,0,misty,18.32,19.0,43.0,15.0,25
spring,2011,3,3,0,6,0,misty,17.38,18.0,39.0,22.0,8
spring,2011,3,4,0,6,0,clear,16.44,17.0,34.0,28.0,3
spring,2011,3,5,0,6,0,clear,16.44,17.0,34.0,28.0,2
spring,2011,3,6,0,6,0,clear,12.68,13.0,44.0,28.0,10
spring,2011,3,7,0,6,0,clear,10.8,11.0,50.0,22.0,13
spring,2011,3,8,0,6,0,clear,11.74,12.0,47.0,33.0,48
spring,2011,3,9,0,6,0,clear,11.74,12.0,44.0,31.0,76
spring,2011,3,10,0,6,0,clear,12.68,13.0,38.0,28.0,140
spring,2011,3,11,0,6,0,clear,13.62,14.0,36.0,30.0,196
spring,2011,3,12,0,6,0,clear,13.62,14.0,33.0,28.0,267
spring,2011,3,13,0,6,0,clear,15.5,16.0,34.0,31.0,301
spring,2011,3,14,0,6,0,clear,15.5,16.0,31.0,33.0,312
spring,2011,3,15,0,6,0,clear,15.5,16.0,29.0,28.0,313
spring,2011,3,16,0,6,0,clear,15.5,16.0,31.0,26.0,304
spring,2011,3,17,0,6,0,clear,14.56,15.0,31.0,22.0,278
spring,2011,3,18,0,6,0,clear,13.62,14.0,31.0,22.0,217
spring,2011,3,19,0,6,0,clear,12.68,13.0,33.0,19.0,154
spring,2011,3,20,0,6,0,clear,11.74,12.0,35.0,15.0,108
spring,2011,3,21,0,6,0,clear,10.8,11.0,37.0,20.0,93
spring,2011,3,22,0,6,0,clear,10.8,11.0,37.0,22.0,72
spring,2011,3,23,0,6,0,clear,9.86,10.0,40.0,20.0,50
spring,2011,3,0,0,0,0,clear,7.98,4.0,49.0,28.0,40
spring,2011,3,1,0,0,0,clear,7.04,3.0,53.0,24.0,24
spring,2011,3,2,0,0,0,clear,6.1,3.0,52.0,19.0,30
spring,2011,3,3,0,0,0,clear,5.16,2.0,56.0,17.0,12
spring,2011,3,4,0,0,0,clear,4.22,1.0,56.0,15.0,3
spring,2011,3,5,0,0,0,clear,4.22,1.0,60.0,13.0,9
spring,2011,3,6,0,0,0,clear,4.22,1.0,60.0,15.0,4
spring,2011,3,7,0,0,0,clear,3.28,-1.0,60.0,15.0,14
spring,2011,3,8,0,0,0,clear,5.16,2.0,56.0,11.0,37
spring,2011,3,9,0,0,0,clear,6.1,4.0,52.0,9.0,78
spring,2011,3,10,0,0,0,misty,7.04,7.0,45.0,0.0,136
spring,2011,3,11,0,0,0,clear,7.98,7.0,39.0,7.0,203
spring,2011,3,12,0,0,0,clear,8.92,8.0,40.0,7.0,228
spring,2011,3,13,0,0,0,clear,9.86,10.0,34.0,0.0,203
spring,2011,3,14,0,0,0,clear,10.8,11.0,30.0,0.0,279
spring,2011,3,15,0,0,0,clear,10.8,11.0,32.0,6.0,308
spring,2011,3,16,0,0,0,clear,11.74,12.0,32.0,0.0,224
spring,2011,3,17,0,0,0,clear,10.8,11.0,35.0,19.0,226
spring,2011,3,18,0,0,0,clear,9.86,10.0,40.0,24.0,156
spring,2011,3,19,0,0,0,clear,8.92,6.0,43.0,19.0,79
spring,2011,3,20,0,0,0,clear,8.92,6.0,46.0,19.0,67
spring,2011,3,21,0,0,0,misty,7.98,5.0,53.0,19.0,49
spring,2011,3,22,0,0,0,misty,7.98,4.0,53.0,22.0,38
spring,2011,3,23,0,0,0,rain,7.98,4.0,61.0,26.0,24
summer,2011,3,0,0,1,1,rain,7.98,4.0,66.0,26.0,13
summer,2011,3,1,0,1,1,misty,7.98,4.0,71.0,26.0,7
summer,2011,3,2,0,1,1,misty,7.98,4.0,71.0,22.0,6
summer,2011,3,3,0,1,1,misty,7.98,4.0,71.0,22.0,1
summer,2011,3,5,0,1,1,clear,7.04,4.0,81.0,20.0,2
summer,2011,3,6,0,1,1,rain,7.04,4.0,76.0,17.0,32
summer,2011,3,7,0,1,1,rain,6.1,2.0,87.0,28.0,18
summer,2011,3,8,0,1,1,misty,6.1,2.0,87.0,28.0,98
summer,2011,3,9,0,1,1,misty,7.98,4.0,81.0,22.0,127
summer,2011,3,10,0,1,1,misty,9.86,10.0,76.0,26.0,62
summer,2011,3,11,0,1,1,misty,11.74,12.0,71.0,20.0,79
summer,2011,3,12,0,1,1,misty,12.68,13.0,77.0,17.0,81
summer,2011,3,13,0,1,1,misty,15.5,16.0,63.0,15.0,112
summer,2011,3,14,0,1,1,misty,17.38,18.0,64.0,15.0,101
summer,2011,3,15,0,1,1,misty,18.32,19.0,60.0,15.0,107
summer,2011,3,16,0,1,1,misty,17.38,18.0,64.0,19.0,141
summer,2011,3,17,0,1,1,misty,17.38,18.0,64.0,17.0,272
summer,2011,3,18,0,1,1,misty,16.44,17.0,72.0,15.0,276
summer,2011,3,19,0,1,1,clear,19.26,20.0,60.0,28.0,221
summer,2011,3,20,0,1,1,clear,18.32,19.0,64.0,13.0,122
summer,2011,3,21,0,1,1,clear,13.62,14.0,94.0,13.0,91
summer,2011,3,22,0,1,1,clear,13.62,14.0,88.0,15.0,78
summer,2011,3,23,0,1,1,clear,13.62,14.0,88.0,6.0,30
summer,2011,3,0,0,2,1,clear,13.62,14.0,88.0,13.0,11
summer,2011,3,1,0,2,1,clear,11.74,12.0,100.0,9.0,19
summer,2011,3,2,0,2,1,clear,12.68,13.0,94.0,6.0,1
summer,2011,3,3,0,2,1,clear,12.68,13.0,82.0,15.0,5
summer,2011,3,4,0,2,1,misty,11.74,12.0,82.0,11.0,1
summer,2011,3,5,0,2,1,misty,10.8,11.0,87.0,9.0,12
summer,2011,3,6,0,2,1,clear,10.8,11.0,87.0,17.0,60
summer,2011,3,7,0,2,1,misty,10.8,11.0,76.0,7.0,136
summer,2011,3,8,0,2,1,misty,10.8,11.0,58.0,20.0,336
summer,2011,3,9,0,2,1,misty,10.8,11.0,58.0,31.0,178
summer,2011,3,10,0,2,1,misty,12.68,13.0,54.0,20.0,124
summer,2011,3,11,0,2,1,clear,12.68,13.0,51.0,22.0,86
summer,2011,3,12,0,2,1,clear,13.62,14.0,47.0,17.0,121
summer,2011,3,13,0,2,1,clear,15.5,16.0,45.0,15.0,106
summer,2011,3,14,0,2,1,clear,15.5,16.0,42.0,22.0,101
summer,2011,3,15,0,2,1,clear,15.5,16.0,42.0,15.0,134
summer,2011,3,16,0,2,1,clear,15.5,16.0,42.0,7.0,165
summer,2011,3,17,0,2,1,clear,15.5,16.0,42.0,7.0,307
summer,2011,3,18,0,2,1,clear,14.56,15.0,44.0,6.0,312
summer,2011,3,19,0,2,1,misty,12.68,13.0,54.0,17.0,164
summer,2011,3,20,0,2,1,misty,12.68,13.0,54.0,24.0,135
summer,2011,3,21,0,2,1,misty,11.74,12.0,54.0,19.0,87
summer,2011,3,22,0,2,1,misty,10.8,11.0,58.0,17.0,70
summer,2011,3,23,0,2,1,misty,10.8,11.0,58.0,17.0,32
summer,2011,3,0,0,3,1,rain,8.92,7.0,71.0,15.0,11
summer,2011,3,1,0,3,1,rain,7.98,5.0,76.0,15.0,7
summer,2011,3,2,0,3,1,rain,7.98,5.0,76.0,15.0,2
summer,2011,3,3,0,3,1,misty,7.98,5.0,76.0,17.0,3
summer,2011,3,5,0,3,1,rain,7.04,5.0,87.0,13.0,10
summer,2011,3,6,0,3,1,misty,7.98,5.0,87.0,17.0,44
summer,2011,3,7,0,3,1,misty,7.04,4.0,93.0,15.0,118
summer,2011,3,8,0,3,1,misty,7.04,5.0,87.0,13.0,261
summer,2011,3,9,0,3,1,misty,7.04,4.0,81.0,17.0,182
summer,2011,3,10,0,3,1,misty,7.98,5.0,81.0,19.0,75
summer,2011,3,11,0,3,1,misty,7.98,6.0,87.0,13.0,71
summer,2011,3,12,0,3,1,misty,7.98,5.0,87.0,15.0,87
summer,2011,3,13,0,3,1,rain,7.98,6.0,87.0,9.0,108
summer,2011,3,14,0,3,1,misty,8.92,8.0,87.0,7.0,84
summer,2011,3,15,0,3,1,misty,9.86,10.0,82.0,15.0,85
summer,2011,3,16,0,3,1,misty,10.8,11.0,76.0,15.0,136
summer,2011,3,17,0,3,1,misty,10.8,11.0,76.0,15.0,273
summer,2011,3,18,0,3,1,rain,9.86,10.0,82.0,17.0,238
summer,2011,3,19,0,3,1,rain,9.86,10.0,82.0,17.0,159
summer,2011,3,20,0,3,1,rain,8.92,4.0,87.0,43.0,75
summer,2011,3,21,0,3,1,rain,7.04,3.0,100.0,28.0,22
summer,2011,3,22,0,3,1,misty,7.04,5.0,93.0,11.0,44
summer,2011,3,23,0,3,1,rain,7.04,6.0,90.0,0.0,26
summer,2011,3,0,0,4,1,misty,7.04,4.0,93.0,15.0,11
summer,2011,3,1,0,4,1,misty,6.1,3.0,100.0,15.0,3
summer,2011,3,2,0,4,1,misty,6.1,3.0,100.0,17.0,6
summer,2011,3,3,0,4,1,misty,5.16,2.0,100.0,13.0,1
summer,2011,3,4,0,4,1,misty,5.16,2.0,100.0,13.0,1
summer,2011,3,5,0,4,1,misty,5.16,2.0,93.0,15.0,9
summer,2011,3,6,0,4,1,misty,5.16,2.0,93.0,15.0,41
summer,2011,3,7,0,4,1,rain,4.22,1.0,100.0,15.0,108
summer,2011,3,8,0,4,1,rain,4.22,-1.0,100.0,20.0,124
summer,2011,3,9,0,4,1,misty,4.22,1.0,93.0,15.0,97
summer,2011,3,10,0,4,1,misty,4.22,-1.0,93.0,22.0,65
summer,2011,3,11,0,4,1,misty,6.1,2.0,81.0,20.0,71
summer,2011,3,12,0,4,1,misty,6.1,2.0,70.0,22.0,94
summer,2011,3,13,0,4,1,misty,7.04,4.0,70.0,15.0,101
summer,2011,3,14,0,4,1,misty,6.1,4.0,70.0,9.0,83
summer,2011,3,15,0,4,1,misty,6.1,3.0,70.0,17.0,90
summer,2011,3,16,0,4,1,misty,6.1,3.0,65.0,15.0,84
summer,2011,3,17,0,4,1,misty,6.1,3.0,70.0,15.0,233
summer,2011,3,18,0,4,1,misty,6.1,2.0,61.0,20.0,214
summer,2011,3,19,0,4,1,clear,6.1,2.0,56.0,26.0,138
summer,2011,3,20,0,4,1,clear,5.16,1.0,61.0,19.0,118
summer,2011,3,21,0,4,1,clear,4.22,1.0,65.0,15.0,78
summer,2011,3,22,0,4,1,clear,4.22,1.0,65.0,11.0,62
summer,2011,3,23,0,4,1,clear,3.28,-1.0,65.0,13.0,33
summer,2011,3,0,0,5,1,clear,3.28,-1.0,60.0,13.0,18
summer,2011,3,1,0,5,1,clear,1.4,-2.0,69.0,11.0,5
summer,2011,3,2,0,5,1,clear,1.4,-3.0,69.0,15.0,5
summer,2011,3,3,0,5,1,clear,1.4,-1.0,69.0,7.0,2
summer,2011,3,4,0,5,1,clear,0.46,-2.0,74.0,7.0,5
summer,2011,3,5,0,5,1,clear,0.46,-3.0,74.0,11.0,9
summer,2011,3,6,0,5,1,clear,0.46,-4.0,74.0,15.0,32
summer,2011,3,7,0,5,1,clear,1.4,-4.0,59.0,24.0,104
summer,2011,3,8,0,5,1,clear,2.34,-2.0,51.0,19.0,237
summer,2011,3,9,0,5,1,clear,3.28,-2.0,48.0,20.0,166
summer,2011,3,10,0,5,1,clear,4.22,1.0,48.0,0.0,68
summer,2011,3,11,0,5,1,clear,6.1,3.0,45.0,19.0,75
summer,2011,3,12,0,5,1,clear,7.04,4.0,42.0,17.0,145
summer,2011,3,13,0,5,1,clear,7.04,5.0,39.0,13.0,138
summer,2011,3,14,0,5,1,clear,8.92,6.0,32.0,22.0,133
summer,2011,3,15,0,5,1,misty,7.98,5.0,36.0,17.0,122
summer,2011,3,16,0,5,1,misty,7.98,4.0,34.0,20.0,150
summer,2011,3,17,0,5,1,misty,7.04,3.0,36.0,24.0,225
summer,2011,3,18,0,5,1,clear,6.1,3.0,39.0,17.0,198
summer,2011,3,19,0,5,1,misty,6.1,3.0,36.0,19.0,135
summer,2011,3,20,0,5,1,misty,6.1,4.0,39.0,9.0,81
summer,2011,3,21,0,5,1,misty,6.1,4.0,39.0,11.0,75
summer,2011,3,22,0,5,1,misty,5.16,1.0,38.0,22.0,43
summer,2011,3,23,0,5,1,misty,4.22,-0.0,38.0,19.0,39
summer,2011,3,0,0,6,0,misty,4.22,-0.0,38.0,19.0,28
summer,2011,3,1,0,6,0,clear,4.22,-1.0,38.0,20.0,27
summer,2011,3,2,0,6,0,clear,2.34,-2.0,44.0,15.0,25
summer,2011,3,3,0,6,0,clear,1.4,-3.0,47.0,13.0,9
summer,2011,3,4,0,6,0,clear,2.34,-2.0,44.0,15.0,6
summer,2011,3,5,0,6,0,clear,1.4,-3.0,51.0,13.0,8
summer,2011,3,6,0,6,0,clear,0.46,-4.0,55.0,13.0,10
summer,2011,3,7,0,6,0,clear,1.4,-3.0,51.0,13.0,41
summer,2011,3,8,0,6,0,clear,2.34,-1.0,44.0,9.0,66
summer,2011,3,9,0,6,0,clear,3.28,-0.0,41.0,9.0,100
summer,2011,3,10,0,6,0,clear,4.22,1.0,41.0,11.0,125
summer,2011,3,11,0,6,0,clear,5.16,2.0,38.0,11.0,168
summer,2011,3,12,0,6,0,clear,6.1,3.0,36.0,13.0,227
summer,2011,3,13,0,6,0,clear,7.04,4.0,33.0,15.0,239
summer,2011,3,14,0,6,0,clear,7.98,5.0,29.0,15.0,216
summer,2011,3,15,0,6,0,clear,7.98,6.0,29.0,13.0,219
summer,2011,3,16,0,6,0,clear,7.98,6.0,23.0,13.0,248
summer,2011,3,17,0,6,0,clear,7.04,4.0,24.0,15.0,203
summer,2011,3,18,0,6,0,misty,7.04,5.0,21.0,11.0,153
summer,2011,3,19,0,6,0,misty,5.16,2.0,45.0,17.0,138
summer,2011,3,20,0,6,0,misty,5.16,2.0,45.0,17.0,85
summer,2011,3,21,0,6,0,misty,4.22,1.0,44.0,13.0,51
summer,2011,3,22,0,6,0,misty,5.16,2.0,41.0,15.0,63
summer,2011,3,23,0,6,0,misty,4.22,-0.0,44.0,19.0,41
summer,2011,3,0,0,0,0,misty,4.22,1.0,41.0,11.0,31
summer,2011,3,1,0,0,0,misty,3.28,-1.0,52.0,13.0,20
summer,2011,3,2,0,0,0,rain,2.34,-1.0,55.0,13.0,21
summer,2011,3,3,0,0,0,rain,1.4,-3.0,69.0,15.0,14
summer,2011,3,4,0,0,0,rain,0.46,-3.0,74.0,11.0,6
summer,2011,3,6,0,0,0,rain,-0.48,-4.0,86.0,9.0,2
summer,2011,3,7,0,0,0,rain,-0.48,-5.0,86.0,11.0,7
summer,2011,3,8,0,0,0,clear,1.4,-3.0,69.0,15.0,14
summer,2011,3,9,0,0,0,clear,2.34,-1.0,55.0,9.0,54
summer,2011,3,10,0,0,0,misty,2.34,-2.0,55.0,15.0,86
summer,2011,3,11,0,0,0,misty,3.28,-0.0,48.0,11.0,108
summer,2011,3,12,0,0,0,misty,4.22,1.0,44.0,15.0,163
summer,2011,3,13,0,0,0,clear,6.1,3.0,39.0,15.0,147
summer,2011,3,14,0,0,0,clear,7.04,5.0,36.0,11.0,164
summer,2011,3,15,0,0,0,clear,7.04,4.0,36.0,19.0,172
summer,2011,3,16,0,0,0,clear,7.98,6.0,34.0,0.0,143
summer,2011,3,17,0,0,0,clear,7.04,4.0,31.0,17.0,159
summer,2011,3,18,0,0,0,clear,6.1,3.0,33.0,13.0,137
summer,2011,3,19,0,0,0,clear,6.1,3.0,31.0,15.0,103
summer,2011,3,20,0,0,0,clear,5.16,2.0,36.0,11.0,57
summer,2011,3,21,0,0,0,clear,4.22,1.0,41.0,11.0,36
summer,2011,3,22,0,0,0,clear,4.22,1.0,41.0,11.0,30
summer,2011,3,23,0,0,0,clear,4.22,1.0,44.0,13.0,19
summer,2011,3,0,0,1,1,clear,2.34,-1.0,55.0,13.0,12
summer,2011,3,1,0,1,1,clear,2.34,-1.0,44.0,13.0,6
summer,2011,3,2,0,1,1,clear,2.34,-1.0,44.0,11.0,5
summer,2011,3,3,0,1,1,clear,2.34,-1.0,44.0,11.0,2
summer,2011,3,5,0,1,1,clear,0.46,-4.0,43.0,13.0,8
summer,2011,3,6,0,1,1,clear,0.46,-5.0,34.0,19.0,40
summer,2011,3,7,0,1,1,clear,1.4,-4.0,32.0,22.0,110
summer,2011,3,8,0,1,1,clear,1.4,-3.0,34.0,15.0,254
summer,2011,3,9,0,1,1,misty,2.34,-2.0,32.0,15.0,121
summer,2011,3,10,0,1,1,clear,3.28,-1.0,30.0,13.0,69
summer,2011,3,11,0,1,1,misty,4.22,-0.0,30.0,19.0,57
summer,2011,3,12,0,1,1,misty,4.22,2.0,25.0,0.0,79
summer,2011,3,13,0,1,1,misty,6.1,3.0,24.0,15.0,83
summer,2011,3,14,0,1,1,clear,7.04,4.0,22.0,15.0,80
summer,2011,3,15,0,1,1,clear,7.04,4.0,24.0,19.0,72
summer,2011,3,16,0,1,1,clear,7.98,5.0,23.0,15.0,132
summer,2011,3,17,0,1,1,clear,7.98,4.0,23.0,20.0,252
summer,2011,3,18,0,1,1,clear,7.04,4.0,21.0,19.0,241
summer,2011,3,19,0,1,1,clear,6.1,4.0,22.0,9.0,173
summer,2011,3,20,0,1,1,clear,7.04,6.0,22.0,7.0,112
summer,2011,3,21,0,1,1,clear,7.04,6.0,21.0,9.0,61
summer,2011,3,22,0,1,1,clear,6.1,3.0,22.0,15.0,40
summer,2011,3,23,0,1,1,clear,5.16,1.0,24.0,20.0,19
summer,2011,3,0,0,2,1,clear,4.22,-1.0,28.0,22.0,16
summer,2011,3,1,0,2,1,clear,3.28,-2.0,32.0,20.0,4
summer,2011,3,2,0,2,1,clear,3.28,-2.0,32.0,20.0,3
summer,2011,3,3,0,2,1,clear,3.28,-2.0,32.0,20.0,3
summer,2011,3,4,0,2,1,clear,1.4,-2.0,44.0,11.0,2
summer,2011,3,5,0,2,1,clear,2.34,-2.0,37.0,17.0,8
summer,2011,3,6,0,2,1,clear,2.34,-2.0,41.0,20.0,50
summer,2011,3,7,0,2,1,clear,2.34,-3.0,41.0,24.0,133
summer,2011,3,8,0,2,1,clear,3.28,-2.0,35.0,24.0,287
summer,2011,3,9,0,2,1,clear,5.16,1.0,28.0,26.0,172
summer,2011,3,10,0,2,1,clear,6.1,2.0,24.0,20.0,59
summer,2011,3,11,0,2,1,misty,7.98,4.0,25.0,26.0,81
summer,2011,3,12,0,2,1,clear,7.98,6.0,25.0,11.0,106
summer,2011,3,13,0,2,1,clear,7.98,4.0,25.0,20.0,104
summer,2011,3,14,0,2,1,clear,8.92,6.0,25.0,17.0,86
summer,2011,3,15,0,2,1,clear,9.86,10.0,25.0,15.0,87
summer,2011,3,16,0,2,1,clear,9.86,10.0,22.0,11.0,136
summer,2011,3,17,0,2,1,clear,10.8,11.0,20.0,9.0,299
summer,2011,3,18,0,2,1,clear,8.92,8.0,21.0,6.0,294
summer,2011,3,19,0,2,1,clear,7.98,6.0,23.0,13.0,190
summer,2011,3,20,0,2,1,clear,8.92,8.0,21.0,6.0,132
summer,2011,3,21,0,2,1,clear,7.98,8.0,42.0,0.0,83
summer,2011,3,22,0,2,1,clear,7.98,8.0,49.0,0.0,55
summer,2011,3,23,0,2,1,misty,7.04,6.0,57.0,7.0,35
summer,2011,3,0,0,3,1,misty,7.04,7.0,57.0,0.0,11
summer,2011,3,1,0,3,1,clear,7.04,7.0,39.0,0.0,10
summer,2011,3,2,0,3,1,misty,7.04,7.0,57.0,0.0,4
summer,2011,3,3,0,3,1,misty,7.04,7.0,49.0,0.0,4
summer,2011,3,4,0,3,1,misty,7.04,7.0,57.0,0.0,1
summer,2011,3,5,0,3,1,misty,6.1,3.0,56.0,13.0,7
summer,2011,3,6,0,3,1,misty,6.1,4.0,49.0,9.0,48
summer,2011,3,7,0,3,1,misty,7.04,6.0,45.0,7.0,136
summer,2011,3,8,0,3,1,misty,7.04,5.0,49.0,11.0,263
summer,2011,3,9,0,3,1,misty,7.04,4.0,45.0,15.0,154
summer,2011,3,10,0,3,1,misty,7.98,5.0,46.0,15.0,64
summer,2011,3,11,0,3,1,misty,7.98,5.0,46.0,17.0,90
summer,2011,3,12,0,3,1,misty,7.98,6.0,46.0,11.0,80
summer,2011,3,13,0,3,1,misty,8.92,7.0,46.0,15.0,98
summer,2011,3,14,0,3,1,misty,8.92,6.0,46.0,20.0,80
summer,2011,3,15,0,3,1,rain,5.16,1.0,81.0,20.0,70
summer,2011,3,16,0,3,1,rain,5.16,2.0,87.0,17.0,36
summer,2011,3,17,0,3,1,rain,4.22,2.0,93.0,7.0,116
summer,2011,3,18,0,3,1,misty,4.22,1.0,93.0,15.0,85
summer,2011,3,19,0,3,1,misty,4.22,1.0,93.0,15.0,72
summer,2011,3,20,0,3,1,rain,3.28,-2.0,93.0,20.0,44
summer,2011,3,21,0,3,1,misty,3.28,-1.0,93.0,17.0,27
summer,2011,3,22,0,3,1,rain,3.28,-1.0,93.0,15.0,24
summer,2011,3,23,0,3,1,rain,3.28,-2.0,93.0,19.0,12
summer,2011,3,0,0,4,1,rain,3.28,-1.0,93.0,15.0,3
summer,2011,3,1,0,4,1,rain,3.28,-1.0,93.0,13.0,5
summer,2011,3,2,0,4,1,rain,3.28,-1.0,93.0,13.0,5
summer,2011,3,3,0,4,1,rain,3.28,-1.0,93.0,15.0,1
summer,2011,3,4,0,4,1,rain,3.28,-1.0,93.0,17.0,2
summer,2011,3,5,0,4,1,rain,3.28,-1.0,93.0,15.0,8
summer,2011,3,6,0,4,1,rain,3.28,-2.0,93.0,20.0,36
summer,2011,3,7,0,4,1,rain,3.28,-1.0,93.0,17.0,92
summer,2011,3,8,0,4,1,misty,3.28,-1.0,100.0,17.0,192
summer,2011,3,9,0,4,1,rain,4.22,-0.0,93.0,17.0,132
summer,2011,3,10,0,4,1,rain,4.22,-0.0,93.0,17.0,69
summer,2011,3,11,0,4,1,rain,5.16,2.0,93.0,13.0,58
summer,2011,3,12,0,4,1,rain,5.16,2.0,93.0,13.0,90
summer,2011,3,13,0,4,1,rain,6.1,4.0,87.0,9.0,68
summer,2011,3,14,0,4,1,rain,6.1,4.0,87.0,9.0,76
summer,2011,3,15,0,4,1,rain,6.1,2.0,87.0,20.0,65
summer,2011,3,16,0,4,1,misty,6.1,3.0,87.0,17.0,85
summer,2011,3,17,0,4,1,misty,6.1,3.0,87.0,17.0,168
summer,2011,3,18,0,4,1,misty,6.1,4.0,87.0,9.0,177
summer,2011,3,19,0,4,1,misty,6.1,4.0,87.0,9.0,130
summer,2011,3,20,0,4,1,rain,5.16,1.0,93.0,19.0,85
summer,2011,3,21,0,4,1,misty,5.16,2.0,93.0,11.0,60
summer,2011,3,22,0,4,1,rain,5.16,2.0,93.0,17.0,51
summer,2011,3,23,0,4,1,rain,4.22,1.0,100.0,11.0,27
summer,2011,4,0,0,5,1,rain,4.22,1.0,100.0,11.0,6
summer,2011,4,1,0,5,1,rain,4.22,1.0,100.0,11.0,4
summer,2011,4,2,0,5,1,rain,4.22,1.0,93.0,13.0,7
summer,2011,4,3,0,5,1,misty,3.28,-1.0,93.0,17.0,4
summer,2011,4,4,0,5,1,misty,3.28,-1.0,93.0,17.0,3
summer,2011,4,5,0,5,1,rain,3.28,-1.0,93.0,15.0,12
summer,2011,4,6,0,5,1,rain,3.28,-1.0,93.0,15.0,28
summer,2011,4,7,0,5,1,rain,3.28,-0.0,93.0,0.0,95
summer,2011,4,8,0,5,1,misty,4.22,-0.0,87.0,17.0,206
summer,2011,4,9,0,5,1,clear,7.04,3.0,70.0,24.0,173
summer,2011,4,10,0,5,1,clear,7.04,4.0,66.0,19.0,75
summer,2011,4,11,0,5,1,clear,7.04,3.0,61.0,24.0,89
summer,2011,4,12,0,5,1,clear,7.98,4.0,53.0,24.0,95
summer,2011,4,13,0,5,1,clear,8.92,6.0,50.0,24.0,110
summer,2011,4,14,0,5,1,misty,8.92,6.0,46.0,24.0,87
summer,2011,4,15,0,5,1,clear,7.98,4.0,46.0,28.0,111
summer,2011,4,16,0,5,1,clear,7.98,4.0,46.0,28.0,167
summer,2011,4,17,0,5,1,clear,7.98,4.0,46.0,22.0,281
summer,2011,4,18,0,5,1,clear,7.98,4.0,46.0,22.0,241
summer,2011,4,19,0,5,1,clear,7.98,4.0,49.0,22.0,136
summer,2011,4,20,0,5,1,clear,7.04,5.0,53.0,13.0,77
summer,2011,4,21,0,5,1,clear,7.04,6.0,53.0,9.0,93
summer,2011,4,22,0,5,1,clear,6.1,4.0,56.0,11.0,74
summer,2011,4,23,0,5,1,clear,6.1,5.0,61.0,6.0,53
summer,2011,4,0,0,6,0,misty,6.1,6.0,61.0,0.0,32
summer,2011,4,1,0,6,0,clear,4.22,2.0,65.0,9.0,32
summer,2011,4,2,0,6,0,clear,3.28,-0.0,75.0,9.0,21
summer,2011,4,3,0,6,0,clear,3.28,-0.0,70.0,11.0,9
summer,2011,4,4,0,6,0,clear,3.28,-0.0,70.0,11.0,5
summer,2011,4,5,0,6,0,misty,3.28,-0.0,75.0,11.0,5
summer,2011,4,6,0,6,0,clear,4.22,2.0,70.0,7.0,12
summer,2011,4,7,0,6,0,misty,4.22,2.0,70.0,7.0,18
summer,2011,4,8,0,6,0,clear,6.1,5.0,70.0,7.0,55
summer,2011,4,9,0,6,0,misty,7.98,7.0,66.0,7.0,87
summer,2011,4,10,0,6,0,misty,8.92,7.0,57.0,11.0,154
summer,2011,4,11,0,6,0,misty,10.8,11.0,47.0,11.0,198
summer,2011,4,12,0,6,0,rain,7.04,6.0,81.0,9.0,184
summer,2011,4,13,0,6,0,clear,7.98,6.0,81.0,9.0,137
summer,2011,4,14,0,6,0,rain,7.04,4.0,76.0,22.0,190
summer,2011,4,15,0,6,0,rain,7.98,4.0,76.0,26.0,136
summer,2011,4,16,0,6,0,clear,9.86,10.0,62.0,22.0,196
summer,2011,4,17,0,6,0,clear,9.86,10.0,54.0,24.0,184
summer,2011,4,18,0,6,0,clear,9.86,10.0,54.0,13.0,179
summer,2011,4,19,0,6,0,clear,8.92,6.0,53.0,24.0,148
summer,2011,4,20,0,6,0,clear,7.98,5.0,53.0,19.0,85
summer,2011,4,21,0,6,0,clear,7.04,4.0,61.0,17.0,77
summer,2011,4,22,0,6,0,clear,7.04,4.0,61.0,20.0,55
summer,2011,4,23,0,6,0,clear,7.04,5.0,61.0,11.0,53
summer,2011,4,0,0,0,0,clear,6.1,3.0,65.0,13.0,39
summer,2011,4,1,0,0,0,clear,6.1,5.0,61.0,7.0,34
summer,2011,4,2,0,0,0,clear,4.22,2.0,70.0,9.0,24
summer,2011,4,3,0,0,0,clear,6.1,6.0,61.0,0.0,11
summer,2011,4,4,0,0,0,clear,5.16,4.0,70.0,6.0,3
summer,2011,4,5,0,0,0,clear,5.16,2.0,65.0,15.0,5
summer,2011,4,6,0,0,0,clear,5.16,2.0,65.0,13.0,33
summer,2011,4,7,0,0,0,clear,7.04,4.0,57.0,15.0,33
summer,2011,4,8,0,0,0,clear,7.98,6.0,57.0,11.0,62
summer,2011,4,9,0,0,0,clear,8.92,5.0,50.0,33.0,142
summer,2011,4,10,0,0,0,clear,10.8,11.0,43.0,28.0,215
summer,2011,4,11,0,0,0,clear,11.74,12.0,41.0,17.0,243
summer,2011,4,12,0,0,0,clear,12.68,13.0,38.0,19.0,313
summer,2011,4,13,0,0,0,clear,12.68,13.0,33.0,20.0,367
summer,2011,4,14,0,0,0,clear,13.62,14.0,31.0,9.0,349
summer,2011,4,15,0,0,0,misty,13.62,14.0,33.0,0.0,292
summer,2011,4,16,0,0,0,misty,13.62,14.0,31.0,13.0,303
summer,2011,4,17,0,0,0,misty,13.62,14.0,28.0,9.0,274
summer,2011,4,18,0,0,0,misty,13.62,14.0,31.0,0.0,172
summer,2011,4,19,0,0,0,misty,11.74,12.0,44.0,13.0,144
summer,2011,4,20,0,0,0,rain,11.74,12.0,41.0,15.0,79
summer,2011,4,21,0,0,0,misty,11.74,12.0,44.0,15.0,45
summer,2011,4,22,0,0,0,clear,10.8,11.0,43.0,7.0,36
summer,2011,4,23,0,0,0,clear,10.8,11.0,50.0,6.0,31
summer,2011,4,0,0,1,1,clear,10.8,11.0,50.0,15.0,6
summer,2011,4,1,0,1,1,clear,10.8,11.0,56.0,24.0,11
summer,2011,4,2,0,1,1,clear,9.86,10.0,66.0,17.0,2
summer,2011,4,3,0,1,1,clear,9.86,10.0,66.0,19.0,1
summer,2011,4,4,0,1,1,clear,9.86,10.0,71.0,20.0,2
summer,2011,4,5,0,1,1,clear,10.8,11.0,62.0,17.0,7
summer,2011,4,6,0,1,1,clear,11.74,12.0,58.0,19.0,46
summer,2011,4,7,0,1,1,misty,12.68,13.0,54.0,17.0,157
summer,2011,4,8,0,1,1,misty,13.62,14.0,55.0,20.0,339
summer,2011,4,9,0,1,1,misty,15.5,16.0,51.0,26.0,158
summer,2011,4,10,0,1,1,misty,17.38,18.0,45.0,24.0,90
summer,2011,4,11,0,1,1,clear,20.2,25.0,40.0,26.0,124
summer,2011,4,12,0,1,1,clear,22.08,25.0,36.0,31.0,157
summer,2011,4,13,0,1,1,clear,23.96,26.0,34.0,22.0,139
summer,2011,4,14,0,1,1,misty,26.78,27.0,27.0,33.0,123
summer,2011,4,15,0,1,1,clear,27.72,28.0,23.0,37.0,143
summer,2011,4,16,0,1,1,clear,27.72,27.0,22.0,35.0,189
summer,2011,4,17,0,1,1,clear,26.78,27.0,23.0,41.0,366
summer,2011,4,18,0,1,1,misty,25.84,26.0,23.0,33.0,386
summer,2011,4,19,0,1,1,clear,24.9,26.0,24.0,31.0,278
summer,2011,4,20,0,1,1,misty,24.9,26.0,24.0,37.0,173
summer,2011,4,21,0,1,1,misty,24.9,26.0,30.0,30.0,95
summer,2011,4,22,0,1,1,misty,23.96,26.0,36.0,31.0,75
summer,2011,4,23,0,1,1,misty,22.08,25.0,47.0,15.0,48
summer,2011,4,0,0,2,1,clear,21.14,25.0,50.0,7.0,22
summer,2011,4,1,0,2,1,rain,21.14,25.0,57.0,28.0,15
summer,2011,4,2,0,2,1,misty,17.38,18.0,73.0,22.0,5
summer,2011,4,3,0,2,1,misty,17.38,18.0,73.0,22.0,4
summer,2011,4,4,0,2,1,rain,15.5,16.0,88.0,33.0,2
summer,2011,4,5,0,2,1,rain,13.62,14.0,94.0,20.0,5
summer,2011,4,6,0,2,1,misty,14.56,15.0,88.0,22.0,38
summer,2011,4,7,0,2,1,misty,14.56,15.0,88.0,22.0,134
summer,2011,4,8,0,2,1,rain,9.86,10.0,87.0,39.0,157
summer,2011,4,9,0,2,1,rain,8.92,5.0,87.0,33.0,46
summer,2011,4,10,0,2,1,rain,7.98,4.0,81.0,26.0,28
summer,2011,4,11,0,2,1,rain,7.04,3.0,81.0,30.0,19
summer,2011,4,12,0,2,1,misty,7.98,4.0,71.0,26.0,38
summer,2011,4,13,0,2,1,misty,8.92,6.0,63.0,28.0,56
summer,2011,4,14,0,2,1,misty,8.92,5.0,57.0,33.0,76
summer,2011,4,15,0,2,1,clear,10.8,11.0,46.0,31.0,68
summer,2011,4,16,0,2,1,clear,9.86,10.0,46.0,28.0,130
summer,2011,4,17,0,2,1,clear,11.74,12.0,38.0,28.0,273
summer,2011,4,18,0,2,1,clear,9.86,10.0,40.0,33.0,267
summer,2011,4,19,0,2,1,clear,8.92,6.0,43.0,20.0,160
summer,2011,4,20,0,2,1,clear,7.98,5.0,46.0,19.0,91
summer,2011,4,21,0,2,1,clear,7.98,3.0,46.0,35.0,89
summer,2011,4,22,0,2,1,clear,7.04,4.0,49.0,20.0,46
summer,2011,4,23,0,2,1,clear,6.1,3.0,49.0,19.0,26
summer,2011,4,0,0,3,1,clear,6.1,5.0,49.0,7.0,15
summer,2011,4,1,0,3,1,clear,4.22,2.0,60.0,9.0,2
summer,2011,4,2,0,3,1,clear,3.28,-0.0,70.0,9.0,5
summer,2011,4,3,0,3,1,clear,4.22,2.0,60.0,9.0,4
summer,2011,4,4,0,3,1,clear,3.28,-0.0,65.0,9.0,1
summer,2011,4,5,0,3,1,clear,3.28,1.0,70.0,7.0,13
summer,2011,4,6,0,3,1,clear,3.28,1.0,70.0,7.0,56
summer,2011,4,7,0,3,1,clear,4.22,2.0,65.0,7.0,133
summer,2011,4,8,0,3,1,clear,7.04,4.0,61.0,15.0,325
summer,2011,4,9,0,3,1,clear,8.92,6.0,46.0,17.0,165
summer,2011,4,10,0,3,1,clear,10.8,11.0,37.0,26.0,69
summer,2011,4,11,0,3,1,clear,11.74,12.0,38.0,26.0,93
summer,2011,4,12,0,3,1,clear,12.68,13.0,41.0,17.0,134
summer,2011,4,13,0,3,1,clear,13.62,14.0,38.0,33.0,112
summer,2011,4,14,0,3,1,clear,15.5,16.0,34.0,28.0,115
summer,2011,4,15,0,3,1,clear,16.44,17.0,32.0,22.0,117
summer,2011,4,16,0,3,1,clear,17.38,18.0,28.0,28.0,169
summer,2011,4,17,0,3,1,clear,16.44,17.0,32.0,30.0,356
summer,2011,4,18,0,3,1,clear,16.44,17.0,29.0,24.0,325
summer,2011,4,19,0,3,1,clear,15.5,16.0,31.0,20.0,232
summer,2011,4,20,0,3,1,clear,13.62,14.0,51.0,15.0,141
summer,2011,4,21,0,3,1,clear,13.62,14.0,41.0,19.0,102
summer,2011,4,22,0,3,1,clear,13.62,14.0,41.0,19.0,84
summer,2011,4,23,0,3,1,clear,13.62,14.0,41.0,20.0,40
summer,2011,4,0,0,4,1,clear,13.62,14.0,41.0,19.0,20
summer,2011,4,1,0,4,1,clear,11.74,12.0,47.0,9.0,13
summer,2011,4,2,0,4,1,clear,11.74,12.0,54.0,0.0,7
summer,2011,4,3,0,4,1,clear,8.92,7.0,66.0,13.0,3
summer,2011,4,4,0,4,1,clear,7.98,6.0,76.0,13.0,1
summer,2011,4,5,0,4,1,clear,7.98,5.0,76.0,15.0,6
summer,2011,4,6,0,4,1,clear,7.04,4.0,81.0,17.0,64
summer,2011,4,7,0,4,1,misty,7.98,6.0,76.0,11.0,160
summer,2011,4,8,0,4,1,clear,8.92,7.0,76.0,13.0,314
summer,2011,4,9,0,4,1,misty,10.8,11.0,66.0,9.0,170
summer,2011,4,10,0,4,1,misty,11.74,12.0,67.0,7.0,95
summer,2011,4,11,0,4,1,misty,13.62,14.0,55.0,0.0,122
summer,2011,4,12,0,4,1,misty,13.62,14.0,55.0,0.0,153
summer,2011,4,13,0,4,1,misty,16.44,17.0,48.0,6.0,135
summer,2011,4,14,0,4,1,clear,18.32,19.0,43.0,6.0,157
summer,2011,4,15,0,4,1,clear,20.2,25.0,38.0,7.0,160
summer,2011,4,16,0,4,1,clear,20.2,25.0,35.0,0.0,213
summer,2011,4,17,0,4,1,clear,16.44,17.0,52.0,19.0,343
summer,2011,4,18,0,4,1,clear,14.56,15.0,55.0,17.0,333
summer,2011,4,19,0,4,1,clear,13.62,14.0,59.0,20.0,226
summer,2011,4,20,0,4,1,clear,12.68,13.0,62.0,11.0,203
summer,2011,4,21,0,4,1,misty,12.68,13.0,67.0,19.0,108
summer,2011,4,22,0,4,1,misty,10.8,11.0,76.0,13.0,81
summer,2011,4,23,0,4,1,clear,9.86,10.0,76.0,17.0,54
summer,2011,4,0,0,5,1,misty,8.92,7.0,76.0,15.0,25
summer,2011,4,1,0,5,1,misty,7.98,6.0,76.0,9.0,9
summer,2011,4,2,0,5,1,rain,7.98,6.0,76.0,11.0,13
summer,2011,4,3,0,5,1,rain,7.98,6.0,76.0,11.0,1
summer,2011,4,4,0,5,1,misty,7.98,6.0,86.0,9.0,1
summer,2011,4,5,0,5,1,misty,7.04,5.0,87.0,13.0,9
summer,2011,4,6,0,5,1,misty,7.98,8.0,87.0,0.0,35
summer,2011,4,7,0,5,1,rain,7.98,6.0,87.0,11.0,113
summer,2011,4,8,0,5,1,rain,7.98,6.0,87.0,11.0,221
summer,2011,4,9,0,5,1,misty,8.92,7.0,76.0,13.0,185
summer,2011,4,10,0,5,1,misty,8.92,6.0,71.0,19.0,73
summer,2011,4,11,0,5,1,misty,10.8,11.0,62.0,26.0,98
summer,2011,4,12,0,5,1,rain,9.86,10.0,66.0,15.0,80
summer,2011,4,13,0,5,1,rain,8.92,6.0,76.0,19.0,42
summer,2011,4,14,0,5,1,rain,7.98,5.0,87.0,15.0,15
summer,2011,4,15,0,5,1,rain,7.98,5.0,87.0,15.0,25
summer,2011,4,16,0,5,1,misty,7.04,4.0,93.0,17.0,60
summer,2011,4,17,0,5,1,rain,7.04,4.0,93.0,17.0,148
summer,2011,4,18,0,5,1,rain,7.04,4.0,93.0,17.0,62
summer,2011,4,19,0,5,1,rain,6.1,2.0,93.0,28.0,53
summer,2011,4,20,0,5,1,misty,6.1,2.0,93.0,22.0,63
summer,2011,4,21,0,5,1,misty,6.1,3.0,93.0,17.0,54
summer,2011,4,22,0,5,1,misty,6.1,2.0,93.0,20.0,51
summer,2011,4,23,0,5,1,misty,6.1,3.0,93.0,15.0,35
summer,2011,4,0,0,6,0,misty,6.1,3.0,87.0,15.0,31
summer,2011,4,1,0,6,0,misty,6.1,4.0,87.0,9.0,20
summer,2011,4,2,0,6,0,misty,7.04,4.0,87.0,15.0,17
summer,2011,4,3,0,6,0,rain,6.1,3.0,100.0,17.0,14
summer,2011,4,4,0,6,0,rain,6.1,2.0,100.0,17.0,3
summer,2011,4,5,0,6,0,misty,6.1,3.0,93.0,15.0,5
summer,2011,4,6,0,6,0,misty,6.1,3.0,93.0,13.0,13
summer,2011,4,7,0,6,0,misty,6.1,4.0,93.0,11.0,21
summer,2011,4,8,0,6,0,misty,7.04,4.0,93.0,11.0,54
summer,2011,4,9,0,6,0,misty,7.98,7.0,87.0,7.0,98
summer,2011,4,10,0,6,0,misty,7.98,6.0,87.0,9.0,133
summer,2011,4,11,0,6,0,misty,8.92,8.0,81.0,0.0,142
summer,2011,4,12,0,6,0,misty,8.92,7.0,81.0,9.0,202
summer,2011,4,13,0,6,0,misty,8.92,9.0,81.0,0.0,222
summer,2011,4,14,0,6,0,misty,8.92,7.0,81.0,9.0,212
summer,2011,4,15,0,6,0,misty,8.92,9.0,87.0,0.0,201
summer,2011,4,16,0,6,0,misty,9.86,10.0,82.0,0.0,191
summer,2011,4,17,0,6,0,misty,9.86,10.0,82.0,6.0,257
summer,2011,4,18,0,6,0,misty,9.86,10.0,82.0,7.0,177
summer,2011,4,19,0,6,0,misty,9.86,10.0,82.0,9.0,130
summer,2011,4,20,0,6,0,misty,9.86,10.0,87.0,11.0,93
summer,2011,4,21,0,6,0,misty,8.92,7.0,93.0,9.0,75
summer,2011,4,22,0,6,0,misty,8.92,7.0,93.0,9.0,87
summer,2011,4,23,0,6,0,misty,9.86,10.0,87.0,6.0,57
summer,2011,4,0,0,0,0,misty,9.86,10.0,87.0,6.0,53
summer,2011,4,1,0,0,0,misty,9.86,10.0,87.0,9.0,37
summer,2011,4,2,0,0,0,misty,9.86,10.0,87.0,6.0,36
summer,2011,4,3,0,0,0,misty,9.86,10.0,87.0,9.0,16
summer,2011,4,4,0,0,0,misty,8.92,8.0,93.0,7.0,5
summer,2011,4,5,0,0,0,misty,8.92,8.0,93.0,6.0,4
summer,2011,4,6,0,0,0,misty,8.92,8.0,93.0,6.0,4
summer,2011,4,7,0,0,0,misty,8.92,8.0,100.0,6.0,10
summer,2011,4,8,0,0,0,misty,9.86,10.0,94.0,6.0,55
summer,2011,4,9,0,0,0,misty,9.86,10.0,94.0,9.0,81
summer,2011,4,10,0,0,0,misty,10.8,11.0,87.0,0.0,150
summer,2011,4,11,0,0,0,misty,10.8,11.0,87.0,9.0,202
summer,2011,4,12,0,0,0,misty,11.74,12.0,88.0,9.0,230
summer,2011,4,13,0,0,0,clear,13.62,14.0,82.0,7.0,263
summer,2011,4,14,0,0,0,clear,15.5,16.0,72.0,13.0,281
summer,2011,4,15,0,0,0,clear,15.5,16.0,77.0,15.0,297
summer,2011,4,16,0,0,0,misty,16.44,17.0,72.0,11.0,288
summer,2011,4,17,0,0,0,misty,16.44,17.0,72.0,13.0,236
summer,2011,4,18,0,0,0,clear,15.5,16.0,77.0,13.0,240
summer,2011,4,19,0,0,0,clear,15.5,16.0,77.0,13.0,131
summer,2011,4,20,0,0,0,clear,13.62,14.0,82.0,9.0,92
summer,2011,4,21,0,0,0,clear,12.68,13.0,88.0,13.0,95
summer,2011,4,22,0,0,0,clear,12.68,13.0,94.0,17.0,57
summer,2011,4,23,0,0,0,clear,13.62,14.0,88.0,24.0,32
summer,2011,4,0,0,1,1,clear,14.56,15.0,88.0,22.0,23
summer,2011,4,1,0,1,1,clear,13.62,14.0,94.0,19.0,4
summer,2011,4,2,0,1,1,clear,13.62,14.0,94.0,19.0,9
summer,2011,4,4,0,1,1,clear,13.62,14.0,94.0,13.0,1
summer,2011,4,5,0,1,1,clear,13.62,14.0,94.0,13.0,13
summer,2011,4,6,0,1,1,misty,13.62,14.0,100.0,15.0,61
summer,2011,4,7,0,1,1,misty,15.5,16.0,88.0,15.0,176
summer,2011,4,8,0,1,1,misty,16.44,17.0,88.0,19.0,314
summer,2011,4,9,0,1,1,misty,18.32,19.0,83.0,19.0,165
summer,2011,4,10,0,1,1,misty,18.32,19.0,83.0,20.0,96
summer,2011,4,11,0,1,1,misty,20.2,23.0,73.0,20.0,104
summer,2011,4,12,0,1,1,misty,20.2,23.0,73.0,22.0,134
summer,2011,4,13,0,1,1,misty,22.08,24.0,69.0,28.0,139
summer,2011,4,14,0,1,1,misty,25.84,28.0,54.0,24.0,145
summer,2011,4,15,0,1,1,clear,26.78,28.0,48.0,35.0,141
summer,2011,4,16,0,1,1,clear,26.78,28.0,48.0,35.0,235
summer,2011,4,17,0,1,1,clear,26.78,28.0,48.0,35.0,452
summer,2011,4,18,0,1,1,clear,25.84,28.0,51.0,26.0,383
summer,2011,4,19,0,1,1,clear,25.84,28.0,51.0,30.0,284
summer,2011,4,20,0,1,1,clear,23.96,26.0,57.0,35.0,166
summer,2011,4,21,0,1,1,clear,23.02,25.0,61.0,17.0,158
summer,2011,4,22,0,1,1,misty,22.08,25.0,50.0,19.0,91
summer,2011,4,23,0,1,1,rain,19.26,20.0,60.0,0.0,54
summer,2011,4,0,0,2,1,misty,21.14,25.0,50.0,7.0,24
summer,2011,4,1,0,2,1,misty,21.14,25.0,50.0,6.0,13
summer,2011,4,2,0,2,1,misty,20.2,25.0,53.0,9.0,14
summer,2011,4,3,0,2,1,misty,19.26,20.0,56.0,9.0,1
summer,2011,4,4,0,2,1,misty,18.32,19.0,64.0,9.0,6
summer,2011,4,5,0,2,1,misty,17.38,18.0,68.0,9.0,16
summer,2011,4,6,0,2,1,misty,17.38,18.0,68.0,19.0,58
summer,2011,4,7,0,2,1,misty,17.38,18.0,68.0,15.0,189
summer,2011,4,8,0,2,1,rain,14.56,15.0,88.0,26.0,226
summer,2011,4,9,0,2,1,rain,13.62,14.0,94.0,33.0,54
summer,2011,4,10,0,2,1,rain,15.5,16.0,82.0,28.0,40
summer,2011,4,11,0,2,1,clear,16.44,17.0,77.0,24.0,49
summer,2011,4,12,0,2,1,misty,18.32,19.0,64.0,31.0,92
summer,2011,4,13,0,2,1,rain,17.38,18.0,68.0,19.0,106
summer,2011,4,14,0,2,1,misty,15.5,16.0,82.0,19.0,44
summer,2011,4,15,0,2,1,misty,14.56,15.0,77.0,35.0,78
summer,2011,4,16,0,2,1,misty,14.56,15.0,77.0,26.0,99
summer,2011,4,17,0,2,1,rain,12.68,13.0,77.0,15.0,291
summer,2011,4,18,0,2,1,rain,12.68,13.0,77.0,15.0,224
summer,2011,4,19,0,2,1,misty,11.74,12.0,82.0,19.0,130
summer,2011,4,20,0,2,1,misty,11.74,12.0,82.0,19.0,103
summer,2011,4,21,0,2,1,misty,11.74,12.0,82.0,13.0,84
summer,2011,4,22,0,2,1,misty,10.8,11.0,94.0,20.0,54
summer,2011,4,23,0,2,1,misty,10.8,11.0,94.0,17.0,39
summer,2011,4,0,0,3,1,misty,10.8,11.0,100.0,20.0,15
summer,2011,4,1,0,3,1,misty,10.8,11.0,100.0,20.0,1
summer,2011,4,2,0,3,1,rain,10.8,11.0,100.0,20.0,2
summer,2011,4,3,0,3,1,rain,10.8,11.0,94.0,22.0,2
summer,2011,4,4,0,3,1,rain,10.8,11.0,94.0,22.0,3
summer,2011,4,5,0,3,1,rain,9.86,10.0,94.0,17.0,5
summer,2011,4,6,0,3,1,rain,9.86,10.0,94.0,15.0,34
summer,2011,4,7,0,3,1,rain,8.92,7.0,100.0,15.0,70
summer,2011,4,8,0,3,1,rain,9.86,10.0,94.0,13.0,164
summer,2011,4,9,0,3,1,misty,9.86,10.0,94.0,15.0,65
summer,2011,4,10,0,3,1,misty,10.8,11.0,87.0,13.0,46
summer,2011,4,11,0,3,1,misty,11.74,12.0,82.0,13.0,61
summer,2011,4,12,0,3,1,rain,11.74,12.0,82.0,17.0,95
summer,2011,4,13,0,3,1,misty,12.68,13.0,77.0,13.0,61
summer,2011,4,14,0,3,1,misty,11.74,12.0,77.0,17.0,106
summer,2011,4,15,0,3,1,misty,12.68,13.0,72.0,19.0,81
summer,2011,4,16,0,3,1,clear,13.62,14.0,67.0,19.0,142
summer,2011,4,17,0,3,1,clear,13.62,14.0,67.0,20.0,309
summer,2011,4,18,0,3,1,clear,12.68,13.0,62.0,26.0,321
summer,2011,4,19,0,3,1,clear,12.68,13.0,62.0,17.0,175
summer,2011,4,20,0,3,1,clear,12.68,13.0,62.0,17.0,126
summer,2011,4,21,0,3,1,clear,11.74,12.0,67.0,11.0,117
summer,2011,4,22,0,3,1,clear,11.74,12.0,67.0,13.0,99
summer,2011,4,23,0,3,1,clear,10.8,11.0,71.0,9.0,62
summer,2011,4,0,0,4,1,clear,9.86,10.0,76.0,9.0,21
summer,2011,4,1,0,4,1,clear,9.86,10.0,76.0,15.0,10
summer,2011,4,2,0,4,1,clear,8.92,7.0,76.0,9.0,3
summer,2011,4,3,0,4,1,clear,7.98,6.0,81.0,9.0,2
summer,2011,4,4,0,4,1,clear,7.98,8.0,76.0,0.0,9
summer,2011,4,5,0,4,1,clear,7.98,7.0,76.0,6.0,14
summer,2011,4,6,0,4,1,clear,7.98,7.0,76.0,7.0,70
summer,2011,4,7,0,4,1,clear,9.86,10.0,66.0,0.0,193
summer,2011,4,8,0,4,1,clear,11.74,12.0,58.0,11.0,337
summer,2011,4,9,0,4,1,clear,13.62,14.0,51.0,9.0,170
summer,2011,4,10,0,4,1,clear,15.5,16.0,51.0,13.0,89
summer,2011,4,11,0,4,1,clear,16.44,17.0,45.0,11.0,115
summer,2011,4,12,0,4,1,clear,17.38,18.0,42.0,9.0,145
summer,2011,4,13,0,4,1,clear,18.32,19.0,37.0,15.0,159
summer,2011,4,14,0,4,1,clear,18.32,19.0,35.0,6.0,137
summer,2011,4,15,0,4,1,clear,20.2,25.0,31.0,6.0,142
summer,2011,4,16,0,4,1,clear,20.2,24.0,26.0,7.0,202
summer,2011,4,17,0,4,1,clear,20.2,24.0,28.0,0.0,388
summer,2011,4,18,0,4,1,clear,18.32,19.0,30.0,0.0,337
summer,2011,4,19,0,4,1,clear,17.38,18.0,32.0,0.0,259
summer,2011,4,20,0,4,1,clear,15.5,16.0,51.0,13.0,169
summer,2011,4,21,0,4,1,clear,13.62,14.0,63.0,9.0,145
summer,2011,4,22,0,4,1,clear,14.56,15.0,55.0,7.0,104
summer,2011,4,23,0,4,1,clear,13.62,14.0,59.0,7.0,47
summer,2011,4,0,1,5,0,clear,12.68,13.0,67.0,0.0,27
summer,2011,4,1,1,5,0,clear,12.68,13.0,62.0,0.0,15
summer,2011,4,2,1,5,0,clear,10.8,11.0,76.0,0.0,18
summer,2011,4,3,1,5,0,clear,10.8,11.0,76.0,0.0,3
summer,2011,4,4,1,5,0,clear,9.86,10.0,82.0,6.0,3
summer,2011,4,5,1,5,0,clear,8.92,8.0,81.0,7.0,13
summer,2011,4,6,1,5,0,clear,8.92,8.0,81.0,6.0,47
summer,2011,4,7,1,5,0,clear,10.8,11.0,71.0,11.0,149
summer,2011,4,8,1,5,0,clear,12.68,13.0,62.0,20.0,300
summer,2011,4,9,1,5,0,clear,15.5,16.0,55.0,13.0,178
summer,2011,4,10,1,5,0,clear,15.5,16.0,55.0,13.0,122
summer,2011,4,11,1,5,0,clear,16.44,17.0,55.0,13.0,136
summer,2011,4,12,1,5,0,clear,16.44,17.0,55.0,19.0,200
summer,2011,4,13,1,5,0,clear,17.38,18.0,52.0,17.0,180
summer,2011,4,14,1,5,0,clear,17.38,18.0,52.0,17.0,163
summer,2011,4,15,1,5,0,clear,17.38,18.0,52.0,30.0,162
summer,2011,4,16,1,5,0,clear,16.44,17.0,55.0,33.0,243
summer,2011,4,17,1,5,0,misty,15.5,16.0,63.0,26.0,331
summer,2011,4,18,1,5,0,misty,13.62,14.0,67.0,26.0,263
summer,2011,4,19,1,5,0,clear,11.74,12.0,77.0,26.0,209
summer,2011,4,20,1,5,0,misty,10.8,11.0,76.0,22.0,118
summer,2011,4,21,1,5,0,misty,10.8,11.0,76.0,20.0,102
summer,2011,4,22,1,5,0,misty,9.86,10.0,82.0,26.0,80
summer,2011,4,23,1,5,0,misty,8.92,7.0,81.0,13.0,64
summer,2011,4,0,0,6,0,misty,8.92,7.0,81.0,15.0,43
summer,2011,4,1,0,6,0,misty,8.92,6.0,87.0,19.0,33
summer,2011,4,2,0,6,0,misty,8.92,7.0,87.0,9.0,24
summer,2011,4,3,0,6,0,misty,8.92,7.0,87.0,11.0,14
summer,2011,4,4,0,6,0,misty,8.92,7.0,87.0,15.0,5
summer,2011,4,5,0,6,0,misty,9.86,10.0,87.0,19.0,4
summer,2011,4,6,0,6,0,rain,10.8,11.0,82.0,22.0,10
summer,2011,4,7,0,6,0,misty,10.8,11.0,82.0,28.0,21
summer,2011,4,8,0,6,0,rain,10.8,11.0,87.0,24.0,45
summer,2011,4,9,0,6,0,rain,10.8,11.0,100.0,20.0,29
summer,2011,4,10,0,6,0,rain,11.74,12.0,94.0,26.0,22
summer,2011,4,11,0,6,0,rain,11.74,12.0,94.0,30.0,31
summer,2011,4,12,0,6,0,misty,13.62,14.0,88.0,39.0,32
summer,2011,4,13,0,6,0,rain,13.62,14.0,94.0,35.0,58
summer,2011,4,14,0,6,0,rain,16.44,17.0,83.0,39.0,63
summer,2011,4,15,0,6,0,rain,16.44,17.0,83.0,39.0,78
summer,2011,4,16,0,6,0,rain,15.5,16.0,88.0,31.0,33
summer,2011,4,17,0,6,0,rain,15.5,16.0,88.0,39.0,15
summer,2011,4,18,0,6,0,misty,15.5,16.0,94.0,26.0,38
summer,2011,4,19,0,6,0,misty,16.44,17.0,94.0,28.0,71
summer,2011,4,20,0,6,0,rain,12.68,13.0,94.0,15.0,53
summer,2011,4,21,0,6,0,misty,12.68,13.0,94.0,0.0,14
summer,2011,4,22,0,6,0,rain,11.74,12.0,100.0,0.0,24
summer,2011,4,23,0,6,0,misty,12.68,13.0,77.0,19.0,35
summer,2011,4,0,0,0,0,misty,12.68,13.0,77.0,19.0,33
summer,2011,4,1,0,0,0,clear,11.74,12.0,67.0,15.0,31
summer,2011,4,2,0,0,0,clear,10.8,11.0,62.0,13.0,29
summer,2011,4,3,0,0,0,clear,10.8,11.0,66.0,9.0,25
summer,2011,4,4,0,0,0,clear,8.92,8.0,76.0,7.0,7
summer,2011,4,5,0,0,0,clear,8.92,7.0,71.0,11.0,3
summer,2011,4,6,0,0,0,clear,8.92,5.0,66.0,30.0,8
summer,2011,4,7,0,0,0,clear,8.92,6.0,50.0,24.0,16
summer,2011,4,8,0,0,0,clear,9.86,10.0,46.0,26.0,43
summer,2011,4,9,0,0,0,clear,10.8,11.0,43.0,19.0,102
summer,2011,4,10,0,0,0,clear,11.74,12.0,44.0,30.0,211
summer,2011,4,11,0,0,0,clear,13.62,14.0,41.0,28.0,304
summer,2011,4,12,0,0,0,clear,13.62,14.0,38.0,26.0,354
summer,2011,4,13,0,0,0,clear,15.5,16.0,34.0,26.0,343
summer,2011,4,14,0,0,0,clear,16.44,17.0,34.0,26.0,361
summer,2011,4,15,0,0,0,clear,17.38,18.0,32.0,35.0,388
summer,2011,4,16,0,0,0,clear,17.38,18.0,30.0,24.0,343
summer,2011,4,17,0,0,0,clear,18.32,19.0,30.0,30.0,306
summer,2011,4,18,0,0,0,clear,18.32,19.0,30.0,26.0,277
summer,2011,4,19,0,0,0,clear,18.32,19.0,30.0,20.0,210
summer,2011,4,20,0,0,0,clear,16.44,17.0,36.0,13.0,141
summer,2011,4,21,0,0,0,clear,15.5,16.0,42.0,13.0,83
summer,2011,4,22,0,0,0,clear,15.5,16.0,39.0,7.0,70
summer,2011,4,23,0,0,0,clear,12.68,13.0,67.0,11.0,56
summer,2011,4,0,0,1,1,clear,13.62,14.0,47.0,6.0,39
summer,2011,4,1,0,1,1,clear,13.62,14.0,47.0,9.0,19
summer,2011,4,2,0,1,1,clear,11.74,12.0,67.0,7.0,16
summer,2011,4,3,0,1,1,clear,11.74,12.0,62.0,7.0,7
summer,2011,4,4,0,1,1,clear,10.8,11.0,87.0,11.0,6
summer,2011,4,5,0,1,1,clear,10.8,11.0,76.0,6.0,16
summer,2011,4,6,0,1,1,clear,10.8,11.0,82.0,0.0,54
summer,2011,4,7,0,1,1,clear,13.62,14.0,63.0,0.0,168
summer,2011,4,8,0,1,1,clear,13.62,14.0,63.0,0.0,297
summer,2011,4,9,0,1,1,misty,15.5,16.0,55.0,7.0,169
summer,2011,4,10,0,1,1,misty,16.44,17.0,55.0,7.0,109
summer,2011,4,11,0,1,1,misty,17.38,18.0,52.0,6.0,123
summer,2011,4,12,0,1,1,misty,18.32,19.0,49.0,6.0,184
summer,2011,4,13,0,1,1,misty,18.32,19.0,49.0,11.0,169
summer,2011,4,14,0,1,1,misty,19.26,20.0,49.0,13.0,144
summer,2011,4,15,0,1,1,misty,20.2,25.0,43.0,13.0,176
summer,2011,4,16,0,1,1,clear,20.2,25.0,46.0,19.0,205
summer,2011,4,17,0,1,1,clear,19.26,20.0,49.0,19.0,428
summer,2011,4,18,0,1,1,clear,22.08,25.0,31.0,24.0,362
summer,2011,4,19,0,1,1,clear,18.32,19.0,46.0,17.0,286
summer,2011,4,20,0,1,1,clear,20.2,25.0,33.0,20.0,165
summer,2011,4,21,0,1,1,clear,18.32,19.0,37.0,19.0,151
summer,2011,4,22,0,1,1,clear,16.44,17.0,55.0,19.0,90
summer,2011,4,23,0,1,1,clear,15.5,16.0,59.0,17.0,46
summer,2011,4,0,0,2,1,clear,15.5,16.0,55.0,15.0,25
summer,2011,4,1,0,2,1,clear,13.62,14.0,63.0,15.0,7
summer,2011,4,2,0,2,1,clear,13.62,14.0,67.0,19.0,13
summer,2011,4,3,0,2,1,clear,14.56,15.0,63.0,15.0,3
summer,2011,4,4,0,2,1,clear,13.62,14.0,67.0,6.0,5
summer,2011,4,5,0,2,1,misty,13.62,14.0,72.0,13.0,18
summer,2011,4,6,0,2,1,misty,14.56,15.0,67.0,0.0,65
summer,2011,4,7,0,2,1,misty,16.44,17.0,55.0,0.0,188
summer,2011,4,8,0,2,1,misty,15.5,16.0,68.0,9.0,351
summer,2011,4,9,0,2,1,rain,16.44,17.0,63.0,6.0,162
summer,2011,4,10,0,2,1,misty,15.5,16.0,72.0,15.0,75
summer,2011,4,11,0,2,1,misty,17.38,18.0,68.0,11.0,72
summer,2011,4,12,0,2,1,misty,17.38,18.0,64.0,6.0,103
summer,2011,4,13,0,2,1,misty,17.38,18.0,68.0,15.0,129
summer,2011,4,14,0,2,1,misty,17.38,18.0,64.0,13.0,107
summer,2011,4,15,0,2,1,misty,17.38,18.0,65.0,11.0,127
summer,2011,4,16,0,2,1,clear,18.32,19.0,52.0,20.0,192
summer,2011,4,17,0,2,1,clear,18.32,19.0,60.0,7.0,411
summer,2011,4,18,0,2,1,misty,17.38,18.0,64.0,9.0,421
summer,2011,4,19,0,2,1,misty,15.5,16.0,72.0,13.0,276
summer,2011,4,20,0,2,1,misty,15.5,16.0,72.0,15.0,168
summer,2011,4,21,0,2,1,misty,15.5,16.0,72.0,9.0,122
summer,2011,4,22,0,2,1,clear,14.56,15.0,77.0,6.0,112
summer,2011,4,23,0,2,1,clear,13.62,14.0,88.0,6.0,52
summer,2011,4,0,0,3,1,clear,12.68,13.0,88.0,9.0,33
summer,2011,4,1,0,3,1,clear,11.74,12.0,94.0,11.0,7
summer,2011,4,2,0,3,1,clear,11.74,12.0,94.0,11.0,2
summer,2011,4,3,0,3,1,clear,11.74,12.0,94.0,0.0,2
summer,2011,4,4,0,3,1,clear,10.8,11.0,100.0,7.0,9
summer,2011,4,5,0,3,1,clear,10.8,11.0,94.0,13.0,15
summer,2011,4,6,0,3,1,clear,11.74,12.0,94.0,11.0,64
summer,2011,4,7,0,3,1,clear,12.68,13.0,94.0,0.0,237
summer,2011,4,8,0,3,1,clear,21.14,24.0,69.0,31.0,396
summer,2011,4,9,0,3,1,clear,23.02,25.0,61.0,19.0,197
summer,2011,4,10,0,3,1,clear,21.14,24.0,69.0,6.0,131
summer,2011,4,11,0,3,1,clear,21.14,24.0,69.0,6.0,118
summer,2011,4,12,0,3,1,clear,24.9,27.0,48.0,26.0,145
summer,2011,4,13,0,3,1,clear,24.9,27.0,48.0,26.0,177
summer,2011,4,14,0,3,1,clear,26.78,27.0,40.0,31.0,148
summer,2011,4,15,0,3,1,misty,27.72,28.0,35.0,24.0,145
summer,2011,4,16,0,3,1,misty,27.72,28.0,35.0,24.0,255
summer,2011,4,17,0,3,1,misty,26.78,27.0,37.0,28.0,432
summer,2011,4,18,0,3,1,clear,26.78,27.0,30.0,24.0,441
summer,2011,4,19,0,3,1,clear,24.9,26.0,32.0,17.0,383
summer,2011,4,20,0,3,1,clear,23.96,25.0,32.0,7.0,225
summer,2011,4,21,0,3,1,clear,23.02,25.0,36.0,19.0,172
summer,2011,4,22,0,3,1,clear,21.14,25.0,41.0,17.0,117
summer,2011,4,23,0,3,1,clear,20.2,25.0,40.0,22.0,93
summer,2011,4,0,0,4,1,clear,18.32,19.0,43.0,24.0,44
summer,2011,4,1,0,4,1,clear,16.44,17.0,45.0,15.0,26
summer,2011,4,2,0,4,1,clear,15.5,16.0,42.0,26.0,13
summer,2011,4,3,0,4,1,misty,13.62,14.0,51.0,31.0,7
summer,2011,4,4,0,4,1,misty,12.68,13.0,54.0,30.0,6
summer,2011,4,5,0,4,1,misty,11.74,12.0,54.0,37.0,14
summer,2011,4,6,0,4,1,misty,10.8,11.0,58.0,39.0,75
summer,2011,4,7,0,4,1,misty,11.74,12.0,47.0,31.0,198
summer,2011,4,8,0,4,1,misty,10.8,11.0,50.0,33.0,365
summer,2011,4,9,0,4,1,misty,11.74,12.0,47.0,19.0,196
summer,2011,4,10,0,4,1,clear,11.74,12.0,44.0,24.0,98
summer,2011,4,11,0,4,1,clear,12.68,13.0,41.0,19.0,133
summer,2011,4,12,0,4,1,clear,13.62,14.0,38.0,11.0,199
summer,2011,4,13,0,4,1,clear,14.56,15.0,33.0,22.0,177
summer,2011,4,14,0,4,1,clear,15.5,16.0,34.0,26.0,228
summer,2011,4,15,0,4,1,clear,16.44,17.0,29.0,28.0,235
summer,2011,4,16,0,4,1,clear,16.44,17.0,27.0,24.0,294
summer,2011,4,17,0,4,1,clear,15.5,16.0,29.0,11.0,481
summer,2011,4,18,0,4,1,clear,15.5,16.0,25.0,19.0,452
summer,2011,4,19,0,4,1,clear,13.62,14.0,28.0,19.0,324
summer,2011,4,20,0,4,1,clear,12.68,13.0,30.0,9.0,204
summer,2011,4,21,0,4,1,clear,11.74,12.0,47.0,13.0,184
summer,2011,4,22,0,4,1,clear,11.74,12.0,38.0,6.0,137
summer,2011,4,23,0,4,1,clear,10.8,11.0,43.0,7.0,99
summer,2011,4,0,0,5,1,clear,8.92,7.0,62.0,13.0,33
summer,2011,4,1,0,5,1,clear,8.92,6.0,53.0,17.0,24
summer,2011,4,2,0,5,1,clear,8.92,6.0,53.0,20.0,9
summer,2011,4,3,0,5,1,clear,8.92,6.0,53.0,20.0,2
summer,2011,4,4,0,5,1,clear,7.98,5.0,53.0,19.0,3
summer,2011,4,5,0,5,1,clear,7.98,5.0,53.0,15.0,16
summer,2011,4,6,0,5,1,clear,7.98,5.0,53.0,19.0,49
summer,2011,4,7,0,5,1,misty,7.98,5.0,53.0,19.0,180
summer,2011,4,8,0,5,1,misty,7.98,5.0,53.0,17.0,346
summer,2011,4,9,0,5,1,rain,7.98,4.0,61.0,20.0,195
summer,2011,4,10,0,5,1,misty,8.92,7.0,62.0,13.0,136
summer,2011,4,11,0,5,1,rain,7.98,6.0,66.0,13.0,106
summer,2011,4,12,0,5,1,rain,7.98,6.0,76.0,9.0,80
summer,2011,4,13,0,5,1,rain,7.98,6.0,87.0,13.0,40
summer,2011,4,14,0,5,1,rain,7.98,5.0,87.0,17.0,36
summer,2011,4,15,0,5,1,rain,7.98,6.0,87.0,13.0,75
summer,2011,4,16,0,5,1,rain,7.98,6.0,87.0,9.0,62
summer,2011,4,17,0,5,1,rain,7.04,4.0,93.0,15.0,69
summer,2011,4,18,0,5,1,rain,7.04,4.0,93.0,15.0,51
summer,2011,4,19,0,5,1,rain,7.04,4.0,93.0,15.0,55
summer,2011,4,20,0,5,1,rain,7.04,4.0,87.0,15.0,47
summer,2011,4,21,0,5,1,rain,6.1,4.0,93.0,11.0,28
summer,2011,4,22,0,5,1,rain,6.1,4.0,100.0,9.0,24
summer,2011,4,23,0,5,1,rain,7.04,6.0,93.0,7.0,17
summer,2011,4,0,0,6,0,misty,7.04,5.0,100.0,13.0,18
summer,2011,4,1,0,6,0,misty,7.04,5.0,100.0,13.0,16
summer,2011,4,2,0,6,0,rain,7.04,6.0,100.0,9.0,17
summer,2011,4,3,0,6,0,rain,7.04,6.0,100.0,6.0,4
summer,2011,4,4,0,6,0,rain,7.98,8.0,100.0,0.0,5
summer,2011,4,5,0,6,0,rain,7.98,8.0,100.0,0.0,7
summer,2011,4,6,0,6,0,misty,7.98,6.0,100.0,11.0,11
summer,2011,4,7,0,6,0,rain,7.98,6.0,100.0,11.0,19
summer,2011,4,8,0,6,0,misty,8.92,6.0,100.0,17.0,47
summer,2011,4,9,0,6,0,misty,9.86,10.0,94.0,20.0,68
summer,2011,4,10,0,6,0,misty,11.74,12.0,88.0,15.0,129
summer,2011,4,11,0,6,0,misty,13.62,14.0,88.0,15.0,232
summer,2011,4,12,0,6,0,clear,16.44,17.0,83.0,28.0,291
summer,2011,4,13,0,6,0,clear,16.44,17.0,83.0,26.0,312
summer,2011,4,14,0,6,0,clear,19.26,20.0,78.0,24.0,391
summer,2011,4,15,0,6,0,clear,20.2,23.0,73.0,26.0,397
summer,2011,4,16,0,6,0,clear,20.2,23.0,73.0,19.0,426
summer,2011,4,17,0,6,0,clear,20.2,23.0,73.0,22.0,383
summer,2011,4,18,0,6,0,clear,19.26,20.0,78.0,13.0,376
summer,2011,4,19,0,6,0,clear,18.32,19.0,83.0,19.0,283
summer,2011,4,20,0,6,0,misty,17.38,18.0,88.0,17.0,183
summer,2011,4,21,0,6,0,misty,18.32,19.0,83.0,19.0,135
summer,2011,4,22,0,6,0,misty,19.26,20.0,78.0,17.0,169
summer,2011,4,23,0,6,0,misty,17.38,18.0,88.0,11.0,117
summer,2011,4,0,0,0,0,clear,16.44,17.0,83.0,15.0,96
summer,2011,4,1,0,0,0,clear,15.5,16.0,88.0,13.0,54
summer,2011,4,2,0,0,0,clear,15.5,16.0,88.0,13.0,72
summer,2011,4,3,0,0,0,clear,15.5,16.0,94.0,6.0,24
summer,2011,4,4,0,0,0,clear,15.5,16.0,94.0,6.0,5
summer,2011,4,5,0,0,0,clear,15.5,16.0,94.0,6.0,12
summer,2011,4,6,0,0,0,misty,15.5,16.0,100.0,0.0,13
summer,2011,4,7,0,0,0,misty,15.5,16.0,100.0,0.0,27
summer,2011,4,8,0,0,0,clear,16.44,17.0,94.0,15.0,80
summer,2011,4,9,0,0,0,clear,18.32,19.0,88.0,17.0,177
summer,2011,4,10,0,0,0,clear,20.2,22.0,78.0,11.0,289
summer,2011,4,11,0,0,0,clear,23.02,25.0,65.0,9.0,317
summer,2011,4,12,0,0,0,clear,23.96,26.0,65.0,17.0,388
summer,2011,4,13,0,0,0,clear,24.9,27.0,58.0,19.0,441
summer,2011,4,14,0,0,0,clear,24.9,27.0,54.0,22.0,420
summer,2011,4,15,0,0,0,clear,23.02,25.0,61.0,17.0,369
summer,2011,4,16,0,0,0,clear,26.78,28.0,48.0,26.0,359
summer,2011,4,17,0,0,0,clear,23.02,25.0,65.0,20.0,331
summer,2011,4,18,0,0,0,clear,22.08,24.0,69.0,11.0,270
summer,2011,4,19,0,0,0,rain,20.2,21.0,83.0,19.0,194
summer,2011,4,20,0,0,0,rain,20.2,21.0,83.0,19.0,105
summer,2011,4,21,0,0,0,rain,17.38,18.0,94.0,11.0,61
summer,2011,4,22,0,0,0,rain,17.38,18.0,100.0,11.0,45
summer,2011,4,23,0,0,0,rain,17.38,18.0,100.0,6.0,42
summer,2011,4,0,0,1,1,rain,16.44,17.0,100.0,0.0,12
summer,2011,4,1,0,1,1,clear,17.38,18.0,100.0,6.0,10
summer,2011,4,2,0,1,1,clear,17.38,18.0,100.0,6.0,10
summer,2011,4,3,0,1,1,misty,15.5,16.0,100.0,7.0,10
summer,2011,4,4,0,1,1,misty,16.44,17.0,100.0,0.0,5
summer,2011,4,5,0,1,1,misty,13.62,14.0,100.0,0.0,17
summer,2011,4,6,0,1,1,misty,15.5,16.0,100.0,0.0,66
summer,2011,4,7,0,1,1,misty,16.44,17.0,100.0,6.0,196
summer,2011,4,8,0,1,1,clear,18.32,19.0,88.0,7.0,353
summer,2011,4,9,0,1,1,clear,20.2,21.0,83.0,9.0,174
summer,2011,4,10,0,1,1,clear,22.08,24.0,73.0,15.0,125
summer,2011,4,11,0,1,1,clear,22.08,24.0,73.0,15.0,147
summer,2011,4,12,0,1,1,clear,23.02,25.0,74.0,17.0,188
summer,2011,4,13,0,1,1,clear,24.9,27.0,65.0,15.0,203
summer,2011,4,14,0,1,1,clear,25.84,28.0,54.0,15.0,146
summer,2011,4,15,0,1,1,clear,26.78,28.0,51.0,15.0,175
summer,2011,4,16,0,1,1,clear,24.9,27.0,54.0,24.0,239
summer,2011,4,17,0,1,1,clear,24.9,27.0,54.0,20.0,521
summer,2011,4,18,0,1,1,clear,23.96,26.0,57.0,24.0,499
summer,2011,4,19,0,1,1,clear,23.02,25.0,57.0,22.0,382
summer,2011,4,20,0,1,1,clear,23.02,25.0,61.0,19.0,237
summer,2011,4,21,0,1,1,clear,21.14,24.0,69.0,17.0,190
summer,2011,4,22,0,1,1,clear,20.2,23.0,73.0,20.0,106
summer,2011,4,23,0,1,1,clear,19.26,20.0,78.0,19.0,62
summer,2011,4,0,0,2,1,clear,21.14,24.0,69.0,19.0,27
summer,2011,4,1,0,2,1,clear,21.14,23.0,73.0,19.0,21
summer,2011,4,2,0,2,1,clear,18.32,19.0,83.0,22.0,26
summer,2011,4,3,0,2,1,clear,17.38,18.0,88.0,19.0,21
summer,2011,4,4,0,2,1,clear,18.32,19.0,83.0,17.0,6
summer,2011,4,5,0,2,1,clear,17.38,18.0,88.0,17.0,16
summer,2011,4,6,0,2,1,clear,18.32,19.0,88.0,15.0,80
summer,2011,4,7,0,2,1,clear,19.26,20.0,83.0,20.0,270
summer,2011,4,8,0,2,1,clear,19.26,20.0,83.0,20.0,449
summer,2011,4,9,0,2,1,clear,22.08,24.0,73.0,24.0,199
summer,2011,4,10,0,2,1,clear,23.02,25.0,69.0,24.0,120
summer,2011,4,11,0,2,1,clear,23.96,26.0,65.0,26.0,172
summer,2011,4,12,0,2,1,clear,24.9,27.0,61.0,28.0,186
summer,2011,4,13,0,2,1,clear,26.78,28.0,51.0,30.0,176
summer,2011,4,14,0,2,1,clear,25.84,28.0,58.0,22.0,155
summer,2011,4,15,0,2,1,clear,24.9,27.0,61.0,24.0,153
summer,2011,4,16,0,2,1,clear,24.9,27.0,58.0,26.0,291
summer,2011,4,17,0,2,1,clear,23.96,26.0,61.0,24.0,521
summer,2011,4,18,0,2,1,clear,23.96,26.0,65.0,30.0,528
summer,2011,4,19,0,2,1,clear,22.08,24.0,73.0,28.0,328
summer,2011,4,20,0,2,1,clear,22.08,24.0,73.0,24.0,234
summer,2011,4,21,0,2,1,clear,21.14,23.0,78.0,19.0,195
summer,2011,4,22,0,2,1,misty,20.2,21.0,83.0,13.0,148
summer,2011,4,23,0,2,1,misty,20.2,21.0,83.0,15.0,78
summer,2011,4,0,0,3,1,clear,20.2,21.0,83.0,15.0,27
summer,2011,4,1,0,3,1,clear,20.2,21.0,83.0,17.0,17
summer,2011,4,2,0,3,1,clear,19.26,20.0,88.0,17.0,5
summer,2011,4,3,0,3,1,misty,19.26,20.0,88.0,19.0,7
summer,2011,4,4,0,3,1,clear,18.32,19.0,94.0,15.0,6
summer,2011,4,5,0,3,1,misty,18.32,19.0,94.0,17.0,17
summer,2011,4,6,0,3,1,clear,18.32,19.0,94.0,17.0,84
summer,2011,4,7,0,3,1,misty,19.26,20.0,88.0,19.0,246
summer,2011,4,8,0,3,1,misty,19.26,20.0,88.0,22.0,444
summer,2011,4,9,0,3,1,misty,20.2,20.0,88.0,28.0,181
summer,2011,4,10,0,3,1,misty,21.14,22.0,83.0,19.0,92
summer,2011,4,11,0,3,1,misty,22.08,23.0,78.0,19.0,156
summer,2011,4,12,0,3,1,clear,23.02,24.0,78.0,22.0,173
summer,2011,4,13,0,3,1,clear,22.08,23.0,78.0,20.0,150
summer,2011,4,14,0,3,1,clear,23.96,26.0,74.0,19.0,148
summer,2011,4,15,0,3,1,clear,24.9,27.0,65.0,33.0,138
summer,2011,4,16,0,3,1,clear,24.9,27.0,70.0,26.0,218
summer,2011,4,17,0,3,1,rain,23.02,24.0,83.0,26.0,521
summer,2011,4,18,0,3,1,rain,23.02,24.0,83.0,26.0,412
summer,2011,4,19,0,3,1,clear,21.14,23.0,78.0,19.0,260
summer,2011,4,20,0,3,1,clear,22.08,22.0,83.0,22.0,218
summer,2011,4,21,0,3,1,clear,21.14,21.0,88.0,19.0,145
summer,2011,4,22,0,3,1,misty,21.14,21.0,88.0,22.0,129
summer,2011,4,23,0,3,1,misty,21.14,21.0,88.0,24.0,78
summer,2011,4,0,0,4,1,clear,22.08,23.0,78.0,24.0,54
summer,2011,4,1,0,4,1,misty,21.14,22.0,83.0,26.0,20
summer,2011,4,2,0,4,1,misty,21.14,22.0,83.0,30.0,21
summer,2011,4,3,0,4,1,misty,22.08,23.0,78.0,26.0,3
summer,2011,4,4,0,4,1,misty,21.14,22.0,83.0,28.0,9
summer,2011,4,5,0,4,1,misty,21.14,22.0,83.0,26.0,13
summer,2011,4,6,0,4,1,misty,22.08,23.0,78.0,31.0,86
summer,2011,4,7,0,4,1,misty,22.08,23.0,78.0,30.0,215
summer,2011,4,8,0,4,1,misty,23.02,24.0,78.0,30.0,398
summer,2011,4,9,0,4,1,rain,21.14,21.0,88.0,22.0,183
summer,2011,4,10,0,4,1,misty,21.14,21.0,88.0,19.0,54
summer,2011,4,11,0,4,1,misty,21.14,22.0,83.0,19.0,84
summer,2011,4,12,0,4,1,misty,21.14,23.0,78.0,17.0,107
summer,2011,4,13,0,4,1,misty,21.14,22.0,83.0,20.0,121
summer,2011,4,14,0,4,1,clear,21.14,22.0,83.0,20.0,142
summer,2011,4,15,0,4,1,clear,23.02,25.0,69.0,22.0,163
summer,2011,4,16,0,4,1,clear,21.14,23.0,78.0,17.0,270
summer,2011,4,17,0,4,1,clear,22.08,25.0,47.0,24.0,455
summer,2011,4,18,0,4,1,clear,22.08,25.0,47.0,24.0,530
summer,2011,4,19,0,4,1,clear,21.14,25.0,43.0,20.0,404
summer,2011,4,20,0,4,1,clear,19.26,20.0,43.0,15.0,269
summer,2011,4,21,0,4,1,clear,18.32,19.0,46.0,9.0,194
summer,2011,4,22,0,4,1,clear,17.38,18.0,45.0,11.0,153
summer,2011,4,23,0,4,1,clear,17.38,18.0,39.0,6.0,110
summer,2011,4,0,0,5,1,clear,16.44,17.0,39.0,19.0,48
summer,2011,4,1,0,5,1,clear,15.5,16.0,45.0,6.0,31
summer,2011,4,2,0,5,1,clear,13.62,14.0,63.0,7.0,10
summer,2011,4,3,0,5,1,clear,13.62,14.0,59.0,6.0,5
summer,2011,4,4,0,5,1,clear,13.62,14.0,51.0,9.0,6
summer,2011,4,5,0,5,1,clear,13.62,14.0,47.0,9.0,25
summer,2011,4,6,0,5,1,clear,15.5,16.0,45.0,19.0,71
summer,2011,4,7,0,5,1,clear,16.44,17.0,42.0,13.0,240
summer,2011,4,8,0,5,1,clear,17.38,18.0,39.0,20.0,421
summer,2011,4,9,0,5,1,clear,17.38,18.0,39.0,22.0,230
summer,2011,4,10,0,5,1,clear,18.32,19.0,40.0,19.0,156
summer,2011,4,11,0,5,1,clear,20.2,25.0,38.0,15.0,157
summer,2011,4,12,0,5,1,clear,18.32,19.0,37.0,19.0,223
summer,2011,4,13,0,5,1,clear,18.32,19.0,37.0,20.0,308
summer,2011,4,14,0,5,1,clear,20.2,25.0,35.0,22.0,248
summer,2011,4,15,0,5,1,misty,18.32,19.0,40.0,20.0,252
summer,2011,4,16,0,5,1,misty,17.38,18.0,42.0,24.0,299
summer,2011,4,17,0,5,1,misty,16.44,17.0,45.0,26.0,508
summer,2011,4,18,0,5,1,clear,16.44,17.0,48.0,24.0,439
summer,2011,4,19,0,5,1,clear,13.62,14.0,55.0,22.0,270
summer,2011,4,20,0,5,1,clear,14.56,15.0,48.0,15.0,194
summer,2011,4,21,0,5,1,clear,13.62,14.0,51.0,13.0,195
summer,2011,4,22,0,5,1,clear,11.74,12.0,58.0,11.0,146
summer,2011,4,23,0,5,1,misty,12.68,13.0,54.0,6.0,113
summer,2011,4,0,0,6,0,misty,12.68,13.0,54.0,17.0,106
summer,2011,4,1,0,6,0,misty,12.68,13.0,54.0,11.0,74
summer,2011,4,2,0,6,0,misty,12.68,13.0,54.0,15.0,65
summer,2011,4,3,0,6,0,misty,11.74,12.0,54.0,13.0,17
summer,2011,4,4,0,6,0,misty,11.74,12.0,54.0,15.0,7
summer,2011,4,5,0,6,0,clear,11.74,12.0,54.0,26.0,7
summer,2011,4,6,0,6,0,clear,10.8,11.0,58.0,19.0,21
summer,2011,4,7,0,6,0,clear,10.8,11.0,54.0,26.0,48
summer,2011,4,8,0,6,0,clear,10.8,11.0,54.0,20.0,91
summer,2011,4,9,0,6,0,clear,12.68,13.0,51.0,24.0,156
summer,2011,4,10,0,6,0,clear,14.56,15.0,44.0,26.0,279
summer,2011,4,11,0,6,0,clear,15.5,16.0,42.0,24.0,321
summer,2011,4,12,0,6,0,clear,16.44,17.0,42.0,26.0,416
summer,2011,4,13,0,6,0,clear,17.38,18.0,39.0,20.0,455
summer,2011,4,14,0,6,0,clear,17.38,18.0,39.0,15.0,452
summer,2011,4,15,0,6,0,clear,18.32,19.0,37.0,9.0,499
summer,2011,4,16,0,6,0,clear,19.26,20.0,37.0,13.0,464
summer,2011,4,17,0,6,0,clear,18.32,19.0,43.0,9.0,407
summer,2011,4,18,0,6,0,clear,17.38,18.0,43.0,9.0,371
summer,2011,4,19,0,6,0,clear,17.38,18.0,43.0,9.0,387
summer,2011,4,20,0,6,0,clear,12.68,13.0,62.0,9.0,224
summer,2011,4,21,0,6,0,clear,12.68,13.0,62.0,9.0,177
summer,2011,4,22,0,6,0,clear,12.68,13.0,67.0,7.0,143
summer,2011,4,23,0,6,0,clear,12.68,13.0,67.0,7.0,125
summer,2011,5,0,0,0,0,clear,11.74,12.0,67.0,6.0,96
summer,2011,5,1,0,0,0,clear,11.74,12.0,69.0,7.0,59
summer,2011,5,2,0,0,0,clear,11.74,12.0,77.0,7.0,50
summer,2011,5,3,0,0,0,clear,10.8,11.0,82.0,7.0,23
summer,2011,5,4,0,0,0,clear,10.8,11.0,76.0,7.0,17
summer,2011,5,5,0,0,0,clear,10.8,11.0,82.0,6.0,10
summer,2011,5,6,0,0,0,misty,10.8,11.0,82.0,6.0,13
summer,2011,5,7,0,0,0,misty,11.74,12.0,77.0,6.0,33
summer,2011,5,8,0,0,0,misty,12.68,13.0,77.0,9.0,59
summer,2011,5,9,0,0,0,misty,13.62,14.0,72.0,9.0,141
summer,2011,5,10,0,0,0,misty,14.56,15.0,63.0,13.0,264
summer,2011,5,11,0,0,0,clear,13.62,14.0,82.0,7.0,250
summer,2011,5,12,0,0,0,misty,14.56,15.0,77.0,7.0,281
summer,2011,5,13,0,0,0,misty,15.5,16.0,63.0,11.0,332
summer,2011,5,14,0,0,0,misty,15.5,16.0,68.0,7.0,238
summer,2011,5,15,0,0,0,misty,15.5,16.0,72.0,0.0,266
summer,2011,5,16,0,0,0,misty,15.5,16.0,72.0,13.0,214
summer,2011,5,17,0,0,0,misty,14.56,15.0,82.0,17.0,196
summer,2011,5,18,0,0,0,misty,13.62,14.0,82.0,6.0,159
summer,2011,5,19,0,0,0,misty,13.62,14.0,84.0,7.0,178
summer,2011,5,20,0,0,0,misty,13.62,14.0,82.0,0.0,121
summer,2011,5,21,0,0,0,misty,13.62,14.0,82.0,0.0,105
summer,2011,5,22,0,0,0,misty,13.62,14.0,82.0,0.0,100
summer,2011,5,23,0,0,0,clear,13.62,14.0,77.0,13.0,146
summer,2011,5,0,0,1,1,clear,13.62,14.0,72.0,9.0,177
summer,2011,5,1,0,1,1,clear,13.62,14.0,72.0,9.0,114
summer,2011,5,2,0,1,1,misty,12.68,13.0,77.0,15.0,35
summer,2011,5,3,0,1,1,clear,12.68,13.0,77.0,9.0,16
summer,2011,5,4,0,1,1,clear,12.68,13.0,77.0,11.0,17
summer,2011,5,5,0,1,1,misty,12.68,13.0,77.0,9.0,20
summer,2011,5,6,0,1,1,clear,12.68,13.0,88.0,7.0,62
summer,2011,5,7,0,1,1,misty,13.62,14.0,82.0,22.0,209
summer,2011,5,8,0,1,1,misty,14.56,15.0,77.0,15.0,371
summer,2011,5,9,0,1,1,misty,15.5,16.0,77.0,19.0,172
summer,2011,5,10,0,1,1,misty,17.38,18.0,77.0,15.0,108
summer,2011,5,11,0,1,1,clear,19.26,20.0,73.0,20.0,130
summer,2011,5,12,0,1,1,clear,21.14,24.0,69.0,15.0,187
summer,2011,5,13,0,1,1,misty,21.14,24.0,69.0,13.0,170
summer,2011,5,14,0,1,1,clear,22.08,24.0,69.0,15.0,181
summer,2011,5,15,0,1,1,clear,23.02,25.0,61.0,13.0,155
summer,2011,5,16,0,1,1,clear,23.02,25.0,61.0,15.0,269
summer,2011,5,17,0,1,1,clear,23.02,25.0,65.0,13.0,537
summer,2011,5,18,0,1,1,misty,22.08,24.0,65.0,13.0,518
summer,2011,5,19,0,1,1,misty,21.14,24.0,69.0,9.0,314
summer,2011,5,20,0,1,1,misty,21.14,24.0,69.0,9.0,218
summer,2011,5,21,0,1,1,misty,20.2,23.0,73.0,7.0,232
summer,2011,5,22,0,1,1,misty,20.2,23.0,73.0,0.0,125
summer,2011,5,23,0,1,1,misty,18.32,19.0,83.0,13.0,64
summer,2011,5,0,0,2,1,misty,18.32,19.0,83.0,15.0,16
summer,2011,5,1,0,2,1,misty,18.32,19.0,78.0,17.0,14
summer,2011,5,2,0,2,1,misty,18.32,19.0,78.0,17.0,5
summer,2011,5,3,0,2,1,clear,17.38,18.0,83.0,19.0,2
summer,2011,5,4,0,2,1,clear,16.44,17.0,88.0,15.0,4
summer,2011,5,5,0,2,1,clear,16.44,17.0,88.0,9.0,14
summer,2011,5,6,0,2,1,misty,16.44,17.0,94.0,11.0,109
summer,2011,5,7,0,2,1,misty,17.38,18.0,88.0,15.0,265
summer,2011,5,8,0,2,1,misty,18.32,19.0,83.0,19.0,459
summer,2011,5,9,0,2,1,misty,20.2,22.0,78.0,24.0,186
summer,2011,5,10,0,2,1,misty,22.08,24.0,69.0,24.0,127
summer,2011,5,11,0,2,1,misty,23.02,25.0,65.0,22.0,140
summer,2011,5,12,0,2,1,misty,23.96,26.0,61.0,33.0,217
summer,2011,5,13,0,2,1,misty,24.9,27.0,58.0,41.0,194
summer,2011,5,14,0,2,1,misty,24.9,27.0,58.0,35.0,158
summer,2011,5,15,0,2,1,misty,24.9,27.0,58.0,30.0,154
summer,2011,5,16,0,2,1,clear,25.84,28.0,54.0,31.0,271
summer,2011,5,17,0,2,1,clear,24.9,27.0,54.0,31.0,517
summer,2011,5,18,0,2,1,clear,24.9,27.0,48.0,28.0,544
summer,2011,5,19,0,2,1,clear,23.96,26.0,57.0,24.0,365
summer,2011,5,20,0,2,1,clear,23.02,25.0,61.0,13.0,290
summer,2011,5,21,0,2,1,misty,22.08,25.0,61.0,30.0,225
summer,2011,5,22,0,2,1,misty,19.26,20.0,60.0,26.0,113
summer,2011,5,23,0,2,1,misty,18.32,19.0,68.0,22.0,62
summer,2011,5,0,0,3,1,rain,16.44,17.0,77.0,11.0,27
summer,2011,5,1,0,3,1,rain,15.5,16.0,82.0,19.0,7
summer,2011,5,2,0,3,1,rain,15.5,16.0,82.0,19.0,4
summer,2011,5,3,0,3,1,rain,11.74,12.0,88.0,35.0,1
summer,2011,5,4,0,3,1,rain,9.86,10.0,94.0,22.0,3
summer,2011,5,5,0,3,1,rain,8.92,6.0,87.0,22.0,9
summer,2011,5,6,0,3,1,rain,7.98,4.0,93.0,26.0,21
summer,2011,5,7,0,3,1,rain,7.98,4.0,93.0,24.0,52
summer,2011,5,8,0,3,1,rain,7.98,4.0,93.0,26.0,79
summer,2011,5,9,0,3,1,rain,7.98,4.0,93.0,24.0,40
summer,2011,5,10,0,3,1,misty,7.98,5.0,93.0,19.0,31
summer,2011,5,11,0,3,1,clear,10.8,11.0,82.0,22.0,72
summer,2011,5,12,0,3,1,misty,12.68,13.0,62.0,24.0,124
summer,2011,5,13,0,3,1,misty,13.62,14.0,59.0,30.0,143
summer,2011,5,14,0,3,1,clear,15.5,16.0,51.0,26.0,107
summer,2011,5,15,0,3,1,clear,14.56,15.0,51.0,28.0,129
summer,2011,5,16,0,3,1,clear,15.5,16.0,45.0,31.0,195
summer,2011,5,17,0,3,1,clear,10.8,11.0,71.0,17.0,410
summer,2011,5,18,0,3,1,clear,11.74,12.0,67.0,17.0,396
summer,2011,5,19,0,3,1,clear,11.74,12.0,58.0,24.0,296
summer,2011,5,20,0,3,1,clear,10.8,11.0,62.0,22.0,191
summer,2011,5,21,0,3,1,clear,10.8,11.0,62.0,11.0,150
summer,2011,5,22,0,3,1,clear,9.86,10.0,62.0,15.0,89
summer,2011,5,23,0,3,1,clear,8.92,7.0,62.0,15.0,57
summer,2011,5,0,0,4,1,clear,8.92,7.0,66.0,13.0,27
summer,2011,5,1,0,4,1,clear,7.98,6.0,71.0,13.0,10
summer,2011,5,2,0,4,1,clear,7.98,5.0,66.0,15.0,5
summer,2011,5,3,0,4,1,clear,7.98,5.0,66.0,17.0,4
summer,2011,5,4,0,4,1,clear,7.98,5.0,66.0,17.0,7
summer,2011,5,5,0,4,1,clear,7.98,5.0,66.0,17.0,30
summer,2011,5,6,0,4,1,clear,7.98,5.0,66.0,17.0,89
summer,2011,5,7,0,4,1,clear,9.86,10.0,58.0,17.0,271
summer,2011,5,8,0,4,1,clear,11.74,12.0,50.0,17.0,440
summer,2011,5,9,0,4,1,clear,13.62,14.0,44.0,19.0,184
summer,2011,5,10,0,4,1,clear,15.5,16.0,39.0,19.0,128
summer,2011,5,11,0,4,1,clear,16.44,17.0,36.0,30.0,148
summer,2011,5,12,0,4,1,clear,16.44,17.0,34.0,24.0,196
summer,2011,5,13,0,4,1,clear,17.38,18.0,30.0,39.0,192
summer,2011,5,14,0,4,1,clear,17.38,18.0,28.0,30.0,154
summer,2011,5,15,0,4,1,clear,18.32,19.0,26.0,33.0,147
summer,2011,5,16,0,4,1,clear,19.26,20.0,24.0,28.0,269
summer,2011,5,17,0,4,1,clear,18.32,19.0,26.0,26.0,533
summer,2011,5,18,0,4,1,clear,18.32,19.0,26.0,19.0,520
summer,2011,5,19,0,4,1,clear,17.38,18.0,28.0,15.0,361
summer,2011,5,20,0,4,1,clear,15.5,16.0,34.0,11.0,258
summer,2011,5,21,0,4,1,clear,15.5,16.0,36.0,13.0,180
summer,2011,5,22,0,4,1,clear,14.56,15.0,39.0,13.0,165
summer,2011,5,23,0,4,1,clear,13.62,14.0,41.0,13.0,115
summer,2011,5,0,0,5,1,clear,12.68,13.0,44.0,11.0,56
summer,2011,5,1,0,5,1,clear,10.8,11.0,62.0,11.0,32
summer,2011,5,2,0,5,1,clear,9.86,10.0,62.0,7.0,16
summer,2011,5,3,0,5,1,clear,8.92,8.0,71.0,7.0,9
summer,2011,5,4,0,5,1,clear,8.92,8.0,71.0,7.0,1
summer,2011,5,5,0,5,1,clear,7.98,7.0,81.0,7.0,16
summer,2011,5,6,0,5,1,clear,8.92,8.0,81.0,6.0,82
summer,2011,5,7,0,5,1,clear,10.8,11.0,82.0,0.0,222
summer,2011,5,8,0,5,1,clear,11.74,12.0,77.0,17.0,450
summer,2011,5,9,0,5,1,clear,13.62,14.0,67.0,19.0,188
summer,2011,5,10,0,5,1,misty,17.38,18.0,49.0,22.0,127
summer,2011,5,11,0,5,1,misty,17.38,18.0,49.0,22.0,165
summer,2011,5,12,0,5,1,clear,18.32,19.0,49.0,24.0,246
summer,2011,5,13,0,5,1,clear,19.26,20.0,40.0,22.0,253
summer,2011,5,14,0,5,1,clear,20.2,25.0,40.0,30.0,213
summer,2011,5,15,0,5,1,clear,20.2,25.0,38.0,26.0,260
summer,2011,5,16,0,5,1,clear,20.2,25.0,40.0,17.0,344
summer,2011,5,17,0,5,1,clear,19.26,20.0,40.0,24.0,553
summer,2011,5,18,0,5,1,rain,17.38,18.0,52.0,24.0,470
summer,2011,5,19,0,5,1,rain,17.38,18.0,52.0,24.0,292
summer,2011,5,20,0,5,1,clear,16.44,17.0,48.0,7.0,190
summer,2011,5,21,0,5,1,clear,14.56,15.0,67.0,9.0,152
summer,2011,5,22,0,5,1,clear,13.62,14.0,72.0,15.0,151
summer,2011,5,23,0,5,1,clear,12.68,13.0,82.0,9.0,120
summer,2011,5,0,0,6,0,clear,11.74,12.0,82.0,9.0,86
summer,2011,5,1,0,6,0,clear,11.74,12.0,82.0,7.0,58
summer,2011,5,2,0,6,0,clear,11.74,12.0,82.0,6.0,52
summer,2011,5,3,0,6,0,clear,11.74,12.0,77.0,6.0,18
summer,2011,5,4,0,6,0,clear,10.8,11.0,82.0,7.0,5
summer,2011,5,5,0,6,0,clear,13.62,14.0,59.0,9.0,7
summer,2011,5,6,0,6,0,clear,11.74,12.0,77.0,6.0,13
summer,2011,5,7,0,6,0,clear,14.56,15.0,59.0,0.0,40
summer,2011,5,8,0,6,0,clear,16.44,17.0,52.0,13.0,115
summer,2011,5,9,0,6,0,clear,17.38,18.0,49.0,19.0,218
summer,2011,5,10,0,6,0,clear,18.32,19.0,49.0,20.0,298
summer,2011,5,11,0,6,0,clear,18.32,19.0,43.0,0.0,347
summer,2011,5,12,0,6,0,clear,20.2,25.0,40.0,13.0,373
summer,2011,5,13,0,6,0,clear,20.2,25.0,35.0,19.0,436
summer,2011,5,14,0,6,0,rain,20.2,25.0,35.0,11.0,378
summer,2011,5,15,0,6,0,clear,20.2,25.0,38.0,17.0,378
summer,2011,5,16,0,6,0,clear,20.2,25.0,38.0,13.0,342
summer,2011,5,17,0,6,0,clear,19.26,20.0,40.0,15.0,354
summer,2011,5,18,0,6,0,clear,19.26,20.0,37.0,11.0,289
summer,2011,5,19,0,6,0,clear,18.32,19.0,43.0,13.0,267
summer,2011,5,20,0,6,0,clear,18.32,19.0,43.0,9.0,219
summer,2011,5,21,0,6,0,clear,17.38,18.0,49.0,15.0,182
summer,2011,5,22,0,6,0,clear,17.38,18.0,49.0,13.0,120
summer,2011,5,23,0,6,0,clear,15.5,16.0,59.0,7.0,119
summer,2011,5,0,0,0,0,misty,15.5,16.0,59.0,7.0,100
summer,2011,5,1,0,0,0,misty,16.44,17.0,55.0,0.0,64
summer,2011,5,2,0,0,0,clear,14.56,15.0,63.0,0.0,59
summer,2011,5,3,0,0,0,clear,13.62,14.0,72.0,6.0,31
summer,2011,5,4,0,0,0,clear,11.74,12.0,82.0,0.0,10
summer,2011,5,5,0,0,0,misty,12.68,13.0,77.0,0.0,5
summer,2011,5,6,0,0,0,misty,12.68,13.0,82.0,0.0,6
summer,2011,5,7,0,0,0,misty,13.62,14.0,82.0,0.0,23
summer,2011,5,8,0,0,0,clear,16.44,17.0,63.0,9.0,86
summer,2011,5,9,0,0,0,clear,18.32,19.0,52.0,15.0,160
summer,2011,5,10,0,0,0,clear,19.26,20.0,49.0,9.0,244
summer,2011,5,11,0,0,0,clear,19.26,20.0,49.0,6.0,340
summer,2011,5,12,0,0,0,clear,20.2,25.0,46.0,6.0,382
summer,2011,5,13,0,0,0,clear,20.2,25.0,49.0,9.0,390
summer,2011,5,14,0,0,0,clear,20.2,25.0,49.0,0.0,366
summer,2011,5,15,0,0,0,clear,20.2,25.0,49.0,0.0,358
summer,2011,5,16,0,0,0,clear,20.2,25.0,46.0,7.0,385
summer,2011,5,17,0,0,0,rain,19.26,20.0,49.0,19.0,351
summer,2011,5,18,0,0,0,clear,19.26,20.0,49.0,0.0,268
summer,2011,5,19,0,0,0,clear,18.32,19.0,64.0,0.0,239
summer,2011,5,20,0,0,0,clear,16.44,17.0,77.0,9.0,174
summer,2011,5,21,0,0,0,clear,16.44,17.0,77.0,6.0,127
summer,2011,5,22,0,0,0,clear,15.5,16.0,88.0,6.0,115
summer,2011,5,23,0,0,0,clear,13.62,14.0,88.0,6.0,50
summer,2011,5,0,0,1,1,clear,13.62,14.0,82.0,6.0,53
summer,2011,5,1,0,1,1,clear,12.68,13.0,88.0,0.0,33
summer,2011,5,2,0,1,1,clear,12.68,13.0,94.0,0.0,8
summer,2011,5,3,0,1,1,clear,13.62,14.0,82.0,6.0,7
summer,2011,5,4,0,1,1,clear,11.74,12.0,82.0,11.0,4
summer,2011,5,5,0,1,1,clear,11.74,12.0,77.0,11.0,23
summer,2011,5,6,0,1,1,clear,12.68,13.0,72.0,17.0,89
summer,2011,5,7,0,1,1,clear,14.56,15.0,63.0,17.0,237
summer,2011,5,8,0,1,1,clear,16.44,17.0,55.0,15.0,374
summer,2011,5,9,0,1,1,clear,17.38,18.0,56.0,11.0,178
summer,2011,5,10,0,1,1,clear,18.32,19.0,52.0,13.0,119
summer,2011,5,11,0,1,1,clear,20.2,25.0,46.0,15.0,125
summer,2011,5,12,0,1,1,clear,20.2,25.0,43.0,13.0,195
summer,2011,5,13,0,1,1,clear,21.14,25.0,38.0,19.0,174
summer,2011,5,14,0,1,1,clear,21.14,25.0,41.0,15.0,162
summer,2011,5,15,0,1,1,clear,21.14,25.0,41.0,15.0,199
summer,2011,5,16,0,1,1,clear,22.08,25.0,38.0,15.0,304
summer,2011,5,17,0,1,1,clear,21.14,25.0,38.0,17.0,598
summer,2011,5,18,0,1,1,clear,21.14,25.0,38.0,20.0,524
summer,2011,5,19,0,1,1,clear,19.26,20.0,43.0,13.0,384
summer,2011,5,20,0,1,1,clear,17.38,18.0,49.0,13.0,239
summer,2011,5,21,0,1,1,clear,16.44,17.0,59.0,9.0,156
summer,2011,5,22,0,1,1,clear,16.44,17.0,68.0,6.0,116
summer,2011,5,23,0,1,1,clear,15.5,16.0,68.0,6.0,61
summer,2011,5,0,0,2,1,clear,14.56,15.0,63.0,0.0,18
summer,2011,5,1,0,2,1,clear,13.62,14.0,59.0,6.0,15
summer,2011,5,2,0,2,1,clear,12.68,13.0,58.0,9.0,5
summer,2011,5,3,0,2,1,clear,12.68,13.0,54.0,13.0,4
summer,2011,5,4,0,2,1,clear,11.74,12.0,62.0,17.0,2
summer,2011,5,5,0,2,1,clear,10.8,11.0,66.0,15.0,29
summer,2011,5,6,0,2,1,clear,11.74,12.0,67.0,9.0,112
summer,2011,5,7,0,2,1,misty,12.68,13.0,62.0,9.0,314
summer,2011,5,8,0,2,1,misty,15.5,16.0,51.0,7.0,425
summer,2011,5,9,0,2,1,misty,16.44,17.0,48.0,7.0,205
summer,2011,5,10,0,2,1,misty,18.32,19.0,37.0,6.0,127
summer,2011,5,11,0,2,1,misty,18.32,19.0,43.0,9.0,125
summer,2011,5,12,0,2,1,misty,20.2,25.0,38.0,0.0,217
summer,2011,5,13,0,2,1,misty,21.14,25.0,38.0,17.0,202
summer,2011,5,14,0,2,1,misty,21.14,25.0,33.0,0.0,176
summer,2011,5,15,0,2,1,misty,22.08,25.0,33.0,6.0,180
summer,2011,5,16,0,2,1,clear,23.02,25.0,31.0,7.0,327
summer,2011,5,17,0,2,1,clear,22.08,25.0,33.0,0.0,611
summer,2011,5,18,0,2,1,clear,22.08,25.0,29.0,9.0,550
summer,2011,5,19,0,2,1,clear,20.2,25.0,43.0,15.0,434
summer,2011,5,20,0,2,1,clear,17.38,18.0,60.0,9.0,291
summer,2011,5,21,0,2,1,clear,17.38,18.0,52.0,0.0,203
summer,2011,5,22,0,2,1,clear,16.44,17.0,55.0,7.0,150
summer,2011,5,23,0,2,1,misty,16.44,17.0,59.0,9.0,81
summer,2011,5,0,0,3,1,misty,16.44,17.0,55.0,9.0,38
summer,2011,5,1,0,3,1,misty,15.5,16.0,59.0,7.0,20
summer,2011,5,2,0,3,1,clear,16.44,17.0,59.0,0.0,10
summer,2011,5,3,0,3,1,clear,15.5,16.0,63.0,15.0,3
summer,2011,5,4,0,3,1,misty,14.56,15.0,88.0,9.0,2
summer,2011,5,5,0,3,1,clear,13.62,14.0,88.0,9.0,20
summer,2011,5,6,0,3,1,clear,13.62,14.0,82.0,9.0,99
summer,2011,5,7,0,3,1,clear,14.56,15.0,72.0,13.0,318
summer,2011,5,8,0,3,1,clear,14.56,15.0,77.0,17.0,442
summer,2011,5,9,0,3,1,clear,16.44,17.0,72.0,9.0,203
summer,2011,5,10,0,3,1,clear,17.38,18.0,68.0,6.0,154
summer,2011,5,11,0,3,1,clear,18.32,19.0,64.0,6.0,141
summer,2011,5,12,0,3,1,clear,20.2,25.0,56.0,0.0,226
summer,2011,5,13,0,3,1,clear,21.14,25.0,50.0,0.0,193
summer,2011,5,14,0,3,1,clear,21.14,25.0,53.0,6.0,177
summer,2011,5,15,0,3,1,clear,22.08,25.0,41.0,0.0,179
summer,2011,5,16,0,3,1,clear,23.02,25.0,39.0,0.0,289
summer,2011,5,17,0,3,1,clear,22.08,25.0,47.0,7.0,259
summer,2011,5,18,0,3,1,clear,21.14,25.0,50.0,20.0,274
summer,2011,5,19,0,3,1,clear,18.32,19.0,52.0,9.0,401
summer,2011,5,20,0,3,1,clear,17.38,18.0,64.0,9.0,273
summer,2011,5,21,0,3,1,clear,17.38,18.0,60.0,0.0,234
summer,2011,5,22,0,3,1,clear,15.5,16.0,72.0,17.0,146
summer,2011,5,23,0,3,1,clear,13.62,14.0,88.0,17.0,81
summer,2011,5,0,0,4,1,misty,13.62,14.0,88.0,15.0,44
summer,2011,5,1,0,4,1,clear,13.62,14.0,88.0,15.0,17
summer,2011,5,2,0,4,1,clear,12.68,13.0,94.0,13.0,15
summer,2011,5,3,0,4,1,clear,12.68,13.0,88.0,9.0,5
summer,2011,5,4,0,4,1,clear,11.74,12.0,94.0,0.0,6
summer,2011,5,5,0,4,1,clear,11.74,12.0,94.0,9.0,29
summer,2011,5,6,0,4,1,clear,12.68,13.0,88.0,0.0,112
summer,2011,5,7,0,4,1,clear,13.62,14.0,88.0,9.0,297
summer,2011,5,8,0,4,1,clear,14.56,15.0,82.0,13.0,421
summer,2011,5,9,0,4,1,misty,15.5,16.0,77.0,19.0,212
summer,2011,5,10,0,4,1,misty,17.38,18.0,68.0,15.0,147
summer,2011,5,11,0,4,1,clear,19.26,20.0,60.0,15.0,179
summer,2011,5,12,0,4,1,clear,19.26,20.0,60.0,15.0,207
summer,2011,5,13,0,4,1,misty,21.14,25.0,57.0,20.0,218
summer,2011,5,14,0,4,1,misty,21.14,24.0,61.0,15.0,191
summer,2011,5,15,0,4,1,misty,22.08,25.0,53.0,17.0,217
summer,2011,5,16,0,4,1,misty,22.08,25.0,57.0,17.0,288
summer,2011,5,17,0,4,1,misty,22.08,25.0,57.0,13.0,594
summer,2011,5,18,0,4,1,clear,21.14,24.0,69.0,15.0,527
summer,2011,5,19,0,4,1,misty,20.2,24.0,64.0,13.0,364
summer,2011,5,20,0,4,1,clear,20.2,24.0,64.0,13.0,276
summer,2011,5,21,0,4,1,clear,18.32,19.0,83.0,9.0,223
summer,2011,5,22,0,4,1,clear,17.38,18.0,83.0,13.0,172
summer,2011,5,23,0,4,1,misty,17.38,18.0,77.0,13.0,103
summer,2011,5,0,0,5,1,misty,16.44,17.0,83.0,11.0,52
summer,2011,5,1,0,5,1,clear,16.44,17.0,83.0,11.0,20
summer,2011,5,2,0,5,1,misty,15.5,16.0,88.0,9.0,11
summer,2011,5,3,0,5,1,misty,15.5,16.0,88.0,9.0,4
summer,2011,5,4,0,5,1,rain,15.5,16.0,88.0,11.0,5
summer,2011,5,5,0,5,1,misty,15.5,16.0,88.0,13.0,25
summer,2011,5,6,0,5,1,rain,15.5,16.0,88.0,9.0,82
summer,2011,5,7,0,5,1,rain,15.5,16.0,88.0,11.0,157
summer,2011,5,8,0,5,1,misty,15.5,16.0,88.0,13.0,387
summer,2011,5,9,0,5,1,misty,15.5,16.0,88.0,13.0,233
summer,2011,5,10,0,5,1,misty,16.44,17.0,83.0,9.0,130
summer,2011,5,11,0,5,1,misty,16.44,17.0,83.0,11.0,146
summer,2011,5,12,0,5,1,misty,16.44,17.0,88.0,13.0,223
summer,2011,5,13,0,5,1,misty,16.44,17.0,88.0,26.0,226
summer,2011,5,14,0,5,1,misty,16.44,17.0,87.0,19.0,190
summer,2011,5,15,0,5,1,misty,16.44,17.0,88.0,11.0,198
summer,2011,5,16,0,5,1,misty,16.44,17.0,88.0,9.0,300
summer,2011,5,17,0,5,1,rain,16.44,17.0,88.0,11.0,491
summer,2011,5,18,0,5,1,rain,16.44,17.0,88.0,11.0,398
summer,2011,5,19,0,5,1,misty,16.44,17.0,83.0,13.0,270
summer,2011,5,20,0,5,1,misty,16.44,17.0,83.0,9.0,152
summer,2011,5,21,0,5,1,misty,16.44,17.0,84.0,11.0,154
summer,2011,5,22,0,5,1,misty,16.44,17.0,83.0,15.0,132
summer,2011,5,23,0,5,1,rain,15.5,16.0,88.0,11.0,119
summer,2011,5,0,0,6,0,misty,15.5,16.0,88.0,9.0,102
summer,2011,5,1,0,6,0,misty,15.5,16.0,88.0,9.0,82
summer,2011,5,2,0,6,0,misty,15.5,16.0,88.0,9.0,52
summer,2011,5,3,0,6,0,misty,15.5,16.0,88.0,9.0,35
summer,2011,5,4,0,6,0,misty,15.5,16.0,82.0,11.0,5
summer,2011,5,5,0,6,0,misty,15.5,16.0,82.0,7.0,14
summer,2011,5,6,0,6,0,misty,15.5,16.0,88.0,7.0,11
summer,2011,5,7,0,6,0,rain,14.56,15.0,100.0,0.0,32
summer,2011,5,8,0,6,0,rain,15.5,16.0,94.0,0.0,88
summer,2011,5,9,0,6,0,misty,16.44,17.0,94.0,6.0,100
summer,2011,5,10,0,6,0,misty,16.44,17.0,94.0,11.0,167
summer,2011,5,11,0,6,0,misty,16.44,17.0,94.0,9.0,279
summer,2011,5,12,0,6,0,rain,16.44,17.0,100.0,6.0,279
summer,2011,5,13,0,6,0,rain,16.44,17.0,100.0,6.0,248
summer,2011,5,14,0,6,0,misty,17.38,18.0,94.0,9.0,216
summer,2011,5,15,0,6,0,misty,17.38,18.0,94.0,11.0,294
summer,2011,5,16,0,6,0,misty,17.38,18.0,94.0,13.0,295
summer,2011,5,17,0,6,0,misty,18.32,19.0,88.0,13.0,272
summer,2011,5,18,0,6,0,misty,18.32,19.0,88.0,15.0,304
summer,2011,5,19,0,6,0,rain,17.38,18.0,94.0,9.0,248
summer,2011,5,20,0,6,0,rain,17.38,18.0,94.0,9.0,157
summer,2011,5,21,0,6,0,rain,17.38,18.0,94.0,15.0,59
summer,2011,5,22,0,6,0,rain,17.38,18.0,94.0,11.0,26
summer,2011,5,23,0,6,0,rain,16.44,17.0,100.0,13.0,44
summer,2011,5,0,0,0,0,misty,16.44,17.0,100.0,0.0,39
summer,2011,5,1,0,0,0,misty,16.44,17.0,100.0,7.0,47
summer,2011,5,2,0,0,0,misty,16.44,17.0,100.0,9.0,50
summer,2011,5,3,0,0,0,misty,16.44,17.0,100.0,0.0,32
summer,2011,5,4,0,0,0,misty,16.44,17.0,100.0,0.0,13
summer,2011,5,5,0,0,0,rain,16.44,17.0,100.0,7.0,14
summer,2011,5,6,0,0,0,misty,16.44,17.0,100.0,9.0,17
summer,2011,5,7,0,0,0,misty,16.44,17.0,100.0,9.0,42
summer,2011,5,8,0,0,0,misty,17.38,18.0,94.0,9.0,70
summer,2011,5,9,0,0,0,clear,19.26,20.0,83.0,17.0,134
summer,2011,5,10,0,0,0,clear,19.26,20.0,83.0,15.0,226
summer,2011,5,11,0,0,0,clear,20.2,22.0,78.0,15.0,322
summer,2011,5,12,0,0,0,clear,21.14,23.0,73.0,20.0,367
summer,2011,5,13,0,0,0,clear,21.14,23.0,73.0,19.0,456
summer,2011,5,14,0,0,0,clear,22.08,24.0,73.0,13.0,437
summer,2011,5,15,0,0,0,clear,23.02,25.0,69.0,17.0,459
summer,2011,5,16,0,0,0,clear,22.08,24.0,69.0,17.0,440
summer,2011,5,17,0,0,0,rain,18.32,19.0,78.0,24.0,392
summer,2011,5,18,0,0,0,clear,18.32,19.0,78.0,17.0,237
summer,2011,5,19,0,0,0,clear,18.32,19.0,83.0,7.0,231
summer,2011,5,20,0,0,0,clear,17.38,18.0,88.0,0.0,191
summer,2011,5,21,0,0,0,clear,17.38,18.0,88.0,0.0,151
summer,2011,5,22,0,0,0,clear,18.32,19.0,83.0,0.0,117
summer,2011,5,23,0,0,0,clear,17.38,18.0,88.0,15.0,69
summer,2011,5,0,0,1,1,clear,16.44,17.0,94.0,7.0,38
summer,2011,5,1,0,1,1,clear,16.44,17.0,94.0,9.0,14
summer,2011,5,2,0,1,1,clear,15.5,16.0,100.0,6.0,13
summer,2011,5,3,0,1,1,clear,15.5,16.0,94.0,11.0,4
summer,2011,5,4,0,1,1,clear,15.5,16.0,100.0,9.0,6
summer,2011,5,5,0,1,1,clear,15.5,16.0,93.0,13.0,21
summer,2011,5,6,0,1,1,clear,16.44,17.0,88.0,11.0,104
summer,2011,5,7,0,1,1,clear,16.44,17.0,83.0,19.0,272
summer,2011,5,8,0,1,1,clear,18.32,19.0,73.0,20.0,394
summer,2011,5,9,0,1,1,clear,20.2,23.0,69.0,13.0,194
summer,2011,5,10,0,1,1,clear,21.14,24.0,65.0,6.0,112
summer,2011,5,11,0,1,1,clear,22.08,25.0,57.0,0.0,185
summer,2011,5,12,0,1,1,clear,23.02,25.0,54.0,6.0,209
summer,2011,5,13,0,1,1,clear,23.96,26.0,51.0,0.0,214
summer,2011,5,14,0,1,1,clear,23.96,26.0,51.0,0.0,193
summer,2011,5,15,0,1,1,clear,25.84,28.0,51.0,0.0,165
summer,2011,5,16,0,1,1,rain,20.2,22.0,78.0,17.0,226
summer,2011,5,17,0,1,1,clear,19.26,20.0,88.0,15.0,274
summer,2011,5,18,0,1,1,rain,19.26,20.0,83.0,13.0,453
summer,2011,5,19,0,1,1,clear,19.26,20.0,83.0,17.0,308
summer,2011,5,20,0,1,1,clear,19.26,20.0,83.0,0.0,198
summer,2011,5,21,0,1,1,clear,19.26,20.0,83.0,0.0,177
summer,2011,5,22,0,1,1,clear,18.32,19.0,88.0,6.0,127
summer,2011,5,23,0,1,1,clear,18.32,19.0,88.0,6.0,57
summer,2011,5,0,0,2,1,misty,18.32,19.0,88.0,0.0,31
summer,2011,5,1,0,2,1,rain,18.32,19.0,88.0,0.0,13
summer,2011,5,2,0,2,1,rain,18.32,19.0,88.0,0.0,8
summer,2011,5,3,0,2,1,rain,17.38,18.0,94.0,17.0,4
summer,2011,5,4,0,2,1,rain,17.38,18.0,94.0,17.0,4
summer,2011,5,5,0,2,1,rain,16.44,17.0,94.0,17.0,22
summer,2011,5,6,0,2,1,rain,16.44,17.0,94.0,17.0,49
summer,2011,5,7,0,2,1,misty,16.44,17.0,94.0,17.0,151
summer,2011,5,8,0,2,1,misty,16.44,17.0,94.0,20.0,347
summer,2011,5,9,0,2,1,misty,17.38,18.0,88.0,17.0,207
summer,2011,5,10,0,2,1,rain,17.38,18.0,88.0,17.0,104
summer,2011,5,11,0,2,1,misty,18.32,19.0,83.0,28.0,130
summer,2011,5,12,0,2,1,rain,18.32,19.0,83.0,28.0,153
summer,2011,5,13,0,2,1,misty,18.32,19.0,88.0,22.0,172
summer,2011,5,14,0,2,1,clear,21.14,23.0,73.0,31.0,184
summer,2011,5,15,0,2,1,clear,21.14,24.0,69.0,30.0,210
summer,2011,5,16,0,2,1,clear,21.14,24.0,61.0,22.0,290
summer,2011,5,17,0,2,1,clear,21.14,24.0,65.0,28.0,604
summer,2011,5,18,0,2,1,clear,20.2,23.0,69.0,20.0,480
summer,2011,5,19,0,2,1,clear,20.2,23.0,69.0,17.0,349
summer,2011,5,20,0,2,1,clear,19.26,20.0,83.0,28.0,283
summer,2011,5,21,0,2,1,clear,17.38,18.0,88.0,17.0,174
summer,2011,5,22,0,2,1,misty,17.38,18.0,88.0,19.0,98
summer,2011,5,23,0,2,1,misty,17.38,18.0,88.0,17.0,56
summer,2011,5,0,0,3,1,misty,17.38,18.0,88.0,15.0,23
summer,2011,5,1,0,3,1,misty,17.38,18.0,88.0,17.0,12
summer,2011,5,2,0,3,1,rain,16.44,17.0,94.0,15.0,6
summer,2011,5,3,0,3,1,rain,16.44,17.0,94.0,20.0,9
summer,2011,5,4,0,3,1,rain,16.44,17.0,94.0,20.0,3
summer,2011,5,5,0,3,1,clear,16.44,17.0,100.0,15.0,9
summer,2011,5,6,0,3,1,clear,16.44,17.0,100.0,9.0,101
summer,2011,5,7,0,3,1,clear,17.38,18.0,88.0,13.0,274
summer,2011,5,8,0,3,1,clear,18.32,19.0,88.0,19.0,453
summer,2011,5,9,0,3,1,rain,18.32,19.0,83.0,17.0,202
summer,2011,5,10,0,3,1,rain,17.38,18.0,88.0,19.0,106
summer,2011,5,11,0,3,1,misty,17.38,18.0,94.0,6.0,23
summer,2011,5,12,0,3,1,clear,18.32,19.0,94.0,20.0,54
summer,2011,5,13,0,3,1,misty,18.32,19.0,83.0,22.0,122
summer,2011,5,14,0,3,1,misty,19.26,20.0,78.0,19.0,138
summer,2011,5,15,0,3,1,clear,20.2,22.0,78.0,17.0,167
summer,2011,5,16,0,3,1,clear,20.2,23.0,73.0,13.0,294
summer,2011,5,17,0,3,1,clear,20.2,23.0,69.0,9.0,565
summer,2011,5,18,0,3,1,clear,20.2,23.0,73.0,15.0,489
summer,2011,5,19,0,3,1,rain,18.32,19.0,88.0,9.0,331
summer,2011,5,20,0,3,1,rain,18.32,19.0,88.0,9.0,213
summer,2011,5,21,0,3,1,clear,16.44,17.0,88.0,0.0,85
summer,2011,5,22,0,3,1,clear,16.44,17.0,83.0,0.0,117
summer,2011,5,23,0,3,1,clear,16.44,17.0,94.0,6.0,59
summer,2011,5,0,0,4,1,clear,16.44,17.0,94.0,7.0,29
summer,2011,5,1,0,4,1,clear,15.5,16.0,94.0,0.0,6
summer,2011,5,2,0,4,1,clear,15.5,16.0,94.0,0.0,15
summer,2011,5,3,0,4,1,clear,14.56,15.0,100.0,0.0,4
summer,2011,5,4,0,4,1,clear,14.56,15.0,94.0,0.0,5
summer,2011,5,5,0,4,1,clear,14.56,15.0,94.0,0.0,26
summer,2011,5,6,0,4,1,misty,15.5,16.0,94.0,0.0,103
summer,2011,5,7,0,4,1,misty,15.5,16.0,100.0,0.0,257
summer,2011,5,8,0,4,1,misty,16.44,17.0,88.0,0.0,487
summer,2011,5,9,0,4,1,misty,17.38,18.0,88.0,6.0,216
summer,2011,5,10,0,4,1,misty,17.38,18.0,83.0,0.0,130
summer,2011,5,11,0,4,1,rain,17.38,18.0,88.0,11.0,164
summer,2011,5,12,0,4,1,misty,19.26,20.0,78.0,7.0,168
summer,2011,5,13,0,4,1,rain,19.26,20.0,64.0,17.0,183
summer,2011,5,14,0,4,1,rain,17.38,18.0,73.0,13.0,180
summer,2011,5,15,0,4,1,clear,18.32,19.0,78.0,11.0,188
summer,2011,5,16,0,4,1,clear,19.26,20.0,64.0,13.0,302
summer,2011,5,17,0,4,1,clear,18.32,19.0,78.0,11.0,547
summer,2011,5,18,0,4,1,clear,20.2,25.0,55.0,11.0,513
summer,2011,5,19,0,4,1,clear,19.26,20.0,60.0,9.0,410
summer,2011,5,20,0,4,1,clear,17.38,18.0,77.0,19.0,282
summer,2011,5,21,0,4,1,clear,17.38,18.0,77.0,19.0,209
summer,2011,5,22,0,4,1,rain,15.5,16.0,82.0,20.0,79
summer,2011,5,23,0,4,1,clear,14.56,15.0,94.0,0.0,72
summer,2011,5,0,0,5,1,clear,13.62,14.0,94.0,6.0,48
summer,2011,5,1,0,5,1,clear,13.62,14.0,100.0,0.0,25
summer,2011,5,2,0,5,1,clear,12.68,13.0,100.0,6.0,8
summer,2011,5,3,0,5,1,clear,12.68,13.0,100.0,0.0,5
summer,2011,5,4,0,5,1,clear,12.68,13.0,94.0,6.0,5
summer,2011,5,5,0,5,1,clear,12.68,13.0,94.0,7.0,28
summer,2011,5,6,0,5,1,clear,13.62,14.0,88.0,7.0,117
summer,2011,5,7,0,5,1,clear,15.5,16.0,77.0,11.0,319
summer,2011,5,8,0,5,1,clear,17.38,18.0,68.0,0.0,517
summer,2011,5,9,0,5,1,clear,17.38,18.0,68.0,15.0,234
summer,2011,5,10,0,5,1,clear,18.32,19.0,64.0,13.0,148
summer,2011,5,11,0,5,1,misty,19.26,20.0,60.0,13.0,196
summer,2011,5,12,0,5,1,misty,20.2,25.0,56.0,17.0,255
summer,2011,5,13,0,5,1,rain,20.2,25.0,56.0,19.0,232
summer,2011,5,14,0,5,1,clear,21.14,25.0,53.0,15.0,197
summer,2011,5,15,0,5,1,misty,20.2,25.0,56.0,13.0,242
summer,2011,5,16,0,5,1,misty,20.2,25.0,53.0,11.0,330
summer,2011,5,17,0,5,1,clear,21.14,25.0,53.0,0.0,554
summer,2011,5,18,0,5,1,clear,20.2,25.0,56.0,11.0,473
summer,2011,5,19,0,5,1,clear,19.26,20.0,64.0,6.0,302
summer,2011,5,20,0,5,1,clear,19.26,20.0,64.0,7.0,220
summer,2011,5,21,0,5,1,clear,18.32,19.0,64.0,7.0,195
summer,2011,5,22,0,5,1,clear,17.38,18.0,73.0,0.0,152
summer,2011,5,23,0,5,1,clear,16.44,17.0,72.0,11.0,115
summer,2011,5,0,0,6,0,clear,16.44,17.0,77.0,7.0,98
summer,2011,5,1,0,6,0,clear,16.44,17.0,72.0,0.0,72
summer,2011,5,2,0,6,0,clear,16.44,17.0,72.0,7.0,40
summer,2011,5,3,0,6,0,clear,14.56,15.0,82.0,7.0,19
summer,2011,5,4,0,6,0,clear,13.62,14.0,88.0,9.0,7
summer,2011,5,5,0,6,0,clear,13.62,14.0,88.0,7.0,5
summer,2011,5,6,0,6,0,clear,15.5,16.0,82.0,9.0,28
summer,2011,5,7,0,6,0,clear,17.38,18.0,73.0,9.0,43
summer,2011,5,8,0,6,0,clear,18.32,19.0,68.0,19.0,126
summer,2011,5,9,0,6,0,clear,20.2,24.0,64.0,15.0,225
summer,2011,5,10,0,6,0,clear,21.14,24.0,61.0,7.0,323
summer,2011,5,11,0,6,0,clear,22.08,25.0,53.0,9.0,418
summer,2011,5,12,0,6,0,clear,23.02,25.0,50.0,0.0,493
summer,2011,5,13,0,6,0,clear,24.9,26.0,45.0,0.0,462
summer,2011,5,14,0,6,0,clear,25.84,27.0,42.0,0.0,456
summer,2011,5,15,0,6,0,clear,25.84,27.0,45.0,17.0,506
summer,2011,5,16,0,6,0,misty,25.84,27.0,39.0,17.0,471
summer,2011,5,17,0,6,0,misty,25.84,27.0,42.0,11.0,444
summer,2011,5,18,0,6,0,misty,24.9,26.0,45.0,11.0,444
summer,2011,5,19,0,6,0,clear,23.96,26.0,47.0,11.0,301
summer,2011,5,20,0,6,0,clear,21.14,24.0,61.0,0.0,248
summer,2011,5,21,0,6,0,clear,21.14,24.0,61.0,7.0,227
summer,2011,5,22,0,6,0,clear,20.2,23.0,69.0,9.0,204
summer,2011,5,23,0,6,0,clear,19.26,20.0,78.0,6.0,145
summer,2011,5,0,0,0,0,clear,17.38,18.0,88.0,11.0,131
summer,2011,5,1,0,0,0,clear,16.44,17.0,94.0,9.0,98
summer,2011,5,2,0,0,0,clear,16.44,17.0,94.0,7.0,68
summer,2011,5,3,0,0,0,clear,15.5,16.0,100.0,7.0,33
summer,2011,5,4,0,0,0,clear,15.5,16.0,100.0,0.0,12
summer,2011,5,5,0,0,0,clear,15.5,16.0,100.0,7.0,6
summer,2011,5,6,0,0,0,clear,16.44,17.0,94.0,7.0,18
summer,2011,5,7,0,0,0,clear,17.38,18.0,88.0,7.0,40
summer,2011,5,8,0,0,0,clear,20.2,23.0,73.0,6.0,94
summer,2011,5,9,0,0,0,clear,21.14,24.0,69.0,7.0,189
summer,2011,5,10,0,0,0,clear,22.08,24.0,65.0,9.0,305
summer,2011,5,11,0,0,0,clear,24.9,27.0,54.0,13.0,373
summer,2011,5,12,0,0,0,misty,25.84,28.0,51.0,13.0,401
summer,2011,5,13,0,0,0,misty,23.02,25.0,54.0,15.0,455
summer,2011,5,14,0,0,0,rain,21.14,24.0,69.0,13.0,316
summer,2011,5,15,0,0,0,misty,23.02,25.0,61.0,11.0,331
summer,2011,5,16,0,0,0,clear,23.96,26.0,61.0,9.0,273
summer,2011,5,17,0,0,0,clear,24.9,27.0,58.0,17.0,306
summer,2011,5,18,0,0,0,clear,23.02,25.0,61.0,15.0,358
summer,2011,5,19,0,0,0,clear,23.02,25.0,61.0,13.0,300
summer,2011,5,20,0,0,0,clear,22.08,24.0,65.0,11.0,231
summer,2011,5,21,0,0,0,clear,21.14,23.0,73.0,13.0,136
summer,2011,5,22,0,0,0,clear,20.2,21.0,83.0,9.0,121
summer,2011,5,23,0,0,0,misty,19.26,20.0,83.0,9.0,65
summer,2011,5,0,0,1,1,misty,18.32,19.0,88.0,9.0,41
summer,2011,5,1,0,1,1,clear,18.32,19.0,88.0,7.0,9
summer,2011,5,2,0,1,1,rain,18.32,19.0,88.0,11.0,5
summer,2011,5,3,0,1,1,rain,17.38,18.0,94.0,11.0,4
summer,2011,5,4,0,1,1,misty,17.38,18.0,94.0,0.0,4
summer,2011,5,5,0,1,1,misty,17.38,18.0,94.0,0.0,11
summer,2011,5,6,0,1,1,misty,17.38,18.0,100.0,0.0,96
summer,2011,5,7,0,1,1,misty,18.32,19.0,94.0,7.0,236
summer,2011,5,8,0,1,1,clear,20.2,20.0,88.0,13.0,409
summer,2011,5,9,0,1,1,clear,20.2,20.0,88.0,15.0,167
summer,2011,5,10,0,1,1,clear,23.02,25.0,74.0,20.0,121
summer,2011,5,11,0,1,1,clear,23.96,26.0,69.0,26.0,180
summer,2011,5,12,0,1,1,clear,23.96,26.0,69.0,26.0,204
summer,2011,5,13,0,1,1,misty,26.78,29.0,58.0,28.0,204
summer,2011,5,14,0,1,1,misty,25.84,29.0,62.0,35.0,187
summer,2011,5,15,0,1,1,misty,25.84,29.0,62.0,30.0,176
summer,2011,5,16,0,1,1,misty,25.84,29.0,62.0,20.0,279
summer,2011,5,17,0,1,1,rain,25.84,29.0,70.0,26.0,429
summer,2011,5,18,0,1,1,clear,24.9,28.0,74.0,19.0,453
summer,2011,5,19,0,1,1,clear,24.9,28.0,74.0,15.0,358
summer,2011,5,20,0,1,1,clear,22.08,22.0,83.0,15.0,310
summer,2011,5,21,0,1,1,clear,22.08,22.0,89.0,15.0,188
summer,2011,5,22,0,1,1,clear,21.14,20.0,94.0,15.0,131
summer,2011,5,23,0,1,1,misty,21.14,21.0,88.0,13.0,72
summer,2011,5,0,0,2,1,misty,20.2,18.0,94.0,13.0,35
summer,2011,5,1,0,2,1,misty,20.2,18.0,94.0,11.0,15
summer,2011,5,2,0,2,1,misty,20.2,18.0,94.0,13.0,10
summer,2011,5,3,0,2,1,misty,19.26,20.0,94.0,7.0,2
summer,2011,5,4,0,2,1,clear,20.2,20.0,88.0,7.0,4
summer,2011,5,5,0,2,1,misty,19.26,20.0,94.0,17.0,24
summer,2011,5,6,0,2,1,misty,19.26,20.0,94.0,13.0,112
summer,2011,5,7,0,2,1,rain,22.08,23.0,78.0,13.0,314
summer,2011,5,8,0,2,1,rain,21.14,22.0,83.0,15.0,434
summer,2011,5,9,0,2,1,misty,22.08,24.0,73.0,13.0,138
summer,2011,5,10,0,2,1,clear,24.9,27.0,61.0,22.0,108
summer,2011,5,11,0,2,1,clear,26.78,28.0,51.0,15.0,175
summer,2011,5,12,0,2,1,clear,27.72,29.0,45.0,26.0,170
summer,2011,5,13,0,2,1,clear,28.66,30.0,46.0,17.0,190
summer,2011,5,14,0,2,1,clear,28.66,30.0,46.0,19.0,153
summer,2011,5,15,0,2,1,rain,26.78,29.0,55.0,28.0,188
summer,2011,5,16,0,2,1,clear,23.02,25.0,69.0,13.0,277
summer,2011,5,17,0,2,1,clear,24.9,27.0,61.0,7.0,548
summer,2011,5,18,0,2,1,clear,24.9,27.0,70.0,13.0,564
summer,2011,5,19,0,2,1,clear,23.02,25.0,74.0,13.0,355
summer,2011,5,20,0,2,1,clear,23.02,25.0,74.0,6.0,280
summer,2011,5,21,0,2,1,clear,22.08,23.0,78.0,6.0,189
summer,2011,5,22,0,2,1,rain,21.14,21.0,88.0,15.0,141
summer,2011,5,23,0,2,1,rain,23.02,25.0,74.0,11.0,66
summer,2011,5,0,0,3,1,rain,20.2,21.0,83.0,15.0,35
summer,2011,5,1,0,3,1,rain,19.26,20.0,83.0,13.0,8
summer,2011,5,2,0,3,1,misty,18.32,19.0,94.0,0.0,8
summer,2011,5,3,0,3,1,clear,17.38,18.0,100.0,9.0,9
summer,2011,5,4,0,3,1,clear,17.38,18.0,100.0,7.0,3
summer,2011,5,5,0,3,1,clear,18.32,19.0,88.0,6.0,25
summer,2011,5,6,0,3,1,clear,18.32,19.0,94.0,6.0,117
summer,2011,5,7,0,3,1,clear,21.14,23.0,73.0,9.0,313
summer,2011,5,8,0,3,1,clear,22.08,24.0,69.0,15.0,531
summer,2011,5,9,0,3,1,clear,23.96,26.0,65.0,6.0,234
summer,2011,5,10,0,3,1,clear,24.9,27.0,61.0,6.0,135
summer,2011,5,11,0,3,1,clear,26.78,28.0,51.0,6.0,140
summer,2011,5,12,0,3,1,clear,26.78,29.0,55.0,9.0,210
summer,2011,5,13,0,3,1,clear,26.78,29.0,55.0,9.0,202
summer,2011,5,14,0,3,1,clear,26.78,29.0,55.0,11.0,168
summer,2011,5,15,0,3,1,clear,27.72,30.0,52.0,17.0,182
summer,2011,5,16,0,3,1,clear,26.78,28.0,51.0,19.0,299
summer,2011,5,17,0,3,1,clear,26.78,28.0,51.0,15.0,601
summer,2011,5,18,0,3,1,clear,25.84,28.0,58.0,15.0,517
summer,2011,5,19,0,3,1,clear,24.9,27.0,61.0,9.0,405
summer,2011,5,20,0,3,1,clear,24.9,27.0,61.0,11.0,340
summer,2011,5,21,0,3,1,clear,23.02,25.0,69.0,9.0,236
summer,2011,5,22,0,3,1,clear,23.02,25.0,69.0,17.0,174
summer,2011,5,23,0,3,1,clear,22.08,24.0,73.0,9.0,86
summer,2011,5,0,0,4,1,clear,22.08,24.0,73.0,9.0,45
summer,2011,5,1,0,4,1,clear,22.08,24.0,73.0,9.0,16
summer,2011,5,2,0,4,1,clear,21.14,22.0,83.0,7.0,14
summer,2011,5,3,0,4,1,clear,20.2,20.0,88.0,6.0,4
summer,2011,5,4,0,4,1,clear,20.2,20.0,88.0,0.0,2
summer,2011,5,5,0,4,1,misty,20.2,20.0,88.0,6.0,27
summer,2011,5,6,0,4,1,misty,20.2,17.0,100.0,6.0,98
summer,2011,5,7,0,4,1,misty,21.14,20.0,94.0,17.0,286
summer,2011,5,8,0,4,1,misty,23.02,24.0,83.0,11.0,489
summer,2011,5,9,0,4,1,clear,25.84,29.0,70.0,11.0,216
summer,2011,5,10,0,4,1,clear,24.9,28.0,74.0,19.0,143
summer,2011,5,11,0,4,1,clear,26.78,30.0,66.0,15.0,160
summer,2011,5,12,0,4,1,clear,28.66,33.0,59.0,22.0,194
summer,2011,5,13,0,4,1,clear,30.54,35.0,52.0,19.0,197
summer,2011,5,14,0,4,1,clear,30.54,35.0,52.0,19.0,189
summer,2011,5,15,0,4,1,misty,30.54,34.0,46.0,19.0,141
summer,2011,5,16,0,4,1,misty,29.6,33.0,49.0,24.0,291
summer,2011,5,17,0,4,1,clear,29.6,32.0,46.0,19.0,494
summer,2011,5,18,0,4,1,clear,29.6,32.0,46.0,22.0,478
summer,2011,5,19,0,4,1,clear,28.66,30.0,46.0,22.0,378
summer,2011,5,20,0,4,1,clear,25.84,28.0,58.0,11.0,322
summer,2011,5,21,0,4,1,clear,25.84,29.0,62.0,6.0,223
summer,2011,5,22,0,4,1,clear,24.9,27.0,65.0,9.0,180
summer,2011,5,23,0,4,1,clear,24.9,27.0,65.0,13.0,90
summer,2011,5,0,0,5,1,clear,23.96,26.0,69.0,17.0,69
summer,2011,5,1,0,5,1,clear,24.9,27.0,58.0,20.0,50
summer,2011,5,2,0,5,1,clear,23.96,26.0,61.0,15.0,18
summer,2011,5,3,0,5,1,clear,23.02,25.0,65.0,6.0,12
summer,2011,5,4,0,5,1,clear,22.08,24.0,69.0,9.0,7
summer,2011,5,5,0,5,1,clear,22.08,24.0,65.0,19.0,31
summer,2011,5,6,0,5,1,clear,22.08,24.0,69.0,6.0,81
summer,2011,5,7,0,5,1,clear,22.08,24.0,73.0,11.0,249
summer,2011,5,8,0,5,1,clear,23.02,25.0,74.0,19.0,418
summer,2011,5,9,0,5,1,clear,24.9,27.0,65.0,19.0,227
summer,2011,5,10,0,5,1,clear,25.84,28.0,54.0,26.0,153
summer,2011,5,11,0,5,1,misty,26.78,29.0,55.0,22.0,166
summer,2011,5,12,0,5,1,misty,27.72,30.0,55.0,20.0,243
summer,2011,5,13,0,5,1,clear,26.78,29.0,58.0,13.0,209
summer,2011,5,14,0,5,1,clear,27.72,30.0,55.0,17.0,239
summer,2011,5,15,0,5,1,clear,28.66,31.0,49.0,19.0,356
summer,2011,5,16,0,5,1,misty,27.72,30.0,55.0,26.0,419
summer,2011,5,17,0,5,1,clear,26.78,29.0,58.0,26.0,491
summer,2011,5,18,0,5,1,misty,25.84,29.0,62.0,20.0,399
summer,2011,5,19,0,5,1,rain,20.2,22.0,78.0,17.0,279
summer,2011,5,20,0,5,1,misty,21.14,23.0,73.0,15.0,144
summer,2011,5,21,0,5,1,clear,20.2,21.0,83.0,7.0,151
summer,2011,5,22,0,5,1,clear,20.2,22.0,78.0,9.0,141
summer,2011,5,23,0,5,1,clear,19.26,20.0,88.0,9.0,127
summer,2011,5,0,0,6,0,clear,19.26,20.0,88.0,9.0,94
summer,2011,5,1,0,6,0,clear,19.26,20.0,88.0,13.0,55
summer,2011,5,2,0,6,0,clear,18.32,19.0,94.0,13.0,48
summer,2011,5,3,0,6,0,clear,18.32,19.0,88.0,15.0,15
summer,2011,5,4,0,6,0,clear,18.32,19.0,88.0,17.0,4
summer,2011,5,5,0,6,0,clear,18.32,19.0,88.0,15.0,7
summer,2011,5,6,0,6,0,clear,19.26,20.0,83.0,17.0,19
summer,2011,5,7,0,6,0,clear,20.2,21.0,83.0,17.0,50
summer,2011,5,8,0,6,0,clear,21.14,23.0,78.0,13.0,102
summer,2011,5,9,0,6,0,clear,22.08,24.0,73.0,17.0,177
summer,2011,5,10,0,6,0,clear,24.9,27.0,65.0,15.0,276
summer,2011,5,11,0,6,0,clear,24.9,27.0,65.0,15.0,349
summer,2011,5,12,0,6,0,clear,25.84,28.0,58.0,17.0,358
summer,2011,5,13,0,6,0,clear,25.84,29.0,62.0,15.0,385
summer,2011,5,14,0,6,0,clear,26.78,29.0,58.0,15.0,382
summer,2011,5,15,0,6,0,clear,26.78,29.0,55.0,15.0,374
summer,2011,5,16,0,6,0,clear,27.72,30.0,55.0,19.0,402
summer,2011,5,17,0,6,0,clear,26.78,29.0,55.0,20.0,341
summer,2011,5,18,0,6,0,clear,25.84,29.0,62.0,17.0,385
summer,2011,5,19,0,6,0,clear,24.9,27.0,65.0,13.0,252
summer,2011,5,20,0,6,0,clear,24.9,27.0,65.0,15.0,196
summer,2011,5,21,0,6,0,clear,23.02,25.0,74.0,20.0,201
summer,2011,5,22,0,6,0,clear,23.02,24.0,78.0,15.0,161
summer,2011,5,23,0,6,0,clear,22.08,22.0,83.0,13.0,125
summer,2011,5,0,0,0,0,clear,22.08,22.0,83.0,15.0,83
summer,2011,5,1,0,0,0,clear,21.14,21.0,88.0,11.0,66
summer,2011,5,2,0,0,0,clear,21.14,21.0,88.0,7.0,61
summer,2011,5,3,0,0,0,clear,21.14,21.0,88.0,7.0,26
summer,2011,5,4,0,0,0,clear,20.2,20.0,88.0,6.0,23
summer,2011,5,5,0,0,0,clear,20.2,18.0,94.0,11.0,6
summer,2011,5,6,0,0,0,misty,21.14,21.0,88.0,13.0,15
summer,2011,5,7,0,0,0,misty,21.14,21.0,88.0,17.0,30
summer,2011,5,8,0,0,0,misty,21.14,21.0,88.0,15.0,96
summer,2011,5,9,0,0,0,misty,21.14,20.0,94.0,17.0,152
summer,2011,5,10,0,0,0,misty,23.02,24.0,83.0,15.0,251
summer,2011,5,11,0,0,0,misty,23.02,24.0,83.0,19.0,319
summer,2011,5,12,0,0,0,misty,24.9,28.0,74.0,15.0,402
summer,2011,5,13,0,0,0,clear,25.84,29.0,70.0,19.0,418
summer,2011,5,14,0,0,0,clear,26.78,30.0,70.0,19.0,351
summer,2011,5,15,0,0,0,clear,26.78,30.0,70.0,20.0,376
summer,2011,5,16,0,0,0,clear,26.78,30.0,70.0,19.0,361
summer,2011,5,17,0,0,0,clear,26.78,30.0,70.0,19.0,383
summer,2011,5,18,0,0,0,clear,25.84,30.0,74.0,19.0,328
summer,2011,5,19,0,0,0,clear,25.84,30.0,74.0,17.0,287
summer,2011,5,20,0,0,0,clear,24.9,28.0,79.0,13.0,219
summer,2011,5,21,0,0,0,clear,23.96,26.0,83.0,11.0,229
summer,2011,5,22,0,0,0,clear,23.02,23.0,89.0,9.0,171
summer,2011,5,23,0,0,0,clear,23.02,23.0,89.0,11.0,135
summer,2011,5,0,1,1,0,clear,22.08,21.0,94.0,13.0,103
summer,2011,5,1,1,1,0,clear,22.08,21.0,94.0,9.0,79
summer,2011,5,2,1,1,0,clear,22.08,21.0,94.0,13.0,45
summer,2011,5,3,1,1,0,clear,22.08,21.0,94.0,13.0,18
summer,2011,5,4,1,1,0,clear,21.14,20.0,94.0,11.0,6
summer,2011,5,5,1,1,0,misty,21.14,20.0,94.0,7.0,7
summer,2011,5,6,1,1,0,misty,22.08,21.0,94.0,6.0,16
summer,2011,5,7,1,1,0,misty,22.08,21.0,94.0,0.0,31
summer,2011,5,8,1,1,0,misty,23.02,23.0,89.0,7.0,94
summer,2011,5,9,1,1,0,clear,25.84,30.0,74.0,6.0,128
summer,2011,5,10,1,1,0,clear,29.6,34.0,55.0,17.0,269
summer,2011,5,11,1,1,0,clear,30.54,35.0,52.0,0.0,321
summer,2011,5,12,1,1,0,clear,32.42,37.0,47.0,7.0,366
summer,2011,5,13,1,1,0,clear,32.42,36.0,44.0,6.0,350
summer,2011,5,14,1,1,0,clear,33.36,37.0,39.0,0.0,327
summer,2011,5,15,1,1,0,clear,33.36,37.0,39.0,17.0,311
summer,2011,5,16,1,1,0,clear,33.36,36.0,37.0,19.0,309
summer,2011,5,17,1,1,0,clear,32.42,36.0,41.0,15.0,304
summer,2011,5,18,1,1,0,clear,32.42,36.0,41.0,11.0,249
summer,2011,5,19,1,1,0,misty,16.44,17.0,48.0,7.0,225
summer,2011,5,20,1,1,0,clear,27.72,31.0,58.0,0.0,237
summer,2011,5,21,1,1,0,clear,26.78,30.0,70.0,9.0,149
summer,2011,5,22,1,1,0,clear,25.84,30.0,74.0,11.0,106
summer,2011,5,23,1,1,0,clear,24.9,28.0,84.0,7.0,48
summer,2011,5,0,0,2,1,clear,24.9,28.0,79.0,6.0,29
summer,2011,5,1,0,2,1,clear,23.96,26.0,89.0,6.0,17
summer,2011,5,2,0,2,1,misty,23.02,23.0,94.0,9.0,12
summer,2011,5,3,0,2,1,misty,22.08,21.0,94.0,0.0,4
summer,2011,5,4,0,2,1,clear,23.02,24.0,83.0,6.0,3
summer,2011,5,5,0,2,1,clear,23.02,24.0,83.0,6.0,26
summer,2011,5,6,0,2,1,clear,23.96,26.0,79.0,6.0,109
summer,2011,5,7,0,2,1,clear,26.78,30.0,66.0,7.0,235
summer,2011,5,8,0,2,1,clear,28.66,33.0,59.0,9.0,406
summer,2011,5,9,0,2,1,clear,29.6,34.0,55.0,9.0,175
summer,2011,5,10,0,2,1,clear,30.54,36.0,56.0,9.0,109
summer,2011,5,11,0,2,1,clear,32.42,37.0,47.0,0.0,106
summer,2011,5,12,0,2,1,clear,32.42,37.0,47.0,9.0,162
summer,2011,5,13,0,2,1,clear,34.3,39.0,39.0,11.0,147
summer,2011,5,14,0,2,1,clear,34.3,38.0,37.0,0.0,140
summer,2011,5,15,0,2,1,clear,34.3,38.0,37.0,11.0,175
summer,2011,5,16,0,2,1,clear,34.3,39.0,39.0,9.0,249
summer,2011,5,17,0,2,1,clear,31.48,37.0,53.0,15.0,495
summer,2011,5,18,0,2,1,clear,31.48,37.0,53.0,13.0,417
summer,2011,5,19,0,2,1,clear,28.66,33.0,62.0,7.0,285
summer,2011,5,20,0,2,1,clear,28.66,33.0,62.0,7.0,251
summer,2011,5,21,0,2,1,clear,27.72,32.0,66.0,7.0,210
summer,2011,5,22,0,2,1,clear,26.78,30.0,70.0,11.0,159
summer,2011,5,23,0,2,1,clear,25.84,30.0,79.0,6.0,61
summer,2011,6,0,0,3,1,clear,24.9,28.0,79.0,11.0,34
summer,2011,6,1,0,3,1,clear,24.9,28.0,84.0,17.0,17
summer,2011,6,2,0,3,1,clear,24.9,28.0,79.0,11.0,3
summer,2011,6,3,0,3,1,clear,23.96,26.0,89.0,13.0,6
summer,2011,6,4,0,3,1,misty,23.96,26.0,89.0,15.0,4
summer,2011,6,5,0,3,1,misty,23.02,23.0,89.0,6.0,21
summer,2011,6,6,0,3,1,misty,23.96,26.0,89.0,6.0,128
summer,2011,6,7,0,3,1,misty,24.9,28.0,79.0,11.0,284
summer,2011,6,8,0,3,1,misty,25.84,30.0,79.0,13.0,454
summer,2011,6,9,0,3,1,misty,26.78,31.0,74.0,15.0,207
summer,2011,6,10,0,3,1,misty,27.72,33.0,75.0,17.0,115
summer,2011,6,11,0,3,1,misty,30.54,37.0,59.0,15.0,112
summer,2011,6,12,0,3,1,clear,32.42,39.0,53.0,0.0,169
summer,2011,6,13,0,3,1,clear,34.3,38.0,37.0,13.0,154
summer,2011,6,14,0,3,1,clear,34.3,38.0,37.0,17.0,145
summer,2011,6,15,0,3,1,clear,34.3,39.0,39.0,20.0,152
summer,2011,6,16,0,3,1,clear,32.42,37.0,47.0,20.0,266
summer,2011,6,17,0,3,1,clear,32.42,37.0,47.0,20.0,486
summer,2011,6,18,0,3,1,rain,30.54,36.0,56.0,26.0,309
summer,2011,6,19,0,3,1,misty,26.78,31.0,79.0,11.0,264
summer,2011,6,20,0,3,1,misty,26.78,31.0,79.0,17.0,256
summer,2011,6,21,0,3,1,clear,26.78,30.0,70.0,19.0,190
summer,2011,6,22,0,3,1,clear,26.78,30.0,66.0,9.0,129
summer,2011,6,23,0,3,1,clear,26.78,28.0,51.0,11.0,69
summer,2011,6,0,0,4,1,clear,26.78,27.0,40.0,24.0,42
summer,2011,6,1,0,4,1,clear,25.84,27.0,38.0,7.0,15
summer,2011,6,2,0,4,1,clear,24.9,26.0,39.0,0.0,6
summer,2011,6,3,0,4,1,clear,23.02,25.0,44.0,7.0,4
summer,2011,6,4,0,4,1,clear,23.02,25.0,41.0,13.0,3
summer,2011,6,5,0,4,1,clear,23.02,25.0,39.0,15.0,31
summer,2011,6,6,0,4,1,clear,23.02,25.0,39.0,9.0,113
summer,2011,6,7,0,4,1,clear,24.9,26.0,34.0,17.0,304
summer,2011,6,8,0,4,1,clear,24.9,26.0,32.0,20.0,467
summer,2011,6,9,0,4,1,clear,25.84,26.0,26.0,24.0,225
summer,2011,6,10,0,4,1,clear,25.84,27.0,28.0,33.0,139
summer,2011,6,11,0,4,1,clear,26.78,27.0,28.0,26.0,165
summer,2011,6,12,0,4,1,clear,27.72,28.0,25.0,31.0,232
summer,2011,6,13,0,4,1,clear,29.6,29.0,24.0,24.0,203
summer,2011,6,14,0,4,1,clear,28.66,28.0,24.0,22.0,185
summer,2011,6,15,0,4,1,clear,29.6,29.0,21.0,26.0,188
summer,2011,6,16,0,4,1,clear,29.6,29.0,22.0,33.0,318
summer,2011,6,17,0,4,1,clear,27.72,27.0,20.0,35.0,572
summer,2011,6,18,0,4,1,clear,26.78,27.0,22.0,26.0,525
summer,2011,6,19,0,4,1,clear,25.84,26.0,23.0,20.0,379
summer,2011,6,20,0,4,1,clear,24.9,26.0,24.0,13.0,337
summer,2011,6,21,0,4,1,clear,23.02,25.0,31.0,13.0,248
summer,2011,6,22,0,4,1,clear,22.08,25.0,33.0,17.0,155
summer,2011,6,23,0,4,1,clear,21.14,25.0,35.0,15.0,112
summer,2011,6,0,0,5,1,clear,21.14,25.0,38.0,19.0,68
summer,2011,6,1,0,5,1,clear,20.2,25.0,38.0,24.0,22
summer,2011,6,2,0,5,1,clear,18.32,19.0,43.0,15.0,12
summer,2011,6,3,0,5,1,clear,17.38,18.0,49.0,15.0,5
summer,2011,6,4,0,5,1,clear,16.44,17.0,48.0,22.0,6
summer,2011,6,5,0,5,1,clear,16.44,17.0,48.0,24.0,28
summer,2011,6,6,0,5,1,clear,17.38,18.0,45.0,20.0,106
summer,2011,6,7,0,5,1,clear,17.38,18.0,45.0,17.0,277
summer,2011,6,8,0,5,1,misty,18.32,19.0,43.0,22.0,502
summer,2011,6,9,0,5,1,clear,19.26,20.0,40.0,11.0,230
summer,2011,6,10,0,5,1,clear,21.14,25.0,33.0,17.0,161
summer,2011,6,11,0,5,1,clear,22.08,25.0,31.0,22.0,192
summer,2011,6,12,0,5,1,clear,23.02,25.0,27.0,19.0,259
summer,2011,6,13,0,5,1,clear,23.96,25.0,26.0,17.0,248
summer,2011,6,14,0,5,1,clear,24.9,26.0,28.0,19.0,240
summer,2011,6,15,0,5,1,clear,24.9,26.0,28.0,19.0,212
summer,2011,6,16,0,5,1,clear,25.84,26.0,26.0,22.0,349
summer,2011,6,17,0,5,1,clear,25.84,26.0,25.0,19.0,558
summer,2011,6,18,0,5,1,clear,24.9,26.0,24.0,20.0,564
summer,2011,6,19,0,5,1,clear,23.96,25.0,26.0,19.0,391
summer,2011,6,20,0,5,1,clear,22.08,25.0,29.0,11.0,293
summer,2011,6,21,0,5,1,clear,22.08,25.0,29.0,7.0,247
summer,2011,6,22,0,5,1,clear,21.14,25.0,35.0,0.0,171
summer,2011,6,23,0,5,1,clear,19.26,20.0,46.0,7.0,171
summer,2011,6,0,0,6,0,clear,18.32,19.0,52.0,0.0,93
summer,2011,6,1,0,6,0,clear,17.38,18.0,64.0,7.0,94
summer,2011,6,2,0,6,0,clear,17.38,18.0,56.0,13.0,59
summer,2011,6,3,0,6,0,clear,16.44,17.0,59.0,7.0,18
summer,2011,6,4,0,6,0,clear,16.44,17.0,59.0,6.0,15
summer,2011,6,5,0,6,0,clear,15.5,16.0,64.0,0.0,8
summer,2011,6,6,0,6,0,clear,17.38,18.0,60.0,0.0,28
summer,2011,6,7,0,6,0,clear,18.32,19.0,56.0,0.0,87
summer,2011,6,8,0,6,0,clear,20.2,25.0,46.0,6.0,125
summer,2011,6,9,0,6,0,clear,21.14,25.0,43.0,9.0,224
summer,2011,6,10,0,6,0,clear,22.08,25.0,38.0,7.0,317
summer,2011,6,11,0,6,0,clear,23.02,25.0,36.0,9.0,369
summer,2011,6,12,0,6,0,clear,24.9,26.0,32.0,11.0,420
summer,2011,6,13,0,6,0,clear,26.78,27.0,28.0,9.0,456
summer,2011,6,14,0,6,0,clear,26.78,27.0,33.0,15.0,451
summer,2011,6,15,0,6,0,misty,26.78,27.0,27.0,28.0,404
summer,2011,6,16,0,6,0,misty,25.84,27.0,30.0,9.0,440
summer,2011,6,17,0,6,0,misty,25.84,27.0,34.0,17.0,344
summer,2011,6,18,0,6,0,misty,26.78,27.0,30.0,11.0,341
summer,2011,6,19,0,6,0,misty,24.9,26.0,39.0,6.0,285
summer,2011,6,20,0,6,0,misty,24.9,27.0,48.0,6.0,239
summer,2011,6,21,0,6,0,misty,23.02,25.0,47.0,7.0,185
summer,2011,6,22,0,6,0,clear,22.08,25.0,57.0,15.0,190
summer,2011,6,23,0,6,0,misty,22.08,25.0,57.0,0.0,150
summer,2011,6,0,0,0,0,clear,22.08,25.0,57.0,6.0,113
summer,2011,6,1,0,0,0,misty,22.08,25.0,61.0,11.0,96
summer,2011,6,2,0,0,0,misty,22.08,25.0,61.0,11.0,64
summer,2011,6,3,0,0,0,misty,21.14,24.0,65.0,11.0,47
summer,2011,6,4,0,0,0,misty,21.14,24.0,65.0,11.0,12
summer,2011,6,5,0,0,0,misty,21.14,24.0,61.0,9.0,6
summer,2011,6,6,0,0,0,misty,21.14,24.0,61.0,7.0,21
summer,2011,6,7,0,0,0,misty,20.2,23.0,73.0,17.0,27
summer,2011,6,8,0,0,0,misty,20.2,23.0,73.0,17.0,98
summer,2011,6,9,0,0,0,misty,20.2,22.0,78.0,13.0,164
summer,2011,6,10,0,0,0,misty,21.14,23.0,73.0,6.0,251
summer,2011,6,11,0,0,0,misty,22.08,24.0,69.0,7.0,335
summer,2011,6,12,0,0,0,misty,22.08,24.0,69.0,7.0,335
summer,2011,6,13,0,0,0,clear,23.02,25.0,65.0,7.0,367
summer,2011,6,14,0,0,0,clear,24.9,27.0,58.0,11.0,385
summer,2011,6,15,0,0,0,clear,24.9,27.0,54.0,0.0,417
summer,2011,6,16,0,0,0,clear,25.84,28.0,51.0,6.0,398
summer,2011,6,17,0,0,0,clear,26.78,28.0,51.0,0.0,390
summer,2011,6,18,0,0,0,clear,24.9,27.0,58.0,7.0,363
summer,2011,6,19,0,0,0,clear,23.96,26.0,65.0,11.0,357
summer,2011,6,20,0,0,0,clear,23.02,25.0,69.0,13.0,279
summer,2011,6,21,0,0,0,clear,22.08,24.0,73.0,11.0,165
summer,2011,6,22,0,0,0,clear,22.08,23.0,78.0,15.0,130
summer,2011,6,23,0,0,0,clear,21.14,23.0,78.0,9.0,86
summer,2011,6,0,0,1,1,clear,21.14,23.0,78.0,9.0,29
summer,2011,6,1,0,1,1,clear,20.2,21.0,83.0,9.0,14
summer,2011,6,2,0,1,1,clear,19.26,20.0,88.0,7.0,8
summer,2011,6,3,0,1,1,clear,19.26,20.0,88.0,0.0,5
summer,2011,6,4,0,1,1,clear,18.32,19.0,94.0,7.0,8
summer,2011,6,5,0,1,1,clear,18.32,19.0,88.0,6.0,31
summer,2011,6,6,0,1,1,clear,19.26,20.0,88.0,0.0,112
summer,2011,6,7,0,1,1,clear,21.14,23.0,78.0,7.0,299
summer,2011,6,8,0,1,1,clear,22.08,24.0,73.0,6.0,438
summer,2011,6,9,0,1,1,clear,24.9,27.0,58.0,11.0,188
summer,2011,6,10,0,1,1,clear,25.84,28.0,51.0,15.0,95
summer,2011,6,11,0,1,1,clear,26.78,28.0,42.0,9.0,111
summer,2011,6,12,0,1,1,clear,27.72,28.0,37.0,11.0,153
summer,2011,6,13,0,1,1,clear,28.66,29.0,35.0,0.0,180
summer,2011,6,14,0,1,1,clear,28.66,29.0,31.0,9.0,145
summer,2011,6,15,0,1,1,clear,29.6,30.0,29.0,13.0,165
summer,2011,6,16,0,1,1,clear,27.72,28.0,33.0,9.0,267
summer,2011,6,17,0,1,1,clear,28.66,29.0,33.0,19.0,579
summer,2011,6,18,0,1,1,clear,27.72,28.0,31.0,9.0,556
summer,2011,6,19,0,1,1,clear,25.84,28.0,54.0,13.0,407
summer,2011,6,20,0,1,1,clear,23.96,26.0,61.0,9.0,336
summer,2011,6,21,0,1,1,clear,23.02,25.0,57.0,6.0,189
summer,2011,6,22,0,1,1,clear,23.02,25.0,61.0,6.0,173
summer,2011,6,23,0,1,1,clear,22.08,24.0,69.0,6.0,60
summer,2011,6,0,0,2,1,clear,22.08,24.0,65.0,6.0,20
summer,2011,6,1,0,2,1,clear,21.14,24.0,69.0,9.0,4
summer,2011,6,2,0,2,1,clear,20.2,23.0,73.0,6.0,5
summer,2011,6,3,0,2,1,clear,20.2,23.0,73.0,6.0,2
summer,2011,6,4,0,2,1,clear,19.26,20.0,83.0,9.0,5
summer,2011,6,5,0,2,1,clear,19.26,20.0,88.0,11.0,32
summer,2011,6,6,0,2,1,clear,20.2,22.0,78.0,9.0,126
summer,2011,6,7,0,2,1,misty,22.08,24.0,69.0,13.0,334
summer,2011,6,8,0,2,1,misty,23.96,26.0,61.0,9.0,477
summer,2011,6,9,0,2,1,misty,25.84,28.0,58.0,15.0,217
summer,2011,6,10,0,2,1,misty,27.72,29.0,48.0,13.0,123
summer,2011,6,11,0,2,1,misty,27.72,30.0,52.0,17.0,151
summer,2011,6,12,0,2,1,misty,29.6,32.0,46.0,19.0,183
summer,2011,6,13,0,2,1,misty,29.6,32.0,43.0,17.0,196
summer,2011,6,14,0,2,1,misty,29.6,32.0,43.0,19.0,146
summer,2011,6,15,0,2,1,misty,30.54,33.0,41.0,22.0,183
summer,2011,6,16,0,2,1,clear,29.6,31.0,38.0,15.0,308
summer,2011,6,17,0,2,1,clear,29.6,32.0,43.0,17.0,539
summer,2011,6,18,0,2,1,clear,28.66,30.0,46.0,19.0,551
summer,2011,6,19,0,2,1,clear,27.72,29.0,48.0,17.0,424
summer,2011,6,20,0,2,1,clear,26.78,29.0,56.0,9.0,346
summer,2011,6,21,0,2,1,clear,25.84,29.0,70.0,9.0,218
summer,2011,6,22,0,2,1,clear,24.9,27.0,65.0,9.0,153
summer,2011,6,23,0,2,1,clear,23.96,26.0,79.0,7.0,90
summer,2011,6,0,0,3,1,clear,23.02,23.0,89.0,9.0,41
summer,2011,6,1,0,3,1,clear,23.02,24.0,78.0,0.0,23
summer,2011,6,2,0,3,1,clear,22.08,22.0,89.0,6.0,7
summer,2011,6,3,0,3,1,clear,22.08,22.0,89.0,6.0,3
summer,2011,6,4,0,3,1,clear,21.14,22.0,83.0,0.0,6
summer,2011,6,5,0,3,1,clear,21.14,21.0,88.0,0.0,21
summer,2011,6,6,0,3,1,clear,22.08,22.0,89.0,9.0,116
summer,2011,6,7,0,3,1,clear,23.02,25.0,74.0,7.0,353
summer,2011,6,8,0,3,1,clear,27.72,31.0,58.0,11.0,481
summer,2011,6,9,0,3,1,clear,27.72,31.0,58.0,11.0,202
summer,2011,6,10,0,3,1,clear,30.54,33.0,43.0,15.0,90
summer,2011,6,11,0,3,1,clear,31.48,34.0,41.0,13.0,134
summer,2011,6,12,0,3,1,clear,33.36,38.0,42.0,9.0,149
summer,2011,6,13,0,3,1,clear,34.3,40.0,42.0,0.0,136
summer,2011,6,14,0,3,1,clear,35.24,42.0,40.0,17.0,155
summer,2011,6,15,0,3,1,clear,35.24,42.0,40.0,11.0,128
summer,2011,6,16,0,3,1,clear,35.24,42.0,40.0,15.0,233
summer,2011,6,17,0,3,1,clear,35.24,40.0,35.0,15.0,506
summer,2011,6,18,0,3,1,clear,34.3,38.0,37.0,15.0,459
summer,2011,6,19,0,3,1,clear,30.54,37.0,59.0,9.0,384
summer,2011,6,20,0,3,1,clear,29.6,36.0,63.0,9.0,280
summer,2011,6,21,0,3,1,clear,29.6,37.0,66.0,9.0,202
summer,2011,6,22,0,3,1,clear,27.72,33.0,75.0,11.0,176
summer,2011,6,23,0,3,1,clear,27.72,33.0,75.0,13.0,116
summer,2011,6,0,0,4,1,misty,26.78,31.0,79.0,9.0,47
summer,2011,6,1,0,4,1,clear,26.78,31.0,79.0,7.0,16
summer,2011,6,2,0,4,1,misty,25.84,31.0,84.0,11.0,6
summer,2011,6,3,0,4,1,misty,25.84,31.0,84.0,7.0,2
summer,2011,6,4,0,4,1,misty,25.84,30.0,79.0,6.0,6
summer,2011,6,5,0,4,1,misty,24.9,28.0,84.0,0.0,20
summer,2011,6,6,0,4,1,misty,25.84,31.0,84.0,6.0,118
summer,2011,6,7,0,4,1,misty,25.84,30.0,79.0,9.0,314
summer,2011,6,8,0,4,1,misty,27.72,32.0,70.0,7.0,432
summer,2011,6,9,0,4,1,clear,31.48,36.0,49.0,0.0,168
summer,2011,6,10,0,4,1,clear,32.42,38.0,50.0,19.0,94
summer,2011,6,11,0,4,1,clear,34.3,40.0,42.0,15.0,118
summer,2011,6,12,0,4,1,clear,35.24,40.0,35.0,13.0,140
summer,2011,6,13,0,4,1,clear,34.3,38.0,37.0,6.0,136
summer,2011,6,14,0,4,1,clear,35.24,42.0,40.0,13.0,118
summer,2011,6,15,0,4,1,clear,36.18,39.0,31.0,11.0,104
summer,2011,6,16,0,4,1,clear,35.24,39.0,33.0,9.0,200
summer,2011,6,17,0,4,1,clear,34.3,38.0,37.0,17.0,409
summer,2011,6,18,0,4,1,clear,33.36,37.0,39.0,19.0,466
summer,2011,6,19,0,4,1,misty,31.48,33.0,39.0,22.0,326
summer,2011,6,20,0,4,1,misty,29.6,32.0,43.0,13.0,254
summer,2011,6,21,0,4,1,rain,27.72,30.0,52.0,0.0,171
summer,2011,6,22,0,4,1,misty,26.78,29.0,58.0,11.0,153
summer,2011,6,23,0,4,1,misty,26.78,30.0,57.0,11.0,97
summer,2011,6,0,0,5,1,rain,24.9,27.0,65.0,15.0,69
summer,2011,6,1,0,5,1,rain,24.9,27.0,65.0,15.0,23
summer,2011,6,2,0,5,1,clear,23.96,26.0,69.0,11.0,13
summer,2011,6,3,0,5,1,clear,23.96,26.0,69.0,11.0,6
summer,2011,6,4,0,5,1,clear,23.02,24.0,78.0,11.0,4
summer,2011,6,5,0,5,1,clear,23.02,24.0,78.0,11.0,28
summer,2011,6,6,0,5,1,clear,23.02,24.0,78.0,6.0,104
summer,2011,6,7,0,5,1,clear,25.84,29.0,66.0,7.0,267
summer,2011,6,8,0,5,1,clear,26.78,29.0,58.0,9.0,452
summer,2011,6,9,0,5,1,clear,27.72,30.0,55.0,0.0,213
summer,2011,6,10,0,5,1,clear,28.66,31.0,52.0,0.0,111
summer,2011,6,11,0,5,1,clear,30.54,34.0,46.0,0.0,153
summer,2011,6,12,0,5,1,clear,31.48,34.0,44.0,9.0,207
summer,2011,6,13,0,5,1,clear,31.48,34.0,44.0,7.0,189
summer,2011,6,14,0,5,1,clear,32.42,35.0,39.0,0.0,165
summer,2011,6,15,0,5,1,clear,31.48,34.0,44.0,7.0,212
summer,2011,6,16,0,5,1,clear,30.54,36.0,56.0,20.0,285
summer,2011,6,17,0,5,1,clear,30.54,35.0,52.0,15.0,517
summer,2011,6,18,0,5,1,clear,29.6,35.0,59.0,15.0,463
summer,2011,6,19,0,5,1,clear,28.66,33.0,59.0,13.0,306
summer,2011,6,20,0,5,1,clear,27.72,31.0,62.0,7.0,250
summer,2011,6,21,0,5,1,clear,27.72,32.0,66.0,9.0,218
summer,2011,6,22,0,5,1,clear,25.84,30.0,74.0,17.0,185
summer,2011,6,23,0,5,1,clear,25.84,30.0,74.0,11.0,146
summer,2011,6,0,0,6,0,clear,24.9,28.0,79.0,9.0,117
summer,2011,6,1,0,6,0,clear,24.9,28.0,79.0,6.0,77
summer,2011,6,2,0,6,0,clear,24.9,28.0,79.0,7.0,60
summer,2011,6,3,0,6,0,clear,23.96,26.0,83.0,6.0,28
summer,2011,6,4,0,6,0,clear,23.96,26.0,79.0,6.0,13
summer,2011,6,5,0,6,0,clear,23.96,26.0,74.0,9.0,16
summer,2011,6,6,0,6,0,clear,24.9,27.0,61.0,9.0,40
summer,2011,6,7,0,6,0,clear,25.84,28.0,58.0,13.0,68
summer,2011,6,8,0,6,0,clear,26.78,29.0,58.0,13.0,143
summer,2011,6,9,0,6,0,clear,26.78,29.0,62.0,9.0,230
summer,2011,6,10,0,6,0,clear,26.78,29.0,58.0,11.0,264
summer,2011,6,11,0,6,0,clear,27.72,31.0,62.0,9.0,325
summer,2011,6,12,0,6,0,clear,29.6,34.0,55.0,15.0,347
summer,2011,6,13,0,6,0,clear,29.6,34.0,55.0,13.0,387
summer,2011,6,14,0,6,0,clear,30.54,35.0,49.0,7.0,380
summer,2011,6,15,0,6,0,clear,30.54,35.0,49.0,7.0,374
summer,2011,6,16,0,6,0,misty,29.6,32.0,46.0,13.0,394
summer,2011,6,17,0,6,0,misty,26.78,29.0,58.0,11.0,337
summer,2011,6,18,0,6,0,misty,25.84,29.0,62.0,9.0,286
summer,2011,6,19,0,6,0,clear,24.9,27.0,65.0,13.0,264
summer,2011,6,20,0,6,0,clear,23.96,26.0,74.0,17.0,275
summer,2011,6,21,0,6,0,clear,23.02,25.0,74.0,15.0,220
summer,2011,6,22,0,6,0,clear,23.02,24.0,78.0,15.0,190
summer,2011,6,23,0,6,0,clear,23.02,25.0,74.0,7.0,131
summer,2011,6,0,0,0,0,clear,23.02,24.0,78.0,15.0,119
summer,2011,6,1,0,0,0,clear,22.08,22.0,83.0,7.0,93
summer,2011,6,2,0,0,0,clear,22.08,22.0,89.0,17.0,66
summer,2011,6,3,0,0,0,clear,22.08,22.0,89.0,19.0,28
summer,2011,6,4,0,0,0,clear,21.14,21.0,88.0,11.0,14
summer,2011,6,5,0,0,0,clear,21.14,21.0,88.0,15.0,10
summer,2011,6,6,0,0,0,clear,21.14,21.0,88.0,7.0,14
summer,2011,6,7,0,0,0,clear,22.08,23.0,78.0,7.0,34
summer,2011,6,8,0,0,0,clear,24.9,28.0,74.0,0.0,92
summer,2011,6,9,0,0,0,clear,25.84,29.0,66.0,0.0,182
summer,2011,6,10,0,0,0,clear,27.72,31.0,58.0,6.0,311
summer,2011,6,11,0,0,0,clear,28.66,32.0,55.0,7.0,367
summer,2011,6,12,0,0,0,clear,30.54,34.0,46.0,0.0,420
summer,2011,6,13,0,0,0,clear,28.66,33.0,59.0,19.0,373
summer,2011,6,14,0,0,0,clear,30.54,36.0,56.0,17.0,315
summer,2011,6,15,0,0,0,clear,29.6,35.0,59.0,20.0,360
summer,2011,6,16,0,0,0,rain,23.96,26.0,83.0,19.0,350
summer,2011,6,17,0,0,0,rain,23.96,26.0,83.0,19.0,252
summer,2011,6,18,0,0,0,clear,24.9,28.0,74.0,11.0,256
summer,2011,6,19,0,0,0,clear,24.9,28.0,74.0,7.0,223
summer,2011,6,20,0,0,0,clear,23.02,24.0,83.0,11.0,206
summer,2011,6,21,0,0,0,clear,23.02,24.0,83.0,7.0,140
summer,2011,6,22,0,0,0,clear,22.08,22.0,83.0,9.0,128
summer,2011,6,23,0,0,0,clear,22.08,23.0,78.0,13.0,107
summer,2011,6,0,0,1,1,clear,22.08,23.0,78.0,9.0,28
summer,2011,6,1,0,1,1,clear,22.08,24.0,73.0,15.0,16
summer,2011,6,2,0,1,1,clear,21.14,23.0,73.0,19.0,10
summer,2011,6,3,0,1,1,clear,20.2,24.0,60.0,33.0,7
summer,2011,6,4,0,1,1,clear,18.32,19.0,64.0,20.0,4
summer,2011,6,5,0,1,1,clear,17.38,18.0,64.0,26.0,29
summer,2011,6,6,0,1,1,clear,17.38,18.0,64.0,28.0,105
summer,2011,6,7,0,1,1,clear,18.32,19.0,56.0,24.0,328
summer,2011,6,8,0,1,1,clear,19.26,20.0,49.0,30.0,476
summer,2011,6,9,0,1,1,clear,21.14,25.0,46.0,24.0,224
summer,2011,6,10,0,1,1,clear,22.08,25.0,41.0,22.0,118
summer,2011,6,11,0,1,1,clear,23.02,25.0,41.0,20.0,159
summer,2011,6,12,0,1,1,clear,23.02,25.0,41.0,19.0,196
summer,2011,6,13,0,1,1,clear,24.9,26.0,37.0,0.0,227
summer,2011,6,14,0,1,1,clear,24.9,26.0,34.0,17.0,200
summer,2011,6,15,0,1,1,clear,24.9,26.0,37.0,30.0,185
summer,2011,6,16,0,1,1,clear,24.9,26.0,37.0,28.0,326
summer,2011,6,17,0,1,1,clear,24.9,26.0,39.0,22.0,601
summer,2011,6,18,0,1,1,clear,24.9,26.0,37.0,24.0,586
summer,2011,6,19,0,1,1,clear,23.02,25.0,39.0,19.0,423
summer,2011,6,20,0,1,1,clear,22.08,25.0,44.0,17.0,331
summer,2011,6,21,0,1,1,clear,22.08,25.0,41.0,17.0,218
summer,2011,6,22,0,1,1,clear,21.14,25.0,46.0,15.0,134
summer,2011,6,23,0,1,1,clear,21.14,25.0,46.0,13.0,89
summer,2011,6,0,0,2,1,clear,20.2,25.0,49.0,13.0,31
summer,2011,6,1,0,2,1,clear,20.2,25.0,49.0,17.0,13
summer,2011,6,2,0,2,1,clear,20.2,25.0,49.0,19.0,10
summer,2011,6,3,0,2,1,clear,19.26,20.0,53.0,22.0,2
summer,2011,6,4,0,2,1,clear,17.38,18.0,60.0,17.0,3
summer,2011,6,5,0,2,1,clear,17.38,18.0,56.0,22.0,26
summer,2011,6,6,0,2,1,clear,17.38,18.0,56.0,20.0,113
summer,2011,6,7,0,2,1,clear,18.32,19.0,52.0,28.0,365
summer,2011,6,8,0,2,1,clear,19.26,20.0,49.0,26.0,486
summer,2011,6,9,0,2,1,clear,21.14,25.0,46.0,13.0,193
summer,2011,6,10,0,2,1,clear,21.14,25.0,46.0,15.0,130
summer,2011,6,11,0,2,1,clear,22.08,25.0,41.0,19.0,143
summer,2011,6,12,0,2,1,clear,22.08,25.0,41.0,24.0,169
summer,2011,6,13,0,2,1,clear,22.08,25.0,44.0,15.0,209
summer,2011,6,14,0,2,1,misty,22.08,25.0,47.0,13.0,159
summer,2011,6,15,0,2,1,clear,22.08,25.0,47.0,11.0,178
summer,2011,6,16,0,2,1,clear,23.96,26.0,41.0,13.0,330
summer,2011,6,17,0,2,1,rain,22.08,25.0,50.0,19.0,569
summer,2011,6,18,0,2,1,clear,21.14,25.0,51.0,22.0,538
summer,2011,6,19,0,2,1,clear,22.08,25.0,50.0,24.0,386
summer,2011,6,20,0,2,1,clear,20.2,25.0,56.0,11.0,297
summer,2011,6,21,0,2,1,clear,20.2,25.0,56.0,20.0,243
summer,2011,6,22,0,2,1,clear,19.26,20.0,60.0,15.0,188
summer,2011,6,23,0,2,1,clear,18.32,19.0,68.0,15.0,110
summer,2011,6,0,0,3,1,clear,18.32,19.0,64.0,24.0,52
summer,2011,6,1,0,3,1,clear,17.38,18.0,64.0,19.0,14
summer,2011,6,2,0,3,1,clear,16.44,17.0,63.0,15.0,9
summer,2011,6,3,0,3,1,clear,15.5,16.0,68.0,17.0,1
summer,2011,6,4,0,3,1,clear,15.5,16.0,63.0,19.0,4
summer,2011,6,5,0,3,1,clear,14.56,15.0,67.0,19.0,21
summer,2011,6,6,0,3,1,clear,15.5,16.0,63.0,17.0,121
summer,2011,6,7,0,3,1,clear,17.38,18.0,60.0,9.0,370
summer,2011,6,8,0,3,1,clear,19.26,20.0,53.0,9.0,498
summer,2011,6,9,0,3,1,clear,20.2,25.0,49.0,0.0,207
summer,2011,6,10,0,3,1,clear,22.08,25.0,47.0,11.0,135
summer,2011,6,11,0,3,1,clear,23.96,26.0,36.0,0.0,164
summer,2011,6,12,0,3,1,clear,24.9,26.0,34.0,15.0,211
summer,2011,6,13,0,3,1,clear,26.78,27.0,28.0,19.0,189
summer,2011,6,14,0,3,1,clear,26.78,27.0,28.0,0.0,178
summer,2011,6,15,0,3,1,clear,27.72,28.0,27.0,0.0,164
summer,2011,6,16,0,3,1,clear,27.72,28.0,27.0,9.0,312
summer,2011,6,17,0,3,1,clear,26.78,27.0,28.0,7.0,638
summer,2011,6,18,0,3,1,clear,25.84,27.0,32.0,9.0,607
summer,2011,6,19,0,3,1,clear,24.9,26.0,37.0,19.0,416
summer,2011,6,20,0,3,1,clear,23.02,25.0,44.0,11.0,330
summer,2011,6,21,0,3,1,clear,22.08,25.0,47.0,15.0,257
summer,2011,6,22,0,3,1,clear,21.14,25.0,50.0,7.0,175
summer,2011,6,23,0,3,1,clear,21.14,25.0,53.0,0.0,107
summer,2011,6,0,0,4,1,clear,20.2,25.0,56.0,7.0,47
summer,2011,6,1,0,4,1,clear,19.26,20.0,60.0,0.0,17
summer,2011,6,2,0,4,1,clear,20.2,25.0,56.0,6.0,5
summer,2011,6,3,0,4,1,misty,18.32,19.0,73.0,6.0,4
summer,2011,6,4,0,4,1,misty,18.32,19.0,68.0,7.0,6
summer,2011,6,5,0,4,1,clear,20.2,24.0,64.0,13.0,25
summer,2011,6,6,0,4,1,rain,19.26,20.0,73.0,11.0,112
summer,2011,6,7,0,4,1,rain,18.32,19.0,78.0,11.0,188
summer,2011,6,8,0,4,1,misty,20.2,23.0,69.0,9.0,388
summer,2011,6,9,0,4,1,misty,21.14,24.0,65.0,13.0,261
summer,2011,6,10,0,4,1,misty,23.02,25.0,61.0,17.0,121
summer,2011,6,11,0,4,1,misty,23.96,26.0,61.0,20.0,150
summer,2011,6,12,0,4,1,clear,25.84,28.0,54.0,26.0,206
summer,2011,6,13,0,4,1,misty,25.84,28.0,54.0,17.0,151
summer,2011,6,14,0,4,1,misty,25.84,28.0,54.0,22.0,153
summer,2011,6,15,0,4,1,misty,24.9,27.0,61.0,20.0,159
summer,2011,6,16,0,4,1,rain,23.02,25.0,69.0,13.0,294
summer,2011,6,17,0,4,1,misty,22.08,23.0,78.0,7.0,272
summer,2011,6,18,0,4,1,clear,22.08,22.0,83.0,15.0,325
summer,2011,6,19,0,4,1,clear,21.14,22.0,83.0,19.0,327
summer,2011,6,20,0,4,1,clear,21.14,22.0,83.0,22.0,201
summer,2011,6,21,0,4,1,rain,21.14,22.0,83.0,17.0,188
summer,2011,6,22,0,4,1,rain,21.14,22.0,83.0,17.0,151
summer,2011,6,23,0,4,1,rain,20.2,21.0,83.0,17.0,16
summer,2011,6,0,0,5,1,clear,18.32,19.0,88.0,6.0,24
summer,2011,6,1,0,5,1,clear,18.32,19.0,94.0,9.0,23
summer,2011,6,2,0,5,1,clear,18.32,19.0,94.0,7.0,13
summer,2011,6,3,0,5,1,clear,18.32,19.0,94.0,7.0,6
summer,2011,6,4,0,5,1,clear,17.38,18.0,94.0,9.0,6
summer,2011,6,5,0,5,1,clear,17.38,18.0,100.0,0.0,13
summer,2011,6,6,0,5,1,clear,18.32,19.0,94.0,0.0,97
summer,2011,6,7,0,5,1,clear,20.2,21.0,83.0,0.0,250
summer,2011,6,8,0,5,1,misty,20.2,21.0,83.0,0.0,454
summer,2011,6,9,0,5,1,clear,24.9,27.0,58.0,13.0,224
summer,2011,6,10,0,5,1,clear,24.9,27.0,58.0,13.0,170
summer,2011,6,11,0,5,1,clear,23.96,26.0,69.0,17.0,181
summer,2011,6,12,0,5,1,clear,24.9,27.0,65.0,17.0,243
summer,2011,6,13,0,5,1,clear,26.78,29.0,62.0,19.0,204
summer,2011,6,14,0,5,1,clear,27.72,30.0,52.0,13.0,215
summer,2011,6,15,0,5,1,clear,28.66,30.0,43.0,15.0,243
summer,2011,6,16,0,5,1,clear,27.72,29.0,45.0,11.0,355
summer,2011,6,17,0,5,1,rain,27.72,29.0,40.0,13.0,552
summer,2011,6,18,0,5,1,rain,27.72,29.0,40.0,13.0,450
summer,2011,6,19,0,5,1,rain,22.08,22.0,83.0,17.0,328
summer,2011,6,20,0,5,1,clear,22.08,23.0,78.0,7.0,232
summer,2011,6,21,0,5,1,clear,22.08,23.0,78.0,6.0,208
summer,2011,6,22,0,5,1,clear,21.14,21.0,88.0,9.0,175
summer,2011,6,23,0,5,1,clear,21.14,22.0,83.0,9.0,178
summer,2011,6,0,0,6,0,clear,21.14,21.0,88.0,9.0,104
summer,2011,6,1,0,6,0,clear,21.14,22.0,83.0,7.0,95
summer,2011,6,2,0,6,0,clear,20.2,20.0,88.0,0.0,53
summer,2011,6,3,0,6,0,clear,20.2,20.0,88.0,6.0,20
summer,2011,6,4,0,6,0,clear,20.2,20.0,88.0,6.0,5
summer,2011,6,5,0,6,0,clear,21.14,22.0,83.0,0.0,7
summer,2011,6,6,0,6,0,clear,21.14,22.0,83.0,7.0,27
summer,2011,6,7,0,6,0,clear,22.08,23.0,78.0,9.0,57
summer,2011,6,8,0,6,0,clear,23.02,24.0,78.0,6.0,131
summer,2011,6,9,0,6,0,clear,24.9,27.0,61.0,15.0,218
summer,2011,6,10,0,6,0,clear,25.84,29.0,62.0,13.0,244
summer,2011,6,11,0,6,0,clear,25.84,29.0,62.0,9.0,404
summer,2011,6,12,0,6,0,clear,26.78,30.0,66.0,6.0,420
summer,2011,6,13,0,6,0,clear,27.72,30.0,55.0,0.0,327
summer,2011,6,14,0,6,0,misty,29.6,32.0,46.0,19.0,334
summer,2011,6,15,0,6,0,misty,30.54,34.0,46.0,9.0,367
summer,2011,6,16,0,6,0,misty,27.72,30.0,52.0,15.0,468
summer,2011,6,17,0,6,0,misty,27.72,29.0,48.0,11.0,449
summer,2011,6,18,0,6,0,misty,26.78,29.0,55.0,13.0,381
summer,2011,6,19,0,6,0,misty,26.78,28.0,51.0,7.0,326
summer,2011,6,20,0,6,0,misty,25.84,28.0,58.0,9.0,188
summer,2011,6,21,0,6,0,misty,25.84,29.0,66.0,7.0,183
summer,2011,6,22,0,6,0,misty,25.84,29.0,62.0,9.0,161
summer,2011,6,23,0,6,0,misty,25.84,29.0,62.0,0.0,150
summer,2011,6,0,0,0,0,clear,24.9,27.0,65.0,0.0,89
summer,2011,6,1,0,0,0,misty,24.9,27.0,65.0,6.0,76
summer,2011,6,2,0,0,0,clear,23.96,26.0,74.0,6.0,72
summer,2011,6,3,0,0,0,misty,23.02,24.0,78.0,9.0,30
summer,2011,6,4,0,0,0,misty,23.02,25.0,74.0,9.0,17
summer,2011,6,5,0,0,0,misty,23.02,24.0,78.0,0.0,19
summer,2011,6,6,0,0,0,misty,23.02,24.0,78.0,11.0,33
summer,2011,6,7,0,0,0,misty,23.02,24.0,78.0,11.0,71
summer,2011,6,8,0,0,0,rain,23.96,26.0,74.0,7.0,84
summer,2011,6,9,0,0,0,misty,23.96,26.0,74.0,7.0,169
summer,2011,6,10,0,0,0,misty,24.9,27.0,61.0,7.0,244
summer,2011,6,11,0,0,0,misty,25.84,28.0,58.0,6.0,377
summer,2011,6,12,0,0,0,misty,26.78,29.0,55.0,6.0,396
summer,2011,6,13,0,0,0,misty,26.78,28.0,51.0,0.0,363
summer,2011,6,14,0,0,0,rain,26.78,29.0,58.0,7.0,317
summer,2011,6,15,0,0,0,misty,26.78,29.0,55.0,7.0,362
summer,2011,6,16,0,0,0,misty,27.72,29.0,48.0,0.0,378
summer,2011,6,17,0,0,0,clear,26.78,28.0,51.0,0.0,397
summer,2011,6,18,0,0,0,misty,26.78,29.0,58.0,6.0,296
summer,2011,6,19,0,0,0,clear,25.84,29.0,62.0,9.0,311
summer,2011,6,20,0,0,0,clear,24.9,27.0,70.0,13.0,232
summer,2011,6,21,0,0,0,clear,23.96,26.0,79.0,9.0,167
summer,2011,6,22,0,0,0,clear,23.02,24.0,78.0,15.0,152
summer,2011,6,23,0,0,0,clear,23.02,24.0,78.0,13.0,92
summer,2011,6,0,0,1,1,clear,23.02,24.0,83.0,11.0,26
summer,2011,6,1,0,1,1,clear,22.08,22.0,89.0,6.0,12
summer,2011,6,2,0,1,1,clear,22.08,22.0,89.0,6.0,2
summer,2011,6,3,0,1,1,rain,22.08,22.0,89.0,0.0,1
summer,2011,6,4,0,1,1,rain,21.14,21.0,88.0,11.0,3
summer,2011,6,5,0,1,1,rain,21.14,22.0,83.0,9.0,3
summer,2011,6,6,0,1,1,rain,20.2,22.0,78.0,9.0,26
summer,2011,6,7,0,1,1,rain,18.32,19.0,88.0,13.0,46
summer,2011,6,8,0,1,1,rain,18.32,19.0,83.0,13.0,221
summer,2011,6,9,0,1,1,misty,20.2,22.0,78.0,17.0,219
summer,2011,6,10,0,1,1,misty,20.2,22.0,78.0,17.0,91
summer,2011,6,11,0,1,1,misty,20.2,22.0,78.0,7.0,94
summer,2011,6,12,0,1,1,misty,21.14,24.0,69.0,7.0,162
summer,2011,6,13,0,1,1,clear,22.08,24.0,65.0,7.0,179
summer,2011,6,14,0,1,1,clear,23.02,25.0,61.0,7.0,175
summer,2011,6,15,0,1,1,clear,23.02,25.0,61.0,9.0,205
summer,2011,6,16,0,1,1,clear,24.9,27.0,58.0,11.0,299
summer,2011,6,17,0,1,1,clear,24.9,27.0,54.0,0.0,565
summer,2011,6,18,0,1,1,clear,24.9,27.0,61.0,17.0,538
summer,2011,6,19,0,1,1,clear,23.02,25.0,65.0,15.0,431
summer,2011,6,20,0,1,1,clear,23.02,25.0,69.0,15.0,316
summer,2011,6,21,0,1,1,clear,22.08,24.0,73.0,11.0,206
summer,2011,6,22,0,1,1,misty,22.08,24.0,73.0,15.0,130
summer,2011,6,23,0,1,1,clear,21.14,23.0,78.0,17.0,60
fall,2011,6,0,0,2,1,clear,21.14,23.0,78.0,11.0,33
fall,2011,6,1,0,2,1,rain,21.14,23.0,78.0,11.0,14
fall,2011,6,2,0,2,1,rain,21.14,22.0,83.0,11.0,6
fall,2011,6,3,0,2,1,rain,21.14,22.0,83.0,11.0,2
fall,2011,6,4,0,2,1,misty,20.2,20.0,88.0,7.0,9
fall,2011,6,5,0,2,1,misty,20.2,20.0,88.0,9.0,25
fall,2011,6,6,0,2,1,misty,20.2,20.0,88.0,9.0,115
fall,2011,6,7,0,2,1,misty,20.2,18.0,94.0,0.0,309
fall,2011,6,8,0,2,1,misty,21.14,21.0,88.0,7.0,401
fall,2011,6,9,0,2,1,misty,21.14,21.0,88.0,17.0,275
fall,2011,6,10,0,2,1,misty,22.08,22.0,83.0,13.0,161
fall,2011,6,11,0,2,1,clear,23.02,24.0,83.0,11.0,171
fall,2011,6,12,0,2,1,clear,24.9,28.0,74.0,11.0,189
fall,2011,6,13,0,2,1,clear,26.78,30.0,66.0,11.0,207
fall,2011,6,14,0,2,1,clear,27.72,31.0,62.0,15.0,152
fall,2011,6,15,0,2,1,clear,28.66,33.0,59.0,17.0,170
fall,2011,6,16,0,2,1,clear,29.6,35.0,59.0,15.0,335
fall,2011,6,17,0,2,1,clear,28.66,34.0,66.0,15.0,572
fall,2011,6,18,0,2,1,misty,27.72,32.0,70.0,17.0,536
fall,2011,6,19,0,2,1,misty,26.78,31.0,74.0,15.0,425
fall,2011,6,20,0,2,1,rain,26.78,30.0,70.0,15.0,326
fall,2011,6,21,0,2,1,clear,25.84,30.0,74.0,13.0,229
fall,2011,6,22,0,2,1,clear,24.9,28.0,79.0,7.0,109
fall,2011,6,23,0,2,1,clear,24.9,28.0,74.0,7.0,64
fall,2011,6,0,0,3,1,clear,23.02,24.0,78.0,13.0,33
fall,2011,6,1,0,3,1,clear,23.02,24.0,78.0,9.0,21
fall,2011,6,2,0,3,1,clear,23.02,24.0,78.0,0.0,7
fall,2011,6,3,0,3,1,clear,23.02,24.0,78.0,9.0,7
fall,2011,6,4,0,3,1,clear,22.08,22.0,83.0,0.0,11
fall,2011,6,5,0,3,1,clear,22.08,22.0,89.0,0.0,23
fall,2011,6,6,0,3,1,clear,23.02,24.0,83.0,0.0,122
fall,2011,6,7,0,3,1,clear,24.9,28.0,79.0,0.0,311
fall,2011,6,8,0,3,1,clear,25.84,30.0,74.0,7.0,423
fall,2011,6,9,0,3,1,clear,25.84,30.0,79.0,11.0,219
fall,2011,6,10,0,3,1,clear,26.78,30.0,70.0,17.0,135
fall,2011,6,11,0,3,1,clear,26.78,30.0,70.0,11.0,145
fall,2011,6,12,0,3,1,misty,29.6,35.0,59.0,15.0,188
fall,2011,6,13,0,3,1,misty,30.54,36.0,56.0,17.0,147
fall,2011,6,14,0,3,1,misty,30.54,35.0,52.0,19.0,145
fall,2011,6,15,0,3,1,misty,30.54,36.0,56.0,19.0,146
fall,2011,6,16,0,3,1,misty,30.54,37.0,59.0,22.0,258
fall,2011,6,17,0,3,1,misty,29.6,34.0,55.0,26.0,529
fall,2011,6,18,0,3,1,misty,29.6,35.0,59.0,17.0,513
fall,2011,6,19,0,3,1,misty,29.6,33.0,52.0,17.0,342
fall,2011,6,20,0,3,1,clear,26.78,31.0,74.0,9.0,282
fall,2011,6,21,0,3,1,clear,26.78,31.0,79.0,11.0,247
fall,2011,6,22,0,3,1,misty,25.84,30.0,79.0,13.0,148
fall,2011,6,23,0,3,1,misty,25.84,30.0,79.0,15.0,105
fall,2011,6,0,0,4,1,clear,25.84,30.0,79.0,15.0,49
fall,2011,6,1,0,4,1,clear,25.84,30.0,74.0,15.0,31
fall,2011,6,2,0,4,1,clear,25.84,30.0,74.0,15.0,4
fall,2011,6,3,0,4,1,misty,25.84,30.0,74.0,11.0,5
fall,2011,6,4,0,4,1,misty,24.9,28.0,79.0,9.0,7
fall,2011,6,5,0,4,1,clear,25.84,30.0,74.0,11.0,24
fall,2011,6,6,0,4,1,clear,25.84,30.0,74.0,11.0,100
fall,2011,6,7,0,4,1,misty,25.84,30.0,74.0,9.0,327
fall,2011,6,8,0,4,1,misty,26.78,30.0,70.0,13.0,432
fall,2011,6,9,0,4,1,misty,26.78,30.0,70.0,9.0,227
fall,2011,6,10,0,4,1,misty,27.72,32.0,66.0,9.0,127
fall,2011,6,11,0,4,1,rain,27.72,32.0,66.0,17.0,136
fall,2011,6,12,0,4,1,misty,27.72,32.0,66.0,19.0,160
fall,2011,6,13,0,4,1,misty,27.72,31.0,62.0,19.0,186
fall,2011,6,14,0,4,1,misty,27.72,32.0,66.0,20.0,149
fall,2011,6,15,0,4,1,misty,27.72,30.0,52.0,24.0,189
fall,2011,6,16,0,4,1,misty,26.78,29.0,62.0,20.0,275
fall,2011,6,17,0,4,1,misty,25.84,29.0,70.0,24.0,569
fall,2011,6,18,0,4,1,clear,25.84,29.0,70.0,28.0,540
fall,2011,6,19,0,4,1,clear,25.84,29.0,70.0,24.0,400
fall,2011,6,20,0,4,1,clear,24.9,28.0,74.0,15.0,352
fall,2011,6,21,0,4,1,clear,24.9,28.0,74.0,13.0,234
fall,2011,6,22,0,4,1,misty,24.9,28.0,74.0,15.0,162
fall,2011,6,23,0,4,1,clear,24.9,28.0,74.0,19.0,105
fall,2011,6,0,0,5,1,clear,23.96,26.0,79.0,13.0,63
fall,2011,6,1,0,5,1,clear,23.02,24.0,83.0,22.0,28
fall,2011,6,2,0,5,1,clear,23.02,24.0,83.0,22.0,14
fall,2011,6,3,0,5,1,clear,23.02,24.0,83.0,11.0,5
fall,2011,6,4,0,5,1,clear,23.02,24.0,83.0,6.0,9
fall,2011,6,5,0,5,1,clear,22.08,22.0,89.0,6.0,20
fall,2011,6,6,0,5,1,clear,23.02,24.0,83.0,9.0,91
fall,2011,6,7,0,5,1,misty,23.02,24.0,83.0,15.0,268
fall,2011,6,8,0,5,1,clear,24.9,28.0,74.0,15.0,466
fall,2011,6,9,0,5,1,clear,26.78,29.0,62.0,9.0,231
fall,2011,6,10,0,5,1,clear,29.6,32.0,43.0,19.0,145
fall,2011,6,11,0,5,1,clear,29.6,31.0,38.0,22.0,203
fall,2011,6,12,0,5,1,clear,29.6,31.0,41.0,19.0,201
fall,2011,6,13,0,5,1,clear,29.6,31.0,36.0,15.0,221
fall,2011,6,14,0,5,1,clear,28.66,30.0,43.0,19.0,229
fall,2011,6,15,0,5,1,clear,30.54,32.0,34.0,26.0,216
fall,2011,6,16,0,5,1,clear,29.6,30.0,33.0,28.0,327
fall,2011,6,17,0,5,1,clear,27.72,28.0,37.0,17.0,557
fall,2011,6,18,0,5,1,clear,27.72,28.0,37.0,20.0,452
fall,2011,6,19,0,5,1,clear,26.78,27.0,40.0,15.0,385
fall,2011,6,20,0,5,1,clear,25.84,27.0,45.0,11.0,288
fall,2011,6,21,0,5,1,clear,24.9,27.0,48.0,9.0,233
fall,2011,6,22,0,5,1,clear,24.9,27.0,48.0,0.0,167
fall,2011,6,23,0,5,1,clear,23.96,26.0,51.0,9.0,172
fall,2011,6,0,0,6,0,clear,23.96,26.0,47.0,11.0,116
fall,2011,6,1,0,6,0,clear,23.02,25.0,50.0,11.0,95
fall,2011,6,2,0,6,0,misty,23.02,25.0,50.0,13.0,59
fall,2011,6,3,0,6,0,clear,22.08,25.0,57.0,13.0,39
fall,2011,6,4,0,6,0,clear,22.08,25.0,57.0,13.0,11
fall,2011,6,5,0,6,0,clear,21.14,24.0,61.0,9.0,14
fall,2011,6,6,0,6,0,clear,22.08,25.0,57.0,15.0,29
fall,2011,6,7,0,6,0,clear,22.08,25.0,57.0,19.0,42
fall,2011,6,8,0,6,0,clear,24.9,27.0,48.0,17.0,112
fall,2011,6,9,0,6,0,clear,25.84,27.0,45.0,17.0,186
fall,2011,6,10,0,6,0,clear,25.84,27.0,45.0,13.0,302
fall,2011,6,11,0,6,0,clear,26.78,28.0,42.0,0.0,331
fall,2011,6,12,0,6,0,clear,26.78,27.0,40.0,19.0,392
fall,2011,6,13,0,6,0,clear,26.78,27.0,40.0,19.0,371
fall,2011,6,14,0,6,0,clear,26.78,28.0,45.0,20.0,383
fall,2011,6,15,0,6,0,clear,26.78,28.0,45.0,0.0,392
fall,2011,6,16,0,6,0,clear,27.72,29.0,43.0,20.0,410
fall,2011,6,17,0,6,0,clear,26.78,28.0,42.0,15.0,399
fall,2011,6,18,0,6,0,clear,25.84,27.0,45.0,17.0,307
fall,2011,6,19,0,6,0,clear,25.84,28.0,48.0,19.0,375
fall,2011,6,20,0,6,0,clear,24.9,27.0,48.0,13.0,269
fall,2011,6,21,0,6,0,clear,23.96,26.0,51.0,11.0,202
fall,2011,6,22,0,6,0,clear,23.96,26.0,47.0,13.0,187
fall,2011,6,23,0,6,0,misty,23.02,25.0,50.0,20.0,179
fall,2011,6,0,0,0,0,clear,22.08,25.0,53.0,0.0,115
fall,2011,6,1,0,0,0,clear,22.08,25.0,53.0,7.0,90
fall,2011,6,2,0,0,0,clear,21.14,25.0,57.0,7.0,87
fall,2011,6,3,0,0,0,clear,20.2,24.0,64.0,7.0,34
fall,2011,6,4,0,0,0,clear,20.2,24.0,64.0,6.0,11
fall,2011,6,5,0,0,0,clear,20.2,24.0,64.0,0.0,12
fall,2011,6,6,0,0,0,clear,20.2,24.0,64.0,0.0,20
fall,2011,6,7,0,0,0,clear,21.14,24.0,61.0,0.0,51
fall,2011,6,8,0,0,0,clear,22.08,25.0,61.0,13.0,107
fall,2011,6,9,0,0,0,clear,23.02,25.0,54.0,6.0,206
fall,2011,6,10,0,0,0,clear,25.84,28.0,48.0,7.0,332
fall,2011,6,11,0,0,0,clear,25.84,27.0,45.0,9.0,346
fall,2011,6,12,0,0,0,clear,26.78,27.0,40.0,11.0,443
fall,2011,6,13,0,0,0,clear,26.78,27.0,40.0,0.0,442
fall,2011,6,14,0,0,0,clear,26.78,27.0,40.0,9.0,443
fall,2011,6,15,0,0,0,clear,26.78,27.0,40.0,0.0,403
fall,2011,6,16,0,0,0,clear,26.78,28.0,42.0,13.0,455
fall,2011,6,17,0,0,0,misty,25.84,27.0,42.0,11.0,421
fall,2011,6,18,0,0,0,misty,25.84,27.0,45.0,17.0,382
fall,2011,6,19,0,0,0,misty,25.84,28.0,48.0,9.0,317
fall,2011,6,20,0,0,0,misty,24.9,27.0,48.0,7.0,213
fall,2011,6,21,0,0,0,misty,24.9,27.0,54.0,7.0,183
fall,2011,6,22,0,0,0,clear,24.9,27.0,51.0,0.0,114
fall,2011,6,23,0,0,0,clear,24.9,27.0,54.0,6.0,78
fall,2011,6,0,0,1,1,rain,22.08,24.0,73.0,19.0,32
fall,2011,6,1,0,1,1,misty,21.14,23.0,78.0,9.0,15
fall,2011,6,2,0,1,1,rain,21.14,23.0,78.0,9.0,6
fall,2011,6,3,0,1,1,rain,21.14,23.0,78.0,9.0,2
fall,2011,6,4,0,1,1,misty,20.2,21.0,83.0,11.0,9
fall,2011,6,5,0,1,1,misty,21.14,22.0,83.0,11.0,22
fall,2011,6,6,0,1,1,misty,21.14,23.0,78.0,11.0,94
fall,2011,6,7,0,1,1,misty,22.08,24.0,73.0,15.0,261
fall,2011,6,8,0,1,1,clear,23.02,25.0,74.0,13.0,447
fall,2011,6,9,0,1,1,misty,25.84,28.0,54.0,0.0,187
fall,2011,6,10,0,1,1,misty,25.84,28.0,54.0,9.0,150
fall,2011,6,11,0,1,1,misty,24.9,27.0,58.0,0.0,150
fall,2011,6,12,0,1,1,misty,25.84,28.0,54.0,0.0,170
fall,2011,6,13,0,1,1,misty,25.84,28.0,58.0,15.0,164
fall,2011,6,14,0,1,1,misty,25.84,28.0,58.0,6.0,158
fall,2011,6,15,0,1,1,misty,26.78,29.0,55.0,0.0,202
fall,2011,6,16,0,1,1,clear,26.78,29.0,55.0,7.0,275
fall,2011,6,17,0,1,1,clear,26.78,29.0,55.0,9.0,604
fall,2011,6,18,0,1,1,clear,26.78,28.0,51.0,0.0,591
fall,2011,6,19,0,1,1,clear,25.84,29.0,62.0,13.0,396
fall,2011,6,20,0,1,1,clear,24.9,27.0,65.0,7.0,305
fall,2011,6,21,0,1,1,clear,24.9,27.0,65.0,0.0,242
fall,2011,6,22,0,1,1,clear,23.96,26.0,69.0,0.0,145
fall,2011,6,23,0,1,1,clear,23.96,26.0,69.0,0.0,81
fall,2011,6,0,0,2,1,misty,23.02,24.0,78.0,9.0,30
fall,2011,6,1,0,2,1,clear,23.02,25.0,74.0,0.0,13
fall,2011,6,2,0,2,1,misty,23.02,25.0,74.0,0.0,11
fall,2011,6,3,0,2,1,misty,23.02,25.0,74.0,0.0,2
fall,2011,6,4,0,2,1,clear,23.02,25.0,74.0,0.0,8
fall,2011,6,5,0,2,1,clear,23.02,24.0,78.0,0.0,21
fall,2011,6,6,0,2,1,clear,23.02,24.0,83.0,11.0,124
fall,2011,6,7,0,2,1,clear,23.96,26.0,83.0,13.0,347
fall,2011,6,8,0,2,1,clear,24.9,28.0,79.0,11.0,456
fall,2011,6,9,0,2,1,clear,26.78,30.0,70.0,0.0,246
fall,2011,6,10,0,2,1,clear,29.6,33.0,49.0,11.0,157
fall,2011,6,11,0,2,1,clear,30.54,34.0,46.0,0.0,167
fall,2011,6,12,0,2,1,clear,31.48,35.0,47.0,15.0,202
fall,2011,6,13,0,2,1,clear,31.48,34.0,44.0,0.0,189
fall,2011,6,14,0,2,1,clear,32.42,36.0,44.0,15.0,160
fall,2011,6,15,0,2,1,clear,32.42,36.0,41.0,0.0,166
fall,2011,6,16,0,2,1,clear,32.42,37.0,47.0,19.0,261
fall,2011,6,17,0,2,1,rain,30.54,36.0,56.0,19.0,579
fall,2011,6,18,0,2,1,rain,29.6,34.0,55.0,20.0,504
fall,2011,6,19,0,2,1,misty,26.78,29.0,58.0,31.0,299
fall,2011,6,20,0,2,1,clear,26.78,29.0,62.0,0.0,296
fall,2011,6,21,0,2,1,clear,26.78,30.0,66.0,19.0,195
fall,2011,6,22,0,2,1,clear,24.9,27.0,70.0,20.0,134
fall,2011,6,23,0,2,1,clear,24.9,27.0,70.0,19.0,81
fall,2011,6,0,0,3,1,misty,23.96,26.0,79.0,19.0,36
fall,2011,6,1,0,3,1,clear,23.96,26.0,79.0,20.0,28
fall,2011,6,2,0,3,1,clear,23.02,24.0,83.0,15.0,16
fall,2011,6,3,0,3,1,misty,23.02,24.0,83.0,7.0,5
fall,2011,6,4,0,3,1,clear,23.02,24.0,83.0,7.0,5
fall,2011,6,5,0,3,1,clear,22.08,22.0,83.0,13.0,22
fall,2011,6,6,0,3,1,clear,23.02,25.0,69.0,20.0,116
fall,2011,6,7,0,3,1,clear,24.9,27.0,54.0,15.0,336
fall,2011,6,8,0,3,1,clear,24.9,27.0,48.0,19.0,540
fall,2011,6,9,0,3,1,clear,25.84,27.0,45.0,26.0,221
fall,2011,6,10,0,3,1,clear,26.78,28.0,42.0,19.0,126
fall,2011,6,11,0,3,1,clear,27.72,28.0,35.0,15.0,170
fall,2011,6,12,0,3,1,clear,27.72,28.0,35.0,17.0,243
fall,2011,6,13,0,3,1,clear,29.6,30.0,31.0,22.0,231
fall,2011,6,14,0,3,1,clear,29.6,30.0,31.0,13.0,188
fall,2011,6,15,0,3,1,clear,30.54,31.0,30.0,11.0,189
fall,2011,6,16,0,3,1,clear,30.54,31.0,30.0,28.0,328
fall,2011,6,17,0,3,1,clear,30.54,31.0,26.0,28.0,570
fall,2011,6,18,0,3,1,clear,29.6,30.0,29.0,20.0,588
fall,2011,6,19,0,3,1,clear,27.72,28.0,35.0,26.0,401
fall,2011,6,20,0,3,1,clear,26.78,27.0,37.0,20.0,333
fall,2011,6,21,0,3,1,clear,25.84,27.0,39.0,15.0,221
fall,2011,6,22,0,3,1,clear,24.9,26.0,42.0,13.0,183
fall,2011,6,23,0,3,1,clear,23.96,26.0,47.0,13.0,129
fall,2011,6,0,0,4,1,clear,23.02,25.0,50.0,11.0,54
fall,2011,6,1,0,4,1,clear,22.08,25.0,53.0,9.0,32
fall,2011,6,2,0,4,1,clear,21.14,25.0,57.0,9.0,8
fall,2011,6,3,0,4,1,clear,20.2,24.0,60.0,11.0,9
fall,2011,6,4,0,4,1,clear,19.26,20.0,64.0,9.0,6
fall,2011,6,5,0,4,1,clear,19.26,20.0,64.0,17.0,25
fall,2011,6,6,0,4,1,clear,20.2,24.0,64.0,17.0,123
fall,2011,6,7,0,4,1,clear,21.14,24.0,61.0,15.0,320
fall,2011,6,8,0,4,1,clear,23.96,26.0,47.0,15.0,555
fall,2011,6,9,0,4,1,clear,24.9,26.0,42.0,15.0,260
fall,2011,6,10,0,4,1,clear,25.84,27.0,42.0,13.0,132
fall,2011,6,11,0,4,1,clear,26.78,27.0,37.0,9.0,169
fall,2011,6,12,0,4,1,clear,27.72,28.0,35.0,11.0,233
fall,2011,6,13,0,4,1,clear,27.72,28.0,33.0,13.0,232
fall,2011,6,14,0,4,1,clear,28.66,29.0,31.0,13.0,163
fall,2011,6,15,0,4,1,clear,28.66,28.0,25.0,17.0,240
fall,2011,6,16,0,4,1,clear,29.6,30.0,26.0,9.0,323
fall,2011,6,17,0,4,1,clear,28.66,29.0,27.0,24.0,594
fall,2011,6,18,0,4,1,clear,27.72,28.0,29.0,17.0,586
fall,2011,6,19,0,4,1,clear,26.78,27.0,33.0,13.0,455
fall,2011,6,20,0,4,1,clear,26.78,27.0,33.0,13.0,340
fall,2011,6,21,0,4,1,clear,25.84,27.0,37.0,7.0,323
fall,2011,6,22,0,4,1,clear,24.9,26.0,42.0,11.0,207
fall,2011,6,23,0,4,1,clear,23.02,25.0,50.0,0.0,126
fall,2011,7,0,0,5,1,clear,23.02,25.0,50.0,0.0,68
fall,2011,7,1,0,5,1,clear,23.02,25.0,50.0,0.0,31
fall,2011,7,2,0,5,1,clear,21.14,24.0,69.0,0.0,13
fall,2011,7,3,0,5,1,clear,22.08,25.0,53.0,0.0,11
fall,2011,7,4,0,5,1,clear,21.14,25.0,57.0,0.0,6
fall,2011,7,5,0,5,1,clear,20.2,24.0,64.0,9.0,30
fall,2011,7,6,0,5,1,clear,21.14,24.0,61.0,9.0,108
fall,2011,7,7,0,5,1,clear,23.02,25.0,54.0,7.0,243
fall,2011,7,8,0,5,1,clear,24.9,26.0,42.0,11.0,492
fall,2011,7,9,0,5,1,clear,26.78,27.0,35.0,11.0,260
fall,2011,7,10,0,5,1,clear,27.72,28.0,33.0,11.0,170
fall,2011,7,11,0,5,1,clear,29.6,30.0,26.0,0.0,214
fall,2011,7,12,0,5,1,clear,29.6,30.0,26.0,0.0,263
fall,2011,7,13,0,5,1,clear,29.6,29.0,24.0,0.0,292
fall,2011,7,14,0,5,1,clear,30.54,30.0,23.0,13.0,303
fall,2011,7,15,0,5,1,clear,30.54,30.0,21.0,17.0,381
fall,2011,7,16,0,5,1,clear,30.54,30.0,17.0,0.0,427
fall,2011,7,17,0,5,1,clear,30.54,30.0,21.0,13.0,461
fall,2011,7,18,0,5,1,clear,29.6,29.0,24.0,17.0,422
fall,2011,7,19,0,5,1,clear,28.66,28.0,25.0,13.0,318
fall,2011,7,20,0,5,1,clear,25.84,27.0,42.0,15.0,269
fall,2011,7,21,0,5,1,clear,24.9,26.0,45.0,13.0,218
fall,2011,7,22,0,5,1,clear,24.9,26.0,42.0,0.0,222
fall,2011,7,23,0,5,1,clear,23.96,26.0,47.0,6.0,140
fall,2011,7,0,0,6,0,clear,23.96,26.0,47.0,6.0,115
fall,2011,7,1,0,6,0,clear,23.02,25.0,54.0,0.0,78
fall,2011,7,2,0,6,0,clear,22.08,25.0,53.0,0.0,52
fall,2011,7,3,0,6,0,clear,22.08,25.0,53.0,0.0,26
fall,2011,7,4,0,6,0,clear,21.14,24.0,61.0,0.0,11
fall,2011,7,5,0,6,0,clear,19.26,20.0,73.0,7.0,14
fall,2011,7,6,0,6,0,clear,21.14,24.0,69.0,7.0,32
fall,2011,7,7,0,6,0,clear,22.08,24.0,65.0,0.0,45
fall,2011,7,8,0,6,0,clear,23.96,26.0,57.0,0.0,132
fall,2011,7,9,0,6,0,clear,26.78,28.0,51.0,6.0,179
fall,2011,7,10,0,6,0,clear,29.6,31.0,36.0,0.0,271
fall,2011,7,11,0,6,0,clear,29.6,31.0,36.0,6.0,357
fall,2011,7,12,0,6,0,clear,30.54,31.0,30.0,9.0,374
fall,2011,7,13,0,6,0,clear,30.54,31.0,30.0,7.0,404
fall,2011,7,14,0,6,0,clear,31.48,31.0,20.0,0.0,392
fall,2011,7,15,0,6,0,clear,32.42,32.0,19.0,11.0,331
fall,2011,7,16,0,6,0,clear,33.36,33.0,22.0,15.0,398
fall,2011,7,17,0,6,0,clear,31.48,32.0,30.0,15.0,349
fall,2011,7,18,0,6,0,clear,30.54,31.0,30.0,19.0,383
fall,2011,7,19,0,6,0,clear,29.6,30.0,33.0,15.0,305
fall,2011,7,20,0,6,0,clear,27.72,29.0,45.0,19.0,284
fall,2011,7,21,0,6,0,clear,26.78,28.0,48.0,13.0,232
fall,2011,7,22,0,6,0,clear,25.84,28.0,51.0,11.0,201
fall,2011,7,23,0,6,0,clear,25.84,28.0,54.0,19.0,154
fall,2011,7,0,0,0,0,clear,24.9,27.0,58.0,15.0,144
fall,2011,7,1,0,0,0,misty,24.9,27.0,61.0,11.0,78
fall,2011,7,2,0,0,0,clear,24.9,27.0,58.0,13.0,69
fall,2011,7,3,0,0,0,rain,23.96,26.0,65.0,6.0,33
fall,2011,7,4,0,0,0,rain,23.96,26.0,65.0,6.0,5
fall,2011,7,5,0,0,0,rain,21.14,22.0,83.0,13.0,1
fall,2011,7,6,0,0,0,misty,21.14,20.0,94.0,6.0,3
fall,2011,7,7,0,0,0,misty,22.08,22.0,89.0,13.0,25
fall,2011,7,8,0,0,0,clear,23.96,26.0,79.0,15.0,92
fall,2011,7,9,0,0,0,clear,24.9,28.0,74.0,17.0,181
fall,2011,7,10,0,0,0,clear,26.78,30.0,66.0,11.0,264
fall,2011,7,11,0,0,0,clear,27.72,31.0,62.0,7.0,390
fall,2011,7,12,0,0,0,clear,29.6,34.0,55.0,7.0,404
fall,2011,7,13,0,0,0,clear,29.6,35.0,59.0,15.0,421
fall,2011,7,14,0,0,0,clear,30.54,36.0,56.0,17.0,375
fall,2011,7,15,0,0,0,clear,31.48,37.0,53.0,20.0,376
fall,2011,7,16,0,0,0,clear,31.48,37.0,53.0,20.0,414
fall,2011,7,17,0,0,0,rain,29.6,33.0,49.0,57.0,358
fall,2011,7,18,0,0,0,rain,29.6,33.0,49.0,57.0,181
fall,2011,7,19,0,0,0,misty,23.02,24.0,83.0,13.0,183
fall,2011,7,20,0,0,0,rain,23.02,24.0,83.0,0.0,176
fall,2011,7,21,0,0,0,misty,23.02,24.0,83.0,11.0,167
fall,2011,7,22,0,0,0,misty,23.02,24.0,78.0,7.0,162
fall,2011,7,23,0,0,0,clear,22.08,22.0,83.0,11.0,147
fall,2011,7,0,1,1,0,clear,22.08,22.0,83.0,9.0,140
fall,2011,7,1,1,1,0,clear,22.08,22.0,83.0,6.0,119
fall,2011,7,2,1,1,0,clear,22.08,22.0,83.0,0.0,63
fall,2011,7,3,1,1,0,clear,22.08,23.0,78.0,0.0,26
fall,2011,7,4,1,1,0,misty,23.02,24.0,78.0,6.0,12
fall,2011,7,5,1,1,0,misty,22.08,22.0,83.0,9.0,4
fall,2011,7,6,1,1,0,clear,22.08,22.0,89.0,11.0,16
fall,2011,7,7,1,1,0,clear,23.02,24.0,83.0,9.0,36
fall,2011,7,8,1,1,0,clear,24.9,28.0,74.0,7.0,86
fall,2011,7,9,1,1,0,misty,25.84,29.0,66.0,6.0,238
fall,2011,7,10,1,1,0,misty,27.72,30.0,55.0,6.0,280
fall,2011,7,11,1,1,0,misty,27.72,30.0,55.0,6.0,349
fall,2011,7,12,1,1,0,misty,28.66,31.0,52.0,0.0,447
fall,2011,7,13,1,1,0,misty,28.66,31.0,49.0,0.0,423
fall,2011,7,14,1,1,0,clear,29.6,32.0,46.0,0.0,408
fall,2011,7,15,1,1,0,clear,30.54,33.0,43.0,6.0,408
fall,2011,7,16,1,1,0,clear,30.54,33.0,41.0,0.0,452
fall,2011,7,17,1,1,0,clear,29.6,32.0,46.0,0.0,436
fall,2011,7,18,1,1,0,clear,29.6,32.0,46.0,9.0,418
fall,2011,7,19,1,1,0,misty,28.66,31.0,49.0,11.0,375
fall,2011,7,20,1,1,0,misty,27.72,30.0,55.0,7.0,386
fall,2011,7,21,1,1,0,misty,26.78,29.0,62.0,7.0,457
fall,2011,7,22,1,1,0,misty,26.78,29.0,62.0,9.0,326
fall,2011,7,23,1,1,0,misty,25.84,29.0,70.0,7.0,138
fall,2011,7,0,0,2,1,misty,24.9,27.0,65.0,11.0,55
fall,2011,7,1,0,2,1,clear,24.9,27.0,65.0,7.0,39
fall,2011,7,2,0,2,1,clear,23.02,25.0,74.0,6.0,13
fall,2011,7,3,0,2,1,clear,23.02,25.0,74.0,15.0,8
fall,2011,7,4,0,2,1,clear,23.02,25.0,69.0,11.0,5
fall,2011,7,5,0,2,1,clear,23.02,25.0,69.0,0.0,20
fall,2011,7,6,0,2,1,clear,23.02,25.0,74.0,6.0,94
fall,2011,7,7,0,2,1,clear,24.9,27.0,65.0,6.0,270
fall,2011,7,8,0,2,1,clear,25.84,29.0,62.0,9.0,432
fall,2011,7,9,0,2,1,clear,26.78,29.0,58.0,9.0,227
fall,2011,7,10,0,2,1,clear,27.72,30.0,52.0,7.0,139
fall,2011,7,11,0,2,1,clear,28.66,30.0,46.0,7.0,172
fall,2011,7,12,0,2,1,clear,29.6,32.0,43.0,7.0,201
fall,2011,7,13,0,2,1,clear,30.54,33.0,43.0,7.0,203
fall,2011,7,14,0,2,1,clear,29.6,33.0,49.0,11.0,178
fall,2011,7,15,0,2,1,clear,30.54,33.0,43.0,0.0,162
fall,2011,7,16,0,2,1,clear,30.54,34.0,46.0,7.0,281
fall,2011,7,17,0,2,1,clear,30.54,34.0,46.0,7.0,545
fall,2011,7,18,0,2,1,clear,29.6,34.0,55.0,11.0,496
fall,2011,7,19,0,2,1,clear,29.6,35.0,59.0,9.0,368
fall,2011,7,20,0,2,1,clear,27.72,32.0,66.0,7.0,284
fall,2011,7,21,0,2,1,clear,28.66,33.0,62.0,17.0,245
fall,2011,7,22,0,2,1,clear,27.72,32.0,66.0,15.0,155
fall,2011,7,23,0,2,1,clear,26.78,30.0,66.0,11.0,73
fall,2011,7,0,0,3,1,clear,25.84,30.0,74.0,13.0,37
fall,2011,7,1,0,3,1,clear,24.9,28.0,74.0,9.0,15
fall,2011,7,2,0,3,1,clear,24.9,28.0,79.0,6.0,5
fall,2011,7,3,0,3,1,clear,24.9,28.0,79.0,0.0,6
fall,2011,7,4,0,3,1,misty,23.96,26.0,83.0,6.0,6
fall,2011,7,5,0,3,1,clear,23.96,26.0,83.0,6.0,35
fall,2011,7,6,0,3,1,clear,24.9,28.0,79.0,6.0,121
fall,2011,7,7,0,3,1,misty,25.84,30.0,79.0,0.0,312
fall,2011,7,8,0,3,1,misty,25.84,30.0,74.0,7.0,428
fall,2011,7,9,0,3,1,rain,24.9,28.0,79.0,13.0,189
fall,2011,7,10,0,3,1,rain,24.9,28.0,79.0,6.0,43
fall,2011,7,11,0,3,1,misty,25.84,30.0,74.0,0.0,127
fall,2011,7,12,0,3,1,misty,26.78,30.0,66.0,6.0,152
fall,2011,7,13,0,3,1,misty,26.78,30.0,70.0,7.0,140
fall,2011,7,14,0,3,1,clear,27.72,32.0,66.0,19.0,163
fall,2011,7,15,0,3,1,clear,27.72,32.0,70.0,19.0,185
fall,2011,7,16,0,3,1,clear,27.72,32.0,70.0,17.0,275
fall,2011,7,17,0,3,1,clear,28.66,33.0,59.0,15.0,596
fall,2011,7,18,0,3,1,clear,27.72,31.0,62.0,13.0,563
fall,2011,7,19,0,3,1,clear,26.78,30.0,70.0,15.0,394
fall,2011,7,20,0,3,1,clear,25.84,30.0,74.0,17.0,312
fall,2011,7,21,0,3,1,clear,24.9,28.0,79.0,13.0,241
fall,2011,7,22,0,3,1,clear,24.9,28.0,79.0,13.0,186
fall,2011,7,23,0,3,1,clear,23.96,26.0,83.0,15.0,98
fall,2011,7,0,0,4,1,clear,23.02,23.0,89.0,9.0,35
fall,2011,7,1,0,4,1,clear,23.02,23.0,89.0,13.0,16
fall,2011,7,2,0,4,1,clear,23.02,23.0,89.0,13.0,8
fall,2011,7,3,0,4,1,clear,22.08,21.0,94.0,7.0,4
fall,2011,7,4,0,4,1,clear,22.08,22.0,89.0,7.0,4
fall,2011,7,5,0,4,1,clear,22.08,22.0,89.0,7.0,32
fall,2011,7,6,0,4,1,misty,22.08,22.0,89.0,9.0,118
fall,2011,7,7,0,4,1,misty,23.02,23.0,89.0,7.0,292
fall,2011,7,8,0,4,1,misty,24.9,28.0,79.0,13.0,443
fall,2011,7,9,0,4,1,clear,26.78,30.0,70.0,11.0,179
fall,2011,7,10,0,4,1,clear,28.66,33.0,62.0,0.0,101
fall,2011,7,11,0,4,1,clear,30.54,35.0,52.0,9.0,142
fall,2011,7,12,0,4,1,clear,31.48,35.0,41.0,0.0,171
fall,2011,7,13,0,4,1,clear,32.42,36.0,41.0,0.0,155
fall,2011,7,14,0,4,1,clear,32.42,36.0,41.0,17.0,160
fall,2011,7,15,0,4,1,clear,32.42,36.0,41.0,17.0,166
fall,2011,7,16,0,4,1,clear,32.42,35.0,39.0,15.0,265
fall,2011,7,17,0,4,1,clear,32.42,34.0,36.0,17.0,569
fall,2011,7,18,0,4,1,clear,31.48,34.0,44.0,20.0,562
fall,2011,7,19,0,4,1,clear,30.54,35.0,52.0,19.0,365
fall,2011,7,20,0,4,1,clear,27.72,31.0,58.0,24.0,285
fall,2011,7,21,0,4,1,clear,26.78,29.0,62.0,11.0,209
fall,2011,7,22,0,4,1,clear,26.78,29.0,62.0,11.0,182
fall,2011,7,23,0,4,1,clear,25.84,29.0,66.0,0.0,129
fall,2011,7,0,0,5,1,clear,26.78,30.0,66.0,7.0,47
fall,2011,7,1,0,5,1,clear,25.84,30.0,79.0,0.0,34
fall,2011,7,2,0,5,1,misty,24.9,28.0,74.0,11.0,22
fall,2011,7,3,0,5,1,clear,23.96,26.0,79.0,7.0,6
fall,2011,7,4,0,5,1,clear,24.9,28.0,79.0,17.0,11
fall,2011,7,5,0,5,1,clear,23.96,26.0,79.0,17.0,27
fall,2011,7,6,0,5,1,clear,24.9,28.0,74.0,7.0,102
fall,2011,7,7,0,5,1,misty,24.9,28.0,79.0,13.0,332
fall,2011,7,8,0,5,1,misty,25.84,30.0,74.0,17.0,457
fall,2011,7,9,0,5,1,misty,27.72,32.0,70.0,20.0,241
fall,2011,7,10,0,5,1,misty,26.78,30.0,70.0,24.0,138
fall,2011,7,11,0,5,1,misty,26.78,31.0,74.0,17.0,165
fall,2011,7,12,0,5,1,misty,27.72,32.0,70.0,19.0,213
fall,2011,7,13,0,5,1,misty,28.66,34.0,66.0,19.0,229
fall,2011,7,14,0,5,1,misty,29.6,36.0,63.0,24.0,216
fall,2011,7,15,0,5,1,misty,29.6,36.0,63.0,24.0,141
fall,2011,7,16,0,5,1,rain,23.96,26.0,83.0,30.0,132
fall,2011,7,17,0,5,1,rain,23.02,23.0,89.0,30.0,167
fall,2011,7,18,0,5,1,clear,23.02,24.0,83.0,6.0,316
fall,2011,7,19,0,5,1,clear,23.02,24.0,83.0,6.0,270
fall,2011,7,20,0,5,1,clear,23.02,24.0,83.0,11.0,250
fall,2011,7,21,0,5,1,misty,23.02,24.0,83.0,17.0,204
fall,2011,7,22,0,5,1,misty,23.02,24.0,78.0,13.0,169
fall,2011,7,23,0,5,1,misty,23.02,24.0,78.0,6.0,151
fall,2011,7,0,0,6,0,misty,23.02,24.0,83.0,9.0,121
fall,2011,7,1,0,6,0,misty,22.08,22.0,89.0,7.0,53
fall,2011,7,2,0,6,0,clear,22.08,22.0,89.0,11.0,55
fall,2011,7,3,0,6,0,clear,22.08,22.0,89.0,9.0,30
fall,2011,7,4,0,6,0,clear,22.08,22.0,83.0,15.0,6
fall,2011,7,5,0,6,0,misty,21.14,21.0,88.0,11.0,15
fall,2011,7,6,0,6,0,misty,22.08,22.0,83.0,13.0,38
fall,2011,7,7,0,6,0,clear,23.02,24.0,78.0,13.0,71
fall,2011,7,8,0,6,0,clear,24.9,27.0,70.0,17.0,182
fall,2011,7,9,0,6,0,clear,26.78,29.0,58.0,19.0,247
fall,2011,7,10,0,6,0,clear,27.72,30.0,52.0,11.0,264
fall,2011,7,11,0,6,0,clear,28.66,30.0,46.0,20.0,290
fall,2011,7,12,0,6,0,clear,29.6,32.0,46.0,17.0,366
fall,2011,7,13,0,6,0,clear,30.54,33.0,41.0,15.0,416
fall,2011,7,14,0,6,0,clear,31.48,33.0,36.0,9.0,373
fall,2011,7,15,0,6,0,clear,31.48,32.0,34.0,6.0,402
fall,2011,7,16,0,6,0,clear,30.54,32.0,38.0,0.0,416
fall,2011,7,17,0,6,0,clear,31.48,32.0,32.0,0.0,401
fall,2011,7,18,0,6,0,clear,30.54,32.0,36.0,7.0,378
fall,2011,7,19,0,6,0,clear,27.72,30.0,55.0,11.0,306
fall,2011,7,20,0,6,0,clear,27.72,31.0,58.0,15.0,314
fall,2011,7,21,0,6,0,clear,26.78,29.0,58.0,11.0,238
fall,2011,7,22,0,6,0,clear,25.84,29.0,62.0,11.0,214
fall,2011,7,23,0,6,0,clear,25.84,28.0,58.0,13.0,140
fall,2011,7,0,0,0,0,clear,24.9,27.0,61.0,11.0,154
fall,2011,7,1,0,0,0,clear,24.9,27.0,61.0,9.0,113
fall,2011,7,2,0,0,0,clear,23.96,26.0,69.0,6.0,96
fall,2011,7,3,0,0,0,clear,23.02,25.0,74.0,6.0,25
fall,2011,7,4,0,0,0,clear,23.02,25.0,69.0,6.0,5
fall,2011,7,5,0,0,0,clear,23.02,25.0,74.0,0.0,17
fall,2011,7,6,0,0,0,clear,22.08,23.0,78.0,6.0,25
fall,2011,7,7,0,0,0,clear,24.9,27.0,70.0,6.0,65
fall,2011,7,8,0,0,0,clear,25.84,29.0,66.0,0.0,92
fall,2011,7,9,0,0,0,clear,26.78,30.0,66.0,6.0,169
fall,2011,7,10,0,0,0,clear,27.72,30.0,55.0,9.0,268
fall,2011,7,11,0,0,0,clear,28.66,32.0,55.0,13.0,287
fall,2011,7,12,0,0,0,clear,30.54,34.0,46.0,19.0,377
fall,2011,7,13,0,0,0,clear,29.6,32.0,46.0,20.0,367
fall,2011,7,14,0,0,0,clear,30.54,33.0,41.0,22.0,349
fall,2011,7,15,0,0,0,clear,31.48,33.0,39.0,19.0,361
fall,2011,7,16,0,0,0,clear,31.48,34.0,41.0,19.0,372
fall,2011,7,17,0,0,0,clear,31.48,33.0,36.0,15.0,363
fall,2011,7,18,0,0,0,clear,30.54,33.0,43.0,19.0,363
fall,2011,7,19,0,0,0,clear,29.6,33.0,49.0,22.0,303
fall,2011,7,20,0,0,0,clear,27.72,30.0,55.0,13.0,268
fall,2011,7,21,0,0,0,clear,26.78,29.0,62.0,17.0,227
fall,2011,7,22,0,0,0,clear,26.78,30.0,66.0,15.0,143
fall,2011,7,23,0,0,0,clear,25.84,29.0,66.0,17.0,72
fall,2011,7,0,0,1,1,clear,24.9,27.0,65.0,13.0,35
fall,2011,7,1,0,1,1,clear,24.9,27.0,61.0,19.0,10
fall,2011,7,2,0,1,1,clear,24.9,27.0,61.0,15.0,12
fall,2011,7,3,0,1,1,clear,23.96,26.0,65.0,11.0,10
fall,2011,7,4,0,1,1,clear,23.02,25.0,74.0,15.0,4
fall,2011,7,5,0,1,1,clear,23.02,25.0,74.0,9.0,26
fall,2011,7,6,0,1,1,clear,23.96,26.0,74.0,13.0,121
fall,2011,7,7,0,1,1,clear,24.9,28.0,74.0,17.0,317
fall,2011,7,8,0,1,1,clear,26.78,30.0,66.0,19.0,420
fall,2011,7,9,0,1,1,clear,28.66,33.0,59.0,20.0,208
fall,2011,7,10,0,1,1,clear,29.6,34.0,55.0,24.0,117
fall,2011,7,11,0,1,1,clear,30.54,36.0,56.0,20.0,128
fall,2011,7,12,0,1,1,clear,31.48,37.0,53.0,19.0,148
fall,2011,7,13,0,1,1,clear,32.42,38.0,50.0,17.0,141
fall,2011,7,14,0,1,1,clear,32.42,39.0,53.0,19.0,134
fall,2011,7,15,0,1,1,clear,32.42,40.0,56.0,28.0,146
fall,2011,7,16,0,1,1,clear,32.42,40.0,56.0,26.0,239
fall,2011,7,17,0,1,1,clear,32.42,40.0,56.0,28.0,514
fall,2011,7,18,0,1,1,clear,32.42,39.0,53.0,26.0,472
fall,2011,7,19,0,1,1,clear,31.48,39.0,59.0,22.0,373
fall,2011,7,20,0,1,1,clear,25.84,30.0,74.0,28.0,236
fall,2011,7,21,0,1,1,clear,24.9,28.0,79.0,28.0,130
fall,2011,7,22,0,1,1,clear,25.84,30.0,74.0,9.0,90
fall,2011,7,23,0,1,1,clear,24.9,28.0,79.0,9.0,55
fall,2011,7,0,0,2,1,clear,24.9,28.0,79.0,9.0,22
fall,2011,7,1,0,2,1,clear,24.9,28.0,79.0,6.0,14
fall,2011,7,2,0,2,1,clear,24.9,28.0,79.0,7.0,9
fall,2011,7,3,0,2,1,misty,24.9,28.0,79.0,0.0,8
fall,2011,7,4,0,2,1,clear,24.9,28.0,79.0,11.0,6
fall,2011,7,5,0,2,1,clear,24.9,28.0,79.0,6.0,25
fall,2011,7,6,0,2,1,clear,26.78,29.0,58.0,15.0,115
fall,2011,7,7,0,2,1,clear,27.72,30.0,55.0,13.0,330
fall,2011,7,8,0,2,1,clear,27.72,31.0,58.0,15.0,417
fall,2011,7,9,0,2,1,clear,28.66,32.0,55.0,33.0,176
fall,2011,7,10,0,2,1,clear,30.54,35.0,52.0,11.0,123
fall,2011,7,11,0,2,1,clear,30.54,35.0,52.0,11.0,125
fall,2011,7,12,0,2,1,clear,32.42,36.0,44.0,20.0,163
fall,2011,7,13,0,2,1,clear,32.42,37.0,47.0,15.0,136
fall,2011,7,14,0,2,1,clear,34.3,40.0,42.0,20.0,124
fall,2011,7,15,0,2,1,clear,34.3,40.0,42.0,24.0,148
fall,2011,7,16,0,2,1,clear,32.42,36.0,44.0,19.0,202
fall,2011,7,17,0,2,1,clear,33.36,38.0,44.0,19.0,428
fall,2011,7,18,0,2,1,clear,32.42,37.0,47.0,20.0,511
fall,2011,7,19,0,2,1,clear,31.48,34.0,44.0,19.0,337
fall,2011,7,20,0,2,1,clear,30.54,33.0,43.0,13.0,308
fall,2011,7,21,0,2,1,clear,30.54,33.0,43.0,7.0,258
fall,2011,7,22,0,2,1,clear,29.6,32.0,46.0,9.0,194
fall,2011,7,23,0,2,1,clear,28.66,31.0,52.0,0.0,79
fall,2011,7,0,0,3,1,clear,27.72,31.0,62.0,0.0,46
fall,2011,7,1,0,3,1,clear,27.72,30.0,55.0,0.0,12
fall,2011,7,2,0,3,1,clear,27.72,30.0,55.0,0.0,5
fall,2011,7,3,0,3,1,clear,26.78,29.0,58.0,13.0,4
fall,2011,7,4,0,3,1,clear,26.78,29.0,58.0,17.0,5
fall,2011,7,5,0,3,1,clear,26.78,29.0,58.0,13.0,26
fall,2011,7,6,0,3,1,clear,26.78,29.0,58.0,11.0,121
fall,2011,7,7,0,3,1,clear,27.72,30.0,55.0,17.0,313
fall,2011,7,8,0,3,1,clear,29.6,33.0,49.0,17.0,449
fall,2011,7,9,0,3,1,clear,30.54,33.0,41.0,13.0,186
fall,2011,7,10,0,3,1,clear,30.54,34.0,46.0,13.0,113
fall,2011,7,11,0,3,1,clear,31.48,33.0,39.0,11.0,165
fall,2011,7,12,0,3,1,clear,31.48,34.0,41.0,19.0,174
fall,2011,7,13,0,3,1,rain,30.54,34.0,46.0,9.0,158
fall,2011,7,14,0,3,1,rain,30.54,34.0,46.0,9.0,116
fall,2011,7,15,0,3,1,rain,22.08,21.0,94.0,9.0,46
fall,2011,7,16,0,3,1,misty,23.02,23.0,89.0,0.0,141
fall,2011,7,17,0,3,1,clear,24.9,28.0,79.0,0.0,488
fall,2011,7,18,0,3,1,clear,25.84,30.0,79.0,9.0,463
fall,2011,7,19,0,3,1,clear,24.9,28.0,79.0,7.0,419
fall,2011,7,20,0,3,1,clear,24.9,28.0,84.0,11.0,342
fall,2011,7,21,0,3,1,clear,24.9,28.0,79.0,7.0,250
fall,2011,7,22,0,3,1,clear,23.96,26.0,83.0,13.0,184
fall,2011,7,23,0,3,1,clear,23.02,24.0,83.0,17.0,116
fall,2011,7,0,0,4,1,clear,23.02,25.0,69.0,20.0,46
fall,2011,7,1,0,4,1,clear,23.02,25.0,61.0,17.0,25
fall,2011,7,2,0,4,1,clear,22.08,25.0,57.0,20.0,10
fall,2011,7,3,0,4,1,clear,21.14,25.0,57.0,20.0,6
fall,2011,7,4,0,4,1,clear,21.14,25.0,53.0,17.0,6
fall,2011,7,5,0,4,1,clear,20.2,25.0,56.0,15.0,28
fall,2011,7,6,0,4,1,clear,20.2,24.0,60.0,15.0,130
fall,2011,7,7,0,4,1,clear,21.14,25.0,53.0,17.0,334
fall,2011,7,8,0,4,1,clear,22.08,25.0,50.0,24.0,486
fall,2011,7,9,0,4,1,clear,23.96,26.0,47.0,19.0,224
fall,2011,7,10,0,4,1,clear,24.9,26.0,42.0,17.0,127
fall,2011,7,11,0,4,1,clear,25.84,27.0,37.0,15.0,148
fall,2011,7,12,0,4,1,clear,26.78,27.0,35.0,17.0,223
fall,2011,7,13,0,4,1,clear,27.72,28.0,33.0,22.0,177
fall,2011,7,14,0,4,1,clear,26.78,27.0,35.0,19.0,178
fall,2011,7,15,0,4,1,clear,27.72,28.0,33.0,20.0,180
fall,2011,7,16,0,4,1,clear,27.72,28.0,33.0,9.0,274
fall,2011,7,17,0,4,1,clear,26.78,27.0,37.0,9.0,595
fall,2011,7,18,0,4,1,clear,25.84,27.0,42.0,13.0,578
fall,2011,7,19,0,4,1,clear,25.84,27.0,39.0,15.0,400
fall,2011,7,20,0,4,1,clear,24.9,26.0,42.0,15.0,348
fall,2011,7,21,0,4,1,clear,23.02,25.0,50.0,9.0,261
fall,2011,7,22,0,4,1,clear,22.08,25.0,57.0,6.0,176
fall,2011,7,23,0,4,1,clear,22.08,24.0,65.0,17.0,124
fall,2011,7,0,0,5,1,clear,21.14,23.0,73.0,15.0,80
fall,2011,7,1,0,5,1,clear,21.14,23.0,73.0,13.0,20
fall,2011,7,2,0,5,1,clear,20.2,22.0,78.0,11.0,38
fall,2011,7,3,0,5,1,clear,20.2,23.0,73.0,13.0,7
fall,2011,7,4,0,5,1,clear,20.2,23.0,73.0,11.0,10
fall,2011,7,5,0,5,1,clear,20.2,23.0,73.0,9.0,23
fall,2011,7,6,0,5,1,misty,20.2,23.0,73.0,7.0,120
fall,2011,7,7,0,5,1,clear,22.08,24.0,65.0,7.0,274
fall,2011,7,8,0,5,1,clear,22.08,24.0,65.0,17.0,564
fall,2011,7,9,0,5,1,clear,23.96,26.0,54.0,13.0,207
fall,2011,7,10,0,5,1,misty,23.02,25.0,61.0,11.0,166
fall,2011,7,11,0,5,1,clear,24.9,27.0,54.0,9.0,210
fall,2011,7,12,0,5,1,clear,24.9,27.0,48.0,13.0,238
fall,2011,7,13,0,5,1,clear,24.9,27.0,54.0,13.0,247
fall,2011,7,14,0,5,1,clear,24.9,27.0,51.0,13.0,265
fall,2011,7,15,0,5,1,clear,25.84,27.0,45.0,11.0,237
fall,2011,7,16,0,5,1,clear,25.84,28.0,51.0,13.0,361
fall,2011,7,17,0,5,1,clear,26.78,28.0,42.0,17.0,587
fall,2011,7,18,0,5,1,clear,25.84,27.0,45.0,15.0,496
fall,2011,7,19,0,5,1,clear,24.9,26.0,45.0,15.0,394
fall,2011,7,20,0,5,1,clear,24.9,27.0,51.0,15.0,343
fall,2011,7,21,0,5,1,clear,23.02,25.0,54.0,7.0,261
fall,2011,7,22,0,5,1,clear,23.02,25.0,57.0,15.0,223
fall,2011,7,23,0,5,1,clear,22.08,25.0,61.0,11.0,167
fall,2011,7,0,0,6,0,clear,21.14,24.0,65.0,13.0,110
fall,2011,7,1,0,6,0,clear,20.2,23.0,69.0,7.0,75
fall,2011,7,2,0,6,0,clear,20.2,23.0,73.0,9.0,58
fall,2011,7,3,0,6,0,clear,20.2,22.0,78.0,9.0,26
fall,2011,7,4,0,6,0,clear,20.2,23.0,73.0,6.0,16
fall,2011,7,5,0,6,0,clear,19.26,20.0,78.0,6.0,10
fall,2011,7,6,0,6,0,clear,20.2,22.0,78.0,11.0,37
fall,2011,7,7,0,6,0,clear,21.14,23.0,73.0,9.0,52
fall,2011,7,8,0,6,0,clear,23.02,25.0,65.0,11.0,127
fall,2011,7,9,0,6,0,clear,24.9,27.0,54.0,15.0,222
fall,2011,7,10,0,6,0,clear,25.84,28.0,54.0,13.0,322
fall,2011,7,11,0,6,0,clear,26.78,28.0,48.0,15.0,396
fall,2011,7,12,0,6,0,clear,27.72,29.0,43.0,19.0,463
fall,2011,7,13,0,6,0,clear,27.72,29.0,45.0,20.0,497
fall,2011,7,14,0,6,0,clear,26.78,28.0,45.0,20.0,433
fall,2011,7,15,0,6,0,clear,27.72,29.0,45.0,22.0,428
fall,2011,7,16,0,6,0,clear,27.72,29.0,45.0,19.0,425
fall,2011,7,17,0,6,0,clear,27.72,29.0,45.0,15.0,475
fall,2011,7,18,0,6,0,clear,27.72,29.0,45.0,19.0,428
fall,2011,7,19,0,6,0,clear,26.78,29.0,48.0,13.0,406
fall,2011,7,20,0,6,0,clear,25.84,28.0,51.0,15.0,296
fall,2011,7,21,0,6,0,clear,24.9,27.0,58.0,15.0,252
fall,2011,7,22,0,6,0,clear,24.9,27.0,65.0,19.0,201
fall,2011,7,23,0,6,0,clear,23.96,26.0,61.0,15.0,168
fall,2011,7,0,0,0,0,clear,23.02,25.0,65.0,15.0,125
fall,2011,7,1,0,0,0,clear,22.08,24.0,69.0,13.0,102
fall,2011,7,2,0,0,0,clear,22.08,24.0,69.0,15.0,94
fall,2011,7,3,0,0,0,clear,22.08,24.0,69.0,15.0,47
fall,2011,7,4,0,0,0,clear,21.14,23.0,73.0,11.0,10
fall,2011,7,5,0,0,0,clear,22.08,24.0,69.0,15.0,12
fall,2011,7,6,0,0,0,clear,21.14,23.0,73.0,11.0,21
fall,2011,7,7,0,0,0,clear,22.08,24.0,73.0,11.0,50
fall,2011,7,8,0,0,0,clear,23.96,26.0,65.0,15.0,118
fall,2011,7,9,0,0,0,clear,25.84,28.0,58.0,15.0,184
fall,2011,7,10,0,0,0,clear,26.78,29.0,60.0,15.0,304
fall,2011,7,11,0,0,0,clear,27.72,30.0,55.0,19.0,391
fall,2011,7,12,0,0,0,clear,27.72,30.0,55.0,19.0,420
fall,2011,7,13,0,0,0,clear,29.6,33.0,49.0,20.0,472
fall,2011,7,14,0,0,0,clear,29.6,33.0,49.0,24.0,430
fall,2011,7,15,0,0,0,clear,30.54,33.0,43.0,20.0,324
fall,2011,7,16,0,0,0,clear,29.6,32.0,46.0,20.0,317
fall,2011,7,17,0,0,0,clear,29.6,33.0,49.0,26.0,369
fall,2011,7,18,0,0,0,clear,29.6,32.0,46.0,20.0,390
fall,2011,7,19,0,0,0,clear,27.72,30.0,55.0,19.0,379
fall,2011,7,20,0,0,0,clear,27.72,31.0,58.0,17.0,262
fall,2011,7,21,0,0,0,clear,26.78,29.0,62.0,15.0,207
fall,2011,7,22,0,0,0,clear,25.84,29.0,66.0,15.0,181
fall,2011,7,23,0,0,0,clear,24.9,28.0,74.0,9.0,93
fall,2011,7,0,0,1,1,clear,24.9,28.0,74.0,9.0,51
fall,2011,7,1,0,1,1,clear,24.9,28.0,74.0,15.0,25
fall,2011,7,2,0,1,1,clear,23.02,24.0,83.0,15.0,10
fall,2011,7,3,0,1,1,clear,23.02,24.0,78.0,13.0,7
fall,2011,7,4,0,1,1,clear,22.08,23.0,78.0,11.0,4
fall,2011,7,5,0,1,1,clear,22.08,23.0,78.0,7.0,17
fall,2011,7,6,0,1,1,clear,22.08,22.0,83.0,7.0,105
fall,2011,7,7,0,1,1,clear,23.96,26.0,74.0,15.0,277
fall,2011,7,8,0,1,1,clear,24.9,27.0,70.0,13.0,347
fall,2011,7,9,0,1,1,clear,26.78,30.0,67.0,15.0,203
fall,2011,7,10,0,1,1,clear,27.72,31.0,62.0,13.0,130
fall,2011,7,11,0,1,1,clear,29.6,34.0,55.0,6.0,141
fall,2011,7,12,0,1,1,clear,29.6,35.0,59.0,13.0,165
fall,2011,7,13,0,1,1,clear,30.54,36.0,56.0,17.0,152
fall,2011,7,14,0,1,1,clear,30.54,36.0,56.0,22.0,138
fall,2011,7,15,0,1,1,clear,31.48,37.0,53.0,22.0,164
fall,2011,7,16,0,1,1,clear,31.48,37.0,53.0,19.0,265
fall,2011,7,17,0,1,1,clear,31.48,36.0,49.0,22.0,545
fall,2011,7,18,0,1,1,clear,30.54,35.0,49.0,24.0,558
fall,2011,7,19,0,1,1,clear,29.6,34.0,55.0,15.0,398
fall,2011,7,20,0,1,1,clear,28.66,33.0,59.0,15.0,323
fall,2011,7,21,0,1,1,clear,26.78,30.0,66.0,13.0,202
fall,2011,7,22,0,1,1,clear,27.72,32.0,66.0,15.0,140
fall,2011,7,23,0,1,1,clear,26.78,30.0,66.0,11.0,91
fall,2011,7,0,0,2,1,clear,26.78,30.0,66.0,7.0,51
fall,2011,7,1,0,2,1,misty,26.78,30.0,66.0,9.0,13
fall,2011,7,2,0,2,1,clear,25.84,29.0,70.0,11.0,13
fall,2011,7,3,0,2,1,clear,25.84,29.0,70.0,11.0,3
fall,2011,7,4,0,2,1,clear,25.84,29.0,70.0,9.0,5
fall,2011,7,5,0,2,1,misty,24.9,28.0,74.0,7.0,19
fall,2011,7,6,0,2,1,misty,25.84,30.0,74.0,7.0,134
fall,2011,7,7,0,2,1,misty,26.78,30.0,70.0,11.0,315
fall,2011,7,8,0,2,1,misty,27.72,32.0,70.0,11.0,412
fall,2011,7,9,0,2,1,misty,29.6,36.0,63.0,9.0,199
fall,2011,7,10,0,2,1,misty,30.54,36.0,56.0,11.0,141
fall,2011,7,11,0,2,1,clear,30.54,37.0,59.0,0.0,127
fall,2011,7,12,0,2,1,clear,31.48,38.0,56.0,6.0,153
fall,2011,7,13,0,2,1,clear,32.42,39.0,53.0,7.0,172
fall,2011,7,14,0,2,1,clear,32.42,38.0,50.0,13.0,152
fall,2011,7,15,0,2,1,clear,33.36,38.0,44.0,13.0,158
fall,2011,7,16,0,2,1,clear,34.3,40.0,42.0,20.0,277
fall,2011,7,17,0,2,1,clear,29.6,37.0,66.0,0.0,513
fall,2011,7,18,0,2,1,clear,29.6,37.0,66.0,9.0,530
fall,2011,7,19,0,2,1,clear,27.72,33.0,75.0,13.0,388
fall,2011,7,20,0,2,1,clear,26.78,32.0,74.0,6.0,277
fall,2011,7,21,0,2,1,clear,26.78,31.0,74.0,9.0,241
fall,2011,7,22,0,2,1,clear,26.78,31.0,74.0,0.0,156
fall,2011,7,23,0,2,1,rain,25.84,30.0,79.0,11.0,92
fall,2011,7,0,0,3,1,clear,24.9,28.0,84.0,7.0,40
fall,2011,7,1,0,3,1,clear,24.9,28.0,84.0,0.0,11
fall,2011,7,2,0,3,1,clear,24.9,28.0,84.0,0.0,9
fall,2011,7,3,0,3,1,clear,24.9,28.0,84.0,7.0,6
fall,2011,7,4,0,3,1,clear,23.96,26.0,83.0,0.0,4
fall,2011,7,5,0,3,1,clear,23.96,26.0,83.0,7.0,23
fall,2011,7,6,0,3,1,misty,23.96,26.0,89.0,7.0,116
fall,2011,7,7,0,3,1,misty,24.9,28.0,84.0,7.0,303
fall,2011,7,8,0,3,1,clear,26.78,31.0,74.0,0.0,438
fall,2011,7,9,0,3,1,clear,26.78,30.0,70.0,6.0,209
fall,2011,7,10,0,3,1,clear,27.72,32.0,70.0,0.0,110
fall,2011,7,11,0,3,1,clear,29.6,36.0,63.0,6.0,142
fall,2011,7,12,0,3,1,clear,30.54,37.0,59.0,0.0,149
fall,2011,7,13,0,3,1,clear,31.48,38.0,56.0,13.0,120
fall,2011,7,14,0,3,1,clear,32.42,39.0,53.0,15.0,127
fall,2011,7,15,0,3,1,clear,32.42,38.0,50.0,11.0,138
fall,2011,7,16,0,3,1,clear,31.48,38.0,56.0,0.0,234
fall,2011,7,17,0,3,1,clear,31.48,39.0,59.0,13.0,455
fall,2011,7,18,0,3,1,clear,31.48,39.0,59.0,15.0,497
fall,2011,7,19,0,3,1,clear,30.54,40.0,67.0,11.0,382
fall,2011,7,20,0,3,1,clear,29.6,39.0,75.0,15.0,309
fall,2011,7,21,0,3,1,clear,29.6,37.0,66.0,11.0,242
fall,2011,7,22,0,3,1,clear,28.66,35.0,70.0,15.0,169
fall,2011,7,23,0,3,1,clear,27.72,33.0,75.0,17.0,99
fall,2011,7,0,0,4,1,misty,27.72,33.0,75.0,13.0,42
fall,2011,7,1,0,4,1,misty,26.78,32.0,84.0,15.0,21
fall,2011,7,2,0,4,1,misty,26.78,32.0,84.0,15.0,6
fall,2011,7,3,0,4,1,misty,26.78,31.0,79.0,9.0,6
fall,2011,7,4,0,4,1,misty,25.84,31.0,84.0,7.0,4
fall,2011,7,5,0,4,1,misty,25.84,31.0,84.0,7.0,18
fall,2011,7,6,0,4,1,misty,25.84,31.0,84.0,7.0,117
fall,2011,7,7,0,4,1,misty,26.78,32.0,84.0,9.0,274
fall,2011,7,8,0,4,1,misty,27.72,34.0,79.0,11.0,381
fall,2011,7,9,0,4,1,misty,29.6,38.0,75.0,17.0,200
fall,2011,7,10,0,4,1,misty,30.54,41.0,71.0,15.0,78
fall,2011,7,11,0,4,1,misty,32.42,43.0,63.0,20.0,106
fall,2011,7,12,0,4,1,clear,33.36,43.0,56.0,22.0,135
fall,2011,7,13,0,4,1,clear,33.36,43.0,56.0,20.0,102
fall,2011,7,14,0,4,1,clear,34.3,43.0,50.0,24.0,147
fall,2011,7,15,0,4,1,clear,34.3,45.0,53.0,17.0,133
fall,2011,7,16,0,4,1,clear,35.24,45.0,48.0,19.0,210
fall,2011,7,17,0,4,1,clear,35.24,44.0,45.0,20.0,414
fall,2011,7,18,0,4,1,clear,34.3,43.0,50.0,19.0,382
fall,2011,7,19,0,4,1,clear,32.42,45.0,67.0,19.0,284
fall,2011,7,20,0,4,1,clear,31.48,43.0,71.0,15.0,237
fall,2011,7,21,0,4,1,clear,30.54,43.0,75.0,15.0,225
fall,2011,7,22,0,4,1,clear,30.54,41.0,71.0,11.0,149
fall,2011,7,23,0,4,1,clear,29.6,38.0,71.0,11.0,113
fall,2011,7,0,0,5,1,clear,30.54,39.0,63.0,9.0,60
fall,2011,7,1,0,5,1,clear,29.6,36.0,63.0,0.0,24
fall,2011,7,2,0,5,1,clear,28.66,37.0,79.0,9.0,14
fall,2011,7,3,0,5,1,clear,28.66,36.0,75.0,7.0,7
fall,2011,7,4,0,5,1,clear,27.72,33.0,75.0,7.0,13
fall,2011,7,5,0,5,1,clear,26.78,31.0,79.0,7.0,19
fall,2011,7,6,0,5,1,clear,27.72,33.0,75.0,6.0,96
fall,2011,7,7,0,5,1,misty,29.6,37.0,66.0,7.0,252
fall,2011,7,8,0,5,1,misty,31.48,40.0,63.0,11.0,322
fall,2011,7,9,0,5,1,clear,32.42,43.0,63.0,6.0,208
fall,2011,7,10,0,5,1,clear,34.3,45.0,53.0,6.0,115
fall,2011,7,11,0,5,1,clear,34.3,43.0,50.0,7.0,109
fall,2011,7,12,0,5,1,clear,36.18,47.0,48.0,11.0,115
fall,2011,7,13,0,5,1,clear,36.18,49.0,51.0,11.0,123
fall,2011,7,14,0,5,1,clear,37.12,50.0,48.0,20.0,101
fall,2011,7,15,0,5,1,clear,36.18,49.0,51.0,20.0,133
fall,2011,7,16,0,5,1,rain,34.3,39.0,39.0,20.0,182
fall,2011,7,17,0,5,1,clear,33.36,40.0,47.0,7.0,306
fall,2011,7,18,0,5,1,clear,34.3,38.0,37.0,11.0,284
fall,2011,7,19,0,5,1,misty,32.42,36.0,41.0,7.0,250
fall,2011,7,20,0,5,1,clear,31.48,38.0,56.0,0.0,212
fall,2011,7,21,0,5,1,clear,30.54,37.0,59.0,6.0,190
fall,2011,7,22,0,5,1,misty,31.48,36.0,49.0,6.0,149
fall,2011,7,23,0,5,1,clear,29.6,36.0,63.0,13.0,103
fall,2011,7,0,0,6,0,clear,30.54,36.0,56.0,0.0,101
fall,2011,7,1,0,6,0,clear,30.54,35.0,52.0,7.0,70
fall,2011,7,2,0,6,0,clear,30.54,35.0,52.0,0.0,61
fall,2011,7,3,0,6,0,clear,28.66,34.0,66.0,6.0,22
fall,2011,7,4,0,6,0,clear,27.72,32.0,66.0,7.0,9
fall,2011,7,5,0,6,0,clear,27.72,31.0,62.0,9.0,7
fall,2011,7,6,0,6,0,clear,29.6,33.0,52.0,9.0,25
fall,2011,7,7,0,6,0,clear,29.6,33.0,52.0,7.0,45
fall,2011,7,8,0,6,0,clear,31.48,36.0,49.0,17.0,109
fall,2011,7,9,0,6,0,clear,31.48,36.0,49.0,11.0,132
fall,2011,7,10,0,6,0,clear,32.42,36.0,41.0,15.0,198
fall,2011,7,11,0,6,0,clear,34.3,38.0,37.0,13.0,216
fall,2011,7,12,0,6,0,clear,35.24,41.0,37.0,7.0,235
fall,2011,7,13,0,6,0,clear,36.18,42.0,38.0,11.0,245
fall,2011,7,14,0,6,0,clear,35.24,43.0,42.0,0.0,236
fall,2011,7,15,0,6,0,clear,36.18,42.0,38.0,0.0,215
fall,2011,7,16,0,6,0,clear,36.18,42.0,38.0,9.0,221
fall,2011,7,17,0,6,0,clear,36.18,42.0,38.0,9.0,197
fall,2011,7,18,0,6,0,clear,35.24,42.0,40.0,15.0,196
fall,2011,7,19,0,6,0,misty,30.54,37.0,59.0,9.0,217
fall,2011,7,20,0,6,0,clear,30.54,37.0,59.0,15.0,145
fall,2011,7,21,0,6,0,clear,30.54,37.0,59.0,15.0,154
fall,2011,7,22,0,6,0,clear,29.6,35.0,59.0,13.0,125
fall,2011,7,23,0,6,0,clear,29.6,35.0,59.0,7.0,104
fall,2011,7,0,0,0,0,clear,29.6,35.0,59.0,7.0,119
fall,2011,7,1,0,0,0,clear,28.66,34.0,66.0,7.0,96
fall,2011,7,2,0,0,0,clear,29.6,36.0,63.0,6.0,60
fall,2011,7,3,0,0,0,clear,29.6,36.0,63.0,6.0,37
fall,2011,7,4,0,0,0,clear,28.66,34.0,66.0,7.0,6
fall,2011,7,5,0,0,0,clear,28.66,34.0,66.0,6.0,8
fall,2011,7,6,0,0,0,misty,29.6,36.0,63.0,6.0,22
fall,2011,7,7,0,0,0,clear,29.6,35.0,59.0,9.0,35
fall,2011,7,8,0,0,0,clear,30.54,36.0,56.0,19.0,104
fall,2011,7,9,0,0,0,clear,30.54,36.0,56.0,26.0,154
fall,2011,7,10,0,0,0,clear,32.42,38.0,50.0,22.0,226
fall,2011,7,11,0,0,0,clear,31.48,37.0,53.0,17.0,243
fall,2011,7,12,0,0,0,clear,34.3,41.0,45.0,11.0,246
fall,2011,7,13,0,0,0,clear,32.42,37.0,47.0,15.0,252
fall,2011,7,14,0,0,0,clear,32.42,38.0,50.0,19.0,283
fall,2011,7,15,0,0,0,clear,34.3,40.0,42.0,17.0,238
fall,2011,7,16,0,0,0,clear,34.3,40.0,42.0,17.0,249
fall,2011,7,17,0,0,0,clear,34.3,39.0,39.0,7.0,249
fall,2011,7,18,0,0,0,clear,33.36,38.0,42.0,11.0,243
fall,2011,7,19,0,0,0,clear,32.42,37.0,47.0,11.0,240
fall,2011,7,20,0,0,0,clear,31.48,36.0,49.0,11.0,195
fall,2011,7,21,0,0,0,clear,29.6,36.0,63.0,9.0,153
fall,2011,7,22,0,0,0,clear,28.66,34.0,66.0,0.0,98
fall,2011,7,23,0,0,0,misty,27.72,32.0,70.0,6.0,50
fall,2011,7,0,0,1,1,misty,27.72,32.0,70.0,0.0,34
fall,2011,7,1,0,1,1,misty,27.72,33.0,75.0,6.0,12
fall,2011,7,2,0,1,1,misty,26.78,31.0,79.0,6.0,6
fall,2011,7,3,0,1,1,clear,26.78,31.0,79.0,0.0,4
fall,2011,7,4,0,1,1,clear,25.84,31.0,84.0,6.0,6
fall,2011,7,5,0,1,1,clear,25.84,31.0,84.0,6.0,24
fall,2011,7,6,0,1,1,misty,25.84,31.0,84.0,6.0,107
fall,2011,7,7,0,1,1,misty,26.78,31.0,79.0,0.0,277
fall,2011,7,8,0,1,1,misty,27.72,33.0,75.0,0.0,387
fall,2011,7,9,0,1,1,clear,29.6,37.0,66.0,0.0,135
fall,2011,7,10,0,1,1,clear,30.54,37.0,59.0,0.0,84
fall,2011,7,11,0,1,1,misty,31.48,39.0,59.0,13.0,107
fall,2011,7,12,0,1,1,misty,31.48,39.0,59.0,13.0,67
fall,2011,7,13,0,1,1,misty,26.78,31.0,74.0,9.0,78
fall,2011,7,14,0,1,1,misty,25.84,30.0,79.0,13.0,90
fall,2011,7,15,0,1,1,clear,24.9,28.0,84.0,26.0,112
fall,2011,7,16,0,1,1,clear,24.9,28.0,84.0,15.0,198
fall,2011,7,17,0,1,1,clear,25.84,30.0,74.0,0.0,485
fall,2011,7,18,0,1,1,clear,26.78,31.0,74.0,6.0,533
fall,2011,7,19,0,1,1,clear,26.78,30.0,70.0,6.0,386
fall,2011,7,20,0,1,1,clear,25.84,30.0,74.0,9.0,302
fall,2011,7,21,0,1,1,clear,24.9,28.0,84.0,0.0,194
fall,2011,7,22,0,1,1,clear,24.9,28.0,84.0,0.0,125
fall,2011,7,23,0,1,1,clear,24.9,28.0,84.0,6.0,87
fall,2011,7,0,0,2,1,clear,24.9,28.0,79.0,7.0,28
fall,2011,7,1,0,2,1,clear,24.9,28.0,79.0,7.0,12
fall,2011,7,2,0,2,1,clear,23.96,26.0,89.0,7.0,7
fall,2011,7,3,0,2,1,clear,23.96,26.0,89.0,9.0,4
fall,2011,7,4,0,2,1,clear,23.96,26.0,88.0,11.0,6
fall,2011,7,5,0,2,1,clear,23.02,23.0,89.0,6.0,27
fall,2011,7,6,0,2,1,clear,23.96,26.0,83.0,15.0,110
fall,2011,7,7,0,2,1,clear,25.84,29.0,66.0,19.0,318
fall,2011,7,8,0,2,1,clear,26.78,29.0,55.0,13.0,424
fall,2011,7,9,0,2,1,clear,27.72,29.0,40.0,15.0,187
fall,2011,7,10,0,2,1,clear,29.6,30.0,31.0,15.0,138
fall,2011,7,11,0,2,1,clear,30.54,31.0,30.0,0.0,151
fall,2011,7,12,0,2,1,clear,31.48,32.0,28.0,0.0,147
fall,2011,7,13,0,2,1,clear,31.48,32.0,32.0,20.0,182
fall,2011,7,14,0,2,1,clear,32.42,33.0,30.0,19.0,147
fall,2011,7,15,0,2,1,clear,33.36,34.0,28.0,22.0,163
fall,2011,7,16,0,2,1,clear,32.42,34.0,36.0,19.0,254
fall,2011,7,17,0,2,1,clear,32.42,34.0,36.0,24.0,537
fall,2011,7,18,0,2,1,clear,31.48,33.0,39.0,26.0,546
fall,2011,7,19,0,2,1,clear,30.54,33.0,43.0,20.0,398
fall,2011,7,20,0,2,1,clear,29.6,32.0,46.0,17.0,290
fall,2011,7,21,0,2,1,clear,28.66,31.0,49.0,15.0,267
fall,2011,7,22,0,2,1,clear,27.72,30.0,55.0,9.0,158
fall,2011,7,23,0,2,1,clear,27.72,31.0,58.0,7.0,89
fall,2011,7,0,0,3,1,misty,28.66,31.0,52.0,11.0,45
fall,2011,7,1,0,3,1,clear,28.66,31.0,49.0,13.0,10
fall,2011,7,2,0,3,1,clear,27.72,30.0,52.0,20.0,6
fall,2011,7,3,0,3,1,clear,25.84,28.0,58.0,11.0,4
fall,2011,7,4,0,3,1,clear,25.84,28.0,51.0,13.0,4
fall,2011,7,5,0,3,1,clear,24.9,27.0,54.0,19.0,18
fall,2011,7,6,0,3,1,clear,24.9,27.0,54.0,15.0,123
fall,2011,7,7,0,3,1,clear,25.84,28.0,48.0,17.0,347
fall,2011,7,8,0,3,1,clear,26.78,28.0,42.0,17.0,433
fall,2011,7,9,0,3,1,clear,27.72,28.0,35.0,17.0,216
fall,2011,7,10,0,3,1,clear,28.66,29.0,33.0,0.0,114
fall,2011,7,11,0,3,1,clear,29.6,30.0,31.0,0.0,136
fall,2011,7,12,0,3,1,clear,30.54,31.0,30.0,19.0,169
fall,2011,7,13,0,3,1,clear,31.48,32.0,30.0,24.0,180
fall,2011,7,14,0,3,1,clear,31.48,32.0,28.0,15.0,127
fall,2011,7,15,0,3,1,clear,32.42,33.0,26.0,17.0,140
fall,2011,7,16,0,3,1,clear,32.42,32.0,25.0,11.0,268
fall,2011,7,17,0,3,1,clear,31.48,31.0,26.0,15.0,572
fall,2011,7,18,0,3,1,clear,30.54,31.0,28.0,7.0,541
fall,2011,7,19,0,3,1,clear,29.6,30.0,29.0,6.0,375
fall,2011,7,20,0,3,1,clear,27.72,29.0,45.0,15.0,294
fall,2011,7,21,0,3,1,clear,26.78,28.0,48.0,7.0,245
fall,2011,7,22,0,3,1,clear,25.84,28.0,48.0,0.0,180
fall,2011,7,23,0,3,1,clear,26.78,28.0,45.0,6.0,109
fall,2011,7,0,0,4,1,clear,24.9,27.0,51.0,9.0,45
fall,2011,7,1,0,4,1,clear,25.84,28.0,51.0,0.0,29
fall,2011,7,2,0,4,1,clear,25.84,28.0,54.0,7.0,7
fall,2011,7,3,0,4,1,clear,25.84,28.0,54.0,0.0,5
fall,2011,7,4,0,4,1,clear,24.9,27.0,61.0,7.0,6
fall,2011,7,5,0,4,1,clear,24.9,27.0,65.0,7.0,27
fall,2011,7,6,0,4,1,clear,24.9,27.0,70.0,6.0,116
fall,2011,7,7,0,4,1,clear,25.84,29.0,70.0,11.0,305
fall,2011,7,8,0,4,1,clear,26.78,30.0,66.0,11.0,456
fall,2011,7,9,0,4,1,clear,28.66,33.0,59.0,13.0,210
fall,2011,7,10,0,4,1,clear,29.6,34.0,55.0,19.0,116
fall,2011,7,11,0,4,1,clear,31.48,38.0,56.0,19.0,154
fall,2011,7,12,0,4,1,clear,31.48,37.0,53.0,17.0,186
fall,2011,7,13,0,4,1,clear,32.42,37.0,47.0,17.0,152
fall,2011,7,14,0,4,1,misty,31.48,36.0,49.0,17.0,138
fall,2011,7,15,0,4,1,clear,32.42,38.0,50.0,13.0,146
fall,2011,7,16,0,4,1,clear,32.42,37.0,47.0,11.0,256
fall,2011,7,17,0,4,1,clear,31.48,37.0,53.0,13.0,468
fall,2011,7,18,0,4,1,clear,31.48,38.0,56.0,15.0,483
fall,2011,7,19,0,4,1,clear,30.54,37.0,59.0,13.0,322
fall,2011,7,20,0,4,1,clear,29.6,36.0,63.0,13.0,270
fall,2011,7,21,0,4,1,clear,28.66,34.0,66.0,19.0,196
fall,2011,7,22,0,4,1,clear,27.72,32.0,70.0,17.0,174
fall,2011,7,23,0,4,1,clear,27.72,33.0,75.0,13.0,123
fall,2011,7,0,0,5,1,clear,26.78,31.0,79.0,11.0,57
fall,2011,7,1,0,5,1,clear,26.78,31.0,79.0,9.0,34
fall,2011,7,2,0,5,1,clear,26.78,31.0,79.0,0.0,13
fall,2011,7,3,0,5,1,clear,26.78,31.0,79.0,0.0,11
fall,2011,7,4,0,5,1,clear,25.84,31.0,84.0,9.0,6
fall,2011,7,5,0,5,1,clear,25.84,31.0,84.0,0.0,27
fall,2011,7,6,0,5,1,misty,25.84,31.0,84.0,0.0,90
fall,2011,7,7,0,5,1,misty,26.78,31.0,79.0,6.0,254
fall,2011,7,8,0,5,1,misty,27.72,35.0,77.0,0.0,384
fall,2011,7,9,0,5,1,clear,32.42,37.0,47.0,17.0,179
fall,2011,7,10,0,5,1,clear,34.3,40.0,42.0,19.0,106
fall,2011,7,11,0,5,1,clear,35.24,42.0,40.0,20.0,161
fall,2011,7,12,0,5,1,clear,37.12,41.0,31.0,19.0,135
fall,2011,7,13,0,5,1,clear,36.18,39.0,31.0,0.0,156
fall,2011,7,14,0,5,1,clear,37.12,41.0,30.0,15.0,148
fall,2011,7,15,0,5,1,clear,37.12,41.0,30.0,17.0,169
fall,2011,7,16,0,5,1,clear,37.12,41.0,30.0,26.0,233
fall,2011,7,17,0,5,1,clear,37.12,41.0,30.0,20.0,421
fall,2011,7,18,0,5,1,clear,35.24,41.0,37.0,22.0,362
fall,2011,7,19,0,5,1,clear,34.3,40.0,42.0,15.0,241
fall,2011,7,20,0,5,1,clear,32.42,36.0,41.0,22.0,206
fall,2011,7,21,0,5,1,clear,30.54,34.0,46.0,11.0,163
fall,2011,7,22,0,5,1,clear,29.6,33.0,49.0,15.0,174
fall,2011,7,23,0,5,1,clear,28.66,31.0,52.0,7.0,116
fall,2011,7,0,0,6,0,clear,27.72,30.0,55.0,13.0,133
fall,2011,7,1,0,6,0,clear,27.72,30.0,55.0,6.0,90
fall,2011,7,2,0,6,0,clear,27.72,30.0,55.0,7.0,42
fall,2011,7,3,0,6,0,clear,26.78,29.0,62.0,11.0,43
fall,2011,7,4,0,6,0,clear,25.84,29.0,66.0,11.0,10
fall,2011,7,5,0,6,0,clear,25.84,29.0,70.0,19.0,13
fall,2011,7,6,0,6,0,clear,25.84,29.0,70.0,20.0,24
fall,2011,7,7,0,6,0,clear,27.72,32.0,66.0,13.0,42
fall,2011,7,8,0,6,0,clear,28.66,33.0,59.0,15.0,114
fall,2011,7,9,0,6,0,clear,30.54,34.0,46.0,20.0,174
fall,2011,7,10,0,6,0,clear,30.54,33.0,41.0,20.0,261
fall,2011,7,11,0,6,0,clear,31.48,33.0,36.0,13.0,317
fall,2011,7,12,0,6,0,clear,31.48,32.0,32.0,11.0,341
fall,2011,7,13,0,6,0,clear,33.36,34.0,29.0,0.0,308
fall,2011,7,14,0,6,0,clear,34.3,36.0,29.0,0.0,305
fall,2011,7,15,0,6,0,clear,34.3,37.0,31.0,9.0,302
fall,2011,7,16,0,6,0,clear,34.3,36.0,27.0,15.0,302
fall,2011,7,17,0,6,0,clear,34.3,36.0,29.0,7.0,302
fall,2011,7,18,0,6,0,clear,33.36,34.0,28.0,13.0,299
fall,2011,7,19,0,6,0,clear,26.78,27.0,33.0,15.0,256
fall,2011,7,20,0,6,0,clear,30.54,33.0,43.0,9.0,206
fall,2011,7,21,0,6,0,clear,29.6,33.0,49.0,11.0,205
fall,2011,7,22,0,6,0,clear,28.66,31.0,52.0,7.0,209
fall,2011,7,23,0,6,0,clear,27.72,30.0,55.0,6.0,177
fall,2011,7,0,0,0,0,clear,27.72,30.0,55.0,6.0,113
fall,2011,7,1,0,0,0,clear,26.78,29.0,62.0,6.0,79
fall,2011,7,2,0,0,0,clear,26.78,30.0,66.0,6.0,67
fall,2011,7,3,0,0,0,clear,26.78,30.0,66.0,0.0,50
fall,2011,7,4,0,0,0,clear,25.84,29.0,70.0,0.0,13
fall,2011,7,5,0,0,0,clear,25.84,29.0,69.0,0.0,8
fall,2011,7,6,0,0,0,clear,26.78,30.0,70.0,0.0,13
fall,2011,7,7,0,0,0,clear,26.78,29.0,58.0,9.0,45
fall,2011,7,8,0,0,0,clear,27.72,30.0,55.0,15.0,142
fall,2011,7,9,0,0,0,clear,29.6,33.0,49.0,0.0,183
fall,2011,7,10,0,0,0,clear,31.48,33.0,36.0,11.0,254
fall,2011,7,11,0,0,0,clear,32.42,33.0,28.0,11.0,275
fall,2011,7,12,0,0,0,clear,34.3,35.0,25.0,13.0,338
fall,2011,7,13,0,0,0,clear,34.3,35.0,24.0,9.0,294
fall,2011,7,14,0,0,0,clear,34.3,35.0,24.0,11.0,326
fall,2011,7,15,0,0,0,clear,35.24,35.0,18.0,20.0,293
fall,2011,7,16,0,0,0,clear,35.24,35.0,17.0,19.0,306
fall,2011,7,17,0,0,0,clear,35.24,35.0,16.0,11.0,320
fall,2011,7,18,0,0,0,clear,32.42,36.0,41.0,19.0,304
fall,2011,7,19,0,0,0,clear,29.6,34.0,55.0,22.0,274
fall,2011,7,20,0,0,0,clear,29.6,34.0,55.0,22.0,275
fall,2011,7,21,0,0,0,clear,28.66,33.0,59.0,20.0,164
fall,2011,7,22,0,0,0,clear,26.78,30.0,70.0,20.0,96
fall,2011,7,23,0,0,0,clear,26.78,30.0,66.0,15.0,70
fall,2011,8,0,0,1,1,clear,25.84,29.0,70.0,15.0,29
fall,2011,8,1,0,1,1,clear,25.84,30.0,74.0,13.0,17
fall,2011,8,2,0,1,1,clear,24.9,28.0,74.0,7.0,11
fall,2011,8,3,0,1,1,clear,24.9,28.0,79.0,11.0,4
fall,2011,8,4,0,1,1,clear,23.02,24.0,83.0,9.0,4
fall,2011,8,5,0,1,1,clear,23.02,24.0,83.0,7.0,26
fall,2011,8,6,0,1,1,clear,23.02,24.0,83.0,6.0,100
fall,2011,8,7,0,1,1,clear,26.78,29.0,62.0,0.0,282
fall,2011,8,8,0,1,1,clear,29.6,32.0,43.0,13.0,382
fall,2011,8,9,0,1,1,clear,30.54,33.0,41.0,0.0,166
fall,2011,8,10,0,1,1,clear,32.42,34.0,36.0,11.0,97
fall,2011,8,11,0,1,1,clear,33.36,35.0,32.0,11.0,119
fall,2011,8,12,0,1,1,clear,34.3,37.0,33.0,17.0,168
fall,2011,8,13,0,1,1,clear,34.3,37.0,31.0,20.0,150
fall,2011,8,14,0,1,1,clear,35.24,38.0,29.0,13.0,123
fall,2011,8,15,0,1,1,clear,34.3,36.0,27.0,0.0,129
fall,2011,8,16,0,1,1,clear,34.3,36.0,27.0,0.0,231
fall,2011,8,17,0,1,1,clear,27.72,29.0,45.0,20.0,514
fall,2011,8,18,0,1,1,clear,28.66,30.0,43.0,13.0,543
fall,2011,8,19,0,1,1,clear,26.78,28.0,51.0,15.0,413
fall,2011,8,20,0,1,1,clear,25.84,29.0,62.0,15.0,305
fall,2011,8,21,0,1,1,clear,24.9,27.0,70.0,17.0,220
fall,2011,8,22,0,1,1,clear,24.9,27.0,70.0,6.0,137
fall,2011,8,23,0,1,1,clear,23.96,26.0,74.0,13.0,96
fall,2011,8,0,0,2,1,clear,23.02,25.0,74.0,0.0,29
fall,2011,8,1,0,2,1,clear,23.02,25.0,74.0,7.0,12
fall,2011,8,2,0,2,1,clear,23.96,26.0,69.0,0.0,8
fall,2011,8,3,0,2,1,clear,23.02,25.0,74.0,13.0,5
fall,2011,8,4,0,2,1,clear,23.02,25.0,74.0,7.0,10
fall,2011,8,5,0,2,1,clear,23.02,25.0,74.0,9.0,21
fall,2011,8,6,0,2,1,clear,23.96,26.0,69.0,7.0,117
fall,2011,8,7,0,2,1,clear,25.84,28.0,61.0,19.0,335
fall,2011,8,8,0,2,1,clear,26.78,29.0,58.0,19.0,435
fall,2011,8,9,0,2,1,clear,28.66,30.0,46.0,20.0,213
fall,2011,8,10,0,2,1,clear,30.54,32.0,36.0,20.0,140
fall,2011,8,11,0,2,1,clear,31.48,32.0,32.0,28.0,128
fall,2011,8,12,0,2,1,clear,32.42,33.0,30.0,19.0,157
fall,2011,8,13,0,2,1,clear,32.42,33.0,30.0,15.0,203
fall,2011,8,14,0,2,1,clear,34.3,35.0,25.0,19.0,159
fall,2011,8,15,0,2,1,clear,34.3,35.0,25.0,19.0,168
fall,2011,8,16,0,2,1,clear,34.3,35.0,25.0,19.0,274
fall,2011,8,17,0,2,1,misty,34.3,36.0,27.0,9.0,556
fall,2011,8,18,0,2,1,misty,32.42,34.0,34.0,13.0,556
fall,2011,8,19,0,2,1,misty,32.42,34.0,36.0,15.0,454
fall,2011,8,20,0,2,1,misty,30.54,34.0,46.0,17.0,288
fall,2011,8,21,0,2,1,clear,29.6,33.0,52.0,15.0,254
fall,2011,8,22,0,2,1,misty,28.66,33.0,59.0,11.0,191
fall,2011,8,23,0,2,1,misty,29.6,33.0,49.0,11.0,132
fall,2011,8,0,0,3,1,misty,29.6,33.0,49.0,11.0,43
fall,2011,8,1,0,3,1,misty,28.66,31.0,52.0,11.0,16
fall,2011,8,2,0,3,1,misty,28.66,31.0,49.0,11.0,11
fall,2011,8,3,0,3,1,misty,27.72,30.0,55.0,6.0,4
fall,2011,8,4,0,3,1,misty,27.72,30.0,52.0,11.0,7
fall,2011,8,5,0,3,1,misty,27.72,30.0,55.0,6.0,24
fall,2011,8,6,0,3,1,rain,25.84,29.0,66.0,33.0,110
fall,2011,8,7,0,3,1,misty,26.78,28.0,51.0,15.0,271
fall,2011,8,8,0,3,1,misty,26.78,28.0,51.0,11.0,437
fall,2011,8,9,0,3,1,misty,26.78,29.0,55.0,13.0,195
fall,2011,8,10,0,3,1,rain,26.78,29.0,58.0,6.0,68
fall,2011,8,11,0,3,1,misty,26.78,29.0,58.0,7.0,122
fall,2011,8,12,0,3,1,rain,27.72,30.0,55.0,9.0,161
fall,2011,8,13,0,3,1,misty,27.72,31.0,58.0,15.0,144
fall,2011,8,14,0,3,1,misty,27.72,31.0,58.0,15.0,147
fall,2011,8,15,0,3,1,misty,24.9,28.0,79.0,9.0,118
fall,2011,8,16,0,3,1,rain,23.96,26.0,79.0,0.0,150
fall,2011,8,17,0,3,1,misty,24.9,28.0,79.0,0.0,425
fall,2011,8,18,0,3,1,rain,24.9,28.0,84.0,0.0,492
fall,2011,8,19,0,3,1,rain,24.9,28.0,84.0,0.0,321
fall,2011,8,20,0,3,1,rain,24.9,28.0,84.0,7.0,87
fall,2011,8,21,0,3,1,misty,23.96,26.0,89.0,9.0,88
fall,2011,8,22,0,3,1,rain,23.96,26.0,89.0,7.0,77
fall,2011,8,23,0,3,1,misty,23.96,26.0,89.0,6.0,56
fall,2011,8,0,0,4,1,misty,23.96,26.0,89.0,6.0,17
fall,2011,8,1,0,4,1,misty,23.02,23.0,94.0,6.0,17
fall,2011,8,2,0,4,1,misty,23.02,23.0,94.0,6.0,7
fall,2011,8,3,0,4,1,rain,23.02,23.0,94.0,6.0,3
fall,2011,8,4,0,4,1,misty,23.96,26.0,89.0,0.0,7
fall,2011,8,5,0,4,1,misty,23.96,26.0,89.0,0.0,20
fall,2011,8,6,0,4,1,misty,23.96,26.0,89.0,20.0,97
fall,2011,8,7,0,4,1,misty,23.96,26.0,89.0,20.0,282
fall,2011,8,8,0,4,1,misty,24.9,27.0,82.0,24.0,398
fall,2011,8,9,0,4,1,clear,25.84,30.0,74.0,22.0,187
fall,2011,8,10,0,4,1,clear,25.84,28.0,71.0,20.0,113
fall,2011,8,11,0,4,1,misty,26.78,30.0,66.0,15.0,149
fall,2011,8,12,0,4,1,misty,27.72,31.0,62.0,15.0,205
fall,2011,8,13,0,4,1,clear,27.72,31.0,58.0,0.0,205
fall,2011,8,14,0,4,1,clear,29.6,34.0,55.0,11.0,167
fall,2011,8,15,0,4,1,clear,29.6,34.0,55.0,17.0,165
fall,2011,8,16,0,4,1,clear,27.72,31.0,62.0,22.0,290
fall,2011,8,17,0,4,1,clear,27.72,31.0,62.0,22.0,555
fall,2011,8,18,0,4,1,clear,24.9,28.0,74.0,20.0,523
fall,2011,8,19,0,4,1,clear,24.9,28.0,74.0,19.0,366
fall,2011,8,20,0,4,1,misty,24.9,28.0,74.0,13.0,286
fall,2011,8,21,0,4,1,misty,24.9,28.0,74.0,13.0,211
fall,2011,8,22,0,4,1,clear,23.96,26.0,74.0,13.0,174
fall,2011,8,23,0,4,1,clear,23.02,25.0,74.0,7.0,132
fall,2011,8,0,0,5,1,clear,23.02,25.0,74.0,7.0,54
fall,2011,8,1,0,5,1,clear,22.08,23.0,78.0,6.0,19
fall,2011,8,2,0,5,1,clear,23.02,25.0,69.0,0.0,19
fall,2011,8,3,0,5,1,clear,22.08,23.0,78.0,6.0,6
fall,2011,8,4,0,5,1,clear,22.08,23.0,78.0,9.0,7
fall,2011,8,5,0,5,1,clear,22.08,23.0,78.0,6.0,16
fall,2011,8,6,0,5,1,clear,22.08,23.0,78.0,9.0,101
fall,2011,8,7,0,5,1,clear,23.02,24.0,78.0,9.0,270
fall,2011,8,8,0,5,1,clear,24.9,27.0,65.0,15.0,454
fall,2011,8,9,0,5,1,clear,25.84,28.0,58.0,7.0,226
fall,2011,8,10,0,5,1,clear,26.78,29.0,55.0,9.0,163
fall,2011,8,11,0,5,1,misty,27.72,30.0,52.0,17.0,147
fall,2011,8,12,0,5,1,clear,27.72,30.0,52.0,17.0,216
fall,2011,8,13,0,5,1,clear,28.66,31.0,52.0,17.0,204
fall,2011,8,14,0,5,1,misty,28.66,31.0,52.0,17.0,245
fall,2011,8,15,0,5,1,clear,27.72,30.0,55.0,17.0,210
fall,2011,8,16,0,5,1,clear,29.6,33.0,49.0,17.0,330
fall,2011,8,17,0,5,1,clear,28.66,31.0,49.0,20.0,550
fall,2011,8,18,0,5,1,clear,27.72,30.0,52.0,17.0,466
fall,2011,8,19,0,5,1,clear,26.78,29.0,55.0,17.0,372
fall,2011,8,20,0,5,1,clear,25.84,28.0,58.0,15.0,291
fall,2011,8,21,0,5,1,clear,24.9,27.0,65.0,13.0,173
fall,2011,8,22,0,5,1,clear,24.9,27.0,65.0,15.0,188
fall,2011,8,23,0,5,1,clear,23.96,26.0,69.0,15.0,139
fall,2011,8,0,0,6,0,clear,23.02,24.0,78.0,13.0,133
fall,2011,8,1,0,6,0,clear,23.02,24.0,78.0,11.0,67
fall,2011,8,2,0,6,0,clear,23.02,24.0,78.0,15.0,53
fall,2011,8,3,0,6,0,misty,23.02,24.0,78.0,11.0,42
fall,2011,8,4,0,6,0,misty,23.02,24.0,83.0,11.0,10
fall,2011,8,5,0,6,0,clear,22.08,22.0,89.0,6.0,6
fall,2011,8,6,0,6,0,clear,22.08,22.0,89.0,7.0,27
fall,2011,8,7,0,6,0,clear,23.96,26.0,83.0,11.0,63
fall,2011,8,8,0,6,0,clear,23.96,26.0,83.0,11.0,121
fall,2011,8,9,0,6,0,clear,26.78,30.0,70.0,15.0,215
fall,2011,8,10,0,6,0,misty,26.78,30.0,70.0,19.0,290
fall,2011,8,11,0,6,0,clear,28.66,33.0,62.0,15.0,349
fall,2011,8,12,0,6,0,clear,29.6,34.0,55.0,15.0,382
fall,2011,8,13,0,6,0,misty,29.6,35.0,59.0,22.0,441
fall,2011,8,14,0,6,0,clear,30.54,35.0,52.0,17.0,380
fall,2011,8,15,0,6,0,misty,31.48,37.0,53.0,17.0,362
fall,2011,8,16,0,6,0,rain,26.78,31.0,79.0,11.0,343
fall,2011,8,17,0,6,0,rain,26.78,31.0,79.0,11.0,149
fall,2011,8,18,0,6,0,misty,25.84,30.0,79.0,30.0,211
fall,2011,8,19,0,6,0,rain,25.84,31.0,84.0,17.0,171
fall,2011,8,20,0,6,0,rain,25.84,30.0,79.0,19.0,137
fall,2011,8,21,0,6,0,misty,24.9,28.0,84.0,22.0,114
fall,2011,8,22,0,6,0,misty,24.9,28.0,84.0,22.0,120
fall,2011,8,23,0,6,0,rain,24.9,28.0,84.0,19.0,108
fall,2011,8,0,0,0,0,misty,24.9,28.0,84.0,19.0,80
fall,2011,8,1,0,0,0,misty,24.9,28.0,84.0,17.0,73
fall,2011,8,2,0,0,0,misty,24.9,28.0,84.0,15.0,66
fall,2011,8,3,0,0,0,misty,24.9,28.0,84.0,9.0,32
fall,2011,8,4,0,0,0,clear,24.9,28.0,84.0,9.0,6
fall,2011,8,5,0,0,0,clear,24.9,28.0,89.0,13.0,5
fall,2011,8,6,0,0,0,clear,24.9,28.0,89.0,11.0,13
fall,2011,8,7,0,0,0,clear,24.9,28.0,84.0,13.0,39
fall,2011,8,8,0,0,0,clear,25.84,30.0,79.0,13.0,89
fall,2011,8,9,0,0,0,clear,27.72,33.0,75.0,7.0,184
fall,2011,8,10,0,0,0,clear,29.6,37.0,66.0,9.0,266
fall,2011,8,11,0,0,0,clear,30.54,39.0,63.0,0.0,269
fall,2011,8,12,0,0,0,clear,34.3,40.0,42.0,20.0,370
fall,2011,8,13,0,0,0,clear,34.3,40.0,42.0,20.0,324
fall,2011,8,14,0,0,0,clear,32.42,37.0,47.0,13.0,322
fall,2011,8,15,0,0,0,rain,25.84,30.0,74.0,20.0,326
fall,2011,8,16,0,0,0,rain,25.84,30.0,74.0,20.0,193
fall,2011,8,17,0,0,0,rain,26.78,31.0,74.0,43.0,194
fall,2011,8,18,0,0,0,clear,25.84,30.0,74.0,6.0,229
fall,2011,8,19,0,0,0,clear,25.84,30.0,79.0,11.0,228
fall,2011,8,20,0,0,0,clear,25.84,31.0,84.0,9.0,183
fall,2011,8,21,0,0,0,clear,25.84,31.0,84.0,7.0,136
fall,2011,8,22,0,0,0,clear,24.9,28.0,89.0,13.0,103
fall,2011,8,23,0,0,0,clear,24.9,28.0,79.0,7.0,55
fall,2011,8,0,0,1,1,clear,24.9,28.0,79.0,7.0,30
fall,2011,8,1,0,1,1,clear,23.96,26.0,83.0,9.0,12
fall,2011,8,2,0,1,1,clear,23.02,23.0,89.0,0.0,7
fall,2011,8,3,0,1,1,clear,23.02,23.0,89.0,0.0,1
fall,2011,8,4,0,1,1,clear,23.02,23.0,89.0,7.0,10
fall,2011,8,5,0,1,1,clear,24.9,28.0,79.0,6.0,15
fall,2011,8,6,0,1,1,clear,24.9,27.0,65.0,19.0,95
fall,2011,8,7,0,1,1,clear,25.84,29.0,62.0,20.0,267
fall,2011,8,8,0,1,1,clear,26.78,29.0,58.0,22.0,349
fall,2011,8,9,0,1,1,clear,27.72,30.0,55.0,26.0,183
fall,2011,8,10,0,1,1,clear,29.6,33.0,52.0,26.0,124
fall,2011,8,11,0,1,1,clear,30.54,33.0,48.0,24.0,179
fall,2011,8,12,0,1,1,clear,30.54,34.0,46.0,17.0,182
fall,2011,8,13,0,1,1,clear,31.48,34.0,44.0,20.0,151
fall,2011,8,14,0,1,1,clear,30.54,33.0,43.0,20.0,150
fall,2011,8,15,0,1,1,clear,31.48,34.0,41.0,20.0,126
fall,2011,8,16,0,1,1,clear,32.42,35.0,39.0,19.0,282
fall,2011,8,17,0,1,1,clear,32.42,35.0,39.0,11.0,527
fall,2011,8,18,0,1,1,clear,31.48,34.0,41.0,9.0,529
fall,2011,8,19,0,1,1,clear,30.54,33.0,43.0,7.0,416
fall,2011,8,20,0,1,1,clear,29.6,34.0,55.0,0.0,286
fall,2011,8,21,0,1,1,clear,27.72,31.0,58.0,6.0,186
fall,2011,8,22,0,1,1,clear,27.72,31.0,58.0,7.0,147
fall,2011,8,23,0,1,1,clear,26.78,30.0,66.0,7.0,72
fall,2011,8,0,0,2,1,clear,25.84,30.0,79.0,9.0,35
fall,2011,8,1,0,2,1,clear,25.84,29.0,66.0,0.0,14
fall,2011,8,2,0,2,1,clear,25.84,29.0,70.0,0.0,12
fall,2011,8,3,0,2,1,clear,25.84,29.0,62.0,0.0,3
fall,2011,8,4,0,2,1,clear,24.9,28.0,74.0,0.0,7
fall,2011,8,5,0,2,1,clear,24.9,27.0,65.0,6.0,30
fall,2011,8,6,0,2,1,clear,25.84,28.0,64.0,0.0,101
fall,2011,8,7,0,2,1,clear,25.84,30.0,74.0,7.0,343
fall,2011,8,8,0,2,1,clear,26.78,30.0,66.0,0.0,392
fall,2011,8,9,0,2,1,misty,28.66,33.0,62.0,9.0,175
fall,2011,8,10,0,2,1,misty,29.6,35.0,59.0,15.0,144
fall,2011,8,11,0,2,1,clear,29.6,35.0,59.0,15.0,149
fall,2011,8,12,0,2,1,clear,30.54,36.0,56.0,13.0,185
fall,2011,8,13,0,2,1,clear,31.48,36.0,49.0,11.0,175
fall,2011,8,14,0,2,1,clear,32.42,36.0,44.0,19.0,148
fall,2011,8,15,0,2,1,clear,32.42,35.0,39.0,19.0,164
fall,2011,8,16,0,2,1,clear,32.42,35.0,39.0,20.0,285
fall,2011,8,17,0,2,1,clear,29.6,34.0,55.0,11.0,532
fall,2011,8,18,0,2,1,clear,29.6,34.0,55.0,13.0,585
fall,2011,8,19,0,2,1,clear,29.6,33.0,49.0,7.0,371
fall,2011,8,20,0,2,1,clear,29.6,32.0,43.0,13.0,292
fall,2011,8,21,0,2,1,clear,28.66,30.0,46.0,17.0,230
fall,2011,8,22,0,2,1,clear,28.66,30.0,46.0,20.0,155
fall,2011,8,23,0,2,1,clear,27.72,29.0,48.0,19.0,75
fall,2011,8,0,0,3,1,clear,26.78,28.0,51.0,15.0,37
fall,2011,8,1,0,3,1,clear,25.84,28.0,54.0,13.0,17
fall,2011,8,2,0,3,1,clear,25.84,28.0,54.0,11.0,11
fall,2011,8,3,0,3,1,clear,24.9,27.0,58.0,11.0,4
fall,2011,8,4,0,3,1,clear,24.9,27.0,54.0,9.0,5
fall,2011,8,5,0,3,1,clear,23.96,26.0,61.0,6.0,32
fall,2011,8,6,0,3,1,clear,23.96,26.0,61.0,0.0,119
fall,2011,8,7,0,3,1,clear,24.9,27.0,58.0,6.0,305
fall,2011,8,8,0,3,1,clear,26.78,28.0,51.0,13.0,399
fall,2011,8,9,0,3,1,clear,27.72,29.0,48.0,15.0,180
fall,2011,8,10,0,3,1,clear,29.6,32.0,43.0,15.0,113
fall,2011,8,11,0,3,1,clear,29.6,31.0,41.0,26.0,149
fall,2011,8,12,0,3,1,clear,30.54,32.0,38.0,20.0,240
fall,2011,8,13,0,3,1,clear,30.54,32.0,38.0,19.0,191
fall,2011,8,14,0,3,1,clear,31.48,32.0,34.0,22.0,178
fall,2011,8,15,0,3,1,clear,32.42,33.0,30.0,22.0,194
fall,2011,8,16,0,3,1,clear,32.42,33.0,26.0,20.0,282
fall,2011,8,17,0,3,1,clear,31.48,31.0,26.0,20.0,584
fall,2011,8,18,0,3,1,clear,30.54,31.0,28.0,20.0,559
fall,2011,8,19,0,3,1,clear,29.6,30.0,26.0,17.0,413
fall,2011,8,20,0,3,1,clear,27.72,28.0,31.0,9.0,312
fall,2011,8,21,0,3,1,clear,27.72,28.0,33.0,7.0,209
fall,2011,8,22,0,3,1,clear,26.78,27.0,37.0,0.0,139
fall,2011,8,23,0,3,1,clear,26.78,27.0,37.0,6.0,108
fall,2011,8,0,0,4,1,clear,24.9,26.0,45.0,7.0,46
fall,2011,8,1,0,4,1,clear,24.9,26.0,45.0,9.0,26
fall,2011,8,2,0,4,1,clear,23.02,25.0,54.0,9.0,11
fall,2011,8,3,0,4,1,clear,22.08,25.0,57.0,9.0,9
fall,2011,8,4,0,4,1,clear,22.08,25.0,57.0,11.0,5
fall,2011,8,5,0,4,1,clear,22.08,25.0,61.0,13.0,25
fall,2011,8,6,0,4,1,clear,21.14,24.0,65.0,11.0,106
fall,2011,8,7,0,4,1,clear,23.02,25.0,54.0,9.0,307
fall,2011,8,8,0,4,1,clear,24.9,26.0,45.0,11.0,390
fall,2011,8,9,0,4,1,clear,25.84,27.0,39.0,15.0,197
fall,2011,8,10,0,4,1,clear,26.78,27.0,37.0,17.0,132
fall,2011,8,11,0,4,1,clear,27.72,28.0,35.0,17.0,187
fall,2011,8,12,0,4,1,clear,28.66,29.0,31.0,17.0,214
fall,2011,8,13,0,4,1,clear,27.72,28.0,31.0,15.0,217
fall,2011,8,14,0,4,1,clear,29.6,30.0,29.0,0.0,142
fall,2011,8,15,0,4,1,clear,29.6,30.0,29.0,20.0,178
fall,2011,8,16,0,4,1,clear,29.6,30.0,27.0,13.0,298
fall,2011,8,17,0,4,1,clear,29.6,30.0,29.0,17.0,582
fall,2011,8,18,0,4,1,clear,28.66,29.0,29.0,6.0,571
fall,2011,8,19,0,4,1,clear,26.78,27.0,35.0,13.0,371
fall,2011,8,20,0,4,1,clear,25.84,27.0,37.0,9.0,288
fall,2011,8,21,0,4,1,clear,24.9,27.0,48.0,6.0,206
fall,2011,8,22,0,4,1,clear,24.9,27.0,48.0,0.0,157
fall,2011,8,23,0,4,1,clear,23.02,25.0,50.0,11.0,127
fall,2011,8,0,0,5,1,clear,22.08,25.0,53.0,11.0,65
fall,2011,8,1,0,5,1,clear,22.08,25.0,53.0,9.0,23
fall,2011,8,2,0,5,1,clear,21.14,25.0,57.0,13.0,15
fall,2011,8,3,0,5,1,clear,21.14,25.0,53.0,11.0,9
fall,2011,8,4,0,5,1,clear,21.14,25.0,53.0,9.0,5
fall,2011,8,5,0,5,1,clear,20.2,25.0,56.0,9.0,26
fall,2011,8,6,0,5,1,clear,21.14,25.0,50.0,9.0,76
fall,2011,8,7,0,5,1,clear,22.08,25.0,44.0,11.0,264
fall,2011,8,8,0,5,1,clear,23.96,26.0,39.0,15.0,426
fall,2011,8,9,0,5,1,clear,25.84,27.0,34.0,9.0,205
fall,2011,8,10,0,5,1,clear,26.78,27.0,33.0,7.0,130
fall,2011,8,11,0,5,1,clear,27.72,28.0,29.0,0.0,156
fall,2011,8,12,0,5,1,clear,29.6,30.0,27.0,0.0,222
fall,2011,8,13,0,5,1,clear,28.66,29.0,29.0,6.0,253
fall,2011,8,14,0,5,1,clear,29.6,30.0,29.0,13.0,186
fall,2011,8,15,0,5,1,clear,29.6,30.0,29.0,11.0,249
fall,2011,8,16,0,5,1,clear,30.54,31.0,28.0,0.0,334
fall,2011,8,17,0,5,1,clear,30.54,31.0,26.0,0.0,516
fall,2011,8,18,0,5,1,clear,27.72,29.0,40.0,20.0,465
fall,2011,8,19,0,5,1,clear,26.78,28.0,42.0,15.0,385
fall,2011,8,20,0,5,1,clear,25.84,27.0,42.0,15.0,287
fall,2011,8,21,0,5,1,clear,24.9,27.0,48.0,9.0,226
fall,2011,8,22,0,5,1,clear,23.96,26.0,51.0,0.0,231
fall,2011,8,23,0,5,1,clear,23.96,26.0,51.0,0.0,151
fall,2011,8,0,0,6,0,clear,23.96,26.0,51.0,7.0,84
fall,2011,8,1,0,6,0,misty,23.96,26.0,57.0,6.0,77
fall,2011,8,2,0,6,0,clear,23.96,26.0,57.0,0.0,74
fall,2011,8,3,0,6,0,clear,23.02,25.0,65.0,9.0,27
fall,2011,8,4,0,6,0,misty,22.08,24.0,73.0,9.0,10
fall,2011,8,5,0,6,0,clear,22.08,24.0,73.0,7.0,18
fall,2011,8,6,0,6,0,clear,22.08,24.0,73.0,6.0,22
fall,2011,8,7,0,6,0,misty,23.02,25.0,74.0,13.0,44
fall,2011,8,8,0,6,0,misty,24.9,27.0,65.0,11.0,118
fall,2011,8,9,0,6,0,misty,24.9,28.0,74.0,11.0,208
fall,2011,8,10,0,6,0,misty,25.84,30.0,74.0,15.0,260
fall,2011,8,11,0,6,0,misty,26.78,30.0,70.0,13.0,314
fall,2011,8,12,0,6,0,misty,23.02,23.0,89.0,11.0,421
fall,2011,8,13,0,6,0,misty,26.78,31.0,74.0,22.0,153
fall,2011,8,14,0,6,0,clear,26.78,30.0,70.0,17.0,259
fall,2011,8,15,0,6,0,rain,23.96,26.0,79.0,24.0,358
fall,2011,8,16,0,6,0,misty,24.9,28.0,74.0,19.0,281
fall,2011,8,17,0,6,0,misty,25.84,30.0,74.0,17.0,269
fall,2011,8,18,0,6,0,clear,24.9,28.0,74.0,15.0,292
fall,2011,8,19,0,6,0,misty,23.96,26.0,79.0,19.0,237
fall,2011,8,20,0,6,0,misty,23.96,26.0,83.0,15.0,183
fall,2011,8,21,0,6,0,misty,23.96,26.0,83.0,26.0,167
fall,2011,8,22,0,6,0,misty,23.96,26.0,83.0,26.0,154
fall,2011,8,23,0,6,0,misty,23.02,24.0,83.0,22.0,120
fall,2011,8,0,0,0,0,rain,23.02,24.0,83.0,20.0,90
fall,2011,8,1,0,0,0,rain,22.08,22.0,89.0,15.0,73
fall,2011,8,2,0,0,0,rain,22.08,22.0,89.0,15.0,62
fall,2011,8,3,0,0,0,misty,22.08,21.0,94.0,17.0,27
fall,2011,8,4,0,0,0,rain,22.08,21.0,94.0,13.0,3
fall,2011,8,5,0,0,0,misty,22.08,21.0,94.0,11.0,10
fall,2011,8,6,0,0,0,misty,22.08,21.0,94.0,7.0,6
fall,2011,8,7,0,0,0,misty,23.02,23.0,89.0,13.0,24
fall,2011,8,8,0,0,0,misty,23.02,23.0,89.0,19.0,41
fall,2011,8,9,0,0,0,rain,23.02,23.0,89.0,19.0,103
fall,2011,8,10,0,0,0,clear,24.9,28.0,79.0,15.0,183
fall,2011,8,11,0,0,0,clear,24.9,28.0,79.0,13.0,198
fall,2011,8,12,0,0,0,misty,24.9,28.0,79.0,15.0,281
fall,2011,8,13,0,0,0,clear,25.84,30.0,74.0,17.0,377
fall,2011,8,14,0,0,0,clear,26.78,30.0,70.0,13.0,370
fall,2011,8,15,0,0,0,clear,26.78,30.0,66.0,13.0,331
fall,2011,8,16,0,0,0,clear,26.78,30.0,66.0,11.0,292
fall,2011,8,17,0,0,0,clear,27.72,31.0,62.0,9.0,329
fall,2011,8,18,0,0,0,clear,26.78,30.0,66.0,11.0,347
fall,2011,8,19,0,0,0,clear,25.84,30.0,74.0,15.0,259
fall,2011,8,20,0,0,0,clear,24.9,28.0,84.0,11.0,193
fall,2011,8,21,0,0,0,rain,20.2,20.0,88.0,33.0,155
fall,2011,8,22,0,0,0,rain,20.2,20.0,88.0,33.0,39
fall,2011,8,23,0,0,0,rain,20.2,21.0,83.0,0.0,27
fall,2011,8,0,0,1,1,rain,20.2,20.0,88.0,6.0,25
fall,2011,8,1,0,1,1,misty,20.2,20.0,88.0,9.0,10
fall,2011,8,2,0,1,1,misty,20.2,21.0,83.0,0.0,3
fall,2011,8,3,0,1,1,clear,20.2,21.0,83.0,13.0,7
fall,2011,8,4,0,1,1,clear,20.2,21.0,83.0,9.0,5
fall,2011,8,5,0,1,1,misty,20.2,20.0,88.0,13.0,17
fall,2011,8,6,0,1,1,clear,20.2,20.0,88.0,17.0,90
fall,2011,8,7,0,1,1,clear,20.2,20.0,88.0,17.0,258
fall,2011,8,8,0,1,1,clear,22.08,23.0,78.0,22.0,355
fall,2011,8,9,0,1,1,clear,22.08,23.0,78.0,22.0,222
fall,2011,8,10,0,1,1,clear,23.96,26.0,69.0,19.0,141
fall,2011,8,11,0,1,1,misty,25.84,29.0,62.0,17.0,153
fall,2011,8,12,0,1,1,clear,26.78,29.0,58.0,19.0,178
fall,2011,8,13,0,1,1,clear,28.66,31.0,52.0,19.0,193
fall,2011,8,14,0,1,1,clear,26.78,29.0,55.0,6.0,151
fall,2011,8,15,0,1,1,rain,26.78,29.0,55.0,20.0,182
fall,2011,8,16,0,1,1,clear,26.78,29.0,55.0,22.0,283
fall,2011,8,17,0,1,1,clear,26.78,28.0,51.0,19.0,530
fall,2011,8,18,0,1,1,clear,24.9,27.0,65.0,13.0,483
fall,2011,8,19,0,1,1,clear,24.9,27.0,65.0,0.0,397
fall,2011,8,20,0,1,1,clear,23.02,25.0,74.0,9.0,285
fall,2011,8,21,0,1,1,clear,23.02,25.0,65.0,13.0,184
fall,2011,8,22,0,1,1,clear,23.02,25.0,69.0,17.0,98
fall,2011,8,23,0,1,1,clear,22.08,24.0,69.0,15.0,88
fall,2011,8,0,0,2,1,clear,22.08,24.0,69.0,7.0,31
fall,2011,8,1,0,2,1,clear,22.08,24.0,69.0,11.0,16
fall,2011,8,2,0,2,1,clear,21.14,23.0,73.0,15.0,4
fall,2011,8,3,0,2,1,clear,21.14,23.0,73.0,15.0,6
fall,2011,8,4,0,2,1,clear,22.08,24.0,69.0,20.0,5
fall,2011,8,5,0,2,1,clear,21.14,23.0,73.0,19.0,30
fall,2011,8,6,0,2,1,clear,21.14,23.0,73.0,22.0,119
fall,2011,8,7,0,2,1,clear,22.08,24.0,69.0,17.0,346
fall,2011,8,8,0,2,1,clear,24.9,27.0,58.0,30.0,441
fall,2011,8,9,0,2,1,clear,23.96,26.0,61.0,19.0,198
fall,2011,8,10,0,2,1,clear,24.9,27.0,58.0,26.0,111
fall,2011,8,11,0,2,1,clear,26.78,28.0,51.0,15.0,150
fall,2011,8,12,0,2,1,clear,27.72,29.0,48.0,22.0,162
fall,2011,8,13,0,2,1,clear,27.72,29.0,48.0,20.0,192
fall,2011,8,14,0,2,1,clear,27.72,29.0,45.0,28.0,182
fall,2011,8,15,0,2,1,clear,29.6,31.0,41.0,20.0,159
fall,2011,8,16,0,2,1,clear,29.6,31.0,41.0,15.0,303
fall,2011,8,17,0,2,1,clear,27.72,29.0,45.0,22.0,600
fall,2011,8,18,0,2,1,clear,27.72,29.0,45.0,15.0,570
fall,2011,8,19,0,2,1,clear,26.78,28.0,48.0,13.0,376
fall,2011,8,20,0,2,1,clear,26.78,28.0,51.0,0.0,280
fall,2011,8,21,0,2,1,clear,25.84,28.0,54.0,0.0,215
fall,2011,8,22,0,2,1,clear,24.9,27.0,61.0,0.0,152
fall,2011,8,23,0,2,1,clear,23.02,25.0,65.0,9.0,77
fall,2011,8,0,0,3,1,clear,23.02,25.0,69.0,6.0,24
fall,2011,8,1,0,3,1,clear,22.08,24.0,73.0,11.0,14
fall,2011,8,2,0,3,1,clear,23.02,25.0,69.0,0.0,6
fall,2011,8,3,0,3,1,clear,22.08,23.0,78.0,0.0,5
fall,2011,8,4,0,3,1,clear,22.08,24.0,73.0,0.0,5
fall,2011,8,5,0,3,1,clear,22.08,24.0,73.0,0.0,28
fall,2011,8,6,0,3,1,clear,21.14,23.0,78.0,0.0,105
fall,2011,8,7,0,3,1,clear,23.02,25.0,65.0,6.0,308
fall,2011,8,8,0,3,1,clear,24.9,27.0,54.0,11.0,487
fall,2011,8,9,0,3,1,clear,26.78,28.0,48.0,6.0,209
fall,2011,8,10,0,3,1,clear,27.72,29.0,43.0,6.0,118
fall,2011,8,11,0,3,1,clear,28.66,30.0,43.0,7.0,128
fall,2011,8,12,0,3,1,clear,29.6,32.0,43.0,19.0,189
fall,2011,8,13,0,3,1,clear,29.6,31.0,41.0,13.0,176
fall,2011,8,14,0,3,1,clear,30.54,32.0,36.0,11.0,192
fall,2011,8,15,0,3,1,clear,29.6,32.0,43.0,9.0,159
fall,2011,8,16,0,3,1,clear,30.54,33.0,43.0,15.0,300
fall,2011,8,17,0,3,1,clear,29.6,33.0,49.0,15.0,552
fall,2011,8,18,0,3,1,clear,27.72,30.0,55.0,17.0,556
fall,2011,8,19,0,3,1,clear,27.72,30.0,55.0,15.0,347
fall,2011,8,20,0,3,1,clear,26.78,29.0,58.0,17.0,280
fall,2011,8,21,0,3,1,clear,25.84,29.0,62.0,15.0,230
fall,2011,8,22,0,3,1,clear,24.9,27.0,65.0,13.0,171
fall,2011,8,23,0,3,1,clear,24.9,27.0,65.0,19.0,105
fall,2011,8,0,0,4,1,clear,23.96,26.0,65.0,9.0,56
fall,2011,8,1,0,4,1,misty,23.02,25.0,65.0,11.0,24
fall,2011,8,2,0,4,1,clear,23.02,25.0,65.0,15.0,6
fall,2011,8,3,0,4,1,clear,23.02,25.0,69.0,19.0,6
fall,2011,8,4,0,4,1,clear,22.08,24.0,73.0,15.0,9
fall,2011,8,5,0,4,1,clear,22.08,23.0,78.0,19.0,27
fall,2011,8,6,0,4,1,misty,22.08,23.0,78.0,17.0,103
fall,2011,8,7,0,4,1,clear,22.08,23.0,78.0,20.0,308
fall,2011,8,8,0,4,1,clear,23.02,25.0,74.0,19.0,420
fall,2011,8,9,0,4,1,clear,25.84,29.0,66.0,17.0,228
fall,2011,8,10,0,4,1,clear,26.78,30.0,66.0,17.0,129
fall,2011,8,11,0,4,1,clear,27.72,31.0,58.0,17.0,141
fall,2011,8,12,0,4,1,clear,29.6,33.0,52.0,19.0,173
fall,2011,8,13,0,4,1,clear,29.6,33.0,52.0,24.0,187
fall,2011,8,14,0,4,1,clear,30.54,34.0,46.0,22.0,182
fall,2011,8,15,0,4,1,clear,29.6,32.0,46.0,24.0,174
fall,2011,8,16,0,4,1,clear,29.6,32.0,46.0,24.0,245
fall,2011,8,17,0,4,1,rain,29.6,32.0,46.0,20.0,409
fall,2011,8,18,0,4,1,rain,27.72,30.0,55.0,17.0,274
fall,2011,8,19,0,4,1,clear,23.02,24.0,83.0,7.0,141
fall,2011,8,20,0,4,1,clear,23.02,24.0,83.0,7.0,165
fall,2011,8,21,0,4,1,misty,23.96,26.0,79.0,0.0,149
fall,2011,8,22,0,4,1,misty,24.9,28.0,74.0,7.0,135
fall,2011,8,23,0,4,1,misty,24.9,28.0,74.0,9.0,114
fall,2011,8,0,0,5,1,rain,23.96,26.0,69.0,13.0,62
fall,2011,8,1,0,5,1,rain,22.08,22.0,89.0,0.0,20
fall,2011,8,2,0,5,1,rain,22.08,22.0,83.0,0.0,8
fall,2011,8,3,0,5,1,clear,22.08,23.0,78.0,0.0,3
fall,2011,8,4,0,5,1,clear,22.08,22.0,83.0,0.0,8
fall,2011,8,5,0,5,1,clear,22.08,22.0,83.0,0.0,17
fall,2011,8,6,0,5,1,clear,22.08,22.0,83.0,0.0,93
fall,2011,8,7,0,5,1,misty,23.02,24.0,83.0,6.0,263
fall,2011,8,8,0,5,1,misty,23.02,24.0,83.0,0.0,398
fall,2011,8,9,0,5,1,clear,24.9,27.0,65.0,9.0,218
fall,2011,8,10,0,5,1,clear,25.84,29.0,62.0,6.0,165
fall,2011,8,11,0,5,1,misty,25.84,29.0,66.0,6.0,165
fall,2011,8,12,0,5,1,misty,26.78,29.0,62.0,6.0,222
fall,2011,8,13,0,5,1,misty,27.72,31.0,62.0,13.0,232
fall,2011,8,14,0,5,1,clear,28.66,32.0,55.0,13.0,220
fall,2011,8,15,0,5,1,clear,29.6,33.0,49.0,7.0,222
fall,2011,8,16,0,5,1,clear,29.6,33.0,49.0,0.0,327
fall,2011,8,17,0,5,1,clear,27.72,31.0,58.0,35.0,527
fall,2011,8,18,0,5,1,clear,27.72,31.0,58.0,35.0,425
fall,2011,8,19,0,5,1,rain,21.14,23.0,73.0,31.0,165
fall,2011,8,20,0,5,1,rain,21.14,22.0,83.0,20.0,58
fall,2011,8,21,0,5,1,clear,21.14,22.0,83.0,9.0,107
fall,2011,8,22,0,5,1,clear,20.2,20.0,88.0,9.0,122
fall,2011,8,23,0,5,1,misty,20.2,20.0,88.0,6.0,106
fall,2011,8,0,0,6,0,clear,20.2,20.0,88.0,0.0,128
fall,2011,8,1,0,6,0,clear,21.14,22.0,83.0,0.0,47
fall,2011,8,2,0,6,0,clear,21.14,23.0,78.0,0.0,69
fall,2011,8,3,0,6,0,clear,21.14,23.0,78.0,0.0,51
fall,2011,8,4,0,6,0,misty,20.2,20.0,88.0,0.0,7
fall,2011,8,5,0,6,0,clear,20.2,21.0,83.0,0.0,8
fall,2011,8,6,0,6,0,misty,20.2,21.0,83.0,9.0,24
fall,2011,8,7,0,6,0,clear,21.14,22.0,83.0,0.0,44
fall,2011,8,8,0,6,0,clear,23.02,25.0,69.0,0.0,133
fall,2011,8,9,0,6,0,clear,24.9,27.0,65.0,0.0,190
fall,2011,8,10,0,6,0,clear,25.84,29.0,62.0,7.0,306
fall,2011,8,11,0,6,0,clear,25.84,28.0,58.0,0.0,338
fall,2011,8,12,0,6,0,clear,26.78,29.0,58.0,9.0,409
fall,2011,8,13,0,6,0,clear,27.72,30.0,55.0,9.0,378
fall,2011,8,14,0,6,0,clear,29.6,33.0,49.0,13.0,375
fall,2011,8,15,0,6,0,clear,29.6,32.0,43.0,13.0,390
fall,2011,8,16,0,6,0,clear,29.6,32.0,46.0,13.0,373
fall,2011,8,17,0,6,0,clear,29.6,33.0,49.0,13.0,383
fall,2011,8,18,0,6,0,clear,27.72,31.0,58.0,17.0,394
fall,2011,8,19,0,6,0,clear,26.78,29.0,62.0,13.0,291
fall,2011,8,20,0,6,0,clear,26.78,29.0,62.0,15.0,248
fall,2011,8,21,0,6,0,clear,25.84,29.0,70.0,15.0,225
fall,2011,8,22,0,6,0,misty,24.9,28.0,74.0,13.0,223
fall,2011,8,23,0,6,0,clear,24.9,28.0,74.0,9.0,157
fall,2011,8,0,0,0,0,clear,24.9,28.0,74.0,13.0,74
fall,2011,8,1,0,0,0,clear,23.96,26.0,79.0,15.0,86
fall,2011,8,2,0,0,0,clear,23.96,26.0,79.0,13.0,64
fall,2011,8,3,0,0,0,clear,23.02,24.0,83.0,15.0,51
fall,2011,8,4,0,0,0,clear,23.96,26.0,83.0,15.0,6
fall,2011,8,5,0,0,0,clear,23.02,23.0,89.0,20.0,8
fall,2011,8,6,0,0,0,clear,23.02,23.0,89.0,19.0,14
fall,2011,8,7,0,0,0,clear,23.96,26.0,83.0,20.0,31
fall,2011,8,8,0,0,0,clear,24.9,28.0,79.0,15.0,92
fall,2011,8,9,0,0,0,clear,25.84,30.0,74.0,15.0,231
fall,2011,8,10,0,0,0,clear,26.78,31.0,74.0,17.0,274
fall,2011,8,11,0,0,0,clear,29.6,36.0,63.0,19.0,313
fall,2011,8,12,0,0,0,clear,30.54,37.0,59.0,19.0,374
fall,2011,8,13,0,0,0,clear,29.6,35.0,59.0,28.0,310
fall,2011,8,14,0,0,0,rain,24.9,28.0,79.0,26.0,235
fall,2011,8,15,0,0,0,clear,24.9,28.0,84.0,19.0,68
fall,2011,8,16,0,0,0,clear,25.84,30.0,79.0,11.0,258
fall,2011,8,17,0,0,0,clear,25.84,30.0,79.0,9.0,270
fall,2011,8,18,0,0,0,clear,25.84,30.0,79.0,17.0,311
fall,2011,8,19,0,0,0,clear,25.84,29.0,70.0,17.0,282
fall,2011,8,20,0,0,0,clear,24.9,28.0,79.0,17.0,181
fall,2011,8,21,0,0,0,clear,24.9,28.0,79.0,17.0,138
fall,2011,8,22,0,0,0,misty,24.9,28.0,79.0,13.0,134
fall,2011,8,23,0,0,0,clear,24.9,28.0,74.0,11.0,68
fall,2011,8,0,0,1,1,clear,23.96,26.0,79.0,11.0,40
fall,2011,8,1,0,1,1,clear,23.96,26.0,79.0,6.0,21
fall,2011,8,2,0,1,1,misty,24.9,27.0,65.0,7.0,8
fall,2011,8,3,0,1,1,rain,24.9,27.0,65.0,9.0,5
fall,2011,8,4,0,1,1,clear,23.96,26.0,65.0,13.0,12
fall,2011,8,5,0,1,1,clear,23.02,25.0,65.0,24.0,24
fall,2011,8,6,0,1,1,clear,23.02,25.0,61.0,20.0,112
fall,2011,8,7,0,1,1,clear,23.02,25.0,61.0,22.0,281
fall,2011,8,8,0,1,1,clear,23.02,25.0,61.0,22.0,351
fall,2011,8,9,0,1,1,clear,23.96,26.0,54.0,17.0,187
fall,2011,8,10,0,1,1,clear,24.9,27.0,48.0,19.0,121
fall,2011,8,11,0,1,1,clear,25.84,27.0,34.0,22.0,131
fall,2011,8,12,0,1,1,clear,26.78,27.0,35.0,26.0,207
fall,2011,8,13,0,1,1,clear,26.78,27.0,30.0,31.0,205
fall,2011,8,14,0,1,1,clear,26.78,27.0,30.0,26.0,225
fall,2011,8,15,0,1,1,clear,26.78,27.0,30.0,20.0,199
fall,2011,8,16,0,1,1,clear,26.78,27.0,30.0,26.0,320
fall,2011,8,17,0,1,1,clear,26.78,27.0,27.0,22.0,591
fall,2011,8,18,0,1,1,clear,25.84,27.0,28.0,20.0,609
fall,2011,8,19,0,1,1,clear,24.9,26.0,30.0,19.0,416
fall,2011,8,20,0,1,1,clear,23.02,25.0,34.0,13.0,268
fall,2011,8,21,0,1,1,clear,22.08,25.0,38.0,13.0,208
fall,2011,8,22,0,1,1,clear,22.08,25.0,38.0,20.0,153
fall,2011,8,23,0,1,1,clear,21.14,25.0,41.0,17.0,64
fall,2011,8,0,0,2,1,clear,20.2,25.0,43.0,13.0,35
fall,2011,8,1,0,2,1,clear,19.26,20.0,49.0,13.0,19
fall,2011,8,2,0,2,1,clear,18.32,19.0,52.0,13.0,6
fall,2011,8,3,0,2,1,clear,18.32,19.0,52.0,19.0,6
fall,2011,8,4,0,2,1,clear,17.38,18.0,56.0,11.0,5
fall,2011,8,5,0,2,1,clear,17.38,18.0,56.0,13.0,36
fall,2011,8,6,0,2,1,clear,17.38,18.0,60.0,13.0,114
fall,2011,8,7,0,2,1,clear,20.2,25.0,49.0,13.0,344
fall,2011,8,8,0,2,1,misty,21.14,25.0,50.0,0.0,504
fall,2011,8,9,0,2,1,misty,23.02,25.0,44.0,0.0,225
fall,2011,8,10,0,2,1,clear,24.9,26.0,37.0,0.0,148
fall,2011,8,11,0,2,1,clear,24.9,26.0,34.0,7.0,186
fall,2011,8,12,0,2,1,clear,24.9,26.0,39.0,6.0,237
fall,2011,8,13,0,2,1,clear,25.84,27.0,30.0,7.0,234
fall,2011,8,14,0,2,1,clear,25.84,27.0,30.0,6.0,651
fall,2011,8,15,0,2,1,clear,25.84,27.0,34.0,15.0,601
fall,2011,8,16,0,2,1,clear,25.84,27.0,32.0,9.0,444
fall,2011,8,17,0,2,1,clear,25.84,27.0,34.0,15.0,472
fall,2011,8,18,0,2,1,clear,25.84,27.0,34.0,13.0,519
fall,2011,8,19,0,2,1,clear,23.02,25.0,50.0,15.0,367
fall,2011,8,20,0,2,1,clear,22.08,25.0,53.0,17.0,260
fall,2011,8,21,0,2,1,clear,21.14,25.0,57.0,0.0,211
fall,2011,8,22,0,2,1,clear,21.14,25.0,57.0,9.0,191
fall,2011,8,23,0,2,1,clear,21.14,24.0,61.0,9.0,80
fall,2011,8,0,0,3,1,clear,21.14,25.0,57.0,9.0,38
fall,2011,8,1,0,3,1,clear,20.2,24.0,60.0,7.0,24
fall,2011,8,2,0,3,1,clear,19.26,20.0,68.0,9.0,6
fall,2011,8,3,0,3,1,clear,19.26,20.0,68.0,9.0,1
fall,2011,8,4,0,3,1,clear,18.32,19.0,73.0,7.0,7
fall,2011,8,5,0,3,1,clear,18.32,19.0,73.0,7.0,27
fall,2011,8,6,0,3,1,clear,18.32,19.0,73.0,0.0,108
fall,2011,8,7,0,3,1,clear,20.2,24.0,64.0,6.0,308
fall,2011,8,8,0,3,1,clear,21.14,24.0,69.0,9.0,468
fall,2011,8,9,0,3,1,clear,22.08,24.0,69.0,17.0,213
fall,2011,8,10,0,3,1,clear,24.9,27.0,58.0,19.0,146
fall,2011,8,11,0,3,1,clear,25.84,28.0,54.0,20.0,185
fall,2011,8,12,0,3,1,clear,26.78,29.0,55.0,22.0,235
fall,2011,8,13,0,3,1,clear,27.72,29.0,48.0,28.0,236
fall,2011,8,14,0,3,1,clear,27.72,29.0,48.0,28.0,204
fall,2011,8,15,0,3,1,clear,27.72,29.0,48.0,30.0,204
fall,2011,8,16,0,3,1,clear,27.72,30.0,52.0,28.0,271
fall,2011,8,17,0,3,1,clear,27.72,30.0,52.0,24.0,567
fall,2011,8,18,0,3,1,clear,26.78,29.0,55.0,20.0,621
fall,2011,8,19,0,3,1,clear,26.78,29.0,55.0,20.0,440
fall,2011,8,20,0,3,1,clear,25.84,28.0,58.0,20.0,334
fall,2011,8,21,0,3,1,clear,24.9,27.0,61.0,24.0,236
fall,2011,8,22,0,3,1,clear,24.9,27.0,65.0,24.0,181
fall,2011,8,23,0,3,1,clear,23.96,26.0,69.0,20.0,70
fall,2011,8,0,0,4,1,clear,23.96,26.0,74.0,20.0,52
fall,2011,8,1,0,4,1,clear,23.96,26.0,69.0,26.0,15
fall,2011,8,2,0,4,1,clear,23.96,26.0,69.0,26.0,5
fall,2011,8,3,0,4,1,clear,23.02,25.0,74.0,22.0,4
fall,2011,8,4,0,4,1,clear,23.02,24.0,78.0,26.0,7
fall,2011,8,5,0,4,1,clear,23.02,24.0,83.0,28.0,26
fall,2011,8,6,0,4,1,clear,23.02,24.0,83.0,22.0,102
fall,2011,8,7,0,4,1,misty,23.96,26.0,79.0,22.0,313
fall,2011,8,8,0,4,1,misty,24.9,28.0,74.0,20.0,484
fall,2011,8,9,0,4,1,misty,25.84,29.0,70.0,20.0,162
fall,2011,8,10,0,4,1,misty,26.78,30.0,66.0,20.0,142
fall,2011,8,11,0,4,1,rain,24.9,28.0,79.0,0.0,151
fall,2011,8,12,0,4,1,rain,24.9,28.0,79.0,0.0,41
fall,2011,8,13,0,4,1,clear,24.9,28.0,79.0,7.0,37
fall,2011,8,14,0,4,1,misty,25.84,30.0,74.0,0.0,113
fall,2011,8,15,0,4,1,misty,26.78,30.0,70.0,0.0,132
fall,2011,8,16,0,4,1,clear,25.84,31.0,84.0,0.0,121
fall,2011,8,17,0,4,1,clear,25.84,31.0,84.0,0.0,312
fall,2011,8,18,0,4,1,misty,25.84,31.0,84.0,9.0,408
fall,2011,8,19,0,4,1,misty,23.02,24.0,78.0,22.0,272
fall,2011,8,20,0,4,1,clear,22.08,23.0,78.0,24.0,225
fall,2011,8,21,0,4,1,clear,22.08,23.0,78.0,19.0,187
fall,2011,8,22,0,4,1,clear,21.14,22.0,83.0,0.0,147
fall,2011,8,23,0,4,1,clear,21.14,22.0,83.0,6.0,84
fall,2011,8,0,0,5,1,clear,21.14,22.0,83.0,9.0,51
fall,2011,8,1,0,5,1,clear,21.14,22.0,83.0,0.0,23
fall,2011,8,2,0,5,1,clear,21.14,21.0,88.0,9.0,20
fall,2011,8,3,0,5,1,clear,20.2,20.0,88.0,7.0,11
fall,2011,8,4,0,5,1,clear,21.14,21.0,88.0,0.0,8
fall,2011,8,5,0,5,1,misty,21.14,21.0,88.0,0.0,26
fall,2011,8,6,0,5,1,clear,21.14,21.0,88.0,0.0,105
fall,2011,8,7,0,5,1,clear,22.08,22.0,83.0,0.0,266
fall,2011,8,8,0,5,1,clear,23.02,24.0,83.0,7.0,404
fall,2011,8,9,0,5,1,clear,24.9,28.0,74.0,0.0,230
fall,2011,8,10,0,5,1,clear,26.78,30.0,66.0,6.0,123
fall,2011,8,11,0,5,1,misty,27.72,31.0,62.0,0.0,214
fall,2011,8,12,0,5,1,misty,27.72,32.0,66.0,7.0,243
fall,2011,8,13,0,5,1,misty,28.66,33.0,59.0,7.0,237
fall,2011,8,14,0,5,1,clear,29.6,35.0,59.0,0.0,219
fall,2011,8,15,0,5,1,misty,29.6,35.0,59.0,13.0,249
fall,2011,8,16,0,5,1,clear,28.66,33.0,62.0,7.0,343
fall,2011,8,17,0,5,1,clear,26.78,31.0,74.0,17.0,489
fall,2011,8,18,0,5,1,misty,26.78,31.0,74.0,9.0,410
fall,2011,8,19,0,5,1,clear,25.84,30.0,79.0,7.0,290
fall,2011,8,20,0,5,1,clear,25.84,30.0,79.0,6.0,222
fall,2011,8,21,0,5,1,clear,25.84,30.0,79.0,11.0,190
fall,2011,8,22,0,5,1,clear,25.84,30.0,79.0,7.0,152
fall,2011,8,23,0,5,1,clear,24.9,28.0,84.0,6.0,136
fall,2011,8,0,0,6,0,clear,24.9,28.0,84.0,7.0,145
fall,2011,8,1,0,6,0,clear,24.9,28.0,84.0,11.0,64
fall,2011,8,2,0,6,0,clear,24.9,28.0,84.0,13.0,77
fall,2011,8,3,0,6,0,misty,24.9,28.0,84.0,15.0,30
fall,2011,8,4,0,6,0,misty,24.9,28.0,84.0,15.0,4
fall,2011,8,5,0,6,0,misty,24.9,28.0,84.0,20.0,12
fall,2011,8,6,0,6,0,misty,24.9,28.0,84.0,20.0,18
fall,2011,8,7,0,6,0,misty,24.9,28.0,84.0,24.0,28
fall,2011,8,8,0,6,0,misty,24.9,28.0,84.0,17.0,76
fall,2011,8,9,0,6,0,misty,24.9,28.0,84.0,28.0,156
fall,2011,8,10,0,6,0,misty,24.9,28.0,79.0,31.0,205
fall,2011,8,11,0,6,0,rain,23.02,23.0,89.0,28.0,88
fall,2011,8,12,0,6,0,rain,23.02,24.0,83.0,33.0,76
fall,2011,8,13,0,6,0,rain,23.02,24.0,83.0,26.0,43
fall,2011,8,14,0,6,0,rain,22.08,22.0,89.0,37.0,23
fall,2011,8,15,0,6,0,rain,22.08,22.0,89.0,37.0,30
fall,2011,8,16,0,6,0,rain,22.08,22.0,89.0,35.0,24
fall,2011,8,17,0,6,0,rain,22.08,22.0,89.0,56.0,16
fall,2011,8,7,0,0,0,rain,21.14,22.0,83.0,24.0,1
fall,2011,8,8,0,0,0,rain,21.14,22.0,83.0,28.0,8
fall,2011,8,9,0,0,0,clear,23.02,25.0,74.0,28.0,53
fall,2011,8,10,0,0,0,clear,24.9,27.0,61.0,41.0,142
fall,2011,8,11,0,0,0,clear,24.9,27.0,58.0,26.0,237
fall,2011,8,12,0,0,0,clear,26.78,28.0,51.0,26.0,306
fall,2011,8,13,0,0,0,clear,27.72,29.0,45.0,24.0,431
fall,2011,8,14,0,0,0,clear,28.66,30.0,43.0,28.0,447
fall,2011,8,15,0,0,0,clear,28.66,30.0,43.0,24.0,469
fall,2011,8,16,0,0,0,clear,29.6,31.0,36.0,26.0,491
fall,2011,8,17,0,0,0,clear,27.72,29.0,40.0,20.0,398
fall,2011,8,18,0,0,0,clear,26.78,28.0,42.0,15.0,402
fall,2011,8,19,0,0,0,clear,25.84,28.0,48.0,7.0,387
fall,2011,8,20,0,0,0,clear,25.84,27.0,45.0,7.0,214
fall,2011,8,21,0,0,0,clear,23.02,25.0,61.0,9.0,186
fall,2011,8,22,0,0,0,clear,22.08,24.0,69.0,7.0,98
fall,2011,8,23,0,0,0,clear,21.14,23.0,73.0,7.0,64
fall,2011,8,0,0,1,1,clear,21.14,23.0,73.0,7.0,34
fall,2011,8,1,0,1,1,clear,20.2,23.0,69.0,7.0,20
fall,2011,8,2,0,1,1,clear,20.2,23.0,69.0,13.0,13
fall,2011,8,3,0,1,1,clear,20.2,23.0,69.0,7.0,6
fall,2011,8,4,0,1,1,clear,18.32,19.0,68.0,9.0,3
fall,2011,8,5,0,1,1,clear,18.32,19.0,73.0,9.0,17
fall,2011,8,6,0,1,1,clear,18.32,19.0,73.0,9.0,102
fall,2011,8,7,0,1,1,clear,20.2,24.0,60.0,15.0,284
fall,2011,8,8,0,1,1,clear,21.14,25.0,57.0,17.0,404
fall,2011,8,9,0,1,1,clear,21.14,25.0,53.0,17.0,188
fall,2011,8,10,0,1,1,clear,23.02,25.0,47.0,15.0,115
fall,2011,8,11,0,1,1,clear,23.02,25.0,47.0,11.0,138
fall,2011,8,12,0,1,1,misty,23.96,26.0,44.0,11.0,207
fall,2011,8,13,0,1,1,misty,24.9,26.0,39.0,0.0,218
fall,2011,8,14,0,1,1,clear,24.9,26.0,42.0,0.0,182
fall,2011,8,15,0,1,1,clear,24.9,26.0,42.0,11.0,220
fall,2011,8,16,0,1,1,clear,25.84,27.0,42.0,11.0,282
fall,2011,8,17,0,1,1,misty,24.9,26.0,47.0,15.0,591
fall,2011,8,18,0,1,1,clear,23.02,25.0,47.0,17.0,547
fall,2011,8,19,0,1,1,clear,23.02,25.0,47.0,17.0,367
fall,2011,8,20,0,1,1,clear,22.08,25.0,53.0,11.0,277
fall,2011,8,21,0,1,1,clear,22.08,25.0,53.0,13.0,202
fall,2011,8,22,0,1,1,clear,21.14,25.0,57.0,9.0,142
fall,2011,8,23,0,1,1,clear,20.2,24.0,60.0,6.0,75
fall,2011,8,0,0,2,1,clear,18.32,19.0,73.0,9.0,27
fall,2011,8,1,0,2,1,clear,18.32,19.0,68.0,7.0,13
fall,2011,8,2,0,2,1,clear,17.38,18.0,73.0,7.0,10
fall,2011,8,3,0,2,1,clear,17.38,18.0,73.0,13.0,4
fall,2011,8,4,0,2,1,clear,16.44,17.0,77.0,11.0,6
fall,2011,8,5,0,2,1,clear,16.44,17.0,77.0,6.0,28
fall,2011,8,6,0,2,1,clear,17.38,18.0,73.0,7.0,119
fall,2011,8,7,0,2,1,clear,18.32,19.0,68.0,9.0,357
fall,2011,8,8,0,2,1,clear,21.14,25.0,57.0,9.0,493
fall,2011,8,9,0,2,1,clear,23.02,25.0,50.0,15.0,218
fall,2011,8,10,0,2,1,clear,24.9,26.0,39.0,15.0,137
fall,2011,8,11,0,2,1,clear,25.84,27.0,37.0,13.0,175
fall,2011,8,12,0,2,1,clear,25.84,27.0,37.0,0.0,237
fall,2011,8,13,0,2,1,clear,26.78,27.0,35.0,7.0,229
fall,2011,8,14,0,2,1,clear,26.78,27.0,33.0,11.0,209
fall,2011,8,15,0,2,1,clear,26.78,27.0,35.0,15.0,196
fall,2011,8,16,0,2,1,clear,26.78,27.0,37.0,11.0,337
fall,2011,8,17,0,2,1,clear,25.84,27.0,42.0,13.0,611
fall,2011,8,18,0,2,1,clear,24.9,26.0,45.0,11.0,576
fall,2011,8,19,0,2,1,clear,23.02,25.0,50.0,6.0,465
fall,2011,8,20,0,2,1,clear,23.02,25.0,50.0,0.0,298
fall,2011,8,21,0,2,1,clear,22.08,24.0,65.0,6.0,223
fall,2011,8,22,0,2,1,clear,21.14,24.0,61.0,0.0,143
fall,2011,8,23,0,2,1,clear,21.14,24.0,61.0,0.0,93
fall,2011,8,0,0,3,1,clear,20.2,23.0,69.0,0.0,32
fall,2011,8,1,0,3,1,clear,20.2,23.0,69.0,0.0,15
fall,2011,8,2,0,3,1,clear,18.32,19.0,73.0,0.0,6
fall,2011,8,3,0,3,1,clear,18.32,19.0,78.0,0.0,6
fall,2011,8,4,0,3,1,clear,18.32,19.0,73.0,0.0,5
fall,2011,8,5,0,3,1,clear,17.38,18.0,83.0,6.0,27
fall,2011,8,6,0,3,1,clear,17.38,18.0,77.0,0.0,111
fall,2011,8,7,0,3,1,clear,20.2,22.0,78.0,0.0,328
fall,2011,8,8,0,3,1,clear,21.14,24.0,69.0,0.0,467
fall,2011,8,9,0,3,1,clear,22.08,24.0,69.0,6.0,244
fall,2011,8,10,0,3,1,clear,24.9,26.0,45.0,7.0,138
fall,2011,8,11,0,3,1,clear,25.84,27.0,42.0,9.0,171
fall,2011,8,12,0,3,1,clear,26.78,28.0,43.0,9.0,260
fall,2011,8,13,0,3,1,clear,26.78,27.0,37.0,7.0,221
fall,2011,8,14,0,3,1,clear,26.78,27.0,40.0,9.0,196
fall,2011,8,15,0,3,1,clear,26.78,27.0,40.0,9.0,172
fall,2011,8,16,0,3,1,clear,26.78,28.0,42.0,9.0,309
fall,2011,8,17,0,3,1,clear,25.84,27.0,45.0,9.0,608
fall,2011,8,18,0,3,1,clear,24.9,27.0,51.0,15.0,565
fall,2011,8,19,0,3,1,clear,31.48,35.0,47.0,17.0,446
fall,2011,8,20,0,3,1,clear,23.02,25.0,57.0,9.0,289
fall,2011,8,21,0,3,1,clear,23.02,25.0,61.0,6.0,201
fall,2011,8,22,0,3,1,clear,22.08,24.0,69.0,0.0,157
fall,2011,8,23,0,3,1,clear,20.2,22.0,78.0,7.0,84
fall,2011,9,0,0,4,1,clear,20.2,22.0,78.0,7.0,51
fall,2011,9,1,0,4,1,clear,20.2,23.0,73.0,6.0,21
fall,2011,9,2,0,4,1,clear,19.26,20.0,78.0,6.0,25
fall,2011,9,3,0,4,1,clear,19.26,20.0,78.0,6.0,14
fall,2011,9,4,0,4,1,clear,18.32,19.0,83.0,6.0,7
fall,2011,9,5,0,4,1,clear,18.32,19.0,73.0,6.0,23
fall,2011,9,6,0,4,1,clear,20.2,22.0,78.0,0.0,105
fall,2011,9,7,0,4,1,clear,20.2,22.0,78.0,0.0,342
fall,2011,9,8,0,4,1,clear,21.14,23.0,73.0,9.0,498
fall,2011,9,9,0,4,1,clear,22.08,24.0,69.0,7.0,207
fall,2011,9,10,0,4,1,clear,23.96,26.0,61.0,9.0,138
fall,2011,9,11,0,4,1,clear,25.84,28.0,51.0,9.0,192
fall,2011,9,12,0,4,1,misty,25.84,28.0,51.0,9.0,229
fall,2011,9,13,0,4,1,misty,25.84,28.0,48.0,6.0,219
fall,2011,9,14,0,4,1,rain,25.84,28.0,54.0,17.0,198
fall,2011,9,15,0,4,1,clear,25.84,28.0,51.0,9.0,174
fall,2011,9,16,0,4,1,clear,26.78,28.0,51.0,13.0,308
fall,2011,9,17,0,4,1,clear,25.84,28.0,54.0,17.0,628
fall,2011,9,18,0,4,1,clear,25.84,28.0,54.0,15.0,531
fall,2011,9,19,0,4,1,clear,24.9,27.0,58.0,11.0,443
fall,2011,9,20,0,4,1,clear,23.02,25.0,61.0,15.0,280
fall,2011,9,21,0,4,1,misty,23.02,25.0,57.0,13.0,177
fall,2011,9,22,0,4,1,misty,23.02,25.0,57.0,15.0,179
fall,2011,9,23,0,4,1,clear,22.08,24.0,65.0,17.0,126
fall,2011,9,0,0,5,1,clear,22.08,24.0,65.0,13.0,64
fall,2011,9,1,0,5,1,rain,21.14,23.0,73.0,7.0,32
fall,2011,9,2,0,5,1,rain,21.14,23.0,73.0,7.0,20
fall,2011,9,3,0,5,1,misty,20.2,21.0,83.0,11.0,8
fall,2011,9,4,0,5,1,clear,20.2,21.0,83.0,6.0,4
fall,2011,9,5,0,5,1,misty,20.2,21.0,83.0,9.0,20
fall,2011,9,6,0,5,1,clear,20.2,21.0,83.0,9.0,76
fall,2011,9,7,0,5,1,clear,20.2,21.0,83.0,7.0,259
fall,2011,9,8,0,5,1,clear,21.14,23.0,78.0,13.0,456
fall,2011,9,9,0,5,1,misty,21.14,22.0,83.0,7.0,220
fall,2011,9,10,0,5,1,misty,22.08,24.0,76.0,11.0,140
fall,2011,9,11,0,5,1,misty,23.02,25.0,74.0,7.0,192
fall,2011,9,12,0,5,1,misty,23.02,25.0,69.0,15.0,260
fall,2011,9,13,0,5,1,misty,23.96,26.0,65.0,9.0,279
fall,2011,9,14,0,5,1,misty,24.9,27.0,61.0,7.0,283
fall,2011,9,15,0,5,1,misty,24.9,27.0,61.0,17.0,346
fall,2011,9,16,0,5,1,misty,24.9,27.0,61.0,9.0,381
fall,2011,9,17,0,5,1,misty,23.96,26.0,65.0,11.0,455
fall,2011,9,18,0,5,1,misty,23.96,26.0,65.0,13.0,355
fall,2011,9,19,0,5,1,clear,23.02,25.0,69.0,9.0,287
fall,2011,9,20,0,5,1,clear,22.08,24.0,73.0,0.0,196
fall,2011,9,21,0,5,1,misty,22.08,24.0,73.0,6.0,149
fall,2011,9,22,0,5,1,misty,22.08,24.0,73.0,11.0,147
fall,2011,9,23,0,5,1,misty,22.08,24.0,73.0,11.0,98
fall,2011,9,0,0,6,0,misty,22.08,24.0,73.0,7.0,87
fall,2011,9,1,0,6,0,misty,22.08,24.0,69.0,17.0,74
fall,2011,9,2,0,6,0,misty,22.08,24.0,69.0,15.0,41
fall,2011,9,3,0,6,0,clear,21.14,23.0,73.0,11.0,35
fall,2011,9,4,0,6,0,clear,21.14,23.0,73.0,11.0,7
fall,2011,9,5,0,6,0,clear,21.14,24.0,69.0,13.0,12
fall,2011,9,6,0,6,0,clear,21.14,23.0,73.0,11.0,23
fall,2011,9,7,0,6,0,clear,21.14,23.0,73.0,13.0,38
fall,2011,9,8,0,6,0,clear,22.08,24.0,69.0,11.0,89
fall,2011,9,9,0,6,0,misty,23.02,25.0,69.0,17.0,201
fall,2011,9,10,0,6,0,rain,23.02,25.0,65.0,17.0,258
fall,2011,9,11,0,6,0,rain,23.02,25.0,69.0,19.0,194
fall,2011,9,12,0,6,0,clear,24.9,27.0,61.0,15.0,257
fall,2011,9,13,0,6,0,clear,24.9,27.0,65.0,15.0,353
fall,2011,9,14,0,6,0,misty,25.84,29.0,66.0,11.0,380
fall,2011,9,15,0,6,0,clear,25.84,29.0,70.0,11.0,388
fall,2011,9,16,0,6,0,clear,25.84,29.0,70.0,13.0,374
fall,2011,9,17,0,6,0,clear,25.84,29.0,70.0,15.0,371
fall,2011,9,18,0,6,0,clear,25.84,29.0,70.0,11.0,339
fall,2011,9,19,0,6,0,clear,24.9,28.0,74.0,9.0,295
fall,2011,9,20,0,6,0,clear,24.9,28.0,79.0,11.0,219
fall,2011,9,21,0,6,0,clear,23.96,26.0,83.0,9.0,164
fall,2011,9,22,0,6,0,clear,23.96,26.0,83.0,7.0,162
fall,2011,9,23,0,6,0,clear,23.02,25.0,85.0,9.0,123
fall,2011,9,0,0,0,0,clear,23.02,23.0,89.0,13.0,109
fall,2011,9,1,0,0,0,clear,23.02,24.0,83.0,9.0,75
fall,2011,9,2,0,0,0,clear,23.02,24.0,83.0,13.0,60
fall,2011,9,3,0,0,0,clear,22.08,22.0,89.0,13.0,43
fall,2011,9,4,0,0,0,clear,22.08,22.0,83.0,11.0,4
fall,2011,9,5,0,0,0,clear,22.08,22.0,83.0,9.0,6
fall,2011,9,6,0,0,0,clear,22.08,22.0,84.0,15.0,3
fall,2011,9,7,0,0,0,clear,23.02,24.0,78.0,13.0,30
fall,2011,9,8,0,0,0,clear,23.02,24.0,78.0,11.0,70
fall,2011,9,9,0,0,0,clear,23.02,24.0,78.0,11.0,189
fall,2011,9,10,0,0,0,clear,24.9,28.0,74.0,9.0,297
fall,2011,9,11,0,0,0,clear,26.78,30.0,70.0,11.0,337
fall,2011,9,12,0,0,0,clear,27.72,32.0,66.0,11.0,435
fall,2011,9,13,0,0,0,misty,28.66,33.0,62.0,19.0,419
fall,2011,9,14,0,0,0,clear,28.66,34.0,66.0,22.0,361
fall,2011,9,15,0,0,0,clear,28.66,34.0,66.0,19.0,410
fall,2011,9,16,0,0,0,clear,29.6,35.0,59.0,15.0,337
fall,2011,9,17,0,0,0,clear,27.72,32.0,66.0,15.0,376
fall,2011,9,18,0,0,0,clear,27.72,32.0,66.0,13.0,356
fall,2011,9,19,0,0,0,clear,26.78,30.0,70.0,13.0,328
fall,2011,9,20,0,0,0,clear,26.78,30.0,70.0,20.0,229
fall,2011,9,21,0,0,0,clear,25.84,30.0,74.0,17.0,207
fall,2011,9,22,0,0,0,misty,25.84,30.0,74.0,19.0,155
fall,2011,9,23,0,0,0,misty,25.84,29.0,70.0,11.0,104
fall,2011,9,0,1,1,0,misty,24.9,28.0,74.0,15.0,97
fall,2011,9,1,1,1,0,misty,23.96,26.0,79.0,7.0,54
fall,2011,9,2,1,1,0,misty,23.96,26.0,79.0,11.0,39
fall,2011,9,3,1,1,0,misty,23.96,26.0,74.0,20.0,16
fall,2011,9,4,1,1,0,misty,23.96,26.0,69.0,19.0,8
fall,2011,9,5,1,1,0,misty,23.02,25.0,74.0,11.0,6
fall,2011,9,6,1,1,0,misty,23.02,25.0,74.0,9.0,11
fall,2011,9,7,1,1,0,clear,23.02,25.0,74.0,11.0,41
fall,2011,9,8,1,1,0,misty,23.02,24.0,78.0,13.0,101
fall,2011,9,9,1,1,0,rain,23.96,26.0,74.0,11.0,152
fall,2011,9,10,1,1,0,misty,24.9,27.0,70.0,11.0,244
fall,2011,9,11,1,1,0,misty,24.9,28.0,74.0,11.0,308
fall,2011,9,12,1,1,0,misty,25.84,29.0,70.0,13.0,353
fall,2011,9,13,1,1,0,misty,26.78,30.0,70.0,9.0,389
fall,2011,9,14,1,1,0,clear,26.78,30.0,70.0,11.0,357
fall,2011,9,15,1,1,0,misty,23.96,26.0,79.0,19.0,253
fall,2011,9,16,1,1,0,misty,23.96,26.0,79.0,19.0,284
fall,2011,9,17,1,1,0,misty,23.02,23.0,89.0,7.0,114
fall,2011,9,18,1,1,0,clear,23.02,23.0,89.0,6.0,123
fall,2011,9,19,1,1,0,rain,23.02,23.0,94.0,7.0,175
fall,2011,9,20,1,1,0,rain,23.02,23.0,94.0,17.0,82
fall,2011,9,21,1,1,0,misty,23.02,23.0,94.0,20.0,60
fall,2011,9,22,1,1,0,misty,20.2,20.0,88.0,39.0,64
fall,2011,9,23,1,1,0,rain,18.32,19.0,88.0,26.0,20
fall,2011,9,0,0,2,1,rain,17.38,18.0,94.0,24.0,8
fall,2011,9,2,0,2,1,rain,17.38,18.0,94.0,17.0,2
fall,2011,9,3,0,2,1,rain,17.38,18.0,94.0,20.0,1
fall,2011,9,4,0,2,1,misty,17.38,18.0,94.0,20.0,4
fall,2011,9,5,0,2,1,rain,17.38,18.0,88.0,24.0,21
fall,2011,9,6,0,2,1,misty,17.38,18.0,88.0,22.0,72
fall,2011,9,7,0,2,1,misty,17.38,18.0,83.0,24.0,172
fall,2011,9,8,0,2,1,rain,17.38,18.0,83.0,26.0,364
fall,2011,9,9,0,2,1,misty,17.38,18.0,81.0,28.0,185
fall,2011,9,10,0,2,1,rain,17.38,18.0,83.0,24.0,106
fall,2011,9,11,0,2,1,rain,17.38,18.0,83.0,26.0,89
fall,2011,9,12,0,2,1,rain,17.38,18.0,83.0,26.0,67
fall,2011,9,13,0,2,1,rain,17.38,18.0,88.0,20.0,29
fall,2011,9,14,0,2,1,rain,17.38,18.0,88.0,19.0,24
fall,2011,9,15,0,2,1,rain,17.38,18.0,94.0,26.0,89
fall,2011,9,16,0,2,1,rain,17.38,18.0,94.0,26.0,106
fall,2011,9,17,0,2,1,misty,17.38,18.0,88.0,26.0,291
fall,2011,9,18,0,2,1,misty,17.38,18.0,88.0,26.0,373
fall,2011,9,19,0,2,1,misty,17.38,18.0,88.0,28.0,281
fall,2011,9,20,0,2,1,rain,17.38,18.0,88.0,20.0,163
fall,2011,9,21,0,2,1,rain,17.38,18.0,88.0,19.0,121
fall,2011,9,22,0,2,1,misty,17.38,18.0,94.0,22.0,84
fall,2011,9,23,0,2,1,rain,17.38,18.0,94.0,17.0,58
fall,2011,9,0,0,3,1,misty,17.38,18.0,94.0,15.0,13
fall,2011,9,1,0,3,1,rain,17.38,18.0,94.0,17.0,5
fall,2011,9,2,0,3,1,misty,17.38,18.0,94.0,15.0,6
fall,2011,9,3,0,3,1,rain,18.32,19.0,94.0,9.0,2
fall,2011,9,4,0,3,1,rain,18.32,19.0,94.0,11.0,4
fall,2011,9,5,0,3,1,misty,18.32,19.0,100.0,9.0,16
fall,2011,9,6,0,3,1,rain,20.2,20.0,88.0,7.0,75
fall,2011,9,7,0,3,1,rain,20.2,20.0,88.0,6.0,86
fall,2011,9,8,0,3,1,rain,21.14,20.0,94.0,6.0,328
fall,2011,9,9,0,3,1,rain,20.2,20.0,88.0,9.0,190
fall,2011,9,10,0,3,1,rain,20.2,20.0,88.0,9.0,66
fall,2011,9,11,0,3,1,rain,20.2,18.0,94.0,0.0,10
fall,2011,9,12,0,3,1,rain,18.32,19.0,94.0,0.0,22
fall,2011,9,13,0,3,1,rain,20.2,20.0,88.0,0.0,11
fall,2011,9,14,0,3,1,rain,20.2,18.0,93.0,0.0,25
fall,2011,9,15,0,3,1,rain,21.14,20.0,94.0,7.0,58
fall,2011,9,16,0,3,1,clear,22.08,22.0,89.0,0.0,144
fall,2011,9,17,0,3,1,rain,22.08,22.0,89.0,0.0,285
fall,2011,9,18,0,3,1,rain,22.08,22.0,89.0,0.0,237
fall,2011,9,19,0,3,1,misty,22.08,22.0,89.0,0.0,226
fall,2011,9,20,0,3,1,rain,22.08,22.0,89.0,6.0,96
fall,2011,9,21,0,3,1,rain,22.08,22.0,89.0,6.0,38
fall,2011,9,22,0,3,1,rain,21.14,20.0,94.0,11.0,29
fall,2011,9,23,0,3,1,rain,21.14,20.0,94.0,13.0,24
fall,2011,9,0,0,4,1,rain,20.2,17.0,100.0,13.0,14
fall,2011,9,1,0,4,1,rain,21.14,20.0,94.0,7.0,4
fall,2011,9,3,0,4,1,rain,21.14,20.0,94.0,0.0,2
fall,2011,9,4,0,4,1,misty,21.14,20.0,94.0,6.0,3
fall,2011,9,5,0,4,1,rain,21.14,20.0,94.0,6.0,14
fall,2011,9,6,0,4,1,rain,21.14,20.0,94.0,11.0,56
fall,2011,9,7,0,4,1,rain,21.14,20.0,94.0,7.0,179
fall,2011,9,8,0,4,1,rain,21.14,20.0,94.0,9.0,195
fall,2011,9,9,0,4,1,misty,21.14,18.0,100.0,17.0,69
fall,2011,9,10,0,4,1,misty,22.08,21.0,94.0,7.0,65
fall,2011,9,11,0,4,1,misty,22.08,21.0,94.0,15.0,98
fall,2011,9,12,0,4,1,misty,23.02,23.0,94.0,15.0,102
fall,2011,9,13,0,4,1,misty,23.96,26.0,83.0,26.0,126
fall,2011,9,14,0,4,1,misty,24.9,28.0,79.0,24.0,120
fall,2011,9,15,0,4,1,rain,23.02,23.0,89.0,20.0,139
fall,2011,9,16,0,4,1,rain,22.08,21.0,94.0,19.0,156
fall,2011,9,17,0,4,1,rain,22.08,21.0,94.0,19.0,113
fall,2011,9,18,0,4,1,rain,22.08,21.0,94.0,24.0,68
fall,2011,9,19,0,4,1,rain,21.14,18.0,100.0,22.0,52
fall,2011,9,20,0,4,1,misty,21.14,20.0,94.0,11.0,89
fall,2011,9,21,0,4,1,rain,22.08,21.0,94.0,7.0,82
fall,2011,9,22,0,4,1,rain,21.14,18.0,100.0,6.0,70
fall,2011,9,23,0,4,1,rain,21.14,18.0,100.0,6.0,26
fall,2011,9,0,0,5,1,rain,22.08,21.0,94.0,13.0,16
fall,2011,9,1,0,5,1,misty,21.14,18.0,100.0,11.0,8
fall,2011,9,2,0,5,1,misty,21.14,18.0,100.0,17.0,8
fall,2011,9,3,0,5,1,misty,21.14,20.0,94.0,17.0,2
fall,2011,9,4,0,5,1,rain,21.14,20.0,94.0,11.0,3
fall,2011,9,5,0,5,1,misty,21.14,20.0,94.0,9.0,14
fall,2011,9,6,0,5,1,misty,21.14,18.0,100.0,9.0,57
fall,2011,9,7,0,5,1,rain,21.14,18.0,100.0,17.0,108
fall,2011,9,8,0,5,1,rain,21.14,20.0,94.0,11.0,288
fall,2011,9,9,0,5,1,rain,21.14,20.0,94.0,11.0,136
fall,2011,9,10,0,5,1,misty,21.14,18.0,100.0,0.0,29
fall,2011,9,11,0,5,1,misty,21.14,20.0,94.0,0.0,72
fall,2011,9,12,0,5,1,clear,22.08,21.0,94.0,0.0,75
fall,2011,9,13,0,5,1,clear,24.9,28.0,79.0,6.0,122
fall,2011,9,14,0,5,1,clear,25.84,30.0,74.0,6.0,148
fall,2011,9,15,0,5,1,clear,26.78,30.0,66.0,0.0,188
fall,2011,9,16,0,5,1,clear,26.78,30.0,66.0,9.0,285
fall,2011,9,17,0,5,1,clear,24.9,28.0,79.0,17.0,505
fall,2011,9,18,0,5,1,clear,24.9,28.0,79.0,13.0,410
fall,2011,9,19,0,5,1,clear,23.02,23.0,89.0,11.0,349
fall,2011,9,20,0,5,1,clear,22.08,21.0,94.0,6.0,210
fall,2011,9,21,0,5,1,clear,23.02,23.0,89.0,0.0,203
fall,2011,9,22,0,5,1,clear,21.14,20.0,94.0,0.0,160
fall,2011,9,23,0,5,1,clear,21.14,20.0,94.0,6.0,148
fall,2011,9,0,0,6,0,clear,21.14,20.0,94.0,0.0,116
fall,2011,9,1,0,6,0,misty,21.14,20.0,94.0,0.0,83
fall,2011,9,2,0,6,0,misty,20.2,17.0,97.0,7.0,64
fall,2011,9,3,0,6,0,clear,19.26,20.0,100.0,9.0,37
fall,2011,9,4,0,6,0,clear,19.26,20.0,94.0,6.0,7
fall,2011,9,5,0,6,0,clear,19.26,20.0,94.0,9.0,8
fall,2011,9,6,0,6,0,clear,19.26,20.0,94.0,11.0,6
fall,2011,9,7,0,6,0,clear,20.2,20.0,88.0,9.0,52
fall,2011,9,8,0,6,0,clear,21.14,22.0,83.0,11.0,119
fall,2011,9,9,0,6,0,clear,22.08,23.0,78.0,20.0,207
fall,2011,9,10,0,6,0,clear,24.9,27.0,65.0,17.0,318
fall,2011,9,11,0,6,0,clear,25.84,29.0,62.0,17.0,360
fall,2011,9,12,0,6,0,clear,25.84,29.0,62.0,15.0,404
fall,2011,9,13,0,6,0,clear,26.78,29.0,55.0,19.0,370
fall,2011,9,14,0,6,0,clear,26.78,29.0,55.0,19.0,359
fall,2011,9,15,0,6,0,clear,26.78,29.0,55.0,15.0,480
fall,2011,9,16,0,6,0,clear,26.78,29.0,55.0,13.0,431
fall,2011,9,17,0,6,0,clear,26.78,29.0,55.0,15.0,460
fall,2011,9,18,0,6,0,clear,25.84,28.0,58.0,13.0,360
fall,2011,9,19,0,6,0,clear,24.9,27.0,58.0,9.0,315
fall,2011,9,20,0,6,0,clear,23.02,25.0,69.0,7.0,245
fall,2011,9,21,0,6,0,clear,22.08,23.0,78.0,6.0,230
fall,2011,9,22,0,6,0,clear,22.08,23.0,78.0,0.0,175
fall,2011,9,23,0,6,0,misty,21.14,21.0,88.0,0.0,139
fall,2011,9,0,0,0,0,clear,21.14,21.0,88.0,0.0,108
fall,2011,9,1,0,0,0,misty,21.14,21.0,88.0,0.0,88
fall,2011,9,2,0,0,0,misty,21.14,23.0,78.0,13.0,76
fall,2011,9,3,0,0,0,misty,21.14,23.0,78.0,6.0,45
fall,2011,9,4,0,0,0,clear,20.2,21.0,83.0,9.0,9
fall,2011,9,5,0,0,0,clear,20.2,21.0,83.0,9.0,39
fall,2011,9,6,0,0,0,clear,19.26,20.0,88.0,7.0,20
fall,2011,9,7,0,0,0,clear,20.2,20.0,88.0,0.0,37
fall,2011,9,8,0,0,0,clear,22.08,23.0,78.0,0.0,94
fall,2011,9,9,0,0,0,clear,23.02,25.0,74.0,0.0,227
fall,2011,9,10,0,0,0,clear,24.9,27.0,65.0,0.0,334
fall,2011,9,11,0,0,0,clear,24.9,27.0,65.0,0.0,402
fall,2011,9,12,0,0,0,clear,24.9,27.0,65.0,0.0,411
fall,2011,9,13,0,0,0,clear,26.78,29.0,58.0,7.0,350
fall,2011,9,14,0,0,0,clear,25.84,28.0,58.0,19.0,342
fall,2011,9,15,0,0,0,clear,26.78,28.0,51.0,20.0,404
fall,2011,9,16,0,0,0,clear,25.84,28.0,51.0,20.0,483
fall,2011,9,17,0,0,0,clear,25.84,28.0,51.0,9.0,380
fall,2011,9,18,0,0,0,clear,23.96,26.0,65.0,20.0,339
fall,2011,9,19,0,0,0,clear,22.08,24.0,69.0,7.0,333
fall,2011,9,20,0,0,0,clear,21.14,23.0,73.0,7.0,226
fall,2011,9,21,0,0,0,clear,22.08,24.0,69.0,0.0,159
fall,2011,9,22,0,0,0,clear,21.14,24.0,69.0,26.0,95
fall,2011,9,23,0,0,0,rain,19.26,20.0,78.0,6.0,45
fall,2011,9,0,0,1,1,clear,18.32,19.0,88.0,6.0,16
fall,2011,9,1,0,1,1,clear,18.32,19.0,88.0,0.0,12
fall,2011,9,2,0,1,1,clear,18.32,19.0,88.0,0.0,2
fall,2011,9,4,0,1,1,clear,17.38,18.0,94.0,7.0,4
fall,2011,9,5,0,1,1,clear,18.32,19.0,83.0,0.0,24
fall,2011,9,6,0,1,1,clear,18.32,19.0,83.0,0.0,109
fall,2011,9,7,0,1,1,clear,19.26,20.0,83.0,0.0,312
fall,2011,9,8,0,1,1,clear,20.2,22.0,78.0,6.0,408
fall,2011,9,9,0,1,1,clear,22.08,24.0,69.0,0.0,176
fall,2011,9,10,0,1,1,clear,23.96,26.0,62.0,11.0,129
fall,2011,9,11,0,1,1,clear,24.9,27.0,58.0,13.0,165
fall,2011,9,12,0,1,1,clear,25.84,28.0,51.0,13.0,184
fall,2011,9,13,0,1,1,clear,25.84,28.0,54.0,7.0,163
fall,2011,9,14,0,1,1,clear,26.78,28.0,51.0,11.0,189
fall,2011,9,15,0,1,1,clear,26.78,28.0,48.0,6.0,212
fall,2011,9,16,0,1,1,clear,25.84,28.0,48.0,0.0,298
fall,2011,9,17,0,1,1,clear,25.84,28.0,51.0,11.0,590
fall,2011,9,18,0,1,1,clear,24.9,27.0,54.0,13.0,571
fall,2011,9,19,0,1,1,clear,23.96,26.0,57.0,9.0,436
fall,2011,9,20,0,1,1,clear,23.02,25.0,65.0,0.0,299
fall,2011,9,21,0,1,1,clear,22.08,24.0,73.0,6.0,195
fall,2011,9,22,0,1,1,clear,21.14,22.0,83.0,11.0,150
fall,2011,9,23,0,1,1,clear,21.14,22.0,83.0,7.0,69
fall,2011,9,0,0,2,1,clear,20.2,20.0,88.0,7.0,26
fall,2011,9,1,0,2,1,clear,19.26,20.0,83.0,7.0,10
fall,2011,9,2,0,2,1,clear,20.2,22.0,78.0,0.0,2
fall,2011,9,3,0,2,1,clear,19.26,20.0,83.0,0.0,4
fall,2011,9,4,0,2,1,clear,18.32,19.0,88.0,0.0,8
fall,2011,9,5,0,2,1,clear,18.32,19.0,88.0,0.0,20
fall,2011,9,6,0,2,1,clear,18.32,19.0,88.0,7.0,122
fall,2011,9,7,0,2,1,clear,19.26,20.0,83.0,6.0,362
fall,2011,9,8,0,2,1,clear,20.2,21.0,81.0,7.0,425
fall,2011,9,9,0,2,1,clear,22.08,24.0,69.0,6.0,214
fall,2011,9,10,0,2,1,clear,23.96,26.0,69.0,9.0,135
fall,2011,9,11,0,2,1,clear,24.9,27.0,61.0,11.0,153
fall,2011,9,12,0,2,1,clear,25.84,28.0,58.0,15.0,187
fall,2011,9,13,0,2,1,clear,26.78,28.0,51.0,19.0,184
fall,2011,9,14,0,2,1,clear,26.78,28.0,51.0,22.0,190
fall,2011,9,15,0,2,1,clear,26.78,28.0,51.0,20.0,180
fall,2011,9,16,0,2,1,clear,26.78,28.0,51.0,15.0,292
fall,2011,9,17,0,2,1,clear,26.78,28.0,51.0,15.0,579
fall,2011,9,18,0,2,1,clear,24.9,27.0,61.0,11.0,539
fall,2011,9,19,0,2,1,clear,23.96,26.0,69.0,11.0,396
fall,2011,9,20,0,2,1,clear,23.02,25.0,74.0,13.0,272
fall,2011,9,21,0,2,1,clear,22.08,23.0,78.0,11.0,245
fall,2011,9,22,0,2,1,clear,22.08,23.0,78.0,9.0,144
fall,2011,9,23,0,2,1,clear,22.08,23.0,78.0,7.0,74
fall,2011,9,0,0,3,1,clear,21.14,23.0,78.0,6.0,33
fall,2011,9,1,0,3,1,clear,21.14,23.0,78.0,6.0,8
fall,2011,9,2,0,3,1,clear,20.2,21.0,83.0,0.0,5
fall,2011,9,3,0,3,1,clear,20.2,20.0,88.0,9.0,8
fall,2011,9,4,0,3,1,clear,20.2,21.0,83.0,6.0,9
fall,2011,9,5,0,3,1,clear,19.26,20.0,88.0,7.0,31
fall,2011,9,6,0,3,1,clear,19.26,20.0,88.0,7.0,145
fall,2011,9,7,0,3,1,clear,20.2,21.0,83.0,7.0,370
fall,2011,9,8,0,3,1,clear,21.14,22.0,83.0,11.0,429
fall,2011,9,9,0,3,1,clear,22.08,23.0,78.0,11.0,202
fall,2011,9,10,0,3,1,clear,24.9,27.0,70.0,9.0,142
fall,2011,9,11,0,3,1,clear,25.84,29.0,66.0,11.0,164
fall,2011,9,12,0,3,1,clear,26.78,29.0,58.0,15.0,212
fall,2011,9,13,0,3,1,clear,27.72,30.0,55.0,17.0,178
fall,2011,9,14,0,3,1,clear,28.66,31.0,52.0,15.0,124
fall,2011,9,15,0,3,1,clear,28.66,31.0,49.0,17.0,176
fall,2011,9,16,0,3,1,clear,27.72,30.0,52.0,19.0,277
fall,2011,9,17,0,3,1,clear,27.72,30.0,52.0,19.0,599
fall,2011,9,18,0,3,1,clear,25.84,29.0,62.0,11.0,586
fall,2011,9,19,0,3,1,misty,24.9,27.0,70.0,7.0,381
fall,2011,9,20,0,3,1,misty,25.84,28.0,58.0,28.0,261
fall,2011,9,21,0,3,1,misty,23.02,25.0,65.0,15.0,213
fall,2011,9,22,0,3,1,misty,23.02,25.0,65.0,9.0,160
fall,2011,9,23,0,3,1,misty,22.08,24.0,69.0,7.0,72
fall,2011,9,0,0,4,1,clear,22.08,24.0,69.0,9.0,37
fall,2011,9,1,0,4,1,clear,22.08,24.0,69.0,11.0,20
fall,2011,9,2,0,4,1,clear,21.14,23.0,73.0,7.0,5
fall,2011,9,3,0,4,1,clear,21.14,23.0,73.0,6.0,8
fall,2011,9,4,0,4,1,clear,20.2,22.0,78.0,7.0,7
fall,2011,9,5,0,4,1,clear,20.2,22.0,78.0,0.0,31
fall,2011,9,6,0,4,1,misty,20.2,21.0,83.0,17.0,124
fall,2011,9,7,0,4,1,misty,21.14,23.0,78.0,13.0,338
fall,2011,9,8,0,4,1,clear,22.08,24.0,73.0,9.0,391
fall,2011,9,9,0,4,1,misty,22.08,24.0,73.0,24.0,209
fall,2011,9,10,0,4,1,misty,23.02,25.0,69.0,17.0,121
fall,2011,9,11,0,4,1,misty,23.96,26.0,65.0,9.0,159
fall,2011,9,12,0,4,1,misty,23.02,25.0,69.0,20.0,179
fall,2011,9,13,0,4,1,misty,22.08,24.0,65.0,19.0,189
fall,2011,9,14,0,4,1,misty,22.08,24.0,65.0,28.0,170
fall,2011,9,15,0,4,1,misty,20.2,23.0,69.0,28.0,135
fall,2011,9,16,0,4,1,misty,17.38,18.0,77.0,31.0,222
fall,2011,9,17,0,4,1,rain,14.56,15.0,82.0,31.0,261
fall,2011,9,18,0,4,1,rain,14.56,15.0,67.0,41.0,244
fall,2011,9,19,0,4,1,clear,13.62,14.0,67.0,31.0,232
fall,2011,9,20,0,4,1,clear,13.62,14.0,63.0,22.0,248
fall,2011,9,21,0,4,1,clear,13.62,14.0,63.0,22.0,145
fall,2011,9,22,0,4,1,clear,12.68,13.0,67.0,19.0,115
fall,2011,9,23,0,4,1,clear,12.68,13.0,67.0,15.0,69
fall,2011,9,0,0,5,1,clear,11.74,12.0,71.0,15.0,48
fall,2011,9,1,0,5,1,clear,11.74,12.0,67.0,13.0,26
fall,2011,9,2,0,5,1,clear,10.8,11.0,71.0,19.0,10
fall,2011,9,3,0,5,1,clear,10.8,11.0,71.0,17.0,6
fall,2011,9,4,0,5,1,clear,10.8,11.0,71.0,19.0,4
fall,2011,9,5,0,5,1,clear,9.86,10.0,76.0,13.0,32
fall,2011,9,6,0,5,1,clear,9.86,10.0,71.0,15.0,93
fall,2011,9,7,0,5,1,clear,10.8,11.0,71.0,19.0,299
fall,2011,9,8,0,5,1,clear,11.74,12.0,67.0,15.0,409
fall,2011,9,9,0,5,1,clear,13.62,14.0,55.0,17.0,210
fall,2011,9,10,0,5,1,misty,15.5,16.0,51.0,19.0,140
fall,2011,9,11,0,5,1,misty,15.5,16.0,51.0,9.0,179
fall,2011,9,12,0,5,1,misty,16.44,17.0,45.0,0.0,251
fall,2011,9,13,0,5,1,misty,17.38,18.0,42.0,0.0,223
fall,2011,9,14,0,5,1,misty,17.38,18.0,45.0,11.0,225
fall,2011,9,15,0,5,1,misty,17.38,18.0,45.0,15.0,203
fall,2011,9,16,0,5,1,misty,16.44,17.0,48.0,11.0,358
fall,2011,9,17,0,5,1,misty,16.44,17.0,48.0,9.0,566
fall,2011,9,18,0,5,1,misty,16.44,17.0,52.0,11.0,482
fall,2011,9,19,0,5,1,misty,15.5,16.0,55.0,11.0,315
fall,2011,9,20,0,5,1,misty,15.5,16.0,55.0,0.0,225
fall,2011,9,21,0,5,1,misty,15.5,16.0,63.0,0.0,163
fall,2011,9,22,0,5,1,clear,14.56,15.0,67.0,6.0,167
fall,2011,9,23,0,5,1,clear,15.5,16.0,59.0,0.0,126
fall,2011,9,0,0,6,0,clear,13.62,14.0,72.0,11.0,108
fall,2011,9,1,0,6,0,clear,13.62,14.0,72.0,7.0,80
fall,2011,9,2,0,6,0,clear,13.62,14.0,82.0,6.0,79
fall,2011,9,3,0,6,0,clear,13.62,14.0,72.0,9.0,28
fall,2011,9,4,0,6,0,clear,13.62,14.0,72.0,9.0,5
fall,2011,9,5,0,6,0,clear,13.62,14.0,72.0,11.0,5
fall,2011,9,6,0,6,0,misty,13.62,14.0,72.0,15.0,22
fall,2011,9,7,0,6,0,misty,13.62,14.0,77.0,13.0,37
fall,2011,9,8,0,6,0,misty,13.62,14.0,77.0,17.0,108
fall,2011,9,9,0,6,0,misty,14.56,15.0,67.0,15.0,177
fall,2011,9,10,0,6,0,misty,15.5,16.0,68.0,19.0,249
fall,2011,9,11,0,6,0,misty,16.44,17.0,68.0,15.0,367
fall,2011,9,12,0,6,0,misty,16.44,17.0,67.0,15.0,372
fall,2011,9,13,0,6,0,misty,16.44,17.0,68.0,13.0,349
fall,2011,9,14,0,6,0,misty,16.44,17.0,72.0,13.0,297
fall,2011,9,15,0,6,0,misty,16.44,17.0,72.0,13.0,354
fall,2011,9,16,0,6,0,clear,17.38,18.0,68.0,17.0,305
fall,2011,9,17,0,6,0,clear,16.44,17.0,72.0,15.0,359
fall,2011,9,18,0,6,0,misty,16.44,17.0,72.0,15.0,329
fall,2011,9,19,0,6,0,clear,16.44,17.0,68.0,9.0,256
fall,2011,9,20,0,6,0,clear,16.44,17.0,68.0,9.0,176
fall,2011,9,21,0,6,0,misty,15.5,16.0,72.0,13.0,170
fall,2011,9,22,0,6,0,clear,15.5,16.0,72.0,15.0,143
fall,2011,9,23,0,6,0,clear,13.62,14.0,82.0,11.0,136
fall,2011,9,0,0,0,0,clear,13.62,14.0,77.0,15.0,112
fall,2011,9,1,0,0,0,clear,13.62,14.0,77.0,15.0,79
fall,2011,9,2,0,0,0,clear,12.68,13.0,82.0,17.0,89
fall,2011,9,3,0,0,0,clear,12.68,13.0,82.0,13.0,36
fall,2011,9,4,0,0,0,clear,12.68,13.0,77.0,15.0,1
fall,2011,9,5,0,0,0,clear,12.68,13.0,77.0,15.0,6
fall,2011,9,6,0,0,0,clear,12.68,13.0,77.0,17.0,12
fall,2011,9,7,0,0,0,clear,13.62,14.0,72.0,15.0,44
fall,2011,9,8,0,0,0,clear,13.62,14.0,72.0,17.0,69
fall,2011,9,9,0,0,0,clear,14.56,15.0,67.0,17.0,140
fall,2011,9,10,0,0,0,clear,15.5,16.0,72.0,11.0,260
fall,2011,9,11,0,0,0,clear,16.44,17.0,68.0,15.0,317
fall,2011,9,12,0,0,0,clear,17.38,18.0,64.0,9.0,364
fall,2011,9,13,0,0,0,clear,18.32,19.0,60.0,9.0,376
fall,2011,9,14,0,0,0,misty,19.26,20.0,56.0,9.0,311
fall,2011,9,15,0,0,0,misty,19.26,20.0,60.0,9.0,365
fall,2011,9,16,0,0,0,misty,18.32,19.0,64.0,11.0,369
fall,2011,9,17,0,0,0,misty,18.32,19.0,64.0,13.0,325
fall,2011,9,18,0,0,0,misty,18.32,19.0,60.0,7.0,289
fall,2011,9,19,0,0,0,misty,17.38,18.0,68.0,7.0,245
fall,2011,9,20,0,0,0,misty,17.38,18.0,68.0,6.0,180
fall,2011,9,21,0,0,0,misty,17.38,18.0,68.0,6.0,147
fall,2011,9,22,0,0,0,misty,17.38,18.0,68.0,6.0,84
fall,2011,9,23,0,0,0,clear,17.38,18.0,68.0,13.0,54
fall,2011,9,0,0,1,1,misty,16.44,17.0,72.0,11.0,37
fall,2011,9,1,0,1,1,misty,16.44,17.0,72.0,7.0,10
fall,2011,9,2,0,1,1,misty,16.44,17.0,72.0,9.0,13
fall,2011,9,3,0,1,1,misty,15.5,16.0,77.0,9.0,5
fall,2011,9,4,0,1,1,misty,15.5,16.0,77.0,11.0,8
fall,2011,9,5,0,1,1,misty,15.5,16.0,77.0,13.0,28
fall,2011,9,6,0,1,1,clear,15.5,16.0,77.0,15.0,113
fall,2011,9,7,0,1,1,misty,15.5,16.0,82.0,15.0,332
fall,2011,9,8,0,1,1,misty,16.44,17.0,77.0,9.0,420
fall,2011,9,9,0,1,1,misty,17.38,18.0,68.0,11.0,215
fall,2011,9,10,0,1,1,misty,18.32,19.0,64.0,9.0,105
fall,2011,9,11,0,1,1,misty,19.26,20.0,64.0,11.0,139
fall,2011,9,12,0,1,1,misty,19.26,20.0,60.0,6.0,189
fall,2011,9,13,0,1,1,misty,20.2,24.0,60.0,0.0,177
fall,2011,9,14,0,1,1,misty,20.2,24.0,60.0,13.0,188
fall,2011,9,15,0,1,1,misty,20.2,24.0,60.0,15.0,187
fall,2011,9,16,0,1,1,misty,20.2,24.0,60.0,11.0,263
fall,2011,9,17,0,1,1,misty,19.26,20.0,64.0,9.0,568
fall,2011,9,18,0,1,1,misty,18.32,19.0,68.0,9.0,540
fall,2011,9,19,0,1,1,misty,18.32,19.0,68.0,7.0,374
fall,2011,9,20,0,1,1,misty,18.32,19.0,68.0,9.0,231
fall,2011,9,21,0,1,1,misty,18.32,19.0,68.0,11.0,200
fall,2011,9,22,0,1,1,misty,18.32,19.0,68.0,11.0,129
fall,2011,9,23,0,1,1,misty,18.32,19.0,73.0,13.0,68
fall,2011,9,0,0,2,1,misty,18.32,19.0,73.0,11.0,25
fall,2011,9,1,0,2,1,misty,17.38,18.0,88.0,11.0,14
fall,2011,9,2,0,2,1,misty,17.38,18.0,88.0,11.0,5
fall,2011,9,3,0,2,1,misty,17.38,18.0,83.0,15.0,3
fall,2011,9,4,0,2,1,clear,17.38,18.0,88.0,13.0,6
fall,2011,9,5,0,2,1,misty,17.38,18.0,88.0,13.0,22
fall,2011,9,6,0,2,1,misty,17.38,18.0,88.0,13.0,114
fall,2011,9,7,0,2,1,misty,17.38,18.0,88.0,11.0,329
fall,2011,9,8,0,2,1,rain,17.38,18.0,94.0,17.0,209
fall,2011,9,9,0,2,1,rain,17.38,18.0,94.0,15.0,69
fall,2011,9,10,0,2,1,rain,18.32,19.0,88.0,11.0,30
fall,2011,9,11,0,2,1,rain,18.32,19.0,88.0,11.0,56
fall,2011,9,12,0,2,1,misty,18.32,19.0,94.0,11.0,60
fall,2011,9,13,0,2,1,misty,18.32,19.0,94.0,9.0,103
fall,2011,9,14,0,2,1,misty,19.26,20.0,88.0,13.0,112
fall,2011,9,15,0,2,1,misty,21.14,23.0,78.0,7.0,192
fall,2011,9,16,0,2,1,misty,20.2,21.0,83.0,11.0,264
fall,2011,9,17,0,2,1,clear,20.2,21.0,83.0,7.0,511
fall,2011,9,18,0,2,1,clear,20.2,21.0,83.0,7.0,492
fall,2011,9,19,0,2,1,clear,19.26,20.0,88.0,0.0,337
fall,2011,9,20,0,2,1,clear,18.32,19.0,94.0,0.0,253
fall,2011,9,21,0,2,1,clear,18.32,19.0,94.0,0.0,206
fall,2011,9,22,0,2,1,clear,18.32,19.0,94.0,0.0,148
fall,2011,9,23,0,2,1,clear,18.32,19.0,94.0,0.0,81
fall,2011,9,0,0,3,1,clear,17.38,18.0,100.0,0.0,27
fall,2011,9,1,0,3,1,clear,17.38,18.0,94.0,0.0,17
fall,2011,9,2,0,3,1,clear,17.38,18.0,94.0,0.0,6
fall,2011,9,3,0,3,1,misty,17.38,18.0,94.0,6.0,6
fall,2011,9,4,0,3,1,misty,17.38,18.0,100.0,9.0,7
fall,2011,9,5,0,3,1,misty,17.38,18.0,100.0,11.0,31
fall,2011,9,6,0,3,1,misty,17.38,18.0,100.0,13.0,117
fall,2011,9,7,0,3,1,misty,17.38,18.0,100.0,13.0,330
fall,2011,9,8,0,3,1,misty,17.38,18.0,100.0,7.0,462
fall,2011,9,9,0,3,1,misty,18.32,19.0,100.0,6.0,208
fall,2011,9,10,0,3,1,misty,20.2,20.0,88.0,0.0,133
fall,2011,9,11,0,3,1,misty,21.14,22.0,83.0,11.0,180
fall,2011,9,12,0,3,1,misty,22.08,23.0,78.0,6.0,193
fall,2011,9,13,0,3,1,misty,23.02,25.0,74.0,11.0,181
fall,2011,9,14,0,3,1,misty,23.02,25.0,74.0,13.0,179
fall,2011,9,15,0,3,1,misty,23.02,25.0,74.0,7.0,185
fall,2011,9,16,0,3,1,misty,23.02,25.0,74.0,7.0,281
fall,2011,9,17,0,3,1,rain,23.02,25.0,74.0,11.0,536
fall,2011,9,18,0,3,1,rain,22.08,22.0,83.0,11.0,408
fall,2011,9,19,0,3,1,rain,21.14,20.0,94.0,0.0,283
fall,2011,9,20,0,3,1,rain,21.14,20.0,94.0,0.0,160
fall,2011,9,21,0,3,1,misty,20.2,17.0,100.0,6.0,200
fall,2011,9,22,0,3,1,misty,21.14,20.0,94.0,0.0,127
fall,2011,9,23,0,3,1,clear,20.2,18.0,94.0,7.0,95
fall,2011,9,0,0,4,1,clear,20.2,18.0,94.0,7.0,41
fall,2011,9,1,0,4,1,misty,20.2,18.0,94.0,6.0,11
fall,2011,9,2,0,4,1,misty,20.2,18.0,94.0,7.0,10
fall,2011,9,3,0,4,1,misty,20.2,18.0,94.0,6.0,12
fall,2011,9,4,0,4,1,misty,20.2,18.0,94.0,6.0,2
fall,2011,9,5,0,4,1,misty,20.2,18.0,94.0,7.0,30
fall,2011,9,6,0,4,1,misty,20.2,17.0,100.0,9.0,101
fall,2011,9,7,0,4,1,misty,20.2,17.0,100.0,7.0,311
fall,2011,9,8,0,4,1,misty,20.2,17.0,100.0,11.0,415
fall,2011,9,9,0,4,1,misty,21.14,20.0,94.0,13.0,203
fall,2011,9,10,0,4,1,misty,22.08,22.0,89.0,15.0,120
fall,2011,9,11,0,4,1,misty,22.08,22.0,89.0,13.0,165
fall,2011,9,12,0,4,1,misty,23.02,24.0,83.0,11.0,176
fall,2011,9,13,0,4,1,misty,23.02,24.0,83.0,13.0,193
fall,2011,9,14,0,4,1,misty,23.02,24.0,83.0,15.0,183
fall,2011,9,15,0,4,1,misty,23.96,26.0,79.0,11.0,181
fall,2011,9,16,0,4,1,misty,23.96,26.0,74.0,9.0,301
fall,2011,9,17,0,4,1,misty,23.02,24.0,78.0,6.0,563
fall,2011,9,18,0,4,1,misty,22.08,22.0,83.0,7.0,551
fall,2011,9,19,0,4,1,misty,22.08,22.0,89.0,6.0,420
fall,2011,9,20,0,4,1,misty,21.14,20.0,94.0,9.0,285
fall,2011,9,21,0,4,1,misty,22.08,22.0,89.0,6.0,221
fall,2011,9,22,0,4,1,misty,21.14,18.0,100.0,6.0,187
fall,2011,9,23,0,4,1,misty,21.14,20.0,94.0,0.0,113
winter,2011,9,0,0,5,1,misty,21.14,20.0,94.0,6.0,52
winter,2011,9,1,0,5,1,misty,20.2,17.0,100.0,0.0,31
winter,2011,9,2,0,5,1,misty,20.2,17.0,100.0,7.0,20
winter,2011,9,3,0,5,1,misty,20.2,17.0,100.0,0.0,8
winter,2011,9,4,0,5,1,rain,20.2,17.0,100.0,0.0,13
winter,2011,9,5,0,5,1,misty,21.14,20.0,94.0,0.0,22
winter,2011,9,6,0,5,1,misty,21.14,20.0,94.0,6.0,104
winter,2011,9,7,0,5,1,rain,21.14,20.0,94.0,9.0,254
winter,2011,9,8,0,5,1,rain,21.14,20.0,94.0,9.0,317
winter,2011,9,9,0,5,1,rain,21.14,18.0,100.0,9.0,111
winter,2011,9,10,0,5,1,rain,21.14,18.0,100.0,7.0,35
winter,2011,9,11,0,5,1,rain,21.14,18.0,100.0,7.0,21
winter,2011,9,12,0,5,1,rain,21.14,20.0,94.0,7.0,29
winter,2011,9,13,0,5,1,rain,20.2,17.0,100.0,6.0,34
winter,2011,9,14,0,5,1,rain,20.2,17.0,100.0,6.0,24
winter,2011,9,15,0,5,1,rain,21.14,20.0,94.0,7.0,61
winter,2011,9,16,0,5,1,rain,21.14,20.0,94.0,0.0,56
winter,2011,9,17,0,5,1,misty,20.2,17.0,100.0,0.0,99
winter,2011,9,18,0,5,1,clear,20.2,17.0,100.0,0.0,234
winter,2011,9,19,0,5,1,clear,21.14,20.0,94.0,9.0,248
winter,2011,9,20,0,5,1,clear,20.2,18.0,94.0,0.0,179
winter,2011,9,21,0,5,1,clear,20.2,17.0,100.0,11.0,138
winter,2011,9,22,0,5,1,clear,20.2,18.0,94.0,11.0,157
winter,2011,9,23,0,5,1,misty,19.26,20.0,100.0,9.0,148
winter,2011,9,0,0,6,0,clear,19.26,20.0,100.0,6.0,93
winter,2011,9,1,0,6,0,misty,19.26,20.0,94.0,6.0,79
winter,2011,9,2,0,6,0,misty,19.26,20.0,94.0,6.0,68
winter,2011,9,3,0,6,0,clear,19.26,20.0,94.0,0.0,31
winter,2011,9,4,0,6,0,clear,18.32,19.0,94.0,7.0,8
winter,2011,9,5,0,6,0,misty,18.32,19.0,94.0,7.0,5
winter,2011,9,6,0,6,0,misty,18.32,19.0,94.0,7.0,18
winter,2011,9,7,0,6,0,misty,18.32,19.0,88.0,7.0,46
winter,2011,9,8,0,6,0,misty,19.26,20.0,90.0,6.0,121
winter,2011,9,9,0,6,0,misty,20.2,20.0,88.0,6.0,175
winter,2011,9,10,0,6,0,misty,20.2,20.0,88.0,6.0,293
winter,2011,9,11,0,6,0,misty,21.14,22.0,83.0,6.0,386
winter,2011,9,12,0,6,0,misty,21.14,22.0,83.0,6.0,407
winter,2011,9,13,0,6,0,clear,22.08,23.0,78.0,0.0,460
winter,2011,9,14,0,6,0,misty,23.02,25.0,74.0,9.0,390
winter,2011,9,15,0,6,0,misty,23.02,25.0,74.0,9.0,452
winter,2011,9,16,0,6,0,misty,22.08,23.0,78.0,6.0,449
winter,2011,9,17,0,6,0,clear,23.02,25.0,74.0,7.0,426
winter,2011,9,18,0,6,0,clear,22.08,23.0,78.0,7.0,400
winter,2011,9,19,0,6,0,clear,21.14,21.0,88.0,0.0,308
winter,2011,9,20,0,6,0,clear,21.14,22.0,83.0,0.0,243
winter,2011,9,21,0,6,0,clear,21.14,22.0,83.0,6.0,222
winter,2011,9,22,0,6,0,misty,21.14,21.0,88.0,0.0,193
winter,2011,9,23,0,6,0,misty,20.2,20.0,88.0,6.0,150
winter,2011,9,0,0,0,0,misty,20.2,20.0,88.0,0.0,173
winter,2011,9,1,0,0,0,misty,20.2,20.0,88.0,7.0,124
winter,2011,9,2,0,0,0,rain,20.2,18.0,94.0,0.0,106
winter,2011,9,3,0,0,0,rain,20.2,18.0,94.0,0.0,59
winter,2011,9,4,0,0,0,rain,20.2,18.0,94.0,9.0,8
winter,2011,9,5,0,0,0,clear,20.2,20.0,88.0,6.0,3
winter,2011,9,6,0,0,0,misty,20.2,20.0,88.0,7.0,17
winter,2011,9,7,0,0,0,misty,20.2,18.0,94.0,9.0,38
winter,2011,9,8,0,0,0,misty,21.14,21.0,88.0,0.0,86
winter,2011,9,9,0,0,0,misty,22.08,22.0,83.0,0.0,155
winter,2011,9,10,0,0,0,misty,22.08,22.0,83.0,0.0,275
winter,2011,9,11,0,0,0,misty,23.02,24.0,78.0,9.0,361
winter,2011,9,12,0,0,0,misty,23.02,24.0,78.0,0.0,413
winter,2011,9,13,0,0,0,misty,23.96,26.0,74.0,0.0,369
winter,2011,9,14,0,0,0,misty,23.02,24.0,78.0,0.0,347
winter,2011,9,15,0,0,0,misty,23.02,24.0,78.0,0.0,353
winter,2011,9,16,0,0,0,clear,24.9,27.0,70.0,0.0,464
winter,2011,9,17,0,0,0,clear,23.96,26.0,74.0,0.0,420
winter,2011,9,18,0,0,0,clear,23.96,26.0,74.0,0.0,404
winter,2011,9,19,0,0,0,clear,22.08,22.0,83.0,9.0,329
winter,2011,9,20,0,0,0,clear,22.08,22.0,83.0,6.0,186
winter,2011,9,21,0,0,0,clear,21.14,20.0,94.0,6.0,137
winter,2011,9,22,0,0,0,clear,21.14,21.0,88.0,6.0,104
winter,2011,9,23,0,0,0,misty,21.14,20.0,94.0,7.0,79
winter,2011,9,0,0,1,1,misty,21.14,20.0,94.0,0.0,29
winter,2011,9,1,0,1,1,misty,21.14,21.0,88.0,7.0,17
winter,2011,9,2,0,1,1,misty,21.14,21.0,88.0,7.0,8
winter,2011,9,3,0,1,1,misty,21.14,20.0,94.0,0.0,5
winter,2011,9,4,0,1,1,misty,21.14,20.0,94.0,6.0,6
winter,2011,9,5,0,1,1,misty,21.14,21.0,88.0,0.0,25
winter,2011,9,6,0,1,1,misty,21.14,20.0,94.0,6.0,113
winter,2011,9,7,0,1,1,misty,21.14,20.0,94.0,0.0,332
winter,2011,9,8,0,1,1,misty,21.14,20.0,94.0,0.0,355
winter,2011,9,9,0,1,1,misty,22.08,22.0,89.0,13.0,205
winter,2011,9,10,0,1,1,misty,22.08,22.0,89.0,13.0,154
winter,2011,9,11,0,1,1,clear,23.96,26.0,79.0,15.0,159
winter,2011,9,12,0,1,1,misty,23.96,26.0,79.0,11.0,209
winter,2011,9,13,0,1,1,misty,24.9,28.0,74.0,11.0,187
winter,2011,9,14,0,1,1,clear,24.9,27.0,70.0,11.0,154
winter,2011,9,15,0,1,1,clear,25.84,29.0,62.0,9.0,209
winter,2011,9,16,0,1,1,clear,24.9,27.0,65.0,11.0,313
winter,2011,9,17,0,1,1,clear,24.9,27.0,70.0,9.0,570
winter,2011,9,18,0,1,1,clear,23.02,24.0,83.0,7.0,553
winter,2011,9,19,0,1,1,clear,23.02,24.0,82.0,6.0,383
winter,2011,9,20,0,1,1,clear,22.08,22.0,89.0,9.0,251
winter,2011,9,21,0,1,1,clear,22.08,22.0,89.0,9.0,182
winter,2011,9,22,0,1,1,clear,21.14,20.0,94.0,9.0,136
winter,2011,9,23,0,1,1,clear,21.14,20.0,94.0,9.0,75
winter,2011,9,0,0,2,1,clear,21.14,20.0,94.0,9.0,37
winter,2011,9,1,0,2,1,clear,21.14,20.0,94.0,11.0,10
winter,2011,9,2,0,2,1,clear,21.14,20.0,94.0,7.0,11
winter,2011,9,3,0,2,1,misty,21.14,20.0,94.0,0.0,10
winter,2011,9,4,0,2,1,rain,21.14,20.0,94.0,6.0,8
winter,2011,9,5,0,2,1,rain,21.14,20.0,94.0,6.0,24
winter,2011,9,6,0,2,1,misty,21.14,20.0,94.0,7.0,124
winter,2011,9,7,0,2,1,misty,21.14,20.0,94.0,7.0,249
winter,2011,9,8,0,2,1,misty,22.08,22.0,89.0,7.0,427
winter,2011,9,9,0,2,1,rain,22.08,22.0,89.0,13.0,193
winter,2011,9,10,0,2,1,rain,22.08,21.0,94.0,11.0,122
winter,2011,9,11,0,2,1,misty,23.02,23.0,89.0,7.0,123
winter,2011,9,12,0,2,1,misty,23.02,23.0,89.0,9.0,162
winter,2011,9,13,0,2,1,misty,24.9,28.0,74.0,15.0,151
winter,2011,9,14,0,2,1,misty,23.96,26.0,79.0,7.0,152
winter,2011,9,15,0,2,1,misty,23.96,26.0,83.0,6.0,205
winter,2011,9,16,0,2,1,misty,23.02,24.0,83.0,13.0,258
winter,2011,9,17,0,2,1,misty,23.02,23.0,89.0,13.0,530
winter,2011,9,18,0,2,1,misty,22.08,22.0,89.0,15.0,356
winter,2011,9,19,0,2,1,misty,22.08,22.0,89.0,9.0,320
winter,2011,9,20,0,2,1,clear,21.14,23.0,78.0,0.0,238
winter,2011,9,21,0,2,1,clear,20.2,21.0,83.0,0.0,196
winter,2011,9,22,0,2,1,clear,20.2,20.0,88.0,6.0,121
winter,2011,9,23,0,2,1,clear,20.2,20.0,88.0,6.0,93
winter,2011,9,0,0,3,1,clear,20.2,20.0,88.0,0.0,36
winter,2011,9,1,0,3,1,clear,20.2,20.0,88.0,0.0,14
winter,2011,9,2,0,3,1,clear,20.2,20.0,88.0,17.0,9
winter,2011,9,3,0,3,1,misty,20.2,18.0,94.0,6.0,3
winter,2011,9,4,0,3,1,clear,20.2,20.0,88.0,0.0,4
winter,2011,9,5,0,3,1,misty,20.2,18.0,94.0,0.0,22
winter,2011,9,6,0,3,1,rain,20.2,18.0,94.0,11.0,114
winter,2011,9,7,0,3,1,rain,20.2,18.0,94.0,11.0,185
winter,2011,9,8,0,3,1,rain,21.14,20.0,94.0,15.0,287
winter,2011,9,9,0,3,1,rain,21.14,20.0,94.0,15.0,155
winter,2011,9,10,0,3,1,misty,21.14,20.0,94.0,0.0,129
winter,2011,9,11,0,3,1,misty,23.02,24.0,83.0,7.0,151
winter,2011,9,12,0,3,1,misty,23.96,26.0,79.0,0.0,184
winter,2011,9,13,0,3,1,clear,24.9,28.0,74.0,17.0,162
winter,2011,9,14,0,3,1,clear,25.84,29.0,62.0,17.0,170
winter,2011,9,15,0,3,1,clear,24.9,27.0,70.0,9.0,181
winter,2011,9,16,0,3,1,clear,24.9,27.0,70.0,13.0,280
winter,2011,9,17,0,3,1,clear,24.9,27.0,70.0,15.0,591
winter,2011,9,18,0,3,1,rain,23.02,24.0,83.0,17.0,524
winter,2011,9,19,0,3,1,rain,23.02,24.0,83.0,17.0,372
winter,2011,9,20,0,3,1,rain,20.2,21.0,83.0,20.0,102
winter,2011,9,21,0,3,1,rain,20.2,20.0,88.0,17.0,74
winter,2011,9,22,0,3,1,clear,20.2,20.0,88.0,6.0,87
winter,2011,9,23,0,3,1,clear,20.2,18.0,94.0,9.0,71
winter,2011,9,0,0,4,1,clear,20.2,18.0,94.0,13.0,40
winter,2011,9,1,0,4,1,misty,20.2,17.0,100.0,13.0,23
winter,2011,9,2,0,4,1,misty,20.2,17.0,100.0,13.0,2
winter,2011,9,3,0,4,1,misty,20.2,18.0,94.0,13.0,8
winter,2011,9,4,0,4,1,misty,20.2,20.0,88.0,13.0,7
winter,2011,9,5,0,4,1,misty,20.2,20.0,88.0,7.0,22
winter,2011,9,6,0,4,1,misty,20.2,20.0,88.0,6.0,111
winter,2011,9,7,0,4,1,clear,20.2,20.0,88.0,9.0,283
winter,2011,9,8,0,4,1,clear,20.2,21.0,83.0,0.0,431
winter,2011,9,9,0,4,1,clear,21.14,23.0,78.0,17.0,225
winter,2011,9,10,0,4,1,clear,22.08,24.0,65.0,13.0,127
winter,2011,9,11,0,4,1,clear,21.14,24.0,61.0,13.0,158
winter,2011,9,12,0,4,1,clear,23.02,25.0,61.0,11.0,195
winter,2011,9,13,0,4,1,clear,22.08,25.0,61.0,13.0,211
winter,2011,9,14,0,4,1,clear,23.96,26.0,51.0,20.0,167
winter,2011,9,15,0,4,1,clear,23.96,26.0,45.0,26.0,227
winter,2011,9,16,0,4,1,clear,23.96,26.0,41.0,24.0,291
winter,2011,9,17,0,4,1,clear,23.02,25.0,47.0,20.0,589
winter,2011,9,18,0,4,1,clear,22.08,25.0,41.0,15.0,584
winter,2011,9,19,0,4,1,clear,21.14,25.0,50.0,6.0,384
winter,2011,9,20,0,4,1,clear,20.2,25.0,53.0,6.0,273
winter,2011,9,21,0,4,1,clear,19.26,20.0,56.0,0.0,225
winter,2011,9,22,0,4,1,clear,18.32,19.0,68.0,0.0,175
winter,2011,9,23,0,4,1,clear,16.44,17.0,77.0,7.0,81
winter,2011,9,0,0,5,1,clear,16.44,17.0,83.0,7.0,60
winter,2011,9,1,0,5,1,clear,16.44,17.0,77.0,6.0,23
winter,2011,9,2,0,5,1,clear,16.44,17.0,83.0,7.0,15
winter,2011,9,3,0,5,1,clear,16.44,17.0,83.0,7.0,3
winter,2011,9,4,0,5,1,clear,16.44,17.0,83.0,13.0,8
winter,2011,9,5,0,5,1,clear,16.44,17.0,83.0,13.0,26
winter,2011,9,6,0,5,1,clear,16.44,17.0,83.0,15.0,98
winter,2011,9,7,0,5,1,clear,16.44,17.0,83.0,15.0,297
winter,2011,9,8,0,5,1,clear,17.38,18.0,77.0,9.0,456
winter,2011,9,9,0,5,1,clear,18.32,19.0,73.0,13.0,237
winter,2011,9,10,0,5,1,clear,20.2,24.0,64.0,0.0,168
winter,2011,9,11,0,5,1,clear,22.08,25.0,57.0,6.0,217
winter,2011,9,12,0,5,1,misty,22.08,25.0,57.0,13.0,254
winter,2011,9,13,0,5,1,misty,23.02,25.0,47.0,22.0,266
winter,2011,9,14,0,5,1,misty,22.08,25.0,47.0,20.0,266
winter,2011,9,15,0,5,1,clear,22.08,25.0,50.0,19.0,245
winter,2011,9,16,0,5,1,clear,21.14,25.0,53.0,15.0,360
winter,2011,9,17,0,5,1,clear,21.14,25.0,53.0,13.0,591
winter,2011,9,18,0,5,1,clear,19.26,20.0,49.0,24.0,511
winter,2011,9,19,0,5,1,clear,17.38,18.0,52.0,19.0,374
winter,2011,9,20,0,5,1,clear,17.38,18.0,52.0,19.0,230
winter,2011,9,21,0,5,1,clear,16.44,17.0,55.0,13.0,206
winter,2011,9,22,0,5,1,clear,16.44,17.0,55.0,22.0,159
winter,2011,9,23,0,5,1,clear,16.44,17.0,55.0,22.0,132
winter,2011,10,0,0,6,0,clear,15.5,16.0,63.0,26.0,130
winter,2011,10,1,0,6,0,clear,14.56,15.0,67.0,22.0,58
winter,2011,10,2,0,6,0,clear,13.62,14.0,63.0,28.0,67
winter,2011,10,3,0,6,0,clear,13.62,14.0,59.0,28.0,25
winter,2011,10,4,0,6,0,clear,12.68,13.0,58.0,28.0,8
winter,2011,10,5,0,6,0,misty,12.68,13.0,62.0,20.0,5
winter,2011,10,6,0,6,0,clear,11.74,12.0,67.0,22.0,19
winter,2011,10,7,0,6,0,rain,11.74,12.0,67.0,17.0,36
winter,2011,10,8,0,6,0,misty,10.8,11.0,76.0,22.0,67
winter,2011,10,9,0,6,0,rain,10.8,11.0,82.0,24.0,129
winter,2011,10,10,0,6,0,rain,10.8,11.0,76.0,24.0,121
winter,2011,10,11,0,6,0,rain,9.86,10.0,82.0,22.0,132
winter,2011,10,12,0,6,0,misty,10.8,11.0,82.0,17.0,158
winter,2011,10,13,0,6,0,misty,10.8,11.0,82.0,22.0,125
winter,2011,10,14,0,6,0,misty,11.74,12.0,71.0,24.0,180
winter,2011,10,15,0,6,0,misty,11.74,12.0,71.0,19.0,195
winter,2011,10,16,0,6,0,misty,10.8,11.0,76.0,20.0,223
winter,2011,10,17,0,6,0,rain,10.8,11.0,76.0,13.0,228
winter,2011,10,18,0,6,0,rain,9.86,10.0,87.0,15.0,140
winter,2011,10,19,0,6,0,misty,9.86,10.0,82.0,13.0,126
winter,2011,10,20,0,6,0,rain,8.92,8.0,87.0,7.0,66
winter,2011,10,21,0,6,0,rain,8.92,8.0,87.0,7.0,56
winter,2011,10,22,0,6,0,misty,8.92,7.0,93.0,15.0,70
winter,2011,10,23,0,6,0,rain,8.92,7.0,93.0,15.0,65
winter,2011,10,0,0,0,0,rain,8.92,6.0,93.0,20.0,47
winter,2011,10,1,0,0,0,rain,7.98,5.0,87.0,17.0,24
winter,2011,10,2,0,0,0,rain,7.98,4.0,87.0,20.0,30
winter,2011,10,3,0,0,0,rain,7.98,5.0,87.0,19.0,9
winter,2011,10,4,0,0,0,misty,7.98,5.0,87.0,17.0,7
winter,2011,10,5,0,0,0,clear,7.04,4.0,87.0,19.0,7
winter,2011,10,6,0,0,0,clear,7.04,5.0,81.0,11.0,15
winter,2011,10,7,0,0,0,clear,7.98,6.0,76.0,13.0,29
winter,2011,10,8,0,0,0,misty,7.98,6.0,76.0,13.0,64
winter,2011,10,9,0,0,0,clear,8.92,6.0,76.0,24.0,115
winter,2011,10,10,0,0,0,misty,8.92,6.0,71.0,19.0,248
winter,2011,10,11,0,0,0,misty,9.86,10.0,66.0,17.0,292
winter,2011,10,12,0,0,0,misty,10.8,11.0,62.0,13.0,321
winter,2011,10,13,0,0,0,rain,10.8,11.0,62.0,15.0,308
winter,2011,10,14,0,0,0,rain,8.92,7.0,81.0,11.0,256
winter,2011,10,15,0,0,0,rain,8.92,6.0,81.0,17.0,173
winter,2011,10,16,0,0,0,rain,8.92,7.0,87.0,13.0,206
winter,2011,10,17,0,0,0,rain,8.92,7.0,87.0,11.0,167
winter,2011,10,18,0,0,0,misty,8.92,7.0,81.0,13.0,174
winter,2011,10,19,0,0,0,misty,9.86,10.0,76.0,11.0,162
winter,2011,10,20,0,0,0,misty,8.92,6.0,76.0,17.0,87
winter,2011,10,21,0,0,0,clear,8.92,7.0,71.0,15.0,88
winter,2011,10,22,0,0,0,rain,8.92,8.0,81.0,6.0,64
winter,2011,10,23,0,0,0,clear,8.92,8.0,81.0,6.0,25
winter,2011,10,0,0,1,1,clear,7.98,7.0,87.0,7.0,16
winter,2011,10,1,0,1,1,clear,8.92,8.0,81.0,6.0,6
winter,2011,10,2,0,1,1,clear,8.92,8.0,76.0,7.0,4
winter,2011,10,3,0,1,1,clear,8.92,9.0,81.0,0.0,7
winter,2011,10,4,0,1,1,clear,7.98,7.0,87.0,7.0,8
winter,2011,10,5,0,1,1,misty,8.92,8.0,76.0,7.0,21
winter,2011,10,6,0,1,1,misty,8.92,9.0,71.0,0.0,94
winter,2011,10,7,0,1,1,misty,8.92,7.0,71.0,9.0,249
winter,2011,10,8,0,1,1,misty,8.92,8.0,71.0,7.0,372
winter,2011,10,9,0,1,1,misty,10.8,11.0,66.0,6.0,153
winter,2011,10,10,0,1,1,misty,10.8,11.0,66.0,7.0,101
winter,2011,10,11,0,1,1,misty,10.8,11.0,71.0,15.0,126
winter,2011,10,12,0,1,1,misty,10.8,11.0,71.0,9.0,147
winter,2011,10,13,0,1,1,rain,11.74,12.0,67.0,11.0,118
winter,2011,10,14,0,1,1,rain,10.8,11.0,76.0,0.0,120
winter,2011,10,15,0,1,1,rain,10.8,11.0,76.0,0.0,101
winter,2011,10,16,0,1,1,misty,10.8,11.0,76.0,7.0,218
winter,2011,10,17,0,1,1,misty,10.8,11.0,76.0,11.0,495
winter,2011,10,18,0,1,1,misty,10.8,11.0,76.0,11.0,412
winter,2011,10,19,0,1,1,clear,10.8,11.0,76.0,0.0,315
winter,2011,10,20,0,1,1,rain,10.8,11.0,82.0,0.0,204
winter,2011,10,21,0,1,1,misty,10.8,11.0,82.0,0.0,138
winter,2011,10,22,0,1,1,misty,10.8,11.0,82.0,0.0,91
winter,2011,10,23,0,1,1,misty,10.8,11.0,82.0,7.0,54
winter,2011,10,0,0,2,1,misty,10.8,11.0,87.0,6.0,27
winter,2011,10,1,0,2,1,misty,10.8,11.0,87.0,7.0,9
winter,2011,10,2,0,2,1,misty,10.8,11.0,87.0,0.0,3
winter,2011,10,3,0,2,1,clear,10.8,11.0,82.0,7.0,6
winter,2011,10,4,0,2,1,clear,10.8,11.0,82.0,6.0,7
winter,2011,10,5,0,2,1,clear,10.8,11.0,82.0,9.0,27
winter,2011,10,6,0,2,1,clear,10.8,11.0,82.0,7.0,112
winter,2011,10,7,0,2,1,clear,11.74,12.0,82.0,19.0,309
winter,2011,10,8,0,2,1,clear,12.68,13.0,77.0,15.0,400
winter,2011,10,9,0,2,1,clear,13.62,14.0,67.0,17.0,187
winter,2011,10,10,0,2,1,clear,14.56,15.0,67.0,19.0,126
winter,2011,10,11,0,2,1,clear,17.38,18.0,64.0,19.0,124
winter,2011,10,12,0,2,1,clear,18.32,19.0,56.0,20.0,199
winter,2011,10,13,0,2,1,clear,18.32,19.0,56.0,20.0,173
winter,2011,10,14,0,2,1,clear,19.26,20.0,53.0,17.0,183
winter,2011,10,15,0,2,1,clear,19.26,20.0,56.0,19.0,194
winter,2011,10,16,0,2,1,clear,19.26,20.0,56.0,22.0,309
winter,2011,10,17,0,2,1,clear,18.32,19.0,60.0,26.0,585
winter,2011,10,18,0,2,1,clear,17.38,18.0,64.0,19.0,524
winter,2011,10,19,0,2,1,clear,16.44,17.0,68.0,15.0,345
winter,2011,10,20,0,2,1,clear,16.44,17.0,68.0,15.0,261
winter,2011,10,21,0,2,1,clear,15.5,16.0,72.0,9.0,166
winter,2011,10,22,0,2,1,clear,15.5,16.0,72.0,9.0,114
winter,2011,10,23,0,2,1,clear,14.56,15.0,77.0,9.0,66
winter,2011,10,0,0,3,1,clear,14.56,15.0,77.0,9.0,43
winter,2011,10,1,0,3,1,clear,14.56,15.0,77.0,11.0,11
winter,2011,10,2,0,3,1,clear,13.62,14.0,82.0,11.0,3
winter,2011,10,3,0,3,1,clear,13.62,14.0,82.0,7.0,6
winter,2011,10,4,0,3,1,clear,12.68,13.0,88.0,0.0,5
winter,2011,10,5,0,3,1,clear,12.68,13.0,82.0,9.0,32
winter,2011,10,6,0,3,1,clear,12.68,13.0,82.0,7.0,117
winter,2011,10,7,0,3,1,clear,13.62,14.0,77.0,7.0,301
winter,2011,10,8,0,3,1,clear,16.44,17.0,63.0,0.0,467
winter,2011,10,9,0,3,1,clear,17.38,18.0,60.0,20.0,219
winter,2011,10,10,0,3,1,clear,18.32,19.0,56.0,26.0,133
winter,2011,10,11,0,3,1,clear,20.2,25.0,46.0,19.0,170
winter,2011,10,12,0,3,1,clear,21.14,25.0,43.0,22.0,214
winter,2011,10,13,0,3,1,clear,22.08,25.0,41.0,15.0,219
winter,2011,10,14,0,3,1,clear,22.08,25.0,41.0,19.0,190
winter,2011,10,15,0,3,1,clear,22.08,25.0,47.0,19.0,182
winter,2011,10,16,0,3,1,clear,22.08,25.0,47.0,22.0,282
winter,2011,10,17,0,3,1,clear,22.08,25.0,47.0,17.0,591
winter,2011,10,18,0,3,1,clear,20.2,25.0,53.0,11.0,593
winter,2011,10,19,0,3,1,clear,19.26,20.0,56.0,9.0,374
winter,2011,10,20,0,3,1,clear,16.44,17.0,77.0,11.0,246
winter,2011,10,21,0,3,1,clear,15.5,16.0,82.0,7.0,201
winter,2011,10,22,0,3,1,clear,16.44,17.0,72.0,0.0,154
winter,2011,10,23,0,3,1,clear,15.5,16.0,77.0,7.0,73
winter,2011,10,0,0,4,1,clear,15.5,16.0,72.0,13.0,40
winter,2011,10,1,0,4,1,clear,14.56,15.0,63.0,13.0,22
winter,2011,10,2,0,4,1,clear,13.62,14.0,67.0,13.0,10
winter,2011,10,3,0,4,1,clear,12.68,13.0,67.0,15.0,5
winter,2011,10,4,0,4,1,clear,12.68,13.0,62.0,19.0,5
winter,2011,10,5,0,4,1,clear,11.74,12.0,62.0,13.0,24
winter,2011,10,6,0,4,1,clear,10.8,11.0,66.0,13.0,114
winter,2011,10,7,0,4,1,clear,11.74,12.0,62.0,13.0,302
winter,2011,10,8,0,4,1,clear,12.68,13.0,62.0,11.0,457
winter,2011,10,9,0,4,1,clear,13.62,14.0,63.0,13.0,208
winter,2011,10,10,0,4,1,clear,16.44,17.0,52.0,0.0,129
winter,2011,10,11,0,4,1,clear,17.38,18.0,49.0,0.0,144
winter,2011,10,12,0,4,1,clear,18.32,19.0,49.0,6.0,226
winter,2011,10,13,0,4,1,clear,18.32,19.0,46.0,6.0,191
winter,2011,10,14,0,4,1,clear,19.26,20.0,43.0,6.0,195
winter,2011,10,15,0,4,1,clear,19.26,20.0,46.0,9.0,219
winter,2011,10,16,0,4,1,clear,19.26,20.0,49.0,13.0,323
winter,2011,10,17,0,4,1,clear,18.32,19.0,52.0,9.0,568
winter,2011,10,18,0,4,1,clear,17.38,18.0,64.0,6.0,538
winter,2011,10,19,0,4,1,clear,16.44,17.0,59.0,7.0,343
winter,2011,10,20,0,4,1,clear,15.5,16.0,77.0,7.0,260
winter,2011,10,21,0,4,1,clear,13.62,14.0,88.0,6.0,195
winter,2011,10,22,0,4,1,clear,13.62,14.0,82.0,0.0,148
winter,2011,10,23,0,4,1,clear,12.68,13.0,88.0,6.0,99
winter,2011,10,0,0,5,1,clear,12.68,13.0,88.0,0.0,67
winter,2011,10,1,0,5,1,clear,12.68,13.0,88.0,0.0,28
winter,2011,10,2,0,5,1,clear,11.74,12.0,88.0,0.0,5
winter,2011,10,3,0,5,1,clear,10.8,11.0,87.0,0.0,10
winter,2011,10,4,0,5,1,clear,10.8,11.0,87.0,7.0,5
winter,2011,10,5,0,5,1,clear,11.74,12.0,82.0,0.0,27
winter,2011,10,6,0,5,1,clear,11.74,12.0,88.0,0.0,87
winter,2011,10,7,0,5,1,clear,11.74,12.0,94.0,0.0,242
winter,2011,10,8,0,5,1,clear,13.62,14.0,82.0,0.0,417
winter,2011,10,9,0,5,1,clear,14.56,15.0,77.0,0.0,241
winter,2011,10,10,0,5,1,clear,16.44,17.0,68.0,6.0,174
winter,2011,10,11,0,5,1,clear,18.32,19.0,63.0,0.0,230
winter,2011,10,12,0,5,1,clear,20.2,25.0,53.0,0.0,235
winter,2011,10,13,0,5,1,clear,20.2,25.0,46.0,0.0,305
winter,2011,10,14,0,5,1,clear,21.14,25.0,50.0,0.0,256
winter,2011,10,15,0,5,1,clear,23.02,25.0,41.0,0.0,270
winter,2011,10,16,0,5,1,clear,22.08,25.0,44.0,0.0,419
winter,2011,10,17,0,5,1,clear,20.2,25.0,56.0,17.0,563
winter,2011,10,18,0,5,1,clear,18.32,19.0,60.0,6.0,465
winter,2011,10,19,0,5,1,clear,18.32,19.0,52.0,0.0,294
winter,2011,10,20,0,5,1,clear,17.38,18.0,49.0,0.0,197
winter,2011,10,21,0,5,1,clear,15.5,16.0,68.0,0.0,166
winter,2011,10,22,0,5,1,clear,15.5,16.0,68.0,0.0,146
winter,2011,10,23,0,5,1,clear,15.5,16.0,63.0,0.0,136
winter,2011,10,0,0,6,0,clear,14.56,15.0,72.0,0.0,89
winter,2011,10,1,0,6,0,clear,13.62,14.0,82.0,0.0,65
winter,2011,10,2,0,6,0,clear,13.62,14.0,82.0,0.0,45
winter,2011,10,3,0,6,0,clear,12.68,13.0,88.0,0.0,20
winter,2011,10,4,0,6,0,clear,11.74,12.0,94.0,9.0,10
winter,2011,10,5,0,6,0,clear,11.74,12.0,88.0,7.0,8
winter,2011,10,6,0,6,0,clear,11.74,12.0,94.0,0.0,22
winter,2011,10,7,0,6,0,clear,11.74,12.0,94.0,6.0,73
winter,2011,10,8,0,6,0,clear,13.62,14.0,82.0,0.0,103
winter,2011,10,9,0,6,0,clear,15.5,16.0,77.0,0.0,217
winter,2011,10,10,0,6,0,clear,16.44,17.0,77.0,0.0,337
winter,2011,10,11,0,6,0,clear,19.26,20.0,56.0,0.0,397
winter,2011,10,12,0,6,0,clear,21.14,25.0,35.0,0.0,446
winter,2011,10,13,0,6,0,clear,21.14,25.0,46.0,7.0,485
winter,2011,10,14,0,6,0,clear,21.14,25.0,50.0,6.0,465
winter,2011,10,15,0,6,0,clear,23.02,25.0,39.0,0.0,496
winter,2011,10,16,0,6,0,clear,22.08,25.0,44.0,6.0,451
winter,2011,10,17,0,6,0,clear,21.14,25.0,50.0,9.0,393
winter,2011,10,18,0,6,0,clear,20.2,25.0,46.0,7.0,359
winter,2011,10,19,0,6,0,clear,17.38,18.0,68.0,9.0,248
winter,2011,10,20,0,6,0,clear,16.44,17.0,77.0,7.0,202
winter,2011,10,21,0,6,0,clear,16.44,17.0,77.0,0.0,187
winter,2011,10,22,0,6,0,clear,15.5,16.0,77.0,0.0,149
winter,2011,10,23,0,6,0,clear,14.56,15.0,88.0,0.0,142
winter,2011,10,0,0,0,0,clear,13.62,14.0,88.0,6.0,129
winter,2011,10,1,0,0,0,clear,13.62,14.0,88.0,0.0,78
winter,2011,10,2,0,0,0,clear,13.62,14.0,88.0,0.0,55
winter,2011,10,3,0,0,0,clear,12.68,13.0,88.0,0.0,30
winter,2011,10,4,0,0,0,clear,12.68,13.0,88.0,0.0,14
winter,2011,10,5,0,0,0,clear,12.68,13.0,88.0,0.0,15
winter,2011,10,6,0,0,0,clear,12.68,13.0,88.0,0.0,21
winter,2011,10,7,0,0,0,clear,12.68,13.0,86.0,0.0,44
winter,2011,10,8,0,0,0,clear,13.62,14.0,88.0,0.0,107
winter,2011,10,9,0,0,0,clear,15.5,16.0,77.0,0.0,185
winter,2011,10,10,0,0,0,clear,18.32,19.0,68.0,6.0,365
winter,2011,10,11,0,0,0,clear,21.14,25.0,53.0,6.0,423
winter,2011,10,12,0,0,0,clear,22.08,25.0,44.0,6.0,455
winter,2011,10,13,0,0,0,clear,23.02,25.0,44.0,6.0,418
winter,2011,10,14,0,0,0,clear,23.96,26.0,47.0,11.0,500
winter,2011,10,15,0,0,0,clear,23.96,26.0,51.0,11.0,407
winter,2011,10,16,0,0,0,clear,23.02,25.0,50.0,9.0,470
winter,2011,10,17,0,0,0,clear,21.14,24.0,61.0,7.0,438
winter,2011,10,18,0,0,0,clear,22.08,25.0,50.0,7.0,414
winter,2011,10,19,0,0,0,clear,18.32,19.0,73.0,6.0,302
winter,2011,10,20,0,0,0,clear,18.32,19.0,73.0,7.0,193
winter,2011,10,21,0,0,0,clear,17.38,18.0,83.0,7.0,173
winter,2011,10,22,0,0,0,misty,16.44,17.0,94.0,0.0,152
winter,2011,10,23,0,0,0,clear,15.5,16.0,88.0,7.0,123
winter,2011,10,0,1,1,0,clear,15.5,16.0,94.0,0.0,53
winter,2011,10,1,1,1,0,clear,14.56,15.0,88.0,0.0,34
winter,2011,10,2,1,1,0,clear,14.56,15.0,88.0,0.0,19
winter,2011,10,3,1,1,0,clear,13.62,14.0,88.0,0.0,11
winter,2011,10,4,1,1,0,clear,13.62,14.0,94.0,0.0,6
winter,2011,10,5,1,1,0,clear,13.62,14.0,94.0,0.0,21
winter,2011,10,6,1,1,0,clear,12.68,13.0,94.0,0.0,44
winter,2011,10,7,1,1,0,clear,13.62,14.0,88.0,0.0,114
winter,2011,10,8,1,1,0,clear,16.44,17.0,83.0,0.0,254
winter,2011,10,9,1,1,0,clear,17.38,18.0,77.0,0.0,219
winter,2011,10,10,1,1,0,clear,18.32,19.0,73.0,11.0,265
winter,2011,10,11,1,1,0,clear,21.14,24.0,69.0,6.0,322
winter,2011,10,12,1,1,0,misty,24.9,27.0,48.0,6.0,365
winter,2011,10,13,1,1,0,clear,25.84,27.0,37.0,0.0,365
winter,2011,10,14,1,1,0,clear,26.78,27.0,37.0,0.0,370
winter,2011,10,15,1,1,0,misty,25.84,27.0,42.0,7.0,384
winter,2011,10,16,1,1,0,misty,24.9,26.0,45.0,6.0,402
winter,2011,10,17,1,1,0,misty,23.02,25.0,54.0,7.0,459
winter,2011,10,18,1,1,0,misty,22.08,25.0,53.0,0.0,473
winter,2011,10,19,1,1,0,misty,19.26,20.0,78.0,6.0,336
winter,2011,10,20,1,1,0,clear,20.2,23.0,73.0,0.0,225
winter,2011,10,21,1,1,0,clear,18.32,19.0,88.0,6.0,175
winter,2011,10,22,1,1,0,clear,18.32,19.0,88.0,6.0,126
winter,2011,10,23,1,1,0,misty,17.38,18.0,88.0,7.0,75
winter,2011,10,0,0,2,1,misty,17.38,18.0,88.0,0.0,30
winter,2011,10,1,0,2,1,misty,16.44,17.0,94.0,6.0,11
winter,2011,10,2,0,2,1,misty,16.44,17.0,94.0,9.0,5
winter,2011,10,3,0,2,1,misty,16.44,17.0,88.0,7.0,3
winter,2011,10,4,0,2,1,misty,16.44,17.0,88.0,9.0,5
winter,2011,10,5,0,2,1,misty,16.44,17.0,88.0,0.0,20
winter,2011,10,6,0,2,1,clear,16.44,17.0,83.0,6.0,123
winter,2011,10,7,0,2,1,misty,16.44,17.0,88.0,6.0,352
winter,2011,10,8,0,2,1,misty,18.32,19.0,83.0,7.0,406
winter,2011,10,9,0,2,1,misty,20.2,23.0,69.0,0.0,235
winter,2011,10,10,0,2,1,misty,20.2,23.0,69.0,9.0,149
winter,2011,10,11,0,2,1,misty,20.2,23.0,73.0,11.0,123
winter,2011,10,12,0,2,1,misty,20.2,23.0,73.0,11.0,181
winter,2011,10,13,0,2,1,misty,20.2,23.0,73.0,13.0,180
winter,2011,10,14,0,2,1,rain,20.2,23.0,73.0,7.0,171
winter,2011,10,15,0,2,1,misty,20.2,22.0,78.0,11.0,175
winter,2011,10,16,0,2,1,misty,20.2,23.0,73.0,11.0,320
winter,2011,10,17,0,2,1,misty,20.2,22.0,78.0,17.0,604
winter,2011,10,18,0,2,1,misty,20.2,22.0,78.0,15.0,539
winter,2011,10,19,0,2,1,misty,19.26,20.0,83.0,15.0,318
winter,2011,10,20,0,2,1,misty,19.26,20.0,83.0,15.0,234
winter,2011,10,21,0,2,1,misty,19.26,20.0,78.0,13.0,175
winter,2011,10,22,0,2,1,misty,18.32,19.0,83.0,13.0,147
winter,2011,10,23,0,2,1,misty,18.32,19.0,83.0,19.0,57
winter,2011,10,0,0,3,1,misty,18.32,19.0,83.0,9.0,25
winter,2011,10,1,0,3,1,rain,18.32,19.0,83.0,9.0,10
winter,2011,10,2,0,3,1,misty,18.32,19.0,83.0,19.0,2
winter,2011,10,3,0,3,1,rain,17.38,18.0,94.0,20.0,2
winter,2011,10,4,0,3,1,rain,17.38,18.0,94.0,26.0,7
winter,2011,10,5,0,3,1,misty,17.38,18.0,88.0,22.0,22
winter,2011,10,6,0,3,1,misty,17.38,18.0,88.0,17.0,112
winter,2011,10,7,0,3,1,misty,17.38,18.0,88.0,26.0,259
winter,2011,10,8,0,3,1,misty,17.38,18.0,88.0,26.0,404
winter,2011,10,9,0,3,1,misty,17.38,18.0,88.0,30.0,197
winter,2011,10,10,0,3,1,misty,17.38,18.0,88.0,26.0,113
winter,2011,10,11,0,3,1,rain,17.38,18.0,94.0,22.0,120
winter,2011,10,12,0,3,1,rain,17.38,18.0,88.0,22.0,62
winter,2011,10,13,0,3,1,rain,17.38,18.0,88.0,15.0,101
winter,2011,10,14,0,3,1,rain,17.38,18.0,94.0,19.0,78
winter,2011,10,15,0,3,1,rain,17.38,18.0,94.0,17.0,45
winter,2011,10,16,0,3,1,misty,18.32,19.0,88.0,15.0,55
winter,2011,10,17,0,3,1,rain,17.38,18.0,94.0,15.0,251
winter,2011,10,18,0,3,1,rain,17.38,18.0,94.0,9.0,172
winter,2011,10,19,0,3,1,rain,17.38,18.0,94.0,9.0,109
winter,2011,10,20,0,3,1,rain,17.38,18.0,94.0,7.0,90
winter,2011,10,21,0,3,1,rain,17.38,18.0,100.0,7.0,83
winter,2011,10,22,0,3,1,rain,17.38,18.0,94.0,6.0,43
winter,2011,10,23,0,3,1,rain,17.38,18.0,94.0,6.0,54
winter,2011,10,0,0,4,1,misty,17.38,18.0,94.0,9.0,15
winter,2011,10,1,0,4,1,misty,17.38,18.0,94.0,0.0,12
winter,2011,10,2,0,4,1,misty,17.38,18.0,94.0,0.0,4
winter,2011,10,3,0,4,1,misty,17.38,18.0,100.0,13.0,6
winter,2011,10,4,0,4,1,misty,17.38,18.0,100.0,7.0,7
winter,2011,10,5,0,4,1,misty,17.38,18.0,100.0,7.0,17
winter,2011,10,6,0,4,1,rain,17.38,18.0,100.0,6.0,52
winter,2011,10,7,0,4,1,rain,17.38,18.0,100.0,9.0,81
winter,2011,10,8,0,4,1,rain,17.38,18.0,100.0,6.0,209
winter,2011,10,9,0,4,1,rain,18.32,19.0,100.0,7.0,109
winter,2011,10,10,0,4,1,rain,18.32,19.0,100.0,9.0,69
winter,2011,10,11,0,4,1,misty,21.14,22.0,83.0,0.0,84
winter,2011,10,12,0,4,1,misty,21.14,21.0,88.0,0.0,105
winter,2011,10,13,0,4,1,misty,22.08,22.0,83.0,11.0,162
winter,2011,10,14,0,4,1,clear,23.02,24.0,78.0,13.0,133
winter,2011,10,15,0,4,1,clear,23.02,24.0,78.0,13.0,155
winter,2011,10,16,0,4,1,clear,23.02,25.0,74.0,15.0,276
winter,2011,10,17,0,4,1,rain,21.14,22.0,83.0,17.0,479
winter,2011,10,18,0,4,1,rain,21.14,22.0,83.0,17.0,268
winter,2011,10,19,0,4,1,misty,21.14,22.0,83.0,11.0,205
winter,2011,10,20,0,4,1,clear,21.14,22.0,83.0,19.0,181
winter,2011,10,21,0,4,1,clear,21.14,22.0,83.0,13.0,123
winter,2011,10,22,0,4,1,clear,21.14,22.0,83.0,13.0,114
winter,2011,10,23,0,4,1,misty,19.26,20.0,88.0,13.0,47
winter,2011,10,0,0,5,1,clear,19.26,20.0,94.0,6.0,39
winter,2011,10,1,0,5,1,clear,19.26,20.0,94.0,9.0,24
winter,2011,10,2,0,5,1,clear,18.32,19.0,94.0,11.0,6
winter,2011,10,3,0,5,1,clear,18.32,19.0,94.0,9.0,7
winter,2011,10,4,0,5,1,clear,18.32,19.0,94.0,13.0,8
winter,2011,10,5,0,5,1,misty,18.32,19.0,94.0,11.0,17
winter,2011,10,6,0,5,1,rain,18.32,19.0,88.0,13.0,94
winter,2011,10,7,0,5,1,rain,18.32,19.0,88.0,13.0,147
winter,2011,10,8,0,5,1,misty,18.32,19.0,90.0,11.0,209
winter,2011,10,9,0,5,1,misty,18.32,19.0,94.0,15.0,180
winter,2011,10,10,0,5,1,rain,17.38,18.0,88.0,24.0,125
winter,2011,10,11,0,5,1,rain,16.44,17.0,88.0,11.0,87
winter,2011,10,12,0,5,1,rain,16.44,17.0,88.0,11.0,75
winter,2011,10,13,0,5,1,clear,18.32,19.0,73.0,24.0,132
winter,2011,10,14,0,5,1,clear,21.14,25.0,43.0,24.0,156
winter,2011,10,15,0,5,1,clear,21.14,25.0,43.0,19.0,230
winter,2011,10,16,0,5,1,clear,20.2,25.0,43.0,15.0,344
winter,2011,10,17,0,5,1,clear,19.26,20.0,46.0,28.0,481
winter,2011,10,18,0,5,1,clear,17.38,18.0,39.0,19.0,423
winter,2011,10,19,0,5,1,clear,17.38,18.0,39.0,22.0,248
winter,2011,10,20,0,5,1,clear,16.44,17.0,42.0,13.0,196
winter,2011,10,21,0,5,1,clear,15.5,16.0,45.0,13.0,178
winter,2011,10,22,0,5,1,clear,13.62,14.0,59.0,15.0,143
winter,2011,10,23,0,5,1,clear,13.62,14.0,59.0,11.0,95
winter,2011,10,0,0,6,0,clear,13.62,14.0,55.0,7.0,106
winter,2011,10,1,0,6,0,clear,13.62,14.0,55.0,17.0,73
winter,2011,10,2,0,6,0,clear,13.62,14.0,59.0,13.0,56
winter,2011,10,3,0,6,0,clear,12.68,13.0,62.0,13.0,23
winter,2011,10,4,0,6,0,clear,11.74,12.0,67.0,9.0,6
winter,2011,10,5,0,6,0,clear,11.74,12.0,71.0,11.0,7
winter,2011,10,6,0,6,0,clear,10.8,11.0,71.0,0.0,20
winter,2011,10,7,0,6,0,clear,10.8,11.0,76.0,7.0,57
winter,2011,10,8,0,6,0,clear,13.62,14.0,59.0,19.0,125
winter,2011,10,9,0,6,0,clear,16.44,17.0,48.0,20.0,207
winter,2011,10,10,0,6,0,clear,17.38,18.0,45.0,30.0,322
winter,2011,10,11,0,6,0,clear,18.32,19.0,40.0,26.0,374
winter,2011,10,12,0,6,0,clear,19.26,20.0,35.0,37.0,456
winter,2011,10,13,0,6,0,clear,20.2,25.0,35.0,31.0,394
winter,2011,10,14,0,6,0,clear,20.2,25.0,33.0,31.0,472
winter,2011,10,15,0,6,0,clear,21.14,25.0,31.0,33.0,377
winter,2011,10,16,0,6,0,clear,21.14,25.0,29.0,26.0,443
winter,2011,10,17,0,6,0,clear,19.26,20.0,32.0,19.0,441
winter,2011,10,18,0,6,0,clear,17.38,18.0,39.0,13.0,372
winter,2011,10,19,0,6,0,clear,15.5,16.0,51.0,9.0,238
winter,2011,10,20,0,6,0,clear,15.5,16.0,48.0,9.0,179
winter,2011,10,21,0,6,0,clear,15.5,16.0,42.0,15.0,168
winter,2011,10,22,0,6,0,clear,15.5,16.0,36.0,9.0,166
winter,2011,10,23,0,6,0,clear,14.56,15.0,41.0,11.0,135
winter,2011,10,0,0,0,0,clear,13.62,14.0,44.0,9.0,107
winter,2011,10,1,0,0,0,clear,12.68,13.0,47.0,9.0,77
winter,2011,10,2,0,0,0,clear,11.74,12.0,54.0,9.0,65
winter,2011,10,3,0,0,0,clear,11.74,12.0,54.0,9.0,42
winter,2011,10,4,0,0,0,clear,11.74,12.0,54.0,13.0,12
winter,2011,10,5,0,0,0,clear,11.74,12.0,54.0,11.0,7
winter,2011,10,6,0,0,0,clear,9.86,10.0,66.0,11.0,10
winter,2011,10,7,0,0,0,clear,10.8,11.0,62.0,9.0,48
winter,2011,10,8,0,0,0,clear,12.68,13.0,62.0,13.0,99
winter,2011,10,9,0,0,0,clear,15.5,16.0,45.0,15.0,190
winter,2011,10,10,0,0,0,clear,17.38,18.0,45.0,17.0,347
winter,2011,10,11,0,0,0,clear,18.32,19.0,35.0,19.0,377
winter,2011,10,12,0,0,0,clear,19.26,20.0,35.0,17.0,444
winter,2011,10,13,0,0,0,clear,20.2,25.0,35.0,20.0,438
winter,2011,10,14,0,0,0,clear,20.2,25.0,40.0,20.0,462
winter,2011,10,15,0,0,0,clear,21.14,25.0,35.0,26.0,412
winter,2011,10,16,0,0,0,clear,20.2,25.0,46.0,26.0,466
winter,2011,10,17,0,0,0,clear,19.26,20.0,49.0,31.0,405
winter,2011,10,18,0,0,0,clear,18.32,19.0,49.0,30.0,328
winter,2011,10,19,0,0,0,clear,17.38,18.0,52.0,26.0,233
winter,2011,10,20,0,0,0,clear,17.38,18.0,52.0,31.0,178
winter,2011,10,21,0,0,0,clear,17.38,18.0,52.0,26.0,102
winter,2011,10,22,0,0,0,clear,18.32,19.0,49.0,28.0,130
winter,2011,10,23,0,0,0,clear,18.32,19.0,52.0,28.0,62
winter,2011,10,0,0,1,1,clear,17.38,18.0,56.0,22.0,37
winter,2011,10,1,0,1,1,clear,18.32,19.0,54.0,26.0,17
winter,2011,10,2,0,1,1,clear,18.32,19.0,54.0,26.0,7
winter,2011,10,3,0,1,1,clear,18.32,19.0,49.0,13.0,2
winter,2011,10,4,0,1,1,clear,16.44,17.0,59.0,11.0,5
winter,2011,10,5,0,1,1,clear,15.5,16.0,63.0,20.0,29
winter,2011,10,6,0,1,1,clear,15.5,16.0,55.0,17.0,114
winter,2011,10,7,0,1,1,misty,15.5,16.0,55.0,11.0,309
winter,2011,10,8,0,1,1,misty,15.5,16.0,51.0,17.0,414
winter,2011,10,9,0,1,1,misty,15.5,16.0,45.0,19.0,206
winter,2011,10,10,0,1,1,clear,16.44,17.0,45.0,11.0,135
winter,2011,10,11,0,1,1,clear,18.32,19.0,43.0,0.0,166
winter,2011,10,12,0,1,1,clear,18.32,19.0,40.0,6.0,205
winter,2011,10,13,0,1,1,clear,18.32,19.0,46.0,6.0,205
winter,2011,10,14,0,1,1,clear,19.26,20.0,49.0,13.0,166
winter,2011,10,15,0,1,1,clear,18.32,19.0,60.0,17.0,208
winter,2011,10,16,0,1,1,clear,19.26,20.0,56.0,17.0,302
winter,2011,10,17,0,1,1,clear,18.32,19.0,64.0,9.0,620
winter,2011,10,18,0,1,1,clear,18.32,19.0,60.0,0.0,518
winter,2011,10,19,0,1,1,clear,17.38,18.0,68.0,7.0,333
winter,2011,10,20,0,1,1,clear,16.44,17.0,77.0,7.0,229
winter,2011,10,21,0,1,1,clear,15.5,16.0,77.0,7.0,177
winter,2011,10,22,0,1,1,clear,15.5,16.0,77.0,0.0,104
winter,2011,10,23,0,1,1,misty,14.56,15.0,88.0,0.0,62
winter,2011,10,0,0,2,1,clear,14.56,15.0,82.0,0.0,31
winter,2011,10,1,0,2,1,misty,13.62,14.0,88.0,0.0,11
winter,2011,10,2,0,2,1,clear,12.68,13.0,94.0,6.0,5
winter,2011,10,3,0,2,1,clear,12.68,13.0,94.0,6.0,1
winter,2011,10,4,0,2,1,misty,12.68,13.0,94.0,7.0,4
winter,2011,10,5,0,2,1,misty,13.62,14.0,88.0,0.0,21
winter,2011,10,6,0,2,1,clear,13.62,14.0,82.0,6.0,109
winter,2011,10,7,0,2,1,clear,13.62,14.0,88.0,6.0,341
winter,2011,10,8,0,2,1,clear,15.5,16.0,77.0,6.0,499
winter,2011,10,9,0,2,1,misty,16.44,17.0,77.0,6.0,227
winter,2011,10,10,0,2,1,misty,18.32,19.0,68.0,0.0,102
winter,2011,10,11,0,2,1,misty,20.2,25.0,49.0,7.0,147
winter,2011,10,12,0,2,1,misty,21.14,25.0,43.0,6.0,201
winter,2011,10,13,0,2,1,misty,22.08,25.0,38.0,13.0,219
winter,2011,10,14,0,2,1,misty,21.14,25.0,41.0,11.0,169
winter,2011,10,15,0,2,1,clear,21.14,25.0,50.0,13.0,205
winter,2011,10,16,0,2,1,clear,21.14,25.0,57.0,17.0,304
winter,2011,10,17,0,2,1,clear,20.2,24.0,60.0,9.0,625
winter,2011,10,18,0,2,1,clear,18.32,19.0,68.0,7.0,570
winter,2011,10,19,0,2,1,clear,18.32,19.0,60.0,7.0,317
winter,2011,10,20,0,2,1,clear,17.38,18.0,64.0,11.0,227
winter,2011,10,21,0,2,1,misty,17.38,18.0,68.0,9.0,206
winter,2011,10,22,0,2,1,misty,16.44,17.0,77.0,11.0,137
winter,2011,10,23,0,2,1,misty,16.44,17.0,77.0,13.0,70
winter,2011,10,0,0,3,1,misty,16.44,17.0,77.0,13.0,34
winter,2011,10,1,0,3,1,misty,16.44,17.0,77.0,13.0,16
winter,2011,10,2,0,3,1,misty,16.44,17.0,77.0,13.0,7
winter,2011,10,4,0,3,1,rain,15.5,16.0,94.0,13.0,3
winter,2011,10,5,0,3,1,rain,15.5,16.0,100.0,7.0,3
winter,2011,10,6,0,3,1,rain,16.44,17.0,83.0,17.0,31
winter,2011,10,7,0,3,1,rain,16.44,17.0,77.0,17.0,68
winter,2011,10,8,0,3,1,rain,17.38,18.0,70.0,33.0,210
winter,2011,10,9,0,3,1,rain,16.44,17.0,88.0,33.0,202
winter,2011,10,10,0,3,1,rain,16.44,17.0,88.0,33.0,123
winter,2011,10,11,0,3,1,rain,16.44,17.0,94.0,17.0,149
winter,2011,10,12,0,3,1,rain,16.44,17.0,94.0,22.0,130
winter,2011,10,13,0,3,1,misty,17.38,18.0,94.0,19.0,106
winter,2011,10,14,0,3,1,rain,17.38,18.0,94.0,11.0,97
winter,2011,10,15,0,3,1,rain,17.38,18.0,100.0,9.0,120
winter,2011,10,16,0,3,1,rain,18.32,19.0,94.0,11.0,201
winter,2011,10,17,0,3,1,rain,18.32,19.0,94.0,11.0,181
winter,2011,10,18,0,3,1,rain,18.32,19.0,100.0,11.0,140
winter,2011,10,19,0,3,1,misty,20.2,20.0,88.0,9.0,197
winter,2011,10,20,0,3,1,rain,20.2,18.0,94.0,6.0,145
winter,2011,10,21,0,3,1,misty,19.26,20.0,94.0,9.0,85
winter,2011,10,22,0,3,1,misty,19.26,20.0,94.0,24.0,107
winter,2011,10,23,0,3,1,misty,19.26,20.0,94.0,24.0,69
winter,2011,10,0,0,4,1,clear,18.32,19.0,94.0,20.0,26
winter,2011,10,1,0,4,1,clear,18.32,19.0,88.0,24.0,15
winter,2011,10,2,0,4,1,clear,18.32,19.0,88.0,30.0,4
winter,2011,10,3,0,4,1,clear,15.5,16.0,82.0,31.0,1
winter,2011,10,4,0,4,1,clear,15.5,16.0,82.0,31.0,8
winter,2011,10,5,0,4,1,clear,14.56,15.0,82.0,24.0,26
winter,2011,10,6,0,4,1,clear,12.68,13.0,82.0,28.0,92
winter,2011,10,7,0,4,1,clear,11.74,12.0,77.0,30.0,318
winter,2011,10,8,0,4,1,clear,12.68,13.0,67.0,35.0,426
winter,2011,10,9,0,4,1,clear,12.68,13.0,67.0,39.0,223
winter,2011,10,10,0,4,1,clear,13.62,14.0,59.0,30.0,130
winter,2011,10,11,0,4,1,clear,14.56,15.0,55.0,35.0,129
winter,2011,10,12,0,4,1,clear,14.56,15.0,48.0,35.0,199
winter,2011,10,13,0,4,1,clear,15.5,16.0,45.0,39.0,164
winter,2011,10,14,0,4,1,misty,14.56,15.0,48.0,37.0,155
winter,2011,10,15,0,4,1,misty,14.56,15.0,51.0,30.0,160
winter,2011,10,16,0,4,1,misty,14.56,15.0,51.0,30.0,234
winter,2011,10,17,0,4,1,misty,14.56,15.0,48.0,26.0,494
winter,2011,10,18,0,4,1,misty,13.62,14.0,51.0,20.0,469
winter,2011,10,19,0,4,1,clear,13.62,14.0,51.0,24.0,298
winter,2011,10,20,0,4,1,misty,13.62,14.0,51.0,22.0,241
winter,2011,10,21,0,4,1,clear,12.68,13.0,51.0,20.0,165
winter,2011,10,22,0,4,1,clear,12.68,13.0,51.0,22.0,128
winter,2011,10,23,0,4,1,clear,11.74,12.0,58.0,17.0,90
winter,2011,10,0,0,5,1,clear,10.8,11.0,62.0,17.0,50
winter,2011,10,1,0,5,1,clear,10.8,11.0,62.0,15.0,26
winter,2011,10,2,0,5,1,clear,9.86,10.0,66.0,11.0,18
winter,2011,10,3,0,5,1,clear,8.92,7.0,71.0,9.0,7
winter,2011,10,4,0,5,1,clear,8.92,7.0,71.0,11.0,6
winter,2011,10,5,0,5,1,clear,7.98,6.0,76.0,13.0,31
winter,2011,10,6,0,5,1,clear,8.92,7.0,71.0,11.0,85
winter,2011,10,7,0,5,1,clear,8.92,7.0,71.0,11.0,233
winter,2011,10,8,0,5,1,clear,10.8,11.0,62.0,13.0,402
winter,2011,10,9,0,5,1,misty,11.74,12.0,58.0,9.0,222
winter,2011,10,10,0,5,1,clear,13.62,14.0,51.0,11.0,138
winter,2011,10,11,0,5,1,clear,15.5,16.0,45.0,15.0,174
winter,2011,10,12,0,5,1,clear,15.5,16.0,45.0,20.0,240
winter,2011,10,13,0,5,1,clear,14.56,15.0,48.0,22.0,206
winter,2011,10,14,0,5,1,clear,16.44,17.0,42.0,20.0,198
winter,2011,10,15,0,5,1,clear,15.5,16.0,45.0,19.0,235
winter,2011,10,16,0,5,1,clear,15.5,16.0,45.0,17.0,302
winter,2011,10,17,0,5,1,misty,13.62,14.0,51.0,17.0,524
winter,2011,10,18,0,5,1,misty,12.68,13.0,54.0,17.0,397
winter,2011,10,19,0,5,1,misty,12.68,13.0,54.0,26.0,253
winter,2011,10,20,0,5,1,misty,12.68,13.0,54.0,15.0,184
winter,2011,10,21,0,5,1,clear,11.74,12.0,58.0,11.0,143
winter,2011,10,22,0,5,1,clear,11.74,12.0,54.0,11.0,113
winter,2011,10,23,0,5,1,clear,10.8,11.0,62.0,15.0,117
winter,2011,10,0,0,6,0,clear,10.8,11.0,62.0,13.0,96
winter,2011,10,1,0,6,0,clear,10.8,11.0,62.0,13.0,70
winter,2011,10,2,0,6,0,clear,10.8,11.0,62.0,17.0,31
winter,2011,10,3,0,6,0,clear,10.8,11.0,62.0,9.0,20
winter,2011,10,4,0,6,0,clear,9.86,10.0,66.0,6.0,8
winter,2011,10,5,0,6,0,clear,9.86,10.0,66.0,0.0,8
winter,2011,10,6,0,6,0,clear,8.92,9.0,71.0,0.0,18
winter,2011,10,7,0,6,0,clear,8.92,8.0,76.0,7.0,57
winter,2011,10,8,0,6,0,clear,10.8,11.0,71.0,0.0,114
winter,2011,10,9,0,6,0,clear,11.74,12.0,67.0,6.0,169
winter,2011,10,10,0,6,0,misty,12.68,13.0,62.0,7.0,236
winter,2011,10,11,0,6,0,misty,12.68,13.0,62.0,7.0,282
winter,2011,10,12,0,6,0,clear,13.62,14.0,55.0,6.0,343
winter,2011,10,13,0,6,0,clear,15.5,16.0,45.0,0.0,322
winter,2011,10,14,0,6,0,misty,14.56,15.0,48.0,15.0,310
winter,2011,10,15,0,6,0,clear,14.56,15.0,51.0,15.0,382
winter,2011,10,16,0,6,0,clear,15.5,16.0,45.0,13.0,359
winter,2011,10,17,0,6,0,clear,13.62,14.0,55.0,9.0,360
winter,2011,10,18,0,6,0,clear,12.68,13.0,54.0,6.0,335
winter,2011,10,19,0,6,0,clear,12.68,13.0,67.0,0.0,220
winter,2011,10,20,0,6,0,clear,11.74,12.0,67.0,0.0,159
winter,2011,10,21,0,6,0,clear,10.8,11.0,76.0,0.0,157
winter,2011,10,22,0,6,0,clear,10.8,11.0,76.0,0.0,144
winter,2011,10,23,0,6,0,clear,9.86,10.0,82.0,0.0,108
winter,2011,10,0,0,0,0,clear,8.92,9.0,87.0,0.0,88
winter,2011,10,1,0,0,0,clear,8.92,9.0,87.0,0.0,71
winter,2011,10,2,0,0,0,clear,7.98,7.0,87.0,6.0,50
winter,2011,10,3,0,0,0,clear,7.98,8.0,87.0,0.0,46
winter,2011,10,4,0,0,0,clear,7.98,8.0,87.0,0.0,6
winter,2011,10,5,0,0,0,clear,7.04,7.0,87.0,0.0,3
winter,2011,10,6,0,0,0,clear,7.04,6.0,87.0,7.0,12
winter,2011,10,7,0,0,0,clear,7.98,7.0,87.0,6.0,21
winter,2011,10,8,0,0,0,clear,8.92,7.0,87.0,9.0,88
winter,2011,10,9,0,0,0,clear,10.8,11.0,76.0,0.0,143
winter,2011,10,10,0,0,0,clear,11.74,12.0,71.0,6.0,289
winter,2011,10,11,0,0,0,clear,13.62,14.0,72.0,11.0,333
winter,2011,10,12,0,0,0,clear,15.5,16.0,59.0,17.0,413
winter,2011,10,13,0,0,0,clear,16.44,17.0,55.0,13.0,415
winter,2011,10,14,0,0,0,clear,16.44,17.0,55.0,15.0,408
winter,2011,10,15,0,0,0,clear,16.44,17.0,52.0,11.0,387
winter,2011,10,16,0,0,0,clear,16.44,17.0,55.0,13.0,405
winter,2011,10,17,0,0,0,clear,15.5,16.0,63.0,9.0,340
winter,2011,10,18,0,0,0,clear,15.5,16.0,63.0,7.0,284
winter,2011,10,19,0,0,0,clear,13.62,14.0,77.0,0.0,193
winter,2011,10,20,0,0,0,clear,12.68,13.0,72.0,6.0,144
winter,2011,10,21,0,0,0,clear,12.68,13.0,72.0,6.0,99
winter,2011,10,22,0,0,0,clear,11.74,12.0,77.0,7.0,94
winter,2011,10,23,0,0,0,clear,11.74,12.0,77.0,11.0,49
winter,2011,10,0,0,1,1,clear,11.74,12.0,77.0,0.0,32
winter,2011,10,1,0,1,1,clear,10.8,11.0,82.0,9.0,15
winter,2011,10,2,0,1,1,clear,10.8,11.0,87.0,7.0,7
winter,2011,10,3,0,1,1,clear,10.8,11.0,82.0,6.0,4
winter,2011,10,4,0,1,1,clear,10.8,11.0,82.0,0.0,6
winter,2011,10,5,0,1,1,clear,9.86,10.0,87.0,0.0,21
winter,2011,10,6,0,1,1,clear,10.8,11.0,87.0,7.0,86
winter,2011,10,7,0,1,1,misty,9.86,10.0,94.0,7.0,285
winter,2011,10,8,0,1,1,misty,11.74,12.0,88.0,11.0,398
winter,2011,10,9,0,1,1,misty,12.68,13.0,82.0,11.0,195
winter,2011,10,10,0,1,1,misty,13.62,14.0,82.0,17.0,129
winter,2011,10,11,0,1,1,misty,15.5,16.0,72.0,11.0,168
winter,2011,10,12,0,1,1,misty,16.44,17.0,68.0,7.0,220
winter,2011,10,13,0,1,1,misty,17.38,18.0,64.0,15.0,198
winter,2011,10,14,0,1,1,misty,17.38,18.0,64.0,13.0,206
winter,2011,10,15,0,1,1,clear,18.32,19.0,60.0,11.0,177
winter,2011,10,16,0,1,1,clear,17.38,18.0,64.0,13.0,310
winter,2011,10,17,0,1,1,clear,16.44,17.0,68.0,9.0,614
winter,2011,10,18,0,1,1,clear,17.38,18.0,60.0,6.0,486
winter,2011,10,19,0,1,1,rain,14.56,15.0,82.0,0.0,237
winter,2011,10,20,0,1,1,clear,14.56,15.0,82.0,7.0,129
winter,2011,10,21,0,1,1,clear,13.62,14.0,87.0,7.0,126
winter,2011,10,22,0,1,1,clear,14.56,15.0,75.0,11.0,79
winter,2011,10,23,0,1,1,clear,13.62,14.0,77.0,6.0,59
winter,2011,10,0,0,2,1,clear,12.68,13.0,77.0,9.0,30
winter,2011,10,1,0,2,1,clear,12.68,13.0,77.0,9.0,11
winter,2011,10,2,0,2,1,clear,11.74,12.0,82.0,9.0,5
winter,2011,10,3,0,2,1,clear,10.8,11.0,87.0,0.0,4
winter,2011,10,4,0,2,1,clear,9.86,10.0,87.0,9.0,5
winter,2011,10,5,0,2,1,clear,9.86,10.0,87.0,9.0,24
winter,2011,10,6,0,2,1,clear,9.86,10.0,82.0,7.0,98
winter,2011,10,7,0,2,1,clear,10.8,11.0,76.0,13.0,314
winter,2011,10,8,0,2,1,clear,12.68,13.0,72.0,0.0,408
winter,2011,10,9,0,2,1,clear,14.56,15.0,55.0,15.0,223
winter,2011,10,10,0,2,1,clear,15.5,16.0,51.0,17.0,128
winter,2011,10,11,0,2,1,clear,16.44,17.0,48.0,19.0,166
winter,2011,10,12,0,2,1,clear,17.38,18.0,39.0,24.0,200
winter,2011,10,13,0,2,1,clear,18.32,19.0,37.0,26.0,198
winter,2011,10,14,0,2,1,clear,18.32,19.0,40.0,17.0,200
winter,2011,10,15,0,2,1,clear,18.32,19.0,37.0,7.0,234
winter,2011,10,16,0,2,1,clear,18.32,19.0,37.0,13.0,285
winter,2011,10,17,0,2,1,clear,18.32,19.0,37.0,7.0,585
winter,2011,10,18,0,2,1,clear,16.44,17.0,42.0,7.0,518
winter,2011,10,19,0,2,1,clear,14.56,15.0,67.0,13.0,338
winter,2011,10,20,0,2,1,clear,13.62,14.0,67.0,7.0,248
winter,2011,10,21,0,2,1,clear,12.68,13.0,72.0,9.0,201
winter,2011,10,22,0,2,1,clear,13.62,14.0,67.0,13.0,170
winter,2011,10,23,0,2,1,clear,12.68,13.0,72.0,9.0,94
winter,2011,10,0,0,3,1,clear,12.68,13.0,72.0,13.0,32
winter,2011,10,1,0,3,1,clear,12.68,13.0,67.0,17.0,12
winter,2011,10,2,0,3,1,clear,12.68,13.0,67.0,11.0,3
winter,2011,10,3,0,3,1,clear,12.68,13.0,67.0,15.0,3
winter,2011,10,4,0,3,1,clear,11.74,12.0,71.0,17.0,5
winter,2011,10,5,0,3,1,clear,11.74,12.0,71.0,15.0,21
winter,2011,10,6,0,3,1,clear,11.74,12.0,71.0,15.0,92
winter,2011,10,7,0,3,1,clear,11.74,12.0,71.0,11.0,299
winter,2011,10,8,0,3,1,misty,12.68,13.0,67.0,13.0,464
winter,2011,10,9,0,3,1,misty,14.56,15.0,63.0,15.0,240
winter,2011,10,10,0,3,1,misty,16.44,17.0,62.0,17.0,131
winter,2011,10,11,0,3,1,clear,16.44,17.0,59.0,22.0,155
winter,2011,10,12,0,3,1,rain,19.26,20.0,53.0,15.0,194
winter,2011,10,13,0,3,1,rain,18.32,19.0,60.0,7.0,82
winter,2011,10,14,0,3,1,misty,16.44,17.0,77.0,0.0,66
winter,2011,10,15,0,3,1,misty,16.44,17.0,77.0,0.0,70
winter,2011,10,16,0,3,1,misty,16.44,17.0,77.0,6.0,213
winter,2011,10,17,0,3,1,misty,16.44,17.0,77.0,7.0,454
winter,2011,10,18,0,3,1,clear,16.44,17.0,77.0,11.0,453
winter,2011,10,19,0,3,1,clear,15.5,16.0,82.0,0.0,331
winter,2011,10,20,0,3,1,clear,15.5,16.0,88.0,0.0,207
winter,2011,10,21,0,3,1,misty,16.44,17.0,77.0,0.0,157
winter,2011,10,22,0,3,1,misty,14.56,15.0,88.0,6.0,135
winter,2011,10,23,0,3,1,misty,14.56,15.0,88.0,6.0,75
winter,2011,10,0,0,4,1,clear,13.62,14.0,94.0,0.0,26
winter,2011,10,1,0,4,1,clear,13.62,14.0,94.0,0.0,11
winter,2011,10,2,0,4,1,rain,13.62,14.0,94.0,0.0,8
winter,2011,10,3,0,4,1,rain,13.62,14.0,94.0,0.0,4
winter,2011,10,4,0,4,1,rain,14.56,15.0,88.0,0.0,4
winter,2011,10,5,0,4,1,rain,14.56,15.0,88.0,6.0,15
winter,2011,10,6,0,4,1,rain,15.5,16.0,82.0,0.0,46
winter,2011,10,7,0,4,1,misty,13.62,14.0,94.0,6.0,137
winter,2011,10,8,0,4,1,rain,14.56,15.0,88.0,13.0,316
winter,2011,10,9,0,4,1,misty,15.5,16.0,82.0,11.0,171
winter,2011,10,10,0,4,1,rain,15.5,16.0,88.0,13.0,62
winter,2011,10,11,0,4,1,rain,15.5,16.0,88.0,9.0,52
winter,2011,10,12,0,4,1,rain,15.5,16.0,88.0,9.0,53
winter,2011,10,13,0,4,1,misty,15.5,16.0,88.0,11.0,74
winter,2011,10,14,0,4,1,misty,16.44,17.0,83.0,0.0,92
winter,2011,10,15,0,4,1,misty,16.44,17.0,83.0,7.0,107
winter,2011,10,16,0,4,1,misty,18.32,19.0,73.0,11.0,207
winter,2011,10,17,0,4,1,misty,15.5,16.0,72.0,31.0,322
winter,2011,10,18,0,4,1,misty,14.56,15.0,67.0,31.0,240
winter,2011,10,19,0,4,1,misty,12.68,13.0,67.0,31.0,219
winter,2011,10,20,0,4,1,clear,11.74,12.0,67.0,33.0,182
winter,2011,10,21,0,4,1,clear,10.8,11.0,62.0,35.0,132
winter,2011,10,22,0,4,1,clear,8.92,5.0,66.0,33.0,111
winter,2011,10,23,0,4,1,clear,7.98,4.0,61.0,28.0,68
winter,2011,10,0,0,5,1,clear,7.98,5.0,66.0,17.0,44
winter,2011,10,1,0,5,1,clear,7.04,4.0,66.0,17.0,16
winter,2011,10,2,0,5,1,clear,7.04,4.0,66.0,19.0,4
winter,2011,10,3,0,5,1,clear,6.1,3.0,70.0,19.0,8
winter,2011,10,4,0,5,1,clear,6.1,3.0,65.0,19.0,10
winter,2011,10,5,0,5,1,misty,6.1,3.0,61.0,17.0,25
winter,2011,10,6,0,5,1,clear,5.16,2.0,65.0,17.0,75
winter,2011,10,7,0,5,1,clear,5.16,2.0,65.0,17.0,205
winter,2011,10,8,0,5,1,clear,6.1,3.0,61.0,19.0,374
winter,2011,10,9,0,5,1,clear,7.04,4.0,57.0,15.0,229
winter,2011,10,10,0,5,1,clear,7.98,5.0,57.0,15.0,130
winter,2011,10,11,0,5,1,clear,8.92,7.0,50.0,15.0,168
winter,2011,10,12,0,5,1,misty,9.86,10.0,40.0,11.0,213
winter,2011,10,13,0,5,1,misty,9.86,10.0,42.0,15.0,228
winter,2011,10,14,0,5,1,misty,8.92,7.0,46.0,13.0,185
winter,2011,10,15,0,5,1,misty,8.92,6.0,43.0,17.0,215
winter,2011,10,16,0,5,1,misty,8.92,7.0,46.0,11.0,308
winter,2011,10,17,0,5,1,misty,8.92,7.0,50.0,9.0,446
winter,2011,10,18,0,5,1,misty,8.92,7.0,53.0,11.0,368
winter,2011,10,19,0,5,1,misty,8.92,7.0,50.0,9.0,204
winter,2011,10,20,0,5,1,rain,7.98,5.0,61.0,15.0,143
winter,2011,10,21,0,5,1,rain,7.04,5.0,70.0,11.0,74
winter,2011,10,22,0,5,1,rain,6.1,3.0,75.0,19.0,36
winter,2011,10,23,0,5,1,rain,6.1,2.0,81.0,22.0,39
winter,2011,10,0,0,6,0,rain,5.16,1.0,87.0,20.0,19
winter,2011,10,1,0,6,0,rain,6.1,2.0,87.0,20.0,18
winter,2011,10,2,0,6,0,rain,6.1,2.0,87.0,20.0,17
winter,2011,10,3,0,6,0,rain,6.1,2.0,81.0,28.0,8
winter,2011,10,4,0,6,0,rain,6.1,2.0,81.0,28.0,1
winter,2011,10,5,0,6,0,rain,4.22,-1.0,93.0,24.0,1
winter,2011,10,6,0,6,0,rain,4.22,-1.0,87.0,24.0,5
winter,2011,10,7,0,6,0,rain,4.22,-1.0,87.0,24.0,7
winter,2011,10,8,0,6,0,rain,5.16,1.0,87.0,24.0,20
winter,2011,10,9,0,6,0,rain,5.16,1.0,87.0,24.0,20
winter,2011,10,10,0,6,0,rain,4.22,-1.0,93.0,22.0,12
winter,2011,10,11,0,6,0,rain,4.22,-1.0,93.0,26.0,27
winter,2011,10,12,0,6,0,rain,3.28,-3.0,87.0,33.0,50
winter,2011,10,13,0,6,0,rain,3.28,-3.0,87.0,35.0,30
winter,2011,10,14,0,6,0,rain,3.28,-3.0,87.0,30.0,29
winter,2011,10,15,0,6,0,rain,2.34,-2.0,93.0,17.0,41
winter,2011,10,16,0,6,0,rain,2.34,-3.0,93.0,22.0,22
winter,2011,10,17,0,6,0,rain,2.34,-3.0,93.0,22.0,31
winter,2011,10,18,0,6,0,rain,2.34,-3.0,93.0,22.0,43
winter,2011,10,19,0,6,0,clear,3.28,-2.0,87.0,24.0,39
winter,2011,10,20,0,6,0,clear,3.28,-2.0,87.0,24.0,47
winter,2011,10,21,0,6,0,clear,3.28,-2.0,87.0,24.0,50
winter,2011,10,22,0,6,0,clear,2.34,-2.0,87.0,15.0,54
winter,2011,10,23,0,6,0,clear,2.34,-1.0,87.0,13.0,36
winter,2011,10,0,0,0,0,clear,2.34,-2.0,87.0,15.0,54
winter,2011,10,1,0,0,0,clear,2.34,-2.0,87.0,17.0,43
winter,2011,10,2,0,0,0,clear,2.34,-2.0,87.0,19.0,50
winter,2011,10,3,0,0,0,clear,3.28,-2.0,75.0,24.0,33
winter,2011,10,4,0,0,0,clear,2.34,-3.0,80.0,22.0,11
winter,2011,10,5,0,0,0,clear,3.28,-2.0,75.0,20.0,4
winter,2011,10,6,0,0,0,clear,3.28,-1.0,75.0,17.0,10
winter,2011,10,7,0,0,0,clear,3.28,3.0,75.0,0.0,22
winter,2011,10,8,0,0,0,clear,4.22,1.0,70.0,15.0,80
winter,2011,10,9,0,0,0,clear,6.1,3.0,65.0,17.0,147
winter,2011,10,10,0,0,0,clear,7.04,6.0,61.0,6.0,178
winter,2011,10,11,0,0,0,clear,8.92,7.0,53.0,15.0,240
winter,2011,10,12,0,0,0,clear,9.86,10.0,50.0,13.0,314
winter,2011,10,13,0,0,0,clear,10.8,11.0,43.0,15.0,345
winter,2011,10,14,0,0,0,clear,11.74,12.0,38.0,13.0,300
winter,2011,10,15,0,0,0,clear,11.74,12.0,35.0,11.0,290
winter,2011,10,16,0,0,0,clear,11.74,12.0,32.0,9.0,320
winter,2011,10,17,0,0,0,clear,10.8,11.0,35.0,7.0,245
winter,2011,10,18,0,0,0,clear,8.92,7.0,40.0,9.0,213
winter,2011,10,19,0,0,0,clear,18.32,19.0,49.0,20.0,153
winter,2011,10,20,0,0,0,clear,7.98,8.0,57.0,0.0,92
winter,2011,10,21,0,0,0,clear,7.04,7.0,66.0,0.0,79
winter,2011,10,22,0,0,0,clear,6.1,6.0,75.0,0.0,71
winter,2011,10,23,0,0,0,clear,4.22,4.0,87.0,0.0,37
winter,2011,10,0,0,1,1,clear,4.22,4.0,87.0,0.0,23
winter,2011,10,1,0,1,1,clear,4.22,4.0,81.0,0.0,13
winter,2011,10,2,0,1,1,clear,3.28,3.0,87.0,0.0,3
winter,2011,10,3,0,1,1,clear,3.28,1.0,87.0,7.0,3
winter,2011,10,4,0,1,1,clear,3.28,3.0,87.0,0.0,6
winter,2011,10,5,0,1,1,clear,2.34,2.0,93.0,0.0,18
winter,2011,10,6,0,1,1,clear,3.28,3.0,87.0,0.0,86
winter,2011,10,7,0,1,1,clear,3.28,3.0,93.0,0.0,227
winter,2011,10,8,0,1,1,misty,5.16,5.0,87.0,0.0,372
winter,2011,10,9,0,1,1,misty,7.04,5.0,76.0,11.0,211
winter,2011,10,10,0,1,1,misty,8.92,7.0,57.0,11.0,105
winter,2011,10,11,0,1,1,clear,10.8,11.0,50.0,9.0,128
winter,2011,10,12,0,1,1,clear,11.74,12.0,44.0,15.0,170
winter,2011,10,13,0,1,1,misty,12.68,13.0,44.0,15.0,152
winter,2011,10,14,0,1,1,misty,12.68,13.0,47.0,15.0,141
winter,2011,10,15,0,1,1,clear,12.68,13.0,47.0,11.0,168
winter,2011,10,16,0,1,1,clear,11.74,12.0,54.0,11.0,272
winter,2011,10,17,0,1,1,clear,11.74,12.0,54.0,9.0,486
winter,2011,10,18,0,1,1,clear,10.8,11.0,66.0,6.0,422
winter,2011,10,19,0,1,1,clear,10.8,11.0,66.0,6.0,238
winter,2011,10,20,0,1,1,clear,10.8,11.0,66.0,6.0,172
winter,2011,10,21,0,1,1,misty,8.92,7.0,76.0,13.0,116
winter,2011,10,22,0,1,1,misty,8.92,7.0,76.0,13.0,85
winter,2011,10,23,0,1,1,misty,8.92,7.0,76.0,13.0,52
winter,2011,11,0,0,2,1,misty,8.92,7.0,87.0,11.0,21
winter,2011,11,1,0,2,1,clear,8.92,7.0,81.0,9.0,11
winter,2011,11,2,0,2,1,misty,8.92,7.0,81.0,11.0,4
winter,2011,11,3,0,2,1,misty,8.92,7.0,81.0,9.0,6
winter,2011,11,4,0,2,1,clear,7.98,5.0,81.0,15.0,8
winter,2011,11,5,0,2,1,clear,7.04,5.0,81.0,13.0,18
winter,2011,11,6,0,2,1,clear,7.04,5.0,81.0,13.0,93
winter,2011,11,7,0,2,1,clear,7.98,6.0,76.0,13.0,254
winter,2011,11,8,0,2,1,clear,8.92,6.0,71.0,17.0,419
winter,2011,11,9,0,2,1,clear,10.8,11.0,66.0,11.0,222
winter,2011,11,10,0,2,1,clear,12.68,13.0,62.0,9.0,135
winter,2011,11,11,0,2,1,clear,13.62,14.0,63.0,7.0,117
winter,2011,11,12,0,2,1,clear,15.5,16.0,48.0,6.0,176
winter,2011,11,13,0,2,1,clear,14.56,15.0,55.0,13.0,167
winter,2011,11,14,0,2,1,clear,15.5,16.0,48.0,17.0,150
winter,2011,11,15,0,2,1,clear,15.5,16.0,45.0,9.0,186
winter,2011,11,16,0,2,1,clear,14.56,15.0,44.0,11.0,298
winter,2011,11,17,0,2,1,clear,12.68,13.0,54.0,11.0,506
winter,2011,11,18,0,2,1,clear,11.74,12.0,58.0,7.0,460
winter,2011,11,19,0,2,1,clear,11.74,12.0,58.0,6.0,313
winter,2011,11,20,0,2,1,clear,10.8,11.0,71.0,0.0,209
winter,2011,11,21,0,2,1,clear,8.92,9.0,81.0,0.0,127
winter,2011,11,22,0,2,1,clear,8.92,9.0,81.0,0.0,96
winter,2011,11,23,0,2,1,clear,7.98,8.0,87.0,0.0,72
winter,2011,11,0,0,3,1,clear,7.04,7.0,87.0,0.0,19
winter,2011,11,1,0,3,1,clear,6.1,6.0,87.0,0.0,10
winter,2011,11,2,0,3,1,clear,6.1,6.0,87.0,0.0,2
winter,2011,11,3,0,3,1,clear,6.1,6.0,75.0,0.0,2
winter,2011,11,4,0,3,1,clear,6.1,6.0,87.0,0.0,4
winter,2011,11,5,0,3,1,clear,6.1,6.0,81.0,0.0,27
winter,2011,11,6,0,3,1,clear,6.1,6.0,81.0,0.0,92
winter,2011,11,7,0,3,1,clear,6.1,6.0,81.0,0.0,251
winter,2011,11,8,0,3,1,clear,7.04,7.0,87.0,0.0,472
winter,2011,11,9,0,3,1,clear,7.98,8.0,87.0,0.0,228
winter,2011,11,10,0,3,1,clear,10.8,11.0,71.0,6.0,133
winter,2011,11,11,0,3,1,clear,11.74,12.0,71.0,9.0,144
winter,2011,11,12,0,3,1,clear,13.62,14.0,55.0,11.0,189
winter,2011,11,13,0,3,1,clear,14.56,15.0,48.0,11.0,161
winter,2011,11,14,0,3,1,clear,15.5,16.0,45.0,11.0,172
winter,2011,11,15,0,3,1,clear,14.56,15.0,51.0,11.0,187
winter,2011,11,16,0,3,1,clear,14.56,15.0,51.0,7.0,266
winter,2011,11,17,0,3,1,clear,12.68,13.0,62.0,13.0,553
winter,2011,11,18,0,3,1,clear,11.74,12.0,71.0,11.0,479
winter,2011,11,19,0,3,1,clear,10.8,11.0,76.0,9.0,282
winter,2011,11,20,0,3,1,clear,10.8,11.0,66.0,9.0,182
winter,2011,11,21,0,3,1,clear,9.86,10.0,71.0,9.0,168
winter,2011,11,22,0,3,1,clear,8.92,7.0,71.0,9.0,106
winter,2011,11,23,0,3,1,clear,8.92,8.0,76.0,6.0,57
winter,2011,11,0,0,4,1,clear,8.92,8.0,76.0,6.0,31
winter,2011,11,1,0,4,1,clear,7.98,6.0,81.0,9.0,15
winter,2011,11,2,0,4,1,clear,7.98,6.0,76.0,9.0,7
winter,2011,11,3,0,4,1,clear,7.98,6.0,81.0,9.0,5
winter,2011,11,4,0,4,1,clear,7.04,6.0,81.0,6.0,4
winter,2011,11,5,0,4,1,clear,7.04,6.0,81.0,9.0,28
winter,2011,11,6,0,4,1,clear,7.98,6.0,76.0,13.0,99
winter,2011,11,7,0,4,1,misty,7.04,6.0,81.0,6.0,292
winter,2011,11,8,0,4,1,misty,7.98,7.0,81.0,6.0,402
winter,2011,11,9,0,4,1,misty,8.92,7.0,81.0,13.0,164
winter,2011,11,10,0,4,1,misty,10.8,11.0,76.0,13.0,110
winter,2011,11,11,0,4,1,clear,12.68,13.0,67.0,13.0,120
winter,2011,11,12,0,4,1,clear,15.5,16.0,51.0,13.0,179
winter,2011,11,13,0,4,1,misty,16.44,17.0,48.0,17.0,169
winter,2011,11,14,0,4,1,clear,16.44,17.0,52.0,11.0,152
winter,2011,11,15,0,4,1,clear,16.44,17.0,52.0,11.0,162
winter,2011,11,16,0,4,1,clear,16.44,17.0,48.0,13.0,267
winter,2011,11,17,0,4,1,clear,14.56,15.0,55.0,6.0,498
winter,2011,11,18,0,4,1,clear,13.62,14.0,63.0,9.0,433
winter,2011,11,19,0,4,1,clear,12.68,13.0,67.0,6.0,252
winter,2011,11,20,0,4,1,clear,11.74,12.0,71.0,7.0,209
winter,2011,11,21,0,4,1,clear,10.8,11.0,76.0,9.0,144
winter,2011,11,22,0,4,1,clear,10.8,11.0,82.0,0.0,137
winter,2011,11,23,0,4,1,clear,10.8,11.0,82.0,6.0,95
winter,2011,11,0,0,5,1,misty,10.8,11.0,82.0,0.0,43
winter,2011,11,1,0,5,1,misty,10.8,11.0,82.0,0.0,17
winter,2011,11,2,0,5,1,misty,10.8,11.0,76.0,0.0,10
winter,2011,11,3,0,5,1,misty,9.86,10.0,87.0,11.0,8
winter,2011,11,4,0,5,1,misty,9.86,10.0,87.0,6.0,7
winter,2011,11,5,0,5,1,misty,9.86,10.0,87.0,0.0,23
winter,2011,11,6,0,5,1,misty,9.86,10.0,87.0,6.0,66
winter,2011,11,7,0,5,1,misty,10.8,11.0,86.0,15.0,245
winter,2011,11,8,0,5,1,misty,10.8,11.0,87.0,24.0,395
winter,2011,11,9,0,5,1,misty,11.74,12.0,71.0,31.0,254
winter,2011,11,10,0,5,1,misty,11.74,12.0,71.0,22.0,134
winter,2011,11,11,0,5,1,misty,12.68,13.0,67.0,30.0,162
winter,2011,11,12,0,5,1,misty,14.56,15.0,55.0,33.0,197
winter,2011,11,13,0,5,1,clear,12.68,13.0,51.0,28.0,194
winter,2011,11,14,0,5,1,clear,12.68,13.0,47.0,20.0,201
winter,2011,11,15,0,5,1,clear,13.62,14.0,44.0,26.0,237
winter,2011,11,16,0,5,1,clear,13.62,14.0,36.0,26.0,290
winter,2011,11,17,0,5,1,clear,11.74,12.0,38.0,24.0,480
winter,2011,11,18,0,5,1,clear,11.74,12.0,32.0,31.0,374
winter,2011,11,19,0,5,1,clear,10.8,11.0,37.0,24.0,196
winter,2011,11,20,0,5,1,clear,8.92,6.0,43.0,19.0,186
winter,2011,11,21,0,5,1,clear,7.98,5.0,46.0,17.0,123
winter,2011,11,22,0,5,1,clear,7.98,4.0,46.0,22.0,115
winter,2011,11,23,0,5,1,clear,7.04,4.0,49.0,22.0,89
winter,2011,11,0,0,6,0,clear,7.04,3.0,45.0,24.0,52
winter,2011,11,1,0,6,0,clear,7.04,4.0,45.0,20.0,62
winter,2011,11,2,0,6,0,clear,6.1,2.0,52.0,22.0,31
winter,2011,11,3,0,6,0,clear,6.1,2.0,52.0,20.0,8
winter,2011,11,4,0,6,0,clear,5.16,1.0,56.0,22.0,8
winter,2011,11,5,0,6,0,clear,4.22,-1.0,60.0,22.0,2
winter,2011,11,6,0,6,0,clear,4.22,-0.0,60.0,17.0,23
winter,2011,11,7,0,6,0,clear,4.22,-0.0,60.0,19.0,34
winter,2011,11,8,0,6,0,clear,5.16,1.0,56.0,22.0,84
winter,2011,11,9,0,6,0,clear,6.1,2.0,56.0,20.0,141
winter,2011,11,10,0,6,0,clear,7.04,4.0,53.0,17.0,227
winter,2011,11,11,0,6,0,clear,8.92,8.0,46.0,7.0,238
winter,2011,11,12,0,6,0,clear,8.92,7.0,46.0,11.0,372
winter,2011,11,13,0,6,0,clear,10.8,11.0,37.0,7.0,355
winter,2011,11,14,0,6,0,clear,11.74,12.0,35.0,9.0,386
winter,2011,11,15,0,6,0,clear,10.8,11.0,37.0,13.0,343
winter,2011,11,16,0,6,0,clear,10.8,11.0,40.0,15.0,335
winter,2011,11,17,0,6,0,clear,9.86,10.0,40.0,11.0,334
winter,2011,11,18,0,6,0,clear,8.92,8.0,50.0,6.0,237
winter,2011,11,19,0,6,0,clear,7.98,8.0,53.0,0.0,204
winter,2011,11,20,0,6,0,clear,7.04,7.0,66.0,0.0,165
winter,2011,11,21,0,6,0,clear,7.04,7.0,66.0,0.0,118
winter,2011,11,22,0,6,0,clear,6.1,6.0,65.0,0.0,82
winter,2011,11,23,0,6,0,clear,5.16,5.0,70.0,0.0,85
winter,2011,11,0,0,0,0,clear,5.16,5.0,75.0,0.0,75
winter,2011,11,1,0,0,0,clear,4.22,4.0,81.0,0.0,115
winter,2011,11,2,0,0,0,clear,4.22,4.0,81.0,0.0,29
winter,2011,11,3,0,0,0,clear,3.28,3.0,87.0,0.0,9
winter,2011,11,4,0,0,0,clear,3.28,3.0,87.0,0.0,6
winter,2011,11,5,0,0,0,clear,3.28,-0.0,87.0,9.0,5
winter,2011,11,6,0,0,0,clear,4.22,3.0,81.0,6.0,16
winter,2011,11,7,0,0,0,clear,4.22,2.0,87.0,7.0,28
winter,2011,11,8,0,0,0,misty,5.16,4.0,87.0,6.0,90
winter,2011,11,9,0,0,0,misty,6.1,5.0,75.0,6.0,170
winter,2011,11,10,0,0,0,clear,8.92,8.0,66.0,6.0,262
winter,2011,11,11,0,0,0,clear,11.74,12.0,58.0,6.0,320
winter,2011,11,12,0,0,0,clear,12.68,13.0,54.0,0.0,346
winter,2011,11,13,0,0,0,clear,13.62,14.0,51.0,11.0,314
winter,2011,11,14,0,0,0,clear,13.62,14.0,55.0,13.0,320
winter,2011,11,15,0,0,0,clear,14.56,15.0,51.0,13.0,306
winter,2011,11,16,0,0,0,clear,13.62,14.0,55.0,15.0,347
winter,2011,11,17,0,0,0,clear,12.68,13.0,62.0,11.0,256
winter,2011,11,18,0,0,0,clear,11.74,12.0,71.0,7.0,185
winter,2011,11,19,0,0,0,clear,9.86,10.0,76.0,13.0,151
winter,2011,11,20,0,0,0,clear,8.92,8.0,81.0,7.0,116
winter,2011,11,21,0,0,0,clear,8.92,8.0,81.0,6.0,88
winter,2011,11,22,0,0,0,clear,8.92,9.0,87.0,0.0,45
winter,2011,11,23,0,0,0,clear,7.98,7.0,87.0,6.0,50
winter,2011,11,0,0,1,1,clear,7.98,8.0,87.0,0.0,15
winter,2011,11,1,0,1,1,clear,7.98,8.0,87.0,0.0,8
winter,2011,11,2,0,1,1,clear,7.04,7.0,93.0,0.0,2
winter,2011,11,3,0,1,1,clear,7.04,7.0,93.0,0.0,3
winter,2011,11,4,0,1,1,clear,7.04,7.0,93.0,0.0,6
winter,2011,11,5,0,1,1,clear,6.1,6.0,93.0,0.0,26
winter,2011,11,6,0,1,1,misty,5.16,5.0,93.0,0.0,99
winter,2011,11,7,0,1,1,misty,5.16,5.0,93.0,0.0,311
winter,2011,11,8,0,1,1,misty,6.1,5.0,100.0,6.0,410
winter,2011,11,9,0,1,1,misty,7.98,6.0,100.0,9.0,174
winter,2011,11,10,0,1,1,clear,8.92,7.0,93.0,9.0,123
winter,2011,11,11,0,1,1,clear,11.74,12.0,77.0,7.0,128
winter,2011,11,12,0,1,1,clear,13.62,14.0,67.0,0.0,179
winter,2011,11,13,0,1,1,clear,17.38,18.0,49.0,6.0,189
winter,2011,11,14,0,1,1,clear,18.32,19.0,37.0,11.0,145
winter,2011,11,15,0,1,1,clear,18.32,19.0,37.0,7.0,170
winter,2011,11,16,0,1,1,clear,16.44,17.0,45.0,0.0,295
winter,2011,11,17,0,1,1,clear,15.5,16.0,45.0,11.0,528
winter,2011,11,18,0,1,1,clear,13.62,14.0,59.0,7.0,425
winter,2011,11,19,0,1,1,clear,13.62,14.0,59.0,0.0,300
winter,2011,11,20,0,1,1,clear,10.8,11.0,71.0,0.0,204
winter,2011,11,21,0,1,1,clear,9.86,10.0,82.0,7.0,139
winter,2011,11,22,0,1,1,clear,8.92,8.0,81.0,6.0,108
winter,2011,11,23,0,1,1,clear,8.92,8.0,87.0,6.0,48
winter,2011,11,0,0,2,1,clear,7.98,7.0,87.0,6.0,18
winter,2011,11,1,0,2,1,clear,7.04,6.0,93.0,7.0,11
winter,2011,11,2,0,2,1,clear,7.04,7.0,87.0,0.0,1
winter,2011,11,3,0,2,1,clear,7.04,7.0,87.0,0.0,3
winter,2011,11,4,0,2,1,clear,6.1,6.0,87.0,0.0,4
winter,2011,11,5,0,2,1,clear,6.1,5.0,87.0,6.0,18
winter,2011,11,6,0,2,1,clear,6.1,6.0,87.0,0.0,99
winter,2011,11,7,0,2,1,clear,6.1,5.0,87.0,7.0,323
winter,2011,11,8,0,2,1,clear,7.04,6.0,93.0,7.0,466
winter,2011,11,9,0,2,1,clear,8.92,9.0,87.0,0.0,191
winter,2011,11,10,0,2,1,clear,11.74,12.0,71.0,6.0,129
winter,2011,11,11,0,2,1,clear,13.62,14.0,63.0,9.0,147
winter,2011,11,12,0,2,1,clear,16.44,17.0,52.0,9.0,203
winter,2011,11,13,0,2,1,clear,17.38,18.0,49.0,11.0,196
winter,2011,11,14,0,2,1,clear,18.32,19.0,46.0,7.0,161
winter,2011,11,15,0,2,1,clear,19.26,20.0,46.0,7.0,188
winter,2011,11,16,0,2,1,clear,18.32,19.0,46.0,9.0,289
winter,2011,11,17,0,2,1,clear,16.44,17.0,43.0,11.0,499
winter,2011,11,18,0,2,1,clear,14.56,15.0,55.0,9.0,462
winter,2011,11,19,0,2,1,clear,13.62,14.0,59.0,0.0,278
winter,2011,11,20,0,2,1,clear,10.8,11.0,76.0,0.0,181
winter,2011,11,21,0,2,1,clear,10.8,11.0,76.0,0.0,182
winter,2011,11,22,0,2,1,clear,8.92,9.0,87.0,0.0,108
winter,2011,11,23,0,2,1,clear,8.92,9.0,81.0,0.0,48
winter,2011,11,0,0,3,1,clear,8.92,9.0,87.0,0.0,13
winter,2011,11,1,0,3,1,clear,7.98,8.0,87.0,0.0,10
winter,2011,11,2,0,3,1,clear,7.04,7.0,93.0,0.0,5
winter,2011,11,3,0,3,1,clear,7.04,7.0,93.0,0.0,4
winter,2011,11,4,0,3,1,clear,7.04,7.0,87.0,0.0,4
winter,2011,11,5,0,3,1,clear,6.1,6.0,87.0,0.0,28
winter,2011,11,6,0,3,1,clear,6.1,6.0,87.0,0.0,98
winter,2011,11,7,0,3,1,clear,6.1,6.0,87.0,0.0,300
winter,2011,11,8,0,3,1,clear,7.04,7.0,93.0,0.0,456
winter,2011,11,9,0,3,1,clear,7.98,8.0,93.0,0.0,219
winter,2011,11,10,0,3,1,clear,10.8,11.0,76.0,7.0,105
winter,2011,11,11,0,3,1,clear,13.62,14.0,67.0,11.0,152
winter,2011,11,12,0,3,1,clear,15.5,16.0,51.0,11.0,180
winter,2011,11,13,0,3,1,clear,15.5,16.0,51.0,11.0,167
winter,2011,11,14,0,3,1,clear,16.44,17.0,48.0,11.0,179
winter,2011,11,15,0,3,1,clear,16.44,17.0,45.0,15.0,151
winter,2011,11,16,0,3,1,clear,16.44,17.0,48.0,13.0,281
winter,2011,11,17,0,3,1,clear,13.62,14.0,63.0,7.0,485
winter,2011,11,18,0,3,1,clear,12.68,13.0,67.0,7.0,408
winter,2011,11,19,0,3,1,clear,12.68,13.0,72.0,7.0,304
winter,2011,11,20,0,3,1,clear,12.68,13.0,77.0,0.0,219
winter,2011,11,21,0,3,1,clear,10.8,11.0,87.0,0.0,161
winter,2011,11,22,0,3,1,clear,10.8,11.0,87.0,0.0,114
winter,2011,11,23,0,3,1,clear,9.86,10.0,87.0,0.0,66
winter,2011,11,0,0,4,1,clear,10.8,11.0,87.0,0.0,24
winter,2011,11,1,0,4,1,misty,10.8,11.0,87.0,0.0,11
winter,2011,11,2,0,4,1,misty,9.86,10.0,94.0,0.0,5
winter,2011,11,3,0,4,1,clear,9.86,10.0,94.0,6.0,11
winter,2011,11,4,0,4,1,clear,9.86,10.0,94.0,6.0,3
winter,2011,11,5,0,4,1,misty,8.92,7.0,100.0,9.0,23
winter,2011,11,6,0,4,1,misty,8.92,7.0,100.0,9.0,114
winter,2011,11,7,0,4,1,misty,9.86,10.0,94.0,11.0,272
winter,2011,11,8,0,4,1,misty,10.8,11.0,94.0,6.0,436
winter,2011,11,9,0,4,1,misty,11.74,12.0,94.0,7.0,211
winter,2011,11,10,0,4,1,misty,12.68,13.0,88.0,15.0,117
winter,2011,11,11,0,4,1,misty,13.62,14.0,67.0,26.0,108
winter,2011,11,12,0,4,1,misty,11.74,12.0,67.0,24.0,167
winter,2011,11,13,0,4,1,rain,8.92,6.0,81.0,24.0,96
winter,2011,11,14,0,4,1,rain,8.92,6.0,87.0,19.0,64
winter,2011,11,15,0,4,1,rain,8.92,6.0,81.0,20.0,62
winter,2011,11,16,0,4,1,rain,8.92,7.0,81.0,15.0,73
winter,2011,11,17,0,4,1,rain,8.92,7.0,81.0,15.0,177
winter,2011,11,18,0,4,1,misty,8.92,7.0,81.0,11.0,273
winter,2011,11,19,0,4,1,misty,8.92,7.0,71.0,15.0,211
winter,2011,11,20,0,4,1,misty,8.92,6.0,62.0,19.0,168
winter,2011,11,21,0,4,1,clear,8.92,6.0,57.0,17.0,136
winter,2011,11,22,0,4,1,clear,8.92,6.0,53.0,19.0,89
winter,2011,11,23,0,4,1,misty,7.98,6.0,57.0,11.0,82
winter,2011,11,0,1,5,0,clear,7.98,5.0,53.0,17.0,66
winter,2011,11,1,1,5,0,clear,7.04,4.0,57.0,22.0,19
winter,2011,11,2,1,5,0,clear,7.04,3.0,57.0,19.0,11
winter,2011,11,3,1,5,0,clear,6.1,3.0,61.0,13.0,6
winter,2011,11,4,1,5,0,clear,6.1,3.0,61.0,13.0,8
winter,2011,11,5,1,5,0,clear,6.1,3.0,49.0,17.0,13
winter,2011,11,6,1,5,0,clear,5.16,1.0,45.0,22.0,46
winter,2011,11,7,1,5,0,clear,5.16,2.0,45.0,17.0,121
winter,2011,11,8,1,5,0,clear,6.1,2.0,42.0,24.0,258
winter,2011,11,9,1,5,0,clear,7.04,3.0,45.0,30.0,201
winter,2011,11,10,1,5,0,clear,7.04,2.0,42.0,37.0,200
winter,2011,11,11,1,5,0,clear,7.98,3.0,42.0,33.0,170
winter,2011,11,12,1,5,0,clear,7.98,3.0,42.0,31.0,239
winter,2011,11,13,1,5,0,clear,9.86,10.0,37.0,37.0,236
winter,2011,11,14,1,5,0,clear,9.86,10.0,37.0,31.0,247
winter,2011,11,15,1,5,0,clear,8.92,6.0,37.0,28.0,216
winter,2011,11,16,1,5,0,clear,8.92,6.0,34.0,22.0,238
winter,2011,11,17,1,5,0,clear,7.98,4.0,39.0,22.0,310
winter,2011,11,18,1,5,0,clear,7.98,5.0,39.0,17.0,208
winter,2011,11,19,1,5,0,clear,7.04,5.0,39.0,11.0,199
winter,2011,11,20,1,5,0,clear,7.04,5.0,39.0,13.0,109
winter,2011,11,21,1,5,0,clear,6.1,4.0,45.0,11.0,83
winter,2011,11,22,1,5,0,clear,7.04,5.0,39.0,13.0,91
winter,2011,11,23,1,5,0,clear,6.1,5.0,45.0,6.0,73
winter,2011,11,0,0,6,0,clear,3.28,-0.0,60.0,9.0,64
winter,2011,11,1,0,6,0,clear,3.28,-0.0,60.0,9.0,54
winter,2011,11,2,0,6,0,clear,3.28,1.0,65.0,6.0,46
winter,2011,11,3,0,6,0,clear,3.28,-0.0,70.0,9.0,17
winter,2011,11,4,0,6,0,clear,1.4,-2.0,80.0,9.0,7
winter,2011,11,5,0,6,0,clear,2.34,1.0,75.0,6.0,4
winter,2011,11,6,0,6,0,clear,2.34,-1.0,75.0,11.0,7
winter,2011,11,7,0,6,0,clear,2.34,-1.0,75.0,13.0,27
winter,2011,11,8,0,6,0,clear,4.22,1.0,70.0,13.0,101
winter,2011,11,9,0,6,0,clear,6.1,4.0,61.0,11.0,160
winter,2011,11,10,0,6,0,clear,7.98,5.0,61.0,19.0,232
winter,2011,11,11,0,6,0,clear,9.86,10.0,54.0,19.0,315
winter,2011,11,12,0,6,0,clear,12.68,13.0,44.0,19.0,366
winter,2011,11,13,0,6,0,clear,14.56,15.0,36.0,19.0,353
winter,2011,11,14,0,6,0,clear,15.5,16.0,36.0,20.0,435
winter,2011,11,15,0,6,0,clear,16.44,17.0,29.0,19.0,386
winter,2011,11,16,0,6,0,clear,16.44,17.0,32.0,17.0,361
winter,2011,11,17,0,6,0,clear,15.5,16.0,34.0,17.0,285
winter,2011,11,18,0,6,0,clear,11.74,12.0,58.0,13.0,203
winter,2011,11,19,0,6,0,clear,11.74,12.0,50.0,17.0,171
winter,2011,11,20,0,6,0,clear,11.74,12.0,50.0,19.0,132
winter,2011,11,21,0,6,0,clear,11.74,12.0,47.0,19.0,122
winter,2011,11,22,0,6,0,clear,11.74,12.0,47.0,17.0,118
winter,2011,11,23,0,6,0,clear,10.8,11.0,58.0,11.0,101
winter,2011,11,0,0,0,0,misty,10.8,11.0,58.0,13.0,73
winter,2011,11,1,0,0,0,misty,8.92,7.0,66.0,13.0,71
winter,2011,11,2,0,0,0,clear,8.92,8.0,57.0,7.0,57
winter,2011,11,3,0,0,0,misty,8.92,7.0,62.0,9.0,28
winter,2011,11,4,0,0,0,misty,8.92,7.0,62.0,9.0,6
winter,2011,11,5,0,0,0,clear,7.98,6.0,61.0,11.0,5
winter,2011,11,6,0,0,0,clear,7.98,6.0,66.0,9.0,23
winter,2011,11,7,0,0,0,clear,7.98,5.0,66.0,15.0,43
winter,2011,11,8,0,0,0,clear,7.98,7.0,66.0,6.0,79
winter,2011,11,9,0,0,0,clear,10.8,11.0,54.0,19.0,135
winter,2011,11,10,0,0,0,clear,12.68,13.0,44.0,22.0,241
winter,2011,11,11,0,0,0,clear,13.62,14.0,40.0,28.0,295
winter,2011,11,12,0,0,0,misty,16.44,17.0,29.0,28.0,354
winter,2011,11,13,0,0,0,misty,16.44,17.0,29.0,28.0,339
winter,2011,11,14,0,0,0,misty,17.38,18.0,28.0,33.0,371
winter,2011,11,15,0,0,0,misty,15.5,16.0,42.0,22.0,310
winter,2011,11,16,0,0,0,misty,17.38,18.0,28.0,26.0,319
winter,2011,11,17,0,0,0,clear,16.44,17.0,27.0,22.0,231
winter,2011,11,18,0,0,0,clear,16.44,17.0,27.0,22.0,190
winter,2011,11,19,0,0,0,clear,15.5,16.0,29.0,24.0,157
winter,2011,11,20,0,0,0,clear,15.5,16.0,31.0,24.0,139
winter,2011,11,21,0,0,0,clear,14.56,15.0,36.0,17.0,95
winter,2011,11,22,0,0,0,clear,14.56,15.0,41.0,26.0,89
winter,2011,11,23,0,0,0,clear,13.62,14.0,51.0,20.0,67
winter,2011,11,0,0,1,1,clear,13.62,14.0,59.0,19.0,30
winter,2011,11,1,0,1,1,clear,13.62,14.0,63.0,20.0,11
winter,2011,11,2,0,1,1,clear,13.62,14.0,63.0,24.0,17
winter,2011,11,3,0,1,1,clear,12.68,13.0,67.0,19.0,7
winter,2011,11,4,0,1,1,clear,12.68,13.0,67.0,15.0,5
winter,2011,11,5,0,1,1,misty,12.68,13.0,67.0,17.0,19
winter,2011,11,6,0,1,1,misty,12.68,13.0,72.0,15.0,114
winter,2011,11,7,0,1,1,clear,12.68,13.0,72.0,17.0,322
winter,2011,11,8,0,1,1,misty,13.62,14.0,67.0,13.0,452
winter,2011,11,9,0,1,1,misty,14.56,15.0,67.0,22.0,233
winter,2011,11,10,0,1,1,misty,15.5,16.0,63.0,19.0,111
winter,2011,11,11,0,1,1,misty,17.38,18.0,60.0,19.0,128
winter,2011,11,12,0,1,1,clear,18.32,19.0,56.0,20.0,202
winter,2011,11,13,0,1,1,clear,20.2,25.0,49.0,26.0,203
winter,2011,11,14,0,1,1,clear,21.14,25.0,46.0,30.0,185
winter,2011,11,15,0,1,1,clear,22.08,25.0,44.0,22.0,195
winter,2011,11,16,0,1,1,clear,21.14,25.0,46.0,28.0,315
winter,2011,11,17,0,1,1,clear,21.14,25.0,46.0,17.0,519
winter,2011,11,18,0,1,1,clear,18.32,19.0,56.0,19.0,489
winter,2011,11,19,0,1,1,clear,20.2,25.0,53.0,20.0,302
winter,2011,11,20,0,1,1,clear,20.2,25.0,53.0,24.0,240
winter,2011,11,21,0,1,1,clear,20.2,25.0,53.0,24.0,213
winter,2011,11,22,0,1,1,clear,19.26,20.0,56.0,24.0,113
winter,2011,11,23,0,1,1,clear,18.32,19.0,64.0,20.0,61
winter,2011,11,0,0,2,1,clear,18.32,19.0,64.0,24.0,22
winter,2011,11,1,0,2,1,clear,18.32,19.0,60.0,20.0,10
winter,2011,11,2,0,2,1,clear,18.32,19.0,64.0,17.0,15
winter,2011,11,3,0,2,1,misty,17.38,18.0,68.0,22.0,4
winter,2011,11,4,0,2,1,clear,18.32,19.0,64.0,20.0,7
winter,2011,11,5,0,2,1,clear,17.38,18.0,68.0,19.0,28
winter,2011,11,6,0,2,1,misty,18.32,19.0,64.0,6.0,108
winter,2011,11,7,0,2,1,misty,17.38,18.0,68.0,11.0,319
winter,2011,11,8,0,2,1,misty,17.38,18.0,68.0,7.0,480
winter,2011,11,9,0,2,1,misty,18.32,19.0,64.0,6.0,200
winter,2011,11,10,0,2,1,misty,18.32,19.0,64.0,19.0,138
winter,2011,11,11,0,2,1,misty,18.32,19.0,64.0,13.0,134
winter,2011,11,12,0,2,1,misty,17.38,18.0,68.0,0.0,176
winter,2011,11,13,0,2,1,rain,17.38,18.0,60.0,15.0,153
winter,2011,11,14,0,2,1,misty,17.38,18.0,60.0,19.0,147
winter,2011,11,15,0,2,1,misty,17.38,18.0,60.0,9.0,191
winter,2011,11,16,0,2,1,misty,16.44,17.0,68.0,9.0,271
winter,2011,11,17,0,2,1,misty,15.5,16.0,72.0,13.0,451
winter,2011,11,18,0,2,1,misty,15.5,16.0,72.0,19.0,441
winter,2011,11,19,0,2,1,misty,15.5,16.0,72.0,24.0,286
winter,2011,11,20,0,2,1,misty,14.56,15.0,82.0,9.0,238
winter,2011,11,21,0,2,1,misty,15.5,16.0,77.0,6.0,168
winter,2011,11,22,0,2,1,misty,13.62,14.0,88.0,7.0,128
winter,2011,11,23,0,2,1,misty,13.62,14.0,94.0,7.0,80
winter,2011,11,0,0,3,1,misty,13.62,14.0,94.0,0.0,31
winter,2011,11,1,0,3,1,rain,13.62,14.0,94.0,6.0,5
winter,2011,11,2,0,3,1,misty,13.62,14.0,94.0,7.0,10
winter,2011,11,3,0,3,1,misty,13.62,14.0,94.0,7.0,5
winter,2011,11,4,0,3,1,misty,12.68,13.0,100.0,15.0,4
winter,2011,11,5,0,3,1,rain,13.62,14.0,94.0,7.0,13
winter,2011,11,6,0,3,1,misty,13.62,14.0,94.0,6.0,56
winter,2011,11,7,0,3,1,rain,13.62,14.0,94.0,0.0,137
winter,2011,11,8,0,3,1,rain,13.62,14.0,94.0,0.0,232
winter,2011,11,9,0,3,1,rain,13.62,14.0,94.0,0.0,82
winter,2011,11,10,0,3,1,rain,13.62,14.0,94.0,0.0,36
winter,2011,11,11,0,3,1,rain,13.62,14.0,94.0,6.0,60
winter,2011,11,12,0,3,1,rain,13.62,14.0,100.0,0.0,54
winter,2011,11,13,0,3,1,rain,13.62,14.0,94.0,9.0,58
winter,2011,11,14,0,3,1,misty,13.62,14.0,100.0,9.0,61
winter,2011,11,15,0,3,1,rain,14.56,15.0,94.0,7.0,66
winter,2011,11,16,0,3,1,rain,14.56,15.0,94.0,7.0,123
winter,2011,11,17,0,3,1,misty,14.56,15.0,88.0,13.0,233
winter,2011,11,18,0,3,1,rain,13.62,14.0,88.0,26.0,189
winter,2011,11,19,0,3,1,rain,13.62,14.0,88.0,26.0,111
winter,2011,11,20,0,3,1,rain,12.68,13.0,88.0,26.0,99
winter,2011,11,21,0,3,1,rain,12.68,13.0,88.0,19.0,75
winter,2011,11,22,0,3,1,rain,11.74,12.0,88.0,15.0,46
winter,2011,11,23,0,3,1,rain,11.74,12.0,88.0,9.0,31
winter,2011,11,0,0,4,1,misty,11.74,12.0,88.0,17.0,24
winter,2011,11,1,0,4,1,misty,11.74,12.0,82.0,11.0,5
winter,2011,11,2,0,4,1,misty,11.74,12.0,82.0,15.0,5
winter,2011,11,3,0,4,1,misty,11.74,12.0,77.0,22.0,3
winter,2011,11,4,0,4,1,misty,10.8,11.0,62.0,28.0,4
winter,2011,11,5,0,4,1,rain,7.98,4.0,71.0,22.0,22
winter,2011,11,6,0,4,1,rain,8.92,7.0,57.0,15.0,75
winter,2011,11,7,0,4,1,rain,7.98,5.0,61.0,19.0,168
winter,2011,11,8,0,4,1,rain,7.98,4.0,61.0,20.0,355
winter,2011,11,9,0,4,1,misty,7.98,4.0,61.0,22.0,198
winter,2011,11,10,0,4,1,misty,7.98,4.0,61.0,22.0,81
winter,2011,11,11,0,4,1,rain,7.04,4.0,66.0,22.0,97
winter,2011,11,12,0,4,1,misty,7.98,4.0,53.0,20.0,121
winter,2011,11,13,0,4,1,misty,7.98,4.0,49.0,30.0,124
winter,2011,11,14,0,4,1,misty,7.98,4.0,49.0,26.0,110
winter,2011,11,15,0,4,1,misty,7.98,4.0,49.0,30.0,116
winter,2011,11,16,0,4,1,clear,7.04,3.0,39.0,28.0,195
winter,2011,11,17,0,4,1,clear,7.04,3.0,42.0,26.0,399
winter,2011,11,18,0,4,1,clear,7.04,5.0,39.0,13.0,307
winter,2011,11,19,0,4,1,clear,6.1,3.0,45.0,15.0,217
winter,2011,11,20,0,4,1,clear,6.1,3.0,42.0,19.0,169
winter,2011,11,21,0,4,1,clear,6.1,3.0,42.0,17.0,116
winter,2011,11,22,0,4,1,clear,4.22,-0.0,52.0,17.0,84
winter,2011,11,23,0,4,1,clear,4.22,1.0,52.0,15.0,58
winter,2011,11,0,0,5,1,clear,4.22,1.0,48.0,11.0,30
winter,2011,11,1,0,5,1,clear,4.22,-1.0,44.0,22.0,10
winter,2011,11,2,0,5,1,clear,3.28,-1.0,44.0,15.0,10
winter,2011,11,3,0,5,1,clear,3.28,-2.0,41.0,19.0,2
winter,2011,11,4,0,5,1,clear,2.34,-1.0,44.0,11.0,5
winter,2011,11,5,0,5,1,clear,2.34,-1.0,44.0,9.0,22
winter,2011,11,6,0,5,1,clear,2.34,1.0,44.0,6.0,71
winter,2011,11,7,0,5,1,clear,2.34,-1.0,44.0,11.0,216
winter,2011,11,8,0,5,1,clear,2.34,-1.0,44.0,13.0,375
winter,2011,11,9,0,5,1,clear,4.22,1.0,41.0,13.0,213
winter,2011,11,10,0,5,1,clear,4.22,-0.0,41.0,19.0,115
winter,2011,11,11,0,5,1,clear,6.1,4.0,36.0,9.0,140
winter,2011,11,12,0,5,1,clear,7.04,6.0,33.0,0.0,165
winter,2011,11,13,0,5,1,clear,7.98,5.0,31.0,15.0,177
winter,2011,11,14,0,5,1,clear,7.98,6.0,31.0,9.0,154
winter,2011,11,15,0,5,1,clear,7.98,6.0,29.0,9.0,178
winter,2011,11,16,0,5,1,clear,7.98,6.0,29.0,9.0,209
winter,2011,11,17,0,5,1,clear,7.04,6.0,31.0,9.0,378
winter,2011,11,18,0,5,1,clear,6.1,4.0,36.0,11.0,328
winter,2011,11,19,0,5,1,clear,5.16,2.0,41.0,11.0,190
winter,2011,11,20,0,5,1,clear,5.16,2.0,48.0,13.0,137
winter,2011,11,21,0,5,1,clear,5.16,2.0,48.0,11.0,111
winter,2011,11,22,0,5,1,clear,4.22,2.0,52.0,7.0,97
winter,2011,11,23,0,5,1,clear,4.22,2.0,60.0,9.0,59
winter,2011,11,0,0,6,0,clear,4.22,1.0,56.0,13.0,53
winter,2011,11,1,0,6,0,clear,4.22,-1.0,52.0,20.0,35
winter,2011,11,2,0,6,0,clear,3.28,-0.0,56.0,11.0,46
winter,2011,11,3,0,6,0,clear,4.22,-0.0,48.0,17.0,15
winter,2011,11,4,0,6,0,clear,4.22,-1.0,48.0,22.0,8
winter,2011,11,5,0,6,0,clear,3.28,-1.0,56.0,17.0,2
winter,2011,11,6,0,6,0,clear,3.28,-2.0,60.0,22.0,12
winter,2011,11,7,0,6,0,clear,3.28,-1.0,60.0,17.0,41
winter,2011,11,8,0,6,0,clear,4.22,-0.0,56.0,17.0,92
winter,2011,11,9,0,6,0,clear,5.16,1.0,52.0,20.0,142
winter,2011,11,10,0,6,0,clear,7.04,4.0,45.0,17.0,200
winter,2011,11,11,0,6,0,clear,8.92,9.0,40.0,0.0,233
winter,2011,11,12,0,6,0,clear,10.8,11.0,35.0,19.0,311
winter,2011,11,13,0,6,0,clear,11.74,12.0,30.0,19.0,363
winter,2011,11,14,0,6,0,clear,11.74,12.0,32.0,20.0,349
winter,2011,11,15,0,6,0,clear,11.74,12.0,41.0,13.0,382
winter,2011,11,16,0,6,0,clear,11.74,12.0,38.0,20.0,287
winter,2011,11,17,0,6,0,clear,10.8,11.0,40.0,13.0,232
winter,2011,11,18,0,6,0,clear,9.86,10.0,46.0,9.0,208
winter,2011,11,19,0,6,0,misty,7.98,6.0,71.0,9.0,182
winter,2011,11,20,0,6,0,misty,8.92,8.0,57.0,7.0,163
winter,2011,11,21,0,6,0,misty,8.92,7.0,62.0,13.0,108
winter,2011,11,22,0,6,0,misty,9.86,10.0,62.0,11.0,106
winter,2011,11,23,0,6,0,clear,9.86,10.0,62.0,15.0,93
winter,2011,11,0,0,0,0,clear,9.86,10.0,66.0,11.0,93
winter,2011,11,1,0,0,0,clear,10.8,11.0,62.0,17.0,84
winter,2011,11,2,0,0,0,clear,10.8,11.0,62.0,19.0,56
winter,2011,11,3,0,0,0,misty,10.8,11.0,66.0,19.0,37
winter,2011,11,4,0,0,0,misty,10.8,11.0,71.0,19.0,12
winter,2011,11,5,0,0,0,misty,11.74,12.0,67.0,19.0,4
winter,2011,11,6,0,0,0,misty,11.74,12.0,67.0,17.0,9
winter,2011,11,7,0,0,0,clear,11.74,12.0,67.0,15.0,23
winter,2011,11,8,0,0,0,misty,11.74,12.0,71.0,19.0,65
winter,2011,11,9,0,0,0,clear,12.68,13.0,72.0,11.0,138
winter,2011,11,10,0,0,0,misty,12.68,13.0,72.0,7.0,229
winter,2011,11,11,0,0,0,misty,15.5,16.0,63.0,7.0,286
winter,2011,11,12,0,0,0,misty,15.5,16.0,63.0,9.0,304
winter,2011,11,13,0,0,0,misty,17.38,18.0,60.0,13.0,369
winter,2011,11,14,0,0,0,clear,16.44,17.0,63.0,17.0,363
winter,2011,11,15,0,0,0,misty,16.44,17.0,68.0,13.0,351
winter,2011,11,16,0,0,0,misty,16.44,17.0,63.0,9.0,306
winter,2011,11,17,0,0,0,misty,16.44,17.0,63.0,13.0,203
winter,2011,11,18,0,0,0,misty,17.38,18.0,64.0,13.0,145
winter,2011,11,19,0,0,0,misty,15.5,16.0,72.0,7.0,157
winter,2011,11,20,0,0,0,misty,16.44,17.0,68.0,7.0,113
winter,2011,11,21,0,0,0,misty,14.56,15.0,77.0,6.0,105
winter,2011,11,22,0,0,0,rain,13.62,14.0,88.0,6.0,40
winter,2011,11,23,0,0,0,rain,13.62,14.0,88.0,6.0,28
winter,2011,11,0,0,1,1,misty,13.62,14.0,94.0,0.0,17
winter,2011,11,1,0,1,1,rain,13.62,14.0,94.0,13.0,12
winter,2011,11,2,0,1,1,rain,12.68,13.0,100.0,13.0,3
winter,2011,11,3,0,1,1,rain,12.68,13.0,100.0,9.0,4
winter,2011,11,4,0,1,1,rain,12.68,13.0,100.0,9.0,5
winter,2011,11,5,0,1,1,misty,12.68,13.0,100.0,0.0,20
winter,2011,11,6,0,1,1,misty,11.74,12.0,100.0,0.0,76
winter,2011,11,7,0,1,1,misty,13.62,14.0,94.0,11.0,246
winter,2011,11,8,0,1,1,misty,13.62,14.0,94.0,0.0,391
winter,2011,11,9,0,1,1,misty,14.56,15.0,94.0,7.0,237
winter,2011,11,10,0,1,1,misty,16.44,17.0,83.0,0.0,135
winter,2011,11,11,0,1,1,misty,16.44,17.0,83.0,7.0,128
winter,2011,11,12,0,1,1,misty,15.5,16.0,77.0,9.0,162
winter,2011,11,13,0,1,1,misty,15.5,16.0,77.0,9.0,134
winter,2011,11,14,0,1,1,misty,14.56,15.0,82.0,13.0,135
winter,2011,11,15,0,1,1,rain,12.68,13.0,94.0,15.0,108
winter,2011,11,16,0,1,1,rain,12.68,13.0,94.0,15.0,108
winter,2011,11,17,0,1,1,rain,11.74,12.0,94.0,20.0,210
winter,2011,11,18,0,1,1,rain,11.74,12.0,88.0,13.0,192
winter,2011,11,19,0,1,1,rain,10.8,11.0,94.0,13.0,137
winter,2011,11,20,0,1,1,rain,10.8,11.0,87.0,15.0,80
winter,2011,11,21,0,1,1,rain,10.8,11.0,87.0,11.0,114
winter,2011,11,22,0,1,1,rain,10.8,11.0,87.0,9.0,78
winter,2011,11,23,0,1,1,rain,10.8,11.0,87.0,11.0,33
winter,2011,11,0,0,2,1,rain,9.86,10.0,94.0,7.0,14
winter,2011,11,1,0,2,1,rain,10.8,11.0,94.0,9.0,6
winter,2011,11,2,0,2,1,rain,9.86,10.0,100.0,7.0,6
winter,2011,11,3,0,2,1,rain,9.86,10.0,100.0,7.0,3
winter,2011,11,4,0,2,1,rain,9.86,10.0,94.0,11.0,7
winter,2011,11,5,0,2,1,rain,9.86,10.0,94.0,11.0,18
winter,2011,11,6,0,2,1,misty,9.86,10.0,94.0,7.0,64
winter,2011,11,7,0,2,1,rain,9.86,10.0,94.0,15.0,121
winter,2011,11,8,0,2,1,rain,9.86,10.0,94.0,15.0,190
winter,2011,11,9,0,2,1,rain,10.8,11.0,94.0,0.0,149
winter,2011,11,10,0,2,1,rain,10.8,11.0,94.0,0.0,52
winter,2011,11,11,0,2,1,rain,10.8,11.0,94.0,9.0,32
winter,2011,11,12,0,2,1,rain,10.8,11.0,100.0,6.0,21
winter,2011,11,13,0,2,1,rain,11.74,12.0,100.0,6.0,26
winter,2011,11,14,0,2,1,rain,11.74,12.0,100.0,6.0,35
winter,2011,11,15,0,2,1,rain,12.68,13.0,94.0,0.0,34
winter,2011,11,16,0,2,1,rain,12.68,13.0,94.0,0.0,62
winter,2011,11,17,0,2,1,rain,12.68,13.0,100.0,6.0,165
winter,2011,11,18,0,2,1,rain,12.68,13.0,100.0,0.0,148
winter,2011,11,19,0,2,1,rain,13.62,14.0,94.0,7.0,111
winter,2011,11,20,0,2,1,misty,13.62,14.0,100.0,15.0,127
winter,2011,11,21,0,2,1,misty,13.62,14.0,100.0,17.0,90
winter,2011,11,22,0,2,1,misty,15.5,16.0,94.0,13.0,87
winter,2011,11,23,0,2,1,misty,14.56,15.0,94.0,17.0,39
winter,2011,11,0,0,3,1,misty,14.56,15.0,94.0,17.0,16
winter,2011,11,1,0,3,1,misty,14.56,15.0,94.0,20.0,8
winter,2011,11,2,0,3,1,rain,15.5,16.0,94.0,24.0,6
winter,2011,11,3,0,3,1,rain,15.5,16.0,94.0,24.0,3
winter,2011,11,4,0,3,1,rain,16.44,17.0,88.0,24.0,5
winter,2011,11,5,0,3,1,misty,13.62,14.0,94.0,13.0,17
winter,2011,11,6,0,3,1,misty,12.68,13.0,100.0,0.0,69
winter,2011,11,7,0,3,1,misty,13.62,14.0,100.0,6.0,156
winter,2011,11,8,0,3,1,misty,14.56,15.0,94.0,7.0,323
winter,2011,11,9,0,3,1,misty,16.44,17.0,94.0,13.0,167
winter,2011,11,10,0,3,1,misty,16.44,17.0,94.0,13.0,76
winter,2011,11,11,0,3,1,misty,15.5,16.0,72.0,28.0,116
winter,2011,11,12,0,3,1,clear,14.56,15.0,55.0,28.0,160
winter,2011,11,13,0,3,1,misty,12.68,13.0,54.0,33.0,174
winter,2011,11,14,0,3,1,clear,11.74,12.0,54.0,31.0,213
winter,2011,11,15,0,3,1,misty,11.74,12.0,54.0,30.0,207
winter,2011,11,16,0,3,1,misty,10.8,11.0,62.0,31.0,173
winter,2011,11,17,0,3,1,rain,9.86,10.0,71.0,26.0,163
winter,2011,11,18,0,3,1,misty,10.8,11.0,58.0,35.0,145
winter,2011,11,19,0,3,1,clear,9.86,10.0,58.0,26.0,122
winter,2011,11,20,0,3,1,clear,8.92,6.0,62.0,26.0,68
winter,2011,11,21,0,3,1,clear,8.92,5.0,57.0,31.0,66
winter,2011,11,22,0,3,1,clear,7.98,4.0,61.0,30.0,62
winter,2011,11,23,0,3,1,clear,7.98,4.0,61.0,24.0,51
winter,2011,11,0,1,4,0,clear,7.04,4.0,57.0,15.0,23
winter,2011,11,1,1,4,0,clear,7.04,3.0,57.0,28.0,24
winter,2011,11,2,1,4,0,clear,6.1,3.0,61.0,19.0,22
winter,2011,11,3,1,4,0,clear,5.16,3.0,65.0,9.0,5
winter,2011,11,4,1,4,0,clear,6.1,5.0,61.0,6.0,2
winter,2011,11,5,1,4,0,clear,6.1,5.0,61.0,7.0,11
winter,2011,11,6,1,4,0,clear,6.1,5.0,61.0,6.0,6
winter,2011,11,7,1,4,0,clear,4.22,2.0,75.0,7.0,40
winter,2011,11,8,1,4,0,clear,6.1,5.0,65.0,6.0,46
winter,2011,11,9,1,4,0,clear,7.98,7.0,61.0,0.0,81
winter,2011,11,10,1,4,0,clear,8.92,9.0,57.0,0.0,98
winter,2011,11,11,1,4,0,clear,11.74,12.0,41.0,20.0,142
winter,2011,11,12,1,4,0,clear,13.62,14.0,36.0,15.0,150
winter,2011,11,13,1,4,0,clear,14.56,15.0,33.0,15.0,175
winter,2011,11,14,1,4,0,clear,15.5,16.0,31.0,20.0,168
winter,2011,11,15,1,4,0,clear,15.5,16.0,31.0,17.0,149
winter,2011,11,16,1,4,0,clear,15.5,16.0,34.0,19.0,114
winter,2011,11,17,1,4,0,clear,14.56,15.0,33.0,7.0,74
winter,2011,11,18,1,4,0,clear,11.74,12.0,50.0,6.0,37
winter,2011,11,19,1,4,0,clear,10.8,11.0,54.0,7.0,28
winter,2011,11,20,1,4,0,clear,8.92,7.0,76.0,11.0,31
winter,2011,11,21,1,4,0,clear,8.92,7.0,71.0,11.0,26
winter,2011,11,22,1,4,0,clear,8.92,7.0,71.0,11.0,22
winter,2011,11,23,1,4,0,clear,7.98,7.0,76.0,7.0,21
winter,2011,11,0,0,5,1,clear,7.98,6.0,76.0,11.0,29
winter,2011,11,1,0,5,1,clear,7.98,8.0,76.0,0.0,14
winter,2011,11,2,0,5,1,clear,5.16,3.0,81.0,7.0,10
winter,2011,11,3,0,5,1,clear,5.16,3.0,75.0,7.0,2
winter,2011,11,4,0,5,1,clear,6.1,5.0,75.0,7.0,7
winter,2011,11,5,0,5,1,clear,5.16,5.0,75.0,0.0,5
winter,2011,11,6,0,5,1,clear,4.22,2.0,81.0,7.0,13
winter,2011,11,7,0,5,1,clear,4.22,4.0,81.0,0.0,35
winter,2011,11,8,0,5,1,clear,4.22,2.0,81.0,9.0,74
winter,2011,11,9,0,5,1,clear,7.04,7.0,76.0,0.0,95
winter,2011,11,10,0,5,1,clear,8.92,7.0,71.0,11.0,142
winter,2011,11,11,0,5,1,clear,10.8,11.0,66.0,7.0,226
winter,2011,11,12,0,5,1,clear,13.62,14.0,51.0,7.0,272
winter,2011,11,13,0,5,1,clear,15.5,16.0,45.0,15.0,283
winter,2011,11,14,0,5,1,clear,16.44,17.0,39.0,15.0,272
winter,2011,11,15,0,5,1,clear,16.44,17.0,36.0,13.0,310
winter,2011,11,16,0,5,1,clear,15.5,16.0,39.0,11.0,261
winter,2011,11,17,0,5,1,clear,15.5,16.0,34.0,7.0,184
winter,2011,11,18,0,5,1,clear,13.62,14.0,44.0,6.0,153
winter,2011,11,19,0,5,1,clear,11.74,12.0,67.0,0.0,134
winter,2011,11,20,0,5,1,clear,10.8,11.0,58.0,6.0,95
winter,2011,11,21,0,5,1,clear,8.92,9.0,71.0,0.0,85
winter,2011,11,22,0,5,1,clear,7.98,7.0,71.0,6.0,58
winter,2011,11,23,0,5,1,clear,7.98,7.0,76.0,7.0,33
winter,2011,11,0,0,6,0,clear,7.98,7.0,76.0,7.0,47
winter,2011,11,1,0,6,0,clear,7.04,6.0,76.0,6.0,29
winter,2011,11,2,0,6,0,clear,6.1,5.0,81.0,7.0,23
winter,2011,11,3,0,6,0,clear,6.1,6.0,81.0,0.0,17
winter,2011,11,4,0,6,0,clear,6.1,6.0,81.0,0.0,4
winter,2011,11,5,0,6,0,clear,6.1,5.0,75.0,7.0,3
winter,2011,11,6,0,6,0,misty,6.1,5.0,75.0,6.0,10
winter,2011,11,7,0,6,0,clear,4.22,2.0,87.0,7.0,17
winter,2011,11,8,0,6,0,clear,7.04,6.0,76.0,6.0,60
winter,2011,11,9,0,6,0,clear,7.98,7.0,76.0,6.0,83
winter,2011,11,10,0,6,0,clear,8.92,9.0,81.0,0.0,141
winter,2011,11,11,0,6,0,clear,10.8,11.0,62.0,7.0,230
winter,2011,11,12,0,6,0,clear,12.68,13.0,51.0,0.0,309
winter,2011,11,13,0,6,0,clear,14.56,15.0,44.0,0.0,325
winter,2011,11,14,0,6,0,misty,14.56,15.0,48.0,9.0,299
winter,2011,11,15,0,6,0,misty,15.5,16.0,42.0,7.0,314
winter,2011,11,16,0,6,0,misty,13.62,14.0,47.0,9.0,275
winter,2011,11,17,0,6,0,misty,13.62,14.0,47.0,9.0,184
winter,2011,11,18,0,6,0,misty,11.74,12.0,62.0,11.0,185
winter,2011,11,19,0,6,0,misty,10.8,11.0,71.0,6.0,146
winter,2011,11,20,0,6,0,misty,11.74,12.0,58.0,0.0,141
winter,2011,11,21,0,6,0,misty,9.86,10.0,82.0,0.0,92
winter,2011,11,22,0,6,0,misty,9.86,10.0,76.0,0.0,65
winter,2011,11,23,0,6,0,clear,8.92,9.0,81.0,0.0,69
winter,2011,11,0,0,0,0,clear,8.92,9.0,81.0,0.0,46
winter,2011,11,1,0,0,0,clear,8.92,9.0,81.0,0.0,44
winter,2011,11,2,0,0,0,clear,7.98,8.0,81.0,0.0,31
winter,2011,11,3,0,0,0,clear,7.98,8.0,87.0,0.0,17
winter,2011,11,4,0,0,0,clear,7.98,7.0,87.0,7.0,4
winter,2011,11,5,0,0,0,clear,8.92,7.0,87.0,13.0,5
winter,2011,11,6,0,0,0,clear,9.86,10.0,82.0,11.0,9
winter,2011,11,7,0,0,0,clear,9.86,10.0,87.0,15.0,23
winter,2011,11,8,0,0,0,clear,10.8,11.0,82.0,20.0,42
winter,2011,11,9,0,0,0,clear,13.62,14.0,72.0,19.0,111
winter,2011,11,10,0,0,0,clear,13.62,14.0,72.0,19.0,189
winter,2011,11,11,0,0,0,clear,15.5,16.0,63.0,24.0,240
winter,2011,11,12,0,0,0,clear,17.38,18.0,56.0,19.0,256
winter,2011,11,13,0,0,0,clear,17.38,18.0,60.0,13.0,313
winter,2011,11,14,0,0,0,clear,21.14,25.0,43.0,31.0,313
winter,2011,11,15,0,0,0,clear,21.14,25.0,43.0,19.0,317
winter,2011,11,16,0,0,0,clear,18.32,19.0,52.0,17.0,323
winter,2011,11,17,0,0,0,clear,17.38,18.0,56.0,13.0,204
winter,2011,11,18,0,0,0,clear,15.5,16.0,63.0,11.0,155
winter,2011,11,19,0,0,0,clear,14.56,15.0,67.0,15.0,139
winter,2011,11,20,0,0,0,clear,15.5,16.0,63.0,17.0,104
winter,2011,11,21,0,0,0,clear,14.56,15.0,67.0,19.0,88
winter,2011,11,22,0,0,0,clear,14.56,15.0,72.0,17.0,66
winter,2011,11,23,0,0,0,clear,14.56,15.0,72.0,17.0,32
winter,2011,11,0,0,1,1,clear,13.62,14.0,77.0,19.0,16
winter,2011,11,1,0,1,1,clear,13.62,14.0,77.0,20.0,13
winter,2011,11,3,0,1,1,clear,12.68,13.0,88.0,15.0,5
winter,2011,11,4,0,1,1,clear,12.68,13.0,82.0,6.0,4
winter,2011,11,5,0,1,1,clear,10.8,11.0,87.0,0.0,34
winter,2011,11,6,0,1,1,clear,11.74,12.0,82.0,6.0,104
winter,2011,11,7,0,1,1,clear,11.74,12.0,88.0,0.0,277
winter,2011,11,8,0,1,1,misty,11.74,12.0,94.0,0.0,407
winter,2011,11,9,0,1,1,misty,12.68,13.0,88.0,15.0,208
winter,2011,11,10,0,1,1,misty,14.56,15.0,77.0,9.0,107
winter,2011,11,11,0,1,1,misty,16.44,17.0,68.0,7.0,118
winter,2011,11,12,0,1,1,clear,18.32,19.0,60.0,7.0,178
winter,2011,11,13,0,1,1,misty,19.26,20.0,56.0,0.0,162
winter,2011,11,14,0,1,1,clear,20.2,25.0,56.0,0.0,143
winter,2011,11,15,0,1,1,clear,19.26,20.0,60.0,11.0,150
winter,2011,11,16,0,1,1,clear,18.32,19.0,60.0,13.0,264
winter,2011,11,17,0,1,1,clear,19.26,20.0,56.0,13.0,468
winter,2011,11,18,0,1,1,clear,18.32,19.0,64.0,15.0,416
winter,2011,11,19,0,1,1,clear,17.38,18.0,73.0,15.0,264
winter,2011,11,20,0,1,1,misty,17.38,18.0,73.0,17.0,218
winter,2011,11,21,0,1,1,misty,17.38,18.0,77.0,15.0,156
winter,2011,11,22,0,1,1,misty,16.44,17.0,83.0,7.0,109
winter,2011,11,23,0,1,1,misty,16.44,17.0,83.0,9.0,46
winter,2011,11,0,0,2,1,clear,16.44,17.0,83.0,0.0,22
winter,2011,11,1,0,2,1,clear,16.44,17.0,83.0,6.0,17
winter,2011,11,2,0,2,1,misty,15.5,16.0,88.0,0.0,5
winter,2011,11,3,0,2,1,misty,15.5,16.0,88.0,0.0,2
winter,2011,11,4,0,2,1,misty,16.44,17.0,83.0,22.0,6
winter,2011,11,5,0,2,1,clear,15.5,16.0,88.0,19.0,22
winter,2011,11,6,0,2,1,clear,16.44,17.0,83.0,19.0,89
winter,2011,11,7,0,2,1,clear,16.44,17.0,77.0,15.0,342
winter,2011,11,8,0,2,1,clear,17.38,18.0,77.0,19.0,449
winter,2011,11,9,0,2,1,rain,18.32,19.0,73.0,28.0,202
winter,2011,11,10,0,2,1,rain,18.32,19.0,73.0,28.0,36
winter,2011,11,11,0,2,1,rain,15.5,16.0,88.0,20.0,11
winter,2011,11,12,0,2,1,rain,11.74,12.0,82.0,28.0,18
winter,2011,11,13,0,2,1,rain,11.74,12.0,77.0,19.0,22
winter,2011,11,14,0,2,1,rain,10.8,11.0,94.0,13.0,36
winter,2011,11,15,0,2,1,rain,10.8,11.0,87.0,22.0,65
winter,2011,11,16,0,2,1,rain,10.8,11.0,87.0,15.0,151
winter,2011,11,17,0,2,1,misty,10.8,11.0,87.0,20.0,354
winter,2011,11,18,0,2,1,misty,10.8,11.0,82.0,20.0,358
winter,2011,11,19,0,2,1,misty,10.8,11.0,82.0,22.0,250
winter,2011,11,20,0,2,1,misty,9.86,10.0,87.0,17.0,184
winter,2011,11,21,0,2,1,misty,9.86,10.0,87.0,17.0,125
winter,2011,11,22,0,2,1,clear,9.86,10.0,82.0,20.0,95
winter,2011,11,23,0,2,1,clear,8.92,6.0,76.0,26.0,53
winter,2011,11,0,0,3,1,clear,8.92,6.0,62.0,28.0,24
winter,2011,11,1,0,3,1,clear,7.98,4.0,66.0,22.0,8
winter,2011,11,2,0,3,1,clear,7.04,5.0,70.0,11.0,5
winter,2011,11,3,0,3,1,clear,7.04,5.0,70.0,11.0,1
winter,2011,11,4,0,3,1,clear,6.1,3.0,75.0,15.0,5
winter,2011,11,5,0,3,1,clear,5.16,2.0,81.0,13.0,22
winter,2011,11,6,0,3,1,clear,4.22,2.0,87.0,7.0,103
winter,2011,11,7,0,3,1,clear,4.22,2.0,81.0,7.0,285
winter,2011,11,8,0,3,1,clear,5.16,2.0,81.0,13.0,478
winter,2011,11,9,0,3,1,clear,6.1,3.0,75.0,19.0,193
winter,2011,11,10,0,3,1,clear,7.98,5.0,66.0,15.0,110
winter,2011,11,11,0,3,1,clear,9.86,10.0,54.0,20.0,122
winter,2011,11,12,0,3,1,misty,8.92,6.0,53.0,19.0,160
winter,2011,11,13,0,3,1,misty,9.86,10.0,43.0,24.0,147
winter,2011,11,14,0,3,1,misty,9.86,10.0,43.0,24.0,112
winter,2011,11,15,0,3,1,clear,8.92,6.0,46.0,22.0,115
winter,2011,11,16,0,3,1,clear,8.92,6.0,46.0,19.0,226
winter,2011,11,17,0,3,1,misty,7.98,4.0,49.0,22.0,380
winter,2011,11,18,0,3,1,clear,7.98,4.0,49.0,22.0,376
winter,2011,11,19,0,3,1,misty,7.04,4.0,57.0,19.0,279
winter,2011,11,20,0,3,1,misty,7.04,4.0,57.0,19.0,190
winter,2011,11,21,0,3,1,clear,7.04,3.0,53.0,26.0,135
winter,2011,11,22,0,3,1,clear,6.1,2.0,56.0,20.0,87
winter,2011,11,23,0,3,1,clear,5.16,1.0,52.0,19.0,50
winter,2011,12,0,0,4,1,clear,5.16,1.0,52.0,22.0,20
winter,2011,12,1,0,4,1,clear,4.22,-0.0,60.0,19.0,10
winter,2011,12,2,0,4,1,clear,4.22,-1.0,56.0,20.0,9
winter,2011,12,3,0,4,1,clear,4.22,-0.0,56.0,17.0,7
winter,2011,12,4,0,4,1,clear,4.22,-0.0,56.0,19.0,1
winter,2011,12,5,0,4,1,clear,4.22,-0.0,56.0,17.0,24
winter,2011,12,6,0,4,1,clear,3.28,-2.0,65.0,19.0,97
winter,2011,12,7,0,4,1,clear,3.28,-2.0,65.0,24.0,276
winter,2011,12,8,0,4,1,clear,4.22,-1.0,60.0,22.0,477
winter,2011,12,9,0,4,1,clear,6.1,2.0,52.0,22.0,224
winter,2011,12,10,0,4,1,clear,7.04,4.0,53.0,20.0,93
winter,2011,12,11,0,4,1,clear,7.98,5.0,49.0,17.0,102
winter,2011,12,12,0,4,1,clear,8.92,7.0,46.0,15.0,148
winter,2011,12,13,0,4,1,clear,10.8,11.0,40.0,15.0,154
winter,2011,12,14,0,4,1,clear,10.8,11.0,40.0,15.0,150
winter,2011,12,15,0,4,1,clear,10.8,11.0,40.0,15.0,154
winter,2011,12,16,0,4,1,clear,10.8,11.0,40.0,13.0,201
winter,2011,12,17,0,4,1,clear,8.92,7.0,46.0,9.0,418
winter,2011,12,18,0,4,1,clear,8.92,8.0,43.0,7.0,405
winter,2011,12,19,0,4,1,clear,7.98,7.0,46.0,7.0,228
winter,2011,12,20,0,4,1,clear,7.98,7.0,46.0,7.0,190
winter,2011,12,21,0,4,1,clear,6.1,5.0,61.0,7.0,162
winter,2011,12,22,0,4,1,clear,6.1,6.0,61.0,0.0,104
winter,2011,12,23,0,4,1,clear,4.22,3.0,70.0,6.0,73
winter,2011,12,0,0,5,1,clear,4.22,3.0,70.0,6.0,38
winter,2011,12,1,0,5,1,clear,3.28,3.0,75.0,0.0,15
winter,2011,12,2,0,5,1,clear,3.28,3.0,75.0,0.0,10
winter,2011,12,3,0,5,1,clear,2.34,2.0,80.0,0.0,1
winter,2011,12,4,0,5,1,clear,2.34,2.0,80.0,0.0,3
winter,2011,12,5,0,5,1,clear,2.34,1.0,80.0,6.0,23
winter,2011,12,6,0,5,1,clear,2.34,2.0,80.0,0.0,87
winter,2011,12,7,0,5,1,clear,2.34,1.0,87.0,6.0,205
winter,2011,12,8,0,5,1,clear,3.28,3.0,87.0,0.0,445
winter,2011,12,9,0,5,1,clear,5.16,5.0,81.0,0.0,246
winter,2011,12,10,0,5,1,clear,6.1,3.0,75.0,15.0,105
winter,2011,12,11,0,5,1,clear,7.98,6.0,66.0,11.0,160
winter,2011,12,12,0,5,1,clear,8.92,7.0,57.0,9.0,204
winter,2011,12,13,0,5,1,clear,10.8,11.0,47.0,9.0,207
winter,2011,12,14,0,5,1,clear,11.74,12.0,44.0,7.0,170
winter,2011,12,15,0,5,1,clear,11.74,12.0,41.0,6.0,199
winter,2011,12,16,0,5,1,clear,11.74,12.0,41.0,6.0,276
winter,2011,12,17,0,5,1,clear,11.74,12.0,38.0,0.0,411
winter,2011,12,18,0,5,1,clear,10.8,11.0,50.0,0.0,372
winter,2011,12,19,0,5,1,clear,7.98,5.0,53.0,17.0,265
winter,2011,12,20,0,5,1,clear,9.86,10.0,40.0,19.0,190
winter,2011,12,21,0,5,1,clear,7.98,6.0,49.0,13.0,111
winter,2011,12,22,0,5,1,clear,7.04,5.0,53.0,13.0,102
winter,2011,12,23,0,5,1,clear,7.04,4.0,53.0,19.0,95
winter,2011,12,0,0,6,0,clear,6.1,3.0,56.0,17.0,75
winter,2011,12,1,0,6,0,clear,4.22,1.0,65.0,13.0,71
winter,2011,12,2,0,6,0,clear,4.22,1.0,65.0,11.0,50
winter,2011,12,3,0,6,0,clear,3.28,-0.0,70.0,9.0,9
winter,2011,12,4,0,6,0,clear,2.34,-1.0,75.0,9.0,8
winter,2011,12,5,0,6,0,clear,3.28,1.0,70.0,6.0,6
winter,2011,12,6,0,6,0,clear,3.28,1.0,65.0,7.0,11
winter,2011,12,7,0,6,0,clear,2.34,1.0,75.0,6.0,26
winter,2011,12,8,0,6,0,clear,3.28,1.0,75.0,6.0,63
winter,2011,12,9,0,6,0,clear,4.22,2.0,70.0,7.0,124
winter,2011,12,10,0,6,0,clear,7.04,6.0,61.0,9.0,195
winter,2011,12,11,0,6,0,clear,7.04,6.0,57.0,6.0,275
winter,2011,12,12,0,6,0,clear,8.92,9.0,50.0,0.0,358
winter,2011,12,13,0,6,0,clear,8.92,8.0,50.0,6.0,292
winter,2011,12,14,0,6,0,clear,8.92,9.0,46.0,0.0,343
winter,2011,12,15,0,6,0,clear,9.86,10.0,46.0,0.0,337
winter,2011,12,16,0,6,0,clear,9.86,10.0,46.0,0.0,305
winter,2011,12,17,0,6,0,clear,8.92,9.0,62.0,0.0,232
winter,2011,12,18,0,6,0,clear,7.98,6.0,53.0,9.0,224
winter,2011,12,19,0,6,0,clear,6.1,5.0,61.0,6.0,175
winter,2011,12,20,0,6,0,clear,6.1,5.0,61.0,6.0,127
winter,2011,12,21,0,6,0,misty,6.1,5.0,61.0,6.0,109
winter,2011,12,22,0,6,0,misty,7.04,6.0,61.0,6.0,114
winter,2011,12,23,0,6,0,clear,6.1,4.0,70.0,9.0,85
winter,2011,12,0,0,0,0,clear,6.1,5.0,70.0,7.0,83
winter,2011,12,1,0,0,0,clear,6.1,5.0,75.0,6.0,74
winter,2011,12,2,0,0,0,clear,4.22,4.0,81.0,0.0,62
winter,2011,12,3,0,0,0,clear,5.16,5.0,75.0,0.0,41
winter,2011,12,4,0,0,0,clear,4.22,4.0,87.0,0.0,11
winter,2011,12,5,0,0,0,clear,4.22,4.0,81.0,0.0,4
winter,2011,12,6,0,0,0,clear,3.28,3.0,93.0,0.0,4
winter,2011,12,7,0,0,0,clear,4.22,4.0,87.0,0.0,26
winter,2011,12,8,0,0,0,clear,4.22,4.0,87.0,0.0,55
winter,2011,12,9,0,0,0,clear,6.1,6.0,81.0,0.0,126
winter,2011,12,10,0,0,0,clear,7.04,6.0,81.0,9.0,216
winter,2011,12,11,0,0,0,clear,7.98,6.0,81.0,11.0,254
winter,2011,12,12,0,0,0,clear,8.92,7.0,81.0,11.0,329
winter,2011,12,13,0,0,0,clear,10.8,11.0,66.0,15.0,357
winter,2011,12,14,0,0,0,clear,11.74,12.0,62.0,9.0,323
winter,2011,12,15,0,0,0,clear,11.74,12.0,62.0,13.0,296
winter,2011,12,16,0,0,0,clear,11.74,12.0,58.0,15.0,330
winter,2011,12,17,0,0,0,clear,9.86,10.0,76.0,9.0,245
winter,2011,12,18,0,0,0,clear,9.86,10.0,71.0,0.0,171
winter,2011,12,19,0,0,0,clear,9.86,10.0,76.0,0.0,173
winter,2011,12,20,0,0,0,clear,8.92,7.0,76.0,9.0,124
winter,2011,12,21,0,0,0,clear,8.92,8.0,81.0,7.0,72
winter,2011,12,22,0,0,0,clear,7.98,7.0,87.0,7.0,64
winter,2011,12,23,0,0,0,clear,7.98,7.0,87.0,7.0,45
winter,2011,12,0,0,1,1,clear,7.04,6.0,87.0,6.0,24
winter,2011,12,1,0,1,1,clear,7.04,7.0,87.0,0.0,12
winter,2011,12,2,0,1,1,clear,7.04,7.0,87.0,0.0,8
winter,2011,12,3,0,1,1,clear,7.04,7.0,87.0,0.0,2
winter,2011,12,4,0,1,1,clear,6.1,5.0,87.0,7.0,7
winter,2011,12,5,0,1,1,clear,6.1,5.0,87.0,7.0,25
winter,2011,12,6,0,1,1,clear,6.1,5.0,93.0,6.0,90
winter,2011,12,7,0,1,1,clear,7.04,7.0,90.0,0.0,283
winter,2011,12,8,0,1,1,clear,7.04,7.0,93.0,0.0,404
winter,2011,12,9,0,1,1,misty,8.92,8.0,87.0,6.0,190
winter,2011,12,10,0,1,1,misty,8.92,8.0,87.0,6.0,87
winter,2011,12,11,0,1,1,misty,8.92,8.0,87.0,6.0,123
winter,2011,12,12,0,1,1,misty,10.8,11.0,76.0,7.0,154
winter,2011,12,13,0,1,1,misty,11.74,12.0,71.0,6.0,171
winter,2011,12,14,0,1,1,misty,13.62,14.0,67.0,0.0,133
winter,2011,12,15,0,1,1,misty,13.62,14.0,72.0,6.0,148
winter,2011,12,16,0,1,1,clear,15.5,16.0,63.0,6.0,248
winter,2011,12,17,0,1,1,clear,11.74,12.0,77.0,0.0,446
winter,2011,12,18,0,1,1,clear,12.68,13.0,77.0,0.0,399
winter,2011,12,19,0,1,1,misty,13.62,14.0,77.0,0.0,308
winter,2011,12,20,0,1,1,misty,13.62,14.0,82.0,7.0,205
winter,2011,12,21,0,1,1,misty,12.68,13.0,88.0,6.0,176
winter,2011,12,22,0,1,1,misty,12.68,13.0,88.0,9.0,106
winter,2011,12,23,0,1,1,misty,13.62,14.0,88.0,9.0,62
winter,2011,12,0,0,2,1,misty,15.5,16.0,77.0,20.0,28
winter,2011,12,1,0,2,1,misty,13.62,14.0,88.0,20.0,16
winter,2011,12,2,0,2,1,misty,13.62,14.0,87.0,13.0,3
winter,2011,12,3,0,2,1,misty,13.62,14.0,87.0,13.0,3
winter,2011,12,4,0,2,1,rain,13.62,14.0,88.0,15.0,7
winter,2011,12,5,0,2,1,rain,13.62,14.0,88.0,15.0,20
winter,2011,12,6,0,2,1,misty,12.68,13.0,94.0,19.0,86
winter,2011,12,7,0,2,1,misty,13.62,14.0,94.0,13.0,234
winter,2011,12,8,0,2,1,misty,13.62,14.0,94.0,13.0,414
winter,2011,12,9,0,2,1,misty,13.62,14.0,94.0,15.0,204
winter,2011,12,10,0,2,1,rain,13.62,14.0,94.0,19.0,50
winter,2011,12,11,0,2,1,rain,13.62,14.0,94.0,17.0,32
winter,2011,12,12,0,2,1,rain,13.62,14.0,100.0,15.0,55
winter,2011,12,13,0,2,1,rain,13.62,14.0,100.0,13.0,71
winter,2011,12,14,0,2,1,rain,14.56,15.0,100.0,15.0,75
winter,2011,12,15,0,2,1,rain,15.5,16.0,100.0,13.0,45
winter,2011,12,16,0,2,1,rain,13.62,14.0,100.0,17.0,88
winter,2011,12,17,0,2,1,misty,13.62,14.0,100.0,15.0,262
winter,2011,12,18,0,2,1,misty,13.62,14.0,100.0,19.0,304
winter,2011,12,19,0,2,1,rain,13.62,14.0,100.0,20.0,233
winter,2011,12,20,0,2,1,rain,13.62,14.0,100.0,20.0,110
winter,2011,12,21,0,2,1,misty,12.68,13.0,100.0,13.0,114
winter,2011,12,22,0,2,1,rain,13.62,14.0,100.0,11.0,87
winter,2011,12,23,0,2,1,rain,13.62,14.0,100.0,11.0,53
winter,2011,12,0,0,3,1,clear,12.68,13.0,100.0,13.0,33
winter,2011,12,1,0,3,1,misty,13.62,14.0,100.0,17.0,13
winter,2011,12,2,0,3,1,rain,13.62,14.0,100.0,15.0,6
winter,2011,12,3,0,3,1,rain,13.62,14.0,100.0,15.0,3
winter,2011,12,4,0,3,1,rain,13.62,14.0,100.0,11.0,1
winter,2011,12,5,0,3,1,rain,13.62,14.0,100.0,11.0,3
winter,2011,12,6,0,3,1,rain,14.56,15.0,100.0,28.0,18
winter,2011,12,7,0,3,1,rain,12.68,13.0,100.0,7.0,46
winter,2011,12,8,0,3,1,rain,12.68,13.0,100.0,0.0,86
winter,2011,12,9,0,3,1,rain,12.68,13.0,100.0,17.0,64
winter,2011,12,10,0,3,1,rain,12.68,13.0,100.0,6.0,33
winter,2011,12,11,0,3,1,rain,12.68,13.0,100.0,6.0,50
winter,2011,12,12,0,3,1,rain,12.68,13.0,100.0,9.0,33
winter,2011,12,13,0,3,1,rain,12.68,13.0,100.0,13.0,33
winter,2011,12,14,0,3,1,rain,12.68,13.0,100.0,13.0,25
winter,2011,12,15,0,3,1,rain,11.74,12.0,94.0,15.0,30
winter,2011,12,16,0,3,1,rain,11.74,12.0,94.0,13.0,31
winter,2011,12,17,0,3,1,rain,10.8,11.0,100.0,22.0,52
winter,2011,12,18,0,3,1,rain,10.8,11.0,94.0,20.0,51
winter,2011,12,19,0,3,1,rain,7.98,3.0,87.0,43.0,33
winter,2011,12,20,0,3,1,rain,7.98,3.0,87.0,43.0,26
winter,2011,12,21,0,3,1,rain,6.1,1.0,87.0,35.0,6
winter,2011,12,22,0,3,1,rain,3.28,-3.0,93.0,30.0,13
winter,2011,12,23,0,3,1,clear,3.28,-2.0,93.0,26.0,16
winter,2011,12,0,0,4,1,misty,4.22,-1.0,87.0,20.0,21
winter,2011,12,1,0,4,1,clear,4.22,-1.0,81.0,24.0,7
winter,2011,12,2,0,4,1,clear,5.16,2.0,65.0,15.0,4
winter,2011,12,3,0,4,1,clear,4.22,-1.0,60.0,20.0,1
winter,2011,12,4,0,4,1,misty,3.28,-3.0,60.0,31.0,2
winter,2011,12,5,0,4,1,clear,2.34,-2.0,64.0,15.0,12
winter,2011,12,6,0,4,1,clear,2.34,-2.0,55.0,19.0,71
winter,2011,12,7,0,4,1,clear,2.34,-2.0,60.0,15.0,244
winter,2011,12,8,0,4,1,clear,2.34,-2.0,55.0,19.0,429
winter,2011,12,9,0,4,1,clear,3.28,-2.0,52.0,26.0,225
winter,2011,12,10,0,4,1,clear,4.22,-1.0,52.0,22.0,110
winter,2011,12,11,0,4,1,clear,5.16,2.0,52.0,17.0,106
winter,2011,12,12,0,4,1,clear,5.16,1.0,52.0,22.0,156
winter,2011,12,13,0,4,1,clear,6.1,2.0,49.0,24.0,124
winter,2011,12,14,0,4,1,clear,7.04,4.0,45.0,17.0,137
winter,2011,12,15,0,4,1,clear,7.04,6.0,45.0,9.0,117
winter,2011,12,16,0,4,1,clear,7.04,5.0,45.0,13.0,208
winter,2011,12,17,0,4,1,clear,6.1,5.0,49.0,7.0,331
winter,2011,12,18,0,4,1,clear,5.16,2.0,52.0,15.0,318
winter,2011,12,19,0,4,1,clear,4.22,2.0,56.0,7.0,232
winter,2011,12,20,0,4,1,clear,4.22,2.0,60.0,7.0,175
winter,2011,12,21,0,4,1,clear,5.16,4.0,61.0,6.0,139
winter,2011,12,22,0,4,1,clear,4.22,2.0,65.0,9.0,92
winter,2011,12,23,0,4,1,clear,3.28,1.0,70.0,7.0,61
winter,2011,12,0,0,5,1,clear,3.28,3.0,65.0,0.0,34
winter,2011,12,1,0,5,1,clear,3.28,3.0,65.0,0.0,14
winter,2011,12,2,0,5,1,clear,3.28,3.0,70.0,0.0,12
winter,2011,12,3,0,5,1,clear,2.34,2.0,80.0,0.0,6
winter,2011,12,4,0,5,1,clear,2.34,2.0,80.0,0.0,2
winter,2011,12,5,0,5,1,clear,2.34,2.0,80.0,0.0,20
winter,2011,12,6,0,5,1,clear,2.34,1.0,80.0,6.0,63
winter,2011,12,7,0,5,1,clear,2.34,1.0,75.0,6.0,199
winter,2011,12,8,0,5,1,clear,3.28,3.0,81.0,0.0,385
winter,2011,12,9,0,5,1,clear,4.22,3.0,81.0,6.0,264
winter,2011,12,10,0,5,1,misty,6.1,4.0,70.0,11.0,126
winter,2011,12,11,0,5,1,clear,7.04,4.0,70.0,17.0,136
winter,2011,12,12,0,5,1,clear,8.92,6.0,57.0,20.0,173
winter,2011,12,13,0,5,1,clear,9.86,10.0,50.0,13.0,168
winter,2011,12,14,0,5,1,clear,9.86,10.0,46.0,19.0,187
winter,2011,12,15,0,5,1,clear,9.86,10.0,46.0,19.0,189
winter,2011,12,16,0,5,1,clear,8.92,7.0,62.0,9.0,250
winter,2011,12,17,0,5,1,clear,7.98,7.0,66.0,7.0,362
winter,2011,12,18,0,5,1,clear,7.98,8.0,61.0,0.0,318
winter,2011,12,19,0,5,1,clear,7.98,8.0,61.0,0.0,199
winter,2011,12,20,0,5,1,clear,6.1,6.0,81.0,0.0,150
winter,2011,12,21,0,5,1,clear,6.1,6.0,75.0,0.0,140
winter,2011,12,22,0,5,1,clear,5.16,5.0,87.0,0.0,129
winter,2011,12,23,0,5,1,clear,5.16,5.0,81.0,0.0,94
winter,2011,12,0,0,6,0,misty,4.22,2.0,81.0,7.0,77
winter,2011,12,1,0,6,0,misty,4.22,1.0,70.0,11.0,66
winter,2011,12,2,0,6,0,misty,5.16,4.0,61.0,6.0,60
winter,2011,12,3,0,6,0,misty,5.16,4.0,61.0,6.0,25
winter,2011,12,4,0,6,0,misty,4.22,2.0,65.0,7.0,3
winter,2011,12,5,0,6,0,clear,4.22,1.0,60.0,11.0,6
winter,2011,12,6,0,6,0,clear,3.28,1.0,65.0,7.0,11
winter,2011,12,7,0,6,0,clear,3.28,-1.0,65.0,13.0,11
winter,2011,12,8,0,6,0,clear,4.22,2.0,65.0,9.0,73
winter,2011,12,9,0,6,0,clear,5.16,1.0,61.0,19.0,149
winter,2011,12,10,0,6,0,clear,7.04,4.0,57.0,17.0,192
winter,2011,12,11,0,6,0,clear,7.04,3.0,53.0,28.0,236
winter,2011,12,12,0,6,0,clear,7.04,3.0,45.0,28.0,283
winter,2011,12,13,0,6,0,clear,7.98,4.0,34.0,28.0,286
winter,2011,12,14,0,6,0,clear,7.98,4.0,31.0,22.0,293
winter,2011,12,15,0,6,0,clear,7.98,4.0,34.0,24.0,299
winter,2011,12,16,0,6,0,clear,7.04,3.0,31.0,26.0,241
winter,2011,12,17,0,6,0,clear,5.16,1.0,36.0,22.0,185
winter,2011,12,18,0,6,0,clear,4.22,1.0,38.0,15.0,172
winter,2011,12,19,0,6,0,clear,4.22,-0.0,38.0,19.0,154
winter,2011,12,20,0,6,0,clear,3.28,-1.0,35.0,15.0,124
winter,2011,12,21,0,6,0,clear,2.34,-2.0,44.0,15.0,83
winter,2011,12,22,0,6,0,clear,2.34,-1.0,41.0,9.0,95
winter,2011,12,23,0,6,0,clear,1.4,-2.0,47.0,11.0,66
winter,2011,12,0,0,0,0,clear,1.4,-3.0,51.0,15.0,74
winter,2011,12,1,0,0,0,clear,-0.48,-6.0,59.0,15.0,62
winter,2011,12,2,0,0,0,clear,0.46,-5.0,55.0,17.0,52
winter,2011,12,3,0,0,0,clear,-0.48,-4.0,59.0,9.0,19
winter,2011,12,4,0,0,0,clear,-0.48,-5.0,59.0,11.0,5
winter,2011,12,5,0,0,0,clear,0.46,-2.0,59.0,7.0,6
winter,2011,12,6,0,0,0,clear,-0.48,-1.0,59.0,0.0,10
winter,2011,12,7,0,0,0,clear,0.46,-0.0,55.0,0.0,31
winter,2011,12,8,0,0,0,clear,-0.48,-1.0,69.0,0.0,72
winter,2011,12,9,0,0,0,clear,1.4,1.0,59.0,0.0,107
winter,2011,12,10,0,0,0,clear,3.28,3.0,44.0,0.0,194
winter,2011,12,11,0,0,0,clear,4.22,4.0,35.0,0.0,197
winter,2011,12,12,0,0,0,clear,4.22,4.0,35.0,0.0,288
winter,2011,12,13,0,0,0,clear,6.1,6.0,31.0,0.0,268
winter,2011,12,14,0,0,0,clear,6.1,6.0,28.0,0.0,242
winter,2011,12,15,0,0,0,clear,6.1,6.0,26.0,0.0,266
winter,2011,12,16,0,0,0,clear,6.1,6.0,26.0,0.0,206
winter,2011,12,17,0,0,0,clear,5.16,5.0,30.0,0.0,163
winter,2011,12,18,0,0,0,clear,3.28,-1.0,48.0,13.0,163
winter,2011,12,19,0,0,0,clear,2.34,-1.0,55.0,13.0,105
winter,2011,12,20,0,0,0,clear,2.34,-0.0,55.0,7.0,72
winter,2011,12,21,0,0,0,clear,2.34,2.0,55.0,0.0,63
winter,2011,12,22,0,0,0,clear,2.34,2.0,55.0,0.0,43
winter,2011,12,23,0,0,0,clear,1.4,1.0,69.0,0.0,35
winter,2011,12,0,0,1,1,clear,1.4,-1.0,69.0,6.0,20
winter,2011,12,1,0,1,1,clear,1.4,1.0,69.0,0.0,9
winter,2011,12,2,0,1,1,clear,1.4,1.0,69.0,0.0,4
winter,2011,12,3,0,1,1,clear,0.46,-0.0,74.0,0.0,2
winter,2011,12,4,0,1,1,clear,0.46,-0.0,74.0,0.0,3
winter,2011,12,5,0,1,1,clear,-0.48,-1.0,80.0,0.0,21
winter,2011,12,6,0,1,1,clear,-0.48,-4.0,80.0,7.0,64
winter,2011,12,7,0,1,1,clear,-1.42,-6.0,86.0,9.0,235
winter,2011,12,8,0,1,1,misty,-0.48,-4.0,80.0,7.0,385
winter,2011,12,9,0,1,1,misty,0.46,-2.0,74.0,6.0,220
winter,2011,12,10,0,1,1,misty,2.34,-0.0,69.0,7.0,105
winter,2011,12,11,0,1,1,misty,4.22,3.0,60.0,6.0,115
winter,2011,12,12,0,1,1,clear,5.16,3.0,52.0,7.0,145
winter,2011,12,13,0,1,1,misty,6.1,5.0,52.0,7.0,166
winter,2011,12,14,0,1,1,misty,7.04,6.0,53.0,9.0,111
winter,2011,12,15,0,1,1,misty,7.04,6.0,57.0,7.0,132
winter,2011,12,16,0,1,1,misty,7.04,6.0,57.0,6.0,214
winter,2011,12,17,0,1,1,misty,6.1,6.0,56.0,0.0,359
winter,2011,12,18,0,1,1,clear,6.1,5.0,56.0,6.0,357
winter,2011,12,19,0,1,1,clear,5.16,4.0,61.0,6.0,241
winter,2011,12,20,0,1,1,clear,6.1,5.0,56.0,6.0,165
winter,2011,12,21,0,1,1,clear,4.22,4.0,81.0,0.0,121
winter,2011,12,22,0,1,1,clear,4.22,4.0,70.0,0.0,71
winter,2011,12,23,0,1,1,clear,3.28,3.0,75.0,0.0,45
winter,2011,12,0,0,2,1,clear,2.34,2.0,80.0,0.0,17
winter,2011,12,1,0,2,1,clear,1.4,1.0,80.0,0.0,4
winter,2011,12,2,0,2,1,clear,1.4,1.0,80.0,0.0,2
winter,2011,12,3,0,2,1,clear,0.46,-0.0,80.0,0.0,3
winter,2011,12,4,0,2,1,clear,1.4,1.0,80.0,0.0,4
winter,2011,12,5,0,2,1,clear,0.46,-0.0,86.0,0.0,20
winter,2011,12,6,0,2,1,clear,1.4,1.0,80.0,0.0,92
winter,2011,12,7,0,2,1,clear,-0.48,-5.0,80.0,11.0,223
winter,2011,12,8,0,2,1,clear,1.4,-1.0,69.0,7.0,400
winter,2011,12,9,0,2,1,clear,4.22,1.0,60.0,11.0,233
winter,2011,12,10,0,2,1,clear,6.1,4.0,52.0,11.0,102
winter,2011,12,11,0,2,1,clear,7.98,5.0,46.0,17.0,124
winter,2011,12,12,0,2,1,clear,8.92,6.0,43.0,24.0,167
winter,2011,12,13,0,2,1,clear,10.8,11.0,37.0,22.0,127
winter,2011,12,14,0,2,1,clear,10.8,11.0,37.0,17.0,134
winter,2011,12,15,0,2,1,clear,10.8,11.0,35.0,17.0,151
winter,2011,12,16,0,2,1,clear,9.86,10.0,37.0,17.0,207
winter,2011,12,17,0,2,1,clear,8.92,7.0,40.0,13.0,398
winter,2011,12,18,0,2,1,clear,7.98,5.0,42.0,15.0,382
winter,2011,12,19,0,2,1,clear,7.04,5.0,49.0,11.0,267
winter,2011,12,20,0,2,1,clear,7.04,5.0,49.0,11.0,161
winter,2011,12,21,0,2,1,clear,6.1,4.0,52.0,11.0,139
winter,2011,12,22,0,2,1,clear,6.1,4.0,52.0,11.0,107
winter,2011,12,23,0,2,1,clear,4.22,4.0,70.0,0.0,59
winter,2011,12,0,0,3,1,clear,4.22,4.0,75.0,0.0,22
winter,2011,12,1,0,3,1,clear,4.22,4.0,75.0,0.0,8
winter,2011,12,2,0,3,1,clear,4.22,4.0,75.0,0.0,2
winter,2011,12,3,0,3,1,clear,5.16,5.0,65.0,0.0,3
winter,2011,12,4,0,3,1,clear,4.22,4.0,75.0,0.0,4
winter,2011,12,5,0,3,1,misty,4.22,4.0,81.0,0.0,26
winter,2011,12,6,0,3,1,misty,4.22,4.0,87.0,0.0,87
winter,2011,12,7,0,3,1,clear,5.16,5.0,75.0,0.0,247
winter,2011,12,8,0,3,1,misty,4.22,4.0,87.0,0.0,467
winter,2011,12,9,0,3,1,misty,6.1,6.0,61.0,0.0,239
winter,2011,12,10,0,3,1,misty,7.04,7.0,57.0,0.0,142
winter,2011,12,11,0,3,1,misty,7.98,8.0,55.0,0.0,115
winter,2011,12,12,0,3,1,misty,8.92,8.0,57.0,6.0,144
winter,2011,12,13,0,3,1,misty,8.92,8.0,57.0,7.0,133
winter,2011,12,14,0,3,1,misty,9.86,10.0,54.0,6.0,151
winter,2011,12,15,0,3,1,misty,9.86,10.0,54.0,7.0,167
winter,2011,12,16,0,3,1,misty,9.86,10.0,54.0,7.0,245
winter,2011,12,17,0,3,1,misty,8.92,8.0,57.0,7.0,396
winter,2011,12,18,0,3,1,misty,8.92,7.0,62.0,11.0,390
winter,2011,12,19,0,3,1,misty,8.92,8.0,62.0,7.0,268
winter,2011,12,20,0,3,1,misty,7.98,7.0,66.0,7.0,175
winter,2011,12,21,0,3,1,misty,7.98,6.0,66.0,11.0,154
winter,2011,12,22,0,3,1,clear,7.98,6.0,66.0,11.0,104
winter,2011,12,23,0,3,1,clear,7.04,5.0,70.0,11.0,51
winter,2011,12,0,0,4,1,clear,7.04,5.0,70.0,11.0,50
winter,2011,12,1,0,4,1,misty,7.04,5.0,70.0,11.0,20
winter,2011,12,2,0,4,1,misty,7.04,6.0,70.0,9.0,7
winter,2011,12,3,0,4,1,misty,7.04,6.0,70.0,9.0,3
winter,2011,12,4,0,4,1,misty,7.04,4.0,70.0,15.0,6
winter,2011,12,5,0,4,1,misty,7.04,4.0,70.0,19.0,24
winter,2011,12,6,0,4,1,clear,7.04,5.0,66.0,13.0,92
winter,2011,12,7,0,4,1,clear,7.04,5.0,70.0,13.0,258
winter,2011,12,8,0,4,1,misty,7.98,5.0,66.0,15.0,457
winter,2011,12,9,0,4,1,misty,8.92,6.0,62.0,19.0,280
winter,2011,12,10,0,4,1,misty,10.8,11.0,58.0,20.0,109
winter,2011,12,11,0,4,1,misty,10.8,11.0,62.0,28.0,135
winter,2011,12,12,0,4,1,misty,13.62,14.0,59.0,33.0,157
winter,2011,12,13,0,4,1,misty,15.5,16.0,55.0,24.0,164
winter,2011,12,14,0,4,1,misty,16.44,17.0,52.0,22.0,132
winter,2011,12,15,0,4,1,rain,16.44,17.0,55.0,15.0,82
winter,2011,12,16,0,4,1,rain,13.62,14.0,72.0,11.0,131
winter,2011,12,17,0,4,1,misty,16.44,17.0,59.0,19.0,324
winter,2011,12,18,0,4,1,misty,16.44,17.0,59.0,20.0,377
winter,2011,12,19,0,4,1,misty,16.44,17.0,59.0,19.0,287
winter,2011,12,20,0,4,1,clear,16.44,17.0,59.0,22.0,221
winter,2011,12,21,0,4,1,clear,15.5,16.0,63.0,20.0,155
winter,2011,12,22,0,4,1,clear,16.44,17.0,63.0,22.0,124
winter,2011,12,23,0,4,1,clear,16.44,17.0,63.0,22.0,114
winter,2011,12,0,0,5,1,clear,15.5,16.0,72.0,22.0,72
winter,2011,12,1,0,5,1,clear,15.5,16.0,72.0,15.0,31
winter,2011,12,2,0,5,1,clear,14.56,15.0,77.0,7.0,23
winter,2011,12,3,0,5,1,clear,13.62,14.0,82.0,9.0,5
winter,2011,12,4,0,5,1,misty,15.5,16.0,59.0,13.0,5
winter,2011,12,5,0,5,1,clear,14.56,15.0,44.0,26.0,26
winter,2011,12,6,0,5,1,misty,12.68,13.0,33.0,20.0,82
winter,2011,12,7,0,5,1,misty,9.86,10.0,46.0,20.0,231
winter,2011,12,8,0,5,1,clear,8.92,6.0,46.0,28.0,459
winter,2011,12,9,0,5,1,clear,8.92,6.0,46.0,26.0,243
winter,2011,12,10,0,5,1,clear,7.98,4.0,46.0,20.0,132
winter,2011,12,11,0,5,1,misty,7.98,4.0,42.0,20.0,144
winter,2011,12,12,0,5,1,misty,7.98,4.0,42.0,24.0,173
winter,2011,12,13,0,5,1,misty,7.98,4.0,39.0,24.0,137
winter,2011,12,14,0,5,1,misty,7.98,5.0,42.0,15.0,128
winter,2011,12,15,0,5,1,misty,7.04,4.0,45.0,20.0,153
winter,2011,12,16,0,5,1,misty,7.04,4.0,45.0,15.0,224
winter,2011,12,17,0,5,1,misty,7.04,4.0,45.0,19.0,365
winter,2011,12,18,0,5,1,misty,7.04,4.0,45.0,17.0,295
winter,2011,12,19,0,5,1,misty,7.04,4.0,45.0,15.0,214
winter,2011,12,20,0,5,1,misty,7.04,5.0,45.0,13.0,152
winter,2011,12,21,0,5,1,misty,7.04,5.0,45.0,11.0,102
winter,2011,12,22,0,5,1,misty,6.1,4.0,49.0,11.0,106
winter,2011,12,23,0,5,1,misty,6.1,4.0,49.0,9.0,75
winter,2011,12,0,0,6,0,clear,6.1,3.0,49.0,19.0,62
winter,2011,12,1,0,6,0,misty,6.1,3.0,52.0,17.0,43
winter,2011,12,2,0,6,0,misty,5.16,2.0,56.0,15.0,58
winter,2011,12,3,0,6,0,clear,4.22,1.0,60.0,13.0,26
winter,2011,12,4,0,6,0,clear,3.28,-0.0,65.0,11.0,9
winter,2011,12,5,0,6,0,misty,4.22,1.0,60.0,13.0,9
winter,2011,12,6,0,6,0,misty,4.22,-0.0,56.0,19.0,17
winter,2011,12,7,0,6,0,misty,4.22,1.0,56.0,15.0,20
winter,2011,12,8,0,6,0,misty,4.22,1.0,56.0,15.0,59
winter,2011,12,9,0,6,0,misty,4.22,-0.0,56.0,17.0,100
winter,2011,12,10,0,6,0,misty,4.22,-0.0,52.0,19.0,181
winter,2011,12,11,0,6,0,misty,5.16,1.0,45.0,22.0,209
winter,2011,12,12,0,6,0,misty,5.16,1.0,45.0,19.0,244
winter,2011,12,13,0,6,0,misty,5.16,2.0,48.0,17.0,236
winter,2011,12,14,0,6,0,clear,5.16,1.0,45.0,24.0,237
winter,2011,12,15,0,6,0,clear,5.16,1.0,45.0,19.0,228
winter,2011,12,16,0,6,0,clear,5.16,2.0,45.0,15.0,222
winter,2011,12,17,0,6,0,clear,4.22,1.0,48.0,15.0,165
winter,2011,12,18,0,6,0,clear,4.22,-1.0,48.0,26.0,157
winter,2011,12,19,0,6,0,rain,3.28,-2.0,65.0,22.0,106
winter,2011,12,20,0,6,0,clear,2.34,-2.0,69.0,17.0,106
winter,2011,12,21,0,6,0,clear,1.4,-2.0,75.0,11.0,96
winter,2011,12,22,0,6,0,clear,1.4,-2.0,75.0,11.0,80
winter,2011,12,23,0,6,0,clear,1.4,-1.0,75.0,0.0,69
winter,2011,12,0,0,0,0,clear,1.4,-2.0,75.0,9.0,71
winter,2011,12,1,0,0,0,clear,1.4,-1.0,69.0,7.0,46
winter,2011,12,2,0,0,0,clear,2.34,-0.0,55.0,7.0,41
winter,2011,12,3,0,0,0,clear,2.34,-2.0,55.0,15.0,18
winter,2011,12,4,0,0,0,clear,2.34,-2.0,55.0,15.0,1
winter,2011,12,5,0,0,0,clear,1.4,-1.0,59.0,7.0,5
winter,2011,12,6,0,0,0,clear,1.4,-2.0,59.0,9.0,3
winter,2011,12,7,0,0,0,clear,1.4,-2.0,59.0,11.0,12
winter,2011,12,8,0,0,0,clear,1.4,1.0,69.0,0.0,32
winter,2011,12,9,0,0,0,clear,2.34,-1.0,64.0,11.0,81
winter,2011,12,10,0,0,0,clear,3.28,-1.0,60.0,17.0,129
winter,2011,12,11,0,0,0,misty,3.28,-1.0,60.0,15.0,188
winter,2011,12,12,0,0,0,clear,4.22,1.0,60.0,15.0,228
winter,2011,12,13,0,0,0,clear,6.1,2.0,49.0,20.0,228
winter,2011,12,14,0,0,0,clear,6.1,3.0,49.0,19.0,219
winter,2011,12,15,0,0,0,clear,7.04,4.0,45.0,19.0,207
winter,2011,12,16,0,0,0,clear,5.16,2.0,48.0,17.0,234
winter,2011,12,17,0,0,0,clear,5.16,2.0,46.0,11.0,136
winter,2011,12,18,0,0,0,clear,5.16,2.0,45.0,13.0,138
winter,2011,12,19,0,0,0,clear,4.22,2.0,52.0,9.0,135
winter,2011,12,20,0,0,0,clear,3.28,1.0,60.0,7.0,104
winter,2011,12,21,0,0,0,clear,2.34,2.0,64.0,0.0,89
winter,2011,12,22,0,0,0,clear,2.34,-1.0,75.0,13.0,49
winter,2011,12,23,0,0,0,clear,1.4,-1.0,75.0,7.0,37
winter,2011,12,0,0,1,1,clear,1.4,-1.0,75.0,6.0,17
winter,2011,12,1,0,1,1,clear,0.46,-2.0,80.0,6.0,11
winter,2011,12,2,0,1,1,clear,0.46,-2.0,80.0,6.0,3
winter,2011,12,3,0,1,1,clear,-0.48,-3.0,86.0,6.0,3
winter,2011,12,4,0,1,1,clear,-0.48,-4.0,86.0,9.0,4
winter,2011,12,5,0,1,1,clear,-1.42,-5.0,93.0,7.0,21
winter,2011,12,6,0,1,1,clear,-0.48,-4.0,86.0,7.0,68
winter,2011,12,7,0,1,1,clear,0.46,-2.0,74.0,7.0,191
winter,2011,12,8,0,1,1,clear,1.4,-3.0,75.0,13.0,397
winter,2011,12,9,0,1,1,clear,2.34,-2.0,69.0,15.0,183
winter,2011,12,10,0,1,1,clear,3.28,-1.0,67.0,13.0,108
winter,2011,12,11,0,1,1,clear,4.22,-0.0,65.0,17.0,127
winter,2011,12,12,0,1,1,clear,6.1,2.0,61.0,22.0,141
winter,2011,12,13,0,1,1,clear,7.98,4.0,49.0,22.0,142
winter,2011,12,14,0,1,1,clear,8.92,7.0,46.0,15.0,137
winter,2011,12,15,0,1,1,clear,9.86,10.0,46.0,11.0,159
winter,2011,12,16,0,1,1,clear,10.8,11.0,40.0,17.0,208
winter,2011,12,17,0,1,1,clear,9.86,10.0,46.0,13.0,378
winter,2011,12,18,0,1,1,clear,8.92,7.0,50.0,13.0,354
winter,2011,12,19,0,1,1,misty,8.92,7.0,53.0,11.0,251
winter,2011,12,20,0,1,1,clear,10.8,11.0,40.0,11.0,206
winter,2011,12,21,0,1,1,misty,8.92,7.0,53.0,9.0,127
winter,2011,12,22,0,1,1,misty,8.92,7.0,57.0,11.0,107
winter,2011,12,23,0,1,1,clear,8.92,7.0,53.0,11.0,60
winter,2011,12,0,0,2,1,clear,8.92,8.0,57.0,7.0,21
winter,2011,12,1,0,2,1,clear,8.92,9.0,53.0,0.0,6
winter,2011,12,2,0,2,1,misty,7.98,8.0,61.0,0.0,11
winter,2011,12,3,0,2,1,misty,7.98,8.0,61.0,0.0,2
winter,2011,12,4,0,2,1,misty,8.92,8.0,53.0,7.0,4
winter,2011,12,5,0,2,1,misty,8.92,9.0,57.0,0.0,15
winter,2011,12,6,0,2,1,misty,8.92,9.0,57.0,0.0,72
winter,2011,12,7,0,2,1,misty,8.92,9.0,62.0,0.0,268
winter,2011,12,8,0,2,1,misty,11.74,12.0,54.0,6.0,432
winter,2011,12,9,0,2,1,misty,8.92,9.0,66.0,0.0,259
winter,2011,12,10,0,2,1,misty,11.74,12.0,58.0,13.0,129
winter,2011,12,11,0,2,1,misty,10.8,11.0,62.0,11.0,129
winter,2011,12,12,0,2,1,misty,12.68,13.0,54.0,9.0,175
winter,2011,12,13,0,2,1,misty,12.68,13.0,54.0,9.0,181
winter,2011,12,14,0,2,1,misty,12.68,13.0,58.0,7.0,138
winter,2011,12,15,0,2,1,misty,12.68,13.0,54.0,0.0,154
winter,2011,12,16,0,2,1,clear,12.68,13.0,54.0,0.0,238
winter,2011,12,17,0,2,1,clear,10.8,11.0,62.0,11.0,431
winter,2011,12,18,0,2,1,clear,9.86,10.0,66.0,13.0,411
winter,2011,12,19,0,2,1,clear,9.86,10.0,66.0,0.0,224
winter,2011,12,20,0,2,1,clear,8.92,9.0,66.0,0.0,147
winter,2011,12,21,0,2,1,clear,8.92,8.0,66.0,6.0,143
winter,2011,12,22,0,2,1,misty,8.92,9.0,66.0,0.0,107
winter,2011,12,23,0,2,1,misty,9.86,10.0,62.0,0.0,53
spring,2011,12,0,0,3,1,misty,7.98,6.0,71.0,9.0,25
spring,2011,12,1,0,3,1,misty,8.92,8.0,66.0,7.0,11
spring,2011,12,2,0,3,1,misty,8.92,9.0,71.0,0.0,4
spring,2011,12,3,0,3,1,misty,8.92,9.0,71.0,0.0,2
spring,2011,12,4,0,3,1,misty,8.92,9.0,71.0,0.0,2
spring,2011,12,5,0,3,1,misty,9.86,10.0,82.0,7.0,28
spring,2011,12,6,0,3,1,misty,8.92,9.0,87.0,0.0,76
spring,2011,12,7,0,3,1,misty,8.92,8.0,87.0,7.0,229
spring,2011,12,8,0,3,1,rain,8.92,9.0,93.0,0.0,405
spring,2011,12,9,0,3,1,misty,10.8,11.0,87.0,15.0,234
spring,2011,12,10,0,3,1,misty,14.56,15.0,82.0,28.0,89
spring,2011,12,11,0,3,1,misty,14.56,15.0,82.0,28.0,56
spring,2011,12,12,0,3,1,rain,13.62,14.0,88.0,26.0,61
spring,2011,12,13,0,3,1,rain,12.68,13.0,94.0,20.0,58
spring,2011,12,14,0,3,1,misty,14.56,15.0,88.0,24.0,51
spring,2011,12,15,0,3,1,misty,14.56,15.0,88.0,26.0,61
spring,2011,12,16,0,3,1,rain,12.68,13.0,100.0,22.0,101
spring,2011,12,17,0,3,1,rain,12.68,13.0,100.0,22.0,229
spring,2011,12,18,0,3,1,misty,12.68,13.0,100.0,20.0,280
spring,2011,12,19,0,3,1,misty,15.5,16.0,94.0,22.0,209
spring,2011,12,20,0,3,1,misty,15.5,16.0,94.0,24.0,167
spring,2011,12,21,0,3,1,clear,15.5,16.0,88.0,19.0,123
spring,2011,12,22,0,3,1,clear,15.5,16.0,88.0,17.0,105
spring,2011,12,23,0,3,1,clear,15.5,16.0,88.0,13.0,54
spring,2011,12,0,0,4,1,misty,15.5,16.0,82.0,7.0,27
spring,2011,12,1,0,4,1,clear,12.68,13.0,94.0,6.0,15
spring,2011,12,2,0,4,1,clear,14.56,15.0,82.0,7.0,11
spring,2011,12,3,0,4,1,clear,12.68,13.0,67.0,11.0,6
spring,2011,12,4,0,4,1,clear,9.86,10.0,82.0,9.0,3
spring,2011,12,5,0,4,1,clear,9.86,10.0,82.0,0.0,16
spring,2011,12,6,0,4,1,clear,8.92,9.0,87.0,0.0,64
spring,2011,12,7,0,4,1,clear,7.98,8.0,93.0,0.0,186
spring,2011,12,8,0,4,1,misty,8.92,9.0,87.0,0.0,343
spring,2011,12,9,0,4,1,misty,9.86,10.0,87.0,6.0,228
spring,2011,12,10,0,4,1,misty,10.8,11.0,82.0,6.0,141
spring,2011,12,11,0,4,1,misty,12.68,13.0,77.0,0.0,145
spring,2011,12,12,0,4,1,misty,14.56,15.0,55.0,0.0,202
spring,2011,12,13,0,4,1,misty,13.62,14.0,63.0,0.0,188
spring,2011,12,14,0,4,1,misty,13.62,14.0,63.0,0.0,159
spring,2011,12,15,0,4,1,misty,14.56,15.0,59.0,0.0,214
spring,2011,12,16,0,4,1,misty,13.62,14.0,63.0,0.0,256
spring,2011,12,17,0,4,1,misty,12.68,13.0,67.0,11.0,356
spring,2011,12,18,0,4,1,misty,12.68,13.0,62.0,6.0,288
spring,2011,12,19,0,4,1,misty,12.68,13.0,62.0,0.0,142
spring,2011,12,20,0,4,1,rain,11.74,12.0,71.0,0.0,33
spring,2011,12,21,0,4,1,rain,11.74,12.0,71.0,0.0,17
spring,2011,12,22,0,4,1,rain,8.92,8.0,93.0,7.0,17
spring,2011,12,23,0,4,1,rain,10.8,11.0,87.0,0.0,11
spring,2011,12,0,0,5,1,rain,10.8,11.0,87.0,13.0,9
spring,2011,12,1,0,5,1,rain,10.8,11.0,87.0,13.0,12
spring,2011,12,2,0,5,1,rain,9.86,10.0,94.0,9.0,13
spring,2011,12,3,0,5,1,rain,9.86,10.0,94.0,9.0,4
spring,2011,12,4,0,5,1,rain,9.86,10.0,94.0,19.0,2
spring,2011,12,5,0,5,1,clear,8.92,7.0,93.0,13.0,8
spring,2011,12,6,0,5,1,clear,9.86,10.0,82.0,17.0,40
spring,2011,12,7,0,5,1,clear,9.86,10.0,82.0,15.0,92
spring,2011,12,8,0,5,1,clear,10.8,11.0,76.0,17.0,182
spring,2011,12,9,0,5,1,clear,10.8,11.0,66.0,20.0,156
spring,2011,12,10,0,5,1,clear,10.8,11.0,62.0,24.0,104
spring,2011,12,11,0,5,1,clear,10.8,11.0,58.0,30.0,174
spring,2011,12,12,0,5,1,clear,10.8,11.0,54.0,35.0,170
spring,2011,12,13,0,5,1,clear,10.8,11.0,50.0,31.0,194
spring,2011,12,14,0,5,1,clear,10.8,11.0,54.0,28.0,200
spring,2011,12,15,0,5,1,clear,9.86,10.0,54.0,24.0,203
spring,2011,12,16,0,5,1,clear,9.86,10.0,50.0,20.0,181
spring,2011,12,17,0,5,1,clear,8.92,7.0,53.0,15.0,140
spring,2011,12,18,0,5,1,clear,8.92,6.0,50.0,17.0,95
spring,2011,12,19,0,5,1,clear,7.98,6.0,53.0,13.0,76
spring,2011,12,20,0,5,1,clear,7.04,4.0,61.0,22.0,50
spring,2011,12,21,0,5,1,clear,7.04,4.0,61.0,15.0,32
spring,2011,12,22,0,5,1,clear,7.04,5.0,66.0,13.0,47
spring,2011,12,23,0,5,1,clear,7.04,6.0,66.0,9.0,25
spring,2011,12,0,0,6,0,misty,7.04,5.0,70.0,11.0,23
spring,2011,12,1,0,6,0,misty,7.04,7.0,66.0,0.0,16
spring,2011,12,2,0,6,0,misty,7.04,6.0,66.0,6.0,26
spring,2011,12,3,0,6,0,misty,7.04,6.0,70.0,6.0,5
spring,2011,12,4,0,6,0,misty,7.04,5.0,66.0,11.0,3
spring,2011,12,5,0,6,0,misty,7.04,5.0,66.0,11.0,4
spring,2011,12,6,0,6,0,misty,6.1,4.0,75.0,11.0,10
spring,2011,12,7,0,6,0,clear,6.1,2.0,70.0,24.0,10
spring,2011,12,8,0,6,0,clear,5.16,2.0,70.0,13.0,27
spring,2011,12,9,0,6,0,clear,6.1,2.0,45.0,28.0,56
spring,2011,12,10,0,6,0,clear,6.1,1.0,42.0,33.0,56
spring,2011,12,11,0,6,0,clear,7.04,3.0,39.0,24.0,71
spring,2011,12,12,0,6,0,clear,7.98,5.0,39.0,19.0,94
spring,2011,12,13,0,6,0,clear,7.98,4.0,39.0,20.0,121
spring,2011,12,14,0,6,0,clear,7.98,4.0,39.0,20.0,85
spring,2011,12,15,0,6,0,clear,7.04,4.0,39.0,15.0,97
spring,2011,12,16,0,6,0,clear,7.04,5.0,42.0,13.0,99
spring,2011,12,17,0,6,0,clear,5.16,3.0,45.0,9.0,68
spring,2011,12,18,0,6,0,clear,6.1,5.0,42.0,6.0,35
spring,2011,12,19,0,6,0,clear,6.1,5.0,52.0,6.0,25
spring,2011,12,20,0,6,0,clear,4.22,2.0,56.0,9.0,24
spring,2011,12,21,0,6,0,clear,4.22,1.0,56.0,11.0,19
spring,2011,12,22,0,6,0,clear,3.28,3.0,52.0,0.0,20
spring,2011,12,23,0,6,0,clear,3.28,1.0,56.0,0.0,17
spring,2011,12,0,0,0,0,clear,3.28,-1.0,60.0,13.0,6
spring,2011,12,1,0,0,0,clear,2.34,-1.0,69.0,9.0,4
spring,2011,12,2,0,0,0,clear,2.34,1.0,75.0,6.0,2
spring,2011,12,3,0,0,0,clear,2.34,2.0,72.0,0.0,4
spring,2011,12,5,0,0,0,clear,1.4,-1.0,75.0,7.0,1
spring,2011,12,6,0,0,0,clear,1.4,-1.0,75.0,7.0,1
spring,2011,12,7,0,0,0,clear,2.34,-0.0,80.0,7.0,4
spring,2011,12,8,0,0,0,clear,1.4,-2.0,80.0,11.0,5
spring,2011,12,9,0,0,0,clear,3.28,-0.0,87.0,11.0,23
spring,2011,12,10,0,0,0,clear,4.22,-0.0,81.0,17.0,43
spring,2011,12,11,0,0,0,clear,6.1,4.0,70.0,11.0,85
spring,2011,12,12,0,0,0,clear,6.1,2.0,75.0,20.0,66
spring,2011,12,13,0,0,0,clear,7.04,4.0,70.0,17.0,79
spring,2011,12,14,0,0,0,clear,7.98,5.0,61.0,17.0,86
spring,2011,12,15,0,0,0,clear,7.98,6.0,61.0,13.0,91
spring,2011,12,16,0,0,0,clear,8.92,8.0,57.0,7.0,86
spring,2011,12,17,0,0,0,clear,7.98,6.0,61.0,9.0,44
spring,2011,12,18,0,0,0,clear,7.04,5.0,70.0,13.0,30
spring,2011,12,19,0,0,0,clear,7.04,6.0,57.0,9.0,16
spring,2011,12,20,0,0,0,clear,7.04,6.0,49.0,6.0,26
spring,2011,12,21,0,0,0,clear,6.1,4.0,56.0,9.0,19
spring,2011,12,22,0,0,0,clear,5.16,2.0,61.0,11.0,17
spring,2011,12,23,0,0,0,clear,4.22,2.0,65.0,9.0,16
spring,2011,12,0,1,1,0,clear,2.34,-1.0,75.0,11.0,11
spring,2011,12,1,1,1,0,clear,5.16,2.0,56.0,13.0,10
spring,2011,12,2,1,1,0,clear,7.98,5.0,46.0,15.0,7
spring,2011,12,4,1,1,0,clear,7.98,4.0,46.0,20.0,2
spring,2011,12,5,1,1,0,clear,7.98,4.0,42.0,26.0,4
spring,2011,12,6,1,1,0,clear,7.04,4.0,45.0,19.0,4
spring,2011,12,7,1,1,0,clear,7.04,5.0,45.0,13.0,19
spring,2011,12,8,1,1,0,clear,7.04,6.0,45.0,9.0,18
spring,2011,12,9,1,1,0,clear,7.98,4.0,46.0,20.0,62
spring,2011,12,10,1,1,0,clear,7.98,3.0,42.0,35.0,70
spring,2011,12,11,1,1,0,clear,7.98,3.0,46.0,39.0,91
spring,2011,12,12,1,1,0,clear,8.92,5.0,43.0,31.0,100
spring,2011,12,13,1,1,0,clear,9.86,10.0,40.0,20.0,140
spring,2011,12,14,1,1,0,clear,9.86,10.0,40.0,22.0,153
spring,2011,12,15,1,1,0,clear,9.86,10.0,40.0,17.0,131
spring,2011,12,16,1,1,0,clear,8.92,6.0,43.0,19.0,97
spring,2011,12,17,1,1,0,clear,7.98,5.0,46.0,15.0,97
spring,2011,12,18,1,1,0,clear,7.04,6.0,49.0,6.0,75
spring,2011,12,19,1,1,0,clear,6.1,5.0,65.0,6.0,65
spring,2011,12,20,1,1,0,clear,6.1,5.0,56.0,6.0,56
spring,2011,12,21,1,1,0,clear,4.22,4.0,70.0,0.0,49
spring,2011,12,22,1,1,0,clear,4.22,4.0,70.0,0.0,27
spring,2011,12,23,1,1,0,clear,4.22,2.0,70.0,7.0,29
spring,2011,12,0,0,2,1,clear,4.22,1.0,70.0,11.0,12
spring,2011,12,1,0,2,1,clear,4.22,2.0,70.0,9.0,6
spring,2011,12,2,0,2,1,clear,4.22,2.0,70.0,9.0,4
spring,2011,12,3,0,2,1,misty,6.1,3.0,61.0,15.0,3
spring,2011,12,4,0,2,1,misty,6.1,3.0,65.0,15.0,3
spring,2011,12,5,0,2,1,misty,6.1,2.0,64.0,19.0,8
spring,2011,12,6,0,2,1,misty,6.1,2.0,61.0,20.0,35
spring,2011,12,7,0,2,1,misty,6.1,3.0,65.0,19.0,80
spring,2011,12,8,0,2,1,misty,6.1,4.0,65.0,11.0,164
spring,2011,12,9,0,2,1,rain,7.04,6.0,66.0,7.0,104
spring,2011,12,10,0,2,1,misty,7.04,6.0,66.0,6.0,60
spring,2011,12,11,0,2,1,rain,7.04,6.0,66.0,7.0,30
spring,2011,12,12,0,2,1,rain,6.1,5.0,81.0,6.0,24
spring,2011,12,13,0,2,1,rain,6.1,4.0,87.0,9.0,20
spring,2011,12,14,0,2,1,rain,11.74,12.0,82.0,26.0,14
spring,2011,12,15,0,2,1,rain,11.74,12.0,82.0,26.0,19
spring,2011,12,16,0,2,1,rain,12.68,13.0,88.0,22.0,46
spring,2011,12,17,0,2,1,rain,10.8,11.0,87.0,9.0,115
spring,2011,12,18,0,2,1,clear,9.86,10.0,87.0,19.0,135
spring,2011,12,19,0,2,1,clear,7.98,6.0,87.0,11.0,90
spring,2011,12,20,0,2,1,clear,7.04,6.0,93.0,6.0,69
spring,2011,12,21,0,2,1,clear,7.04,6.0,87.0,6.0,63
spring,2011,12,22,0,2,1,clear,7.04,6.0,87.0,6.0,32
spring,2011,12,23,0,2,1,clear,6.1,4.0,93.0,9.0,26
spring,2011,12,0,0,3,1,clear,7.04,5.0,87.0,11.0,10
spring,2011,12,1,0,3,1,clear,7.04,5.0,76.0,11.0,12
spring,2011,12,2,0,3,1,clear,7.04,4.0,61.0,17.0,7
spring,2011,12,3,0,3,1,clear,7.04,4.0,61.0,17.0,4
spring,2011,12,5,0,3,1,clear,7.04,3.0,57.0,24.0,9
spring,2011,12,6,0,3,1,clear,7.04,4.0,57.0,17.0,43
spring,2011,12,7,0,3,1,clear,7.04,4.0,57.0,17.0,110
spring,2011,12,8,0,3,1,clear,7.04,3.0,57.0,24.0,217
spring,2011,12,9,0,3,1,clear,7.04,4.0,57.0,22.0,189
spring,2011,12,10,0,3,1,clear,7.98,5.0,57.0,15.0,96
spring,2011,12,11,0,3,1,clear,8.92,6.0,46.0,24.0,111
spring,2011,12,12,0,3,1,clear,7.98,3.0,46.0,37.0,140
spring,2011,12,13,0,3,1,clear,7.98,3.0,39.0,31.0,159
spring,2011,12,14,0,3,1,clear,7.04,3.0,39.0,26.0,120
spring,2011,12,15,0,3,1,clear,7.04,3.0,36.0,28.0,117
spring,2011,12,16,0,3,1,clear,6.1,2.0,36.0,28.0,167
spring,2011,12,17,0,3,1,clear,5.16,2.0,38.0,17.0,250
spring,2011,12,18,0,3,1,clear,4.22,-1.0,38.0,22.0,169
spring,2011,12,19,0,3,1,clear,3.28,-1.0,41.0,17.0,151
spring,2011,12,20,0,3,1,clear,3.28,-1.0,41.0,15.0,79
spring,2011,12,21,0,3,1,clear,2.34,-1.0,44.0,9.0,70
spring,2011,12,22,0,3,1,clear,2.34,-0.0,44.0,7.0,33
spring,2011,12,23,0,3,1,clear,2.34,-2.0,44.0,17.0,39
spring,2011,12,0,0,4,1,misty,2.34,-1.0,47.0,13.0,28
spring,2011,12,1,0,4,1,clear,2.34,-2.0,47.0,15.0,15
spring,2011,12,2,0,4,1,clear,1.4,-1.0,51.0,7.0,3
spring,2011,12,3,0,4,1,clear,1.4,-3.0,55.0,13.0,2
spring,2011,12,4,0,4,1,clear,1.4,-2.0,55.0,11.0,3
spring,2011,12,5,0,4,1,clear,1.4,-1.0,55.0,7.0,10
spring,2011,12,6,0,4,1,clear,1.4,1.0,59.0,0.0,41
spring,2011,12,7,0,4,1,clear,0.46,-2.0,64.0,6.0,106
spring,2011,12,8,0,4,1,misty,1.4,1.0,64.0,0.0,210
spring,2011,12,9,0,4,1,misty,1.4,-2.0,64.0,9.0,170
spring,2011,12,10,0,4,1,misty,2.34,-1.0,64.0,11.0,110
spring,2011,12,11,0,4,1,misty,3.28,1.0,60.0,6.0,122
spring,2011,12,12,0,4,1,misty,4.22,2.0,56.0,7.0,130
spring,2011,12,13,0,4,1,misty,5.16,3.0,52.0,7.0,131
spring,2011,12,14,0,4,1,misty,6.1,6.0,52.0,0.0,142
spring,2011,12,15,0,4,1,misty,6.1,5.0,52.0,6.0,177
spring,2011,12,16,0,4,1,clear,6.1,4.0,52.0,11.0,177
spring,2011,12,17,0,4,1,clear,6.1,4.0,61.0,11.0,240
spring,2011,12,18,0,4,1,clear,6.1,4.0,56.0,9.0,207
spring,2011,12,19,0,4,1,clear,6.1,5.0,56.0,7.0,135
spring,2011,12,20,0,4,1,clear,5.16,3.0,65.0,7.0,96
spring,2011,12,21,0,4,1,misty,5.16,3.0,61.0,9.0,68
spring,2011,12,22,0,4,1,clear,5.16,3.0,65.0,9.0,55
spring,2011,12,23,0,4,1,clear,6.1,4.0,65.0,11.0,45
spring,2011,12,0,0,5,1,clear,5.16,3.0,70.0,9.0,30
spring,2011,12,1,0,5,1,clear,4.22,3.0,65.0,6.0,20
spring,2011,12,2,0,5,1,clear,3.28,1.0,70.0,7.0,12
spring,2011,12,3,0,5,1,clear,3.28,1.0,70.0,7.0,6
spring,2011,12,4,0,5,1,clear,3.28,1.0,70.0,6.0,2
spring,2011,12,5,0,5,1,clear,2.34,1.0,75.0,6.0,10
spring,2011,12,6,0,5,1,clear,3.28,1.0,70.0,6.0,32
spring,2011,12,7,0,5,1,clear,3.28,1.0,75.0,6.0,95
spring,2011,12,8,0,5,1,misty,3.28,1.0,75.0,6.0,205
spring,2011,12,9,0,5,1,clear,4.22,4.0,75.0,0.0,194
spring,2011,12,10,0,5,1,clear,6.1,3.0,65.0,17.0,118
spring,2011,12,11,0,5,1,clear,7.04,5.0,66.0,13.0,171
spring,2011,12,12,0,5,1,clear,7.04,6.0,57.0,9.0,197
spring,2011,12,13,0,5,1,misty,8.92,7.0,53.0,9.0,207
spring,2011,12,14,0,5,1,misty,10.8,11.0,47.0,6.0,245
spring,2011,12,15,0,5,1,clear,11.74,12.0,44.0,0.0,292
spring,2011,12,16,0,5,1,clear,11.74,12.0,47.0,13.0,283
spring,2011,12,17,0,5,1,clear,9.86,10.0,54.0,11.0,242
spring,2011,12,18,0,5,1,clear,8.92,7.0,62.0,9.0,182
spring,2011,12,19,0,5,1,misty,7.98,4.0,49.0,28.0,112
spring,2011,12,20,0,5,1,misty,7.98,7.0,66.0,7.0,91
spring,2011,12,21,0,5,1,misty,8.92,8.0,66.0,7.0,95
spring,2011,12,22,0,5,1,misty,7.98,6.0,71.0,11.0,85
spring,2011,12,23,0,5,1,misty,8.92,6.0,66.0,17.0,73
spring,2011,12,0,0,6,0,misty,9.86,10.0,62.0,22.0,44
spring,2011,12,1,0,6,0,misty,10.8,11.0,62.0,19.0,35
spring,2011,12,2,0,6,0,misty,10.8,11.0,62.0,19.0,28
spring,2011,12,3,0,6,0,misty,10.8,11.0,62.0,19.0,18
spring,2011,12,4,0,6,0,clear,9.86,10.0,71.0,15.0,10
spring,2011,12,5,0,6,0,misty,8.92,7.0,76.0,15.0,1
spring,2011,12,6,0,6,0,misty,10.8,11.0,71.0,6.0,6
spring,2011,12,7,0,6,0,rain,9.86,10.0,76.0,0.0,19
spring,2011,12,8,0,6,0,clear,7.98,6.0,81.0,9.0,49
spring,2011,12,9,0,6,0,clear,9.86,10.0,76.0,0.0,90
spring,2011,12,10,0,6,0,clear,10.8,11.0,76.0,11.0,128
spring,2011,12,11,0,6,0,clear,11.74,12.0,71.0,11.0,217
spring,2011,12,12,0,6,0,clear,16.44,17.0,39.0,20.0,273
spring,2011,12,13,0,6,0,clear,15.5,16.0,42.0,33.0,313
spring,2011,12,14,0,6,0,clear,13.62,14.0,51.0,22.0,300
spring,2011,12,15,0,6,0,clear,13.62,14.0,47.0,33.0,253
spring,2011,12,16,0,6,0,clear,12.68,13.0,51.0,26.0,195
spring,2011,12,17,0,6,0,clear,11.74,12.0,54.0,13.0,129
spring,2011,12,18,0,6,0,clear,11.74,12.0,54.0,9.0,93
spring,2011,12,19,0,6,0,clear,11.74,12.0,54.0,15.0,92
spring,2011,12,20,0,6,0,clear,11.74,12.0,54.0,15.0,71
spring,2011,12,21,0,6,0,clear,10.8,11.0,58.0,13.0,52
spring,2011,12,22,0,6,0,clear,9.86,10.0,62.0,9.0,38
spring,2011,12,23,0,6,0,clear,8.92,9.0,66.0,0.0,31
spring,2012,1,0,0,0,0,clear,8.92,9.0,66.0,0.0,48
spring,2012,1,1,0,0,0,clear,8.92,7.0,66.0,9.0,93
spring,2012,1,2,0,0,0,clear,7.04,7.0,76.0,0.0,75
spring,2012,1,3,0,0,0,clear,6.1,6.0,81.0,0.0,52
spring,2012,1,4,0,0,0,clear,5.16,4.0,81.0,6.0,8
spring,2012,1,5,0,0,0,clear,5.16,3.0,81.0,7.0,5
spring,2012,1,6,0,0,0,clear,4.22,2.0,93.0,9.0,2
spring,2012,1,7,0,0,0,clear,4.22,1.0,93.0,11.0,7
spring,2012,1,8,0,0,0,clear,4.22,2.0,87.0,7.0,14
spring,2012,1,9,0,0,0,clear,4.22,2.0,93.0,7.0,40
spring,2012,1,10,0,0,0,clear,6.1,5.0,81.0,7.0,70
spring,2012,1,11,0,0,0,clear,7.98,6.0,76.0,9.0,138
spring,2012,1,12,0,0,0,clear,10.8,11.0,62.0,19.0,201
spring,2012,1,13,0,0,0,clear,11.74,12.0,58.0,19.0,223
spring,2012,1,14,0,0,0,clear,12.68,13.0,54.0,20.0,267
spring,2012,1,15,0,0,0,clear,13.62,14.0,51.0,20.0,265
spring,2012,1,16,0,0,0,misty,12.68,13.0,54.0,20.0,215
spring,2012,1,17,0,0,0,misty,14.56,15.0,48.0,11.0,111
spring,2012,1,18,0,0,0,rain,13.62,14.0,59.0,17.0,106
spring,2012,1,19,0,0,0,rain,11.74,12.0,67.0,26.0,105
spring,2012,1,20,0,0,0,misty,12.68,13.0,62.0,20.0,83
spring,2012,1,21,0,0,0,misty,12.68,13.0,67.0,17.0,71
spring,2012,1,22,0,0,0,clear,13.62,14.0,55.0,28.0,66
spring,2012,1,23,0,0,0,clear,12.68,13.0,51.0,20.0,29
spring,2012,1,0,1,1,0,clear,10.8,11.0,40.0,31.0,39
spring,2012,1,1,1,1,0,clear,8.92,6.0,43.0,28.0,12
spring,2012,1,2,1,1,0,clear,8.92,5.0,34.0,30.0,7
spring,2012,1,4,1,1,0,clear,5.16,1.0,45.0,22.0,4
spring,2012,1,5,1,1,0,clear,5.16,1.0,45.0,22.0,4
spring,2012,1,6,1,1,0,clear,4.22,-1.0,41.0,26.0,14
spring,2012,1,7,1,1,0,clear,3.28,-2.0,32.0,26.0,16
spring,2012,1,8,1,1,0,clear,3.28,-1.0,35.0,17.0,53
spring,2012,1,9,1,1,0,clear,3.28,1.0,35.0,0.0,68
spring,2012,1,10,1,1,0,clear,4.22,-0.0,35.0,19.0,109
spring,2012,1,11,1,1,0,clear,4.22,-2.0,35.0,33.0,175
spring,2012,1,12,1,1,0,clear,5.16,2.0,36.0,17.0,202
spring,2012,1,13,1,1,0,clear,6.1,2.0,36.0,20.0,176
spring,2012,1,14,1,1,0,clear,6.1,2.0,36.0,28.0,151
spring,2012,1,15,1,1,0,clear,5.16,-0.0,38.0,30.0,168
spring,2012,1,16,1,1,0,clear,4.22,-1.0,35.0,28.0,154
spring,2012,1,17,1,1,0,clear,4.22,-1.0,35.0,26.0,153
spring,2012,1,18,1,1,0,clear,4.22,-0.0,33.0,17.0,126
spring,2012,1,19,1,1,0,clear,3.28,-1.0,38.0,15.0,93
spring,2012,1,20,1,1,0,clear,3.28,-1.0,41.0,15.0,88
spring,2012,1,21,1,1,0,misty,3.28,-2.0,41.0,22.0,66
spring,2012,1,22,1,1,0,misty,2.34,-2.0,44.0,19.0,39
spring,2012,1,23,1,1,0,clear,2.34,-2.0,44.0,17.0,34
spring,2012,1,0,0,2,1,clear,1.4,-3.0,51.0,17.0,13
spring,2012,1,1,0,2,1,clear,0.46,-4.0,55.0,15.0,6
spring,2012,1,2,0,2,1,clear,0.46,-5.0,51.0,17.0,3
spring,2012,1,3,0,2,1,clear,-0.48,-7.0,55.0,19.0,2
spring,2012,1,4,0,2,1,clear,-0.48,-6.0,55.0,17.0,5
spring,2012,1,5,0,2,1,clear,-1.42,-7.0,54.0,13.0,12
spring,2012,1,6,0,2,1,clear,-1.42,-8.0,59.0,19.0,85
spring,2012,1,7,0,2,1,clear,-1.42,-8.0,59.0,17.0,170
spring,2012,1,8,0,2,1,clear,-0.48,-7.0,55.0,19.0,354
spring,2012,1,9,0,2,1,clear,-0.48,-7.0,50.0,19.0,153
spring,2012,1,10,0,2,1,clear,-0.48,-8.0,47.0,31.0,60
spring,2012,1,11,0,2,1,clear,0.46,-7.0,37.0,35.0,75
spring,2012,1,12,0,2,1,clear,0.46,-7.0,37.0,35.0,74
spring,2012,1,13,0,2,1,clear,0.46,-8.0,34.0,44.0,73
spring,2012,1,14,0,2,1,clear,-0.48,-8.0,43.0,35.0,79
spring,2012,1,15,0,2,1,clear,-0.48,-8.0,37.0,28.0,77
spring,2012,1,16,0,2,1,clear,-1.42,-10.0,39.0,39.0,136
spring,2012,1,17,0,2,1,clear,-1.42,-9.0,26.0,31.0,245
spring,2012,1,18,0,2,1,clear,-1.42,-10.0,26.0,35.0,224
spring,2012,1,19,0,2,1,clear,-2.36,-10.0,28.0,28.0,156
spring,2012,1,20,0,2,1,clear,-2.36,-8.0,33.0,17.0,115
spring,2012,1,21,0,2,1,clear,-3.3,-9.0,36.0,15.0,68
spring,2012,1,22,0,2,1,clear,-3.3,-9.0,46.0,17.0,33
spring,2012,1,23,0,2,1,clear,-3.3,-11.0,46.0,26.0,18
spring,2012,1,0,0,3,1,clear,-4.24,-12.0,42.0,22.0,9
spring,2012,1,1,0,3,1,clear,-6.12,-14.0,38.0,20.0,3
spring,2012,1,2,0,3,1,clear,-7.06,-15.0,34.0,19.0,1
spring,2012,1,3,0,3,1,clear,-7.06,-15.0,34.0,19.0,1
spring,2012,1,4,0,3,1,clear,-7.06,-13.0,41.0,13.0,2
spring,2012,1,5,0,3,1,clear,-7.06,-13.0,41.0,13.0,14
spring,2012,1,6,0,3,1,clear,-7.06,-13.0,41.0,11.0,59
spring,2012,1,7,0,3,1,clear,-7.06,-13.0,44.0,13.0,152
spring,2012,1,8,0,3,1,clear,-7.06,-12.0,44.0,9.0,315
spring,2012,1,9,0,3,1,clear,-6.12,-12.0,45.0,9.0,180
spring,2012,1,10,0,3,1,clear,-5.18,-9.0,45.0,0.0,64
spring,2012,1,11,0,3,1,misty,-4.24,-8.0,42.0,6.0,46
spring,2012,1,12,0,3,1,misty,-3.3,-9.0,46.0,13.0,84
spring,2012,1,13,0,3,1,misty,-1.42,-8.0,43.0,17.0,91
spring,2012,1,14,0,3,1,misty,-1.42,-8.0,46.0,17.0,75
spring,2012,1,15,0,3,1,misty,0.46,-6.0,37.0,22.0,90
spring,2012,1,16,0,3,1,misty,0.46,-5.0,40.0,19.0,131
spring,2012,1,17,0,3,1,misty,1.4,-3.0,40.0,13.0,281
spring,2012,1,18,0,3,1,misty,1.4,-2.0,37.0,9.0,289
spring,2012,1,19,0,3,1,misty,1.4,-1.0,40.0,7.0,184
spring,2012,1,20,0,3,1,misty,1.4,-3.0,40.0,13.0,123
spring,2012,1,21,0,3,1,misty,1.4,1.0,44.0,0.0,90
spring,2012,1,22,0,3,1,misty,1.4,-1.0,47.0,6.0,52
spring,2012,1,23,0,3,1,misty,1.4,-1.0,44.0,7.0,32
spring,2012,1,0,0,4,1,misty,2.34,-1.0,47.0,13.0,14
spring,2012,1,1,0,4,1,clear,1.4,-1.0,51.0,6.0,5
spring,2012,1,2,0,4,1,clear,1.4,-1.0,51.0,6.0,4
spring,2012,1,3,0,4,1,clear,1.4,1.0,61.0,0.0,4
spring,2012,1,4,0,4,1,misty,1.4,-1.0,59.0,6.0,5
spring,2012,1,5,0,4,1,misty,1.4,-1.0,59.0,6.0,26
spring,2012,1,6,0,4,1,misty,1.4,-2.0,75.0,9.0,78
spring,2012,1,7,0,4,1,misty,1.4,-1.0,69.0,6.0,215
spring,2012,1,8,0,4,1,misty,1.4,1.0,75.0,0.0,388
spring,2012,1,9,0,4,1,misty,2.34,2.0,69.0,0.0,227
spring,2012,1,10,0,4,1,misty,3.28,1.0,52.0,6.0,86
spring,2012,1,11,0,4,1,clear,6.1,6.0,49.0,0.0,84
spring,2012,1,12,0,4,1,clear,6.1,3.0,49.0,17.0,120
spring,2012,1,13,0,4,1,clear,7.98,4.0,42.0,20.0,118
spring,2012,1,14,0,4,1,clear,7.98,5.0,39.0,19.0,117
spring,2012,1,15,0,4,1,clear,8.92,6.0,34.0,19.0,119
spring,2012,1,16,0,4,1,clear,8.92,6.0,34.0,19.0,197
spring,2012,1,17,0,4,1,misty,8.92,7.0,34.0,13.0,412
spring,2012,1,18,0,4,1,clear,7.98,6.0,36.0,11.0,383
spring,2012,1,19,0,4,1,clear,7.98,7.0,34.0,6.0,265
spring,2012,1,20,0,4,1,clear,6.1,6.0,49.0,0.0,177
spring,2012,1,21,0,4,1,clear,4.22,2.0,60.0,9.0,97
spring,2012,1,22,0,4,1,clear,4.22,1.0,60.0,11.0,71
spring,2012,1,23,0,4,1,clear,3.28,1.0,70.0,7.0,60
spring,2012,1,0,0,5,1,clear,2.34,1.0,75.0,6.0,25
spring,2012,1,1,0,5,1,clear,2.34,2.0,75.0,0.0,8
spring,2012,1,2,0,5,1,clear,2.34,-1.0,69.0,11.0,5
spring,2012,1,3,0,5,1,clear,2.34,-0.0,69.0,7.0,4
spring,2012,1,4,0,5,1,clear,2.34,-1.0,69.0,9.0,3
spring,2012,1,5,0,5,1,misty,1.4,-2.0,80.0,9.0,13
spring,2012,1,6,0,5,1,misty,2.34,-0.0,73.0,7.0,70
spring,2012,1,7,0,5,1,misty,3.28,3.0,65.0,0.0,205
spring,2012,1,8,0,5,1,clear,3.28,-0.0,70.0,9.0,447
spring,2012,1,9,0,5,1,clear,3.28,-0.0,70.0,11.0,241
spring,2012,1,10,0,5,1,clear,4.22,1.0,65.0,13.0,116
spring,2012,1,11,0,5,1,clear,6.1,4.0,56.0,11.0,138
spring,2012,1,12,0,5,1,clear,8.92,6.0,50.0,17.0,191
spring,2012,1,13,0,5,1,clear,10.8,11.0,43.0,19.0,204
spring,2012,1,14,0,5,1,clear,13.62,14.0,36.0,13.0,178
spring,2012,1,15,0,5,1,clear,16.44,17.0,27.0,17.0,222
spring,2012,1,16,0,5,1,clear,16.44,17.0,27.0,19.0,294
spring,2012,1,17,0,5,1,clear,13.62,14.0,36.0,15.0,476
spring,2012,1,18,0,5,1,clear,15.5,16.0,29.0,17.0,419
spring,2012,1,19,0,5,1,clear,13.62,14.0,33.0,19.0,272
spring,2012,1,20,0,5,1,clear,11.74,12.0,41.0,13.0,177
spring,2012,1,21,0,5,1,clear,10.8,11.0,43.0,15.0,154
spring,2012,1,22,0,5,1,clear,8.92,7.0,50.0,13.0,135
spring,2012,1,23,0,5,1,clear,8.92,9.0,50.0,0.0,101
spring,2012,1,0,0,6,0,clear,8.92,7.0,50.0,11.0,79
spring,2012,1,1,0,6,0,clear,9.86,10.0,46.0,11.0,62
spring,2012,1,2,0,6,0,clear,8.92,8.0,50.0,7.0,38
spring,2012,1,3,0,6,0,clear,7.04,6.0,57.0,7.0,20
spring,2012,1,4,0,6,0,clear,7.04,6.0,57.0,6.0,10
spring,2012,1,5,0,6,0,clear,4.22,2.0,75.0,7.0,9
spring,2012,1,6,0,6,0,clear,4.22,2.0,75.0,7.0,7
spring,2012,1,7,0,6,0,clear,2.34,-1.0,87.0,13.0,20
spring,2012,1,8,0,6,0,clear,3.28,1.0,75.0,7.0,64
spring,2012,1,9,0,6,0,clear,2.34,-1.0,80.0,9.0,130
spring,2012,1,10,0,6,0,clear,5.16,4.0,75.0,6.0,203
spring,2012,1,11,0,6,0,clear,7.98,5.0,57.0,15.0,324
spring,2012,1,12,0,6,0,clear,10.8,11.0,43.0,15.0,376
spring,2012,1,13,0,6,0,clear,12.68,13.0,44.0,13.0,445
spring,2012,1,14,0,6,0,clear,15.5,16.0,42.0,19.0,512
spring,2012,1,15,0,6,0,clear,19.26,20.0,37.0,20.0,449
spring,2012,1,16,0,6,0,misty,18.32,19.0,37.0,19.0,401
spring,2012,1,17,0,6,0,misty,17.38,18.0,43.0,9.0,322
spring,2012,1,18,0,6,0,clear,17.38,18.0,45.0,9.0,297
spring,2012,1,19,0,6,0,clear,16.44,17.0,42.0,7.0,215
spring,2012,1,20,0,6,0,clear,15.5,16.0,39.0,17.0,170
spring,2012,1,21,0,6,0,clear,12.68,13.0,44.0,15.0,140
spring,2012,1,22,0,6,0,clear,12.68,13.0,38.0,17.0,109
spring,2012,1,23,0,6,0,clear,11.74,12.0,38.0,15.0,119
spring,2012,1,0,0,0,0,clear,9.86,10.0,40.0,19.0,91
spring,2012,1,1,0,0,0,clear,7.98,6.0,42.0,13.0,72
spring,2012,1,2,0,0,0,clear,8.92,6.0,37.0,19.0,67
spring,2012,1,3,0,0,0,clear,7.98,6.0,42.0,9.0,32
spring,2012,1,4,0,0,0,clear,7.04,4.0,49.0,17.0,6
spring,2012,1,5,0,0,0,misty,7.04,6.0,49.0,7.0,2
spring,2012,1,6,0,0,0,misty,6.1,6.0,52.0,0.0,2
spring,2012,1,7,0,0,0,misty,6.1,6.0,52.0,0.0,24
spring,2012,1,8,0,0,0,clear,6.1,4.0,52.0,9.0,57
spring,2012,1,9,0,0,0,clear,7.04,6.0,53.0,9.0,125
spring,2012,1,10,0,0,0,clear,7.98,6.0,49.0,11.0,208
spring,2012,1,11,0,0,0,clear,8.92,7.0,46.0,15.0,256
spring,2012,1,12,0,0,0,clear,9.86,10.0,43.0,15.0,351
spring,2012,1,13,0,0,0,clear,10.8,11.0,37.0,20.0,343
spring,2012,1,14,0,0,0,clear,10.8,11.0,40.0,13.0,328
spring,2012,1,15,0,0,0,clear,10.8,11.0,37.0,19.0,330
spring,2012,1,16,0,0,0,clear,10.8,11.0,37.0,20.0,314
spring,2012,1,17,0,0,0,clear,9.86,10.0,40.0,15.0,219
spring,2012,1,18,0,0,0,clear,7.98,5.0,46.0,15.0,181
spring,2012,1,19,0,0,0,clear,7.04,5.0,49.0,13.0,112
spring,2012,1,20,0,0,0,clear,6.1,4.0,52.0,11.0,126
spring,2012,1,21,0,0,0,clear,5.16,2.0,56.0,15.0,91
spring,2012,1,22,0,0,0,clear,4.22,2.0,60.0,7.0,58
spring,2012,1,23,0,0,0,clear,4.22,-0.0,56.0,17.0,30
spring,2012,1,0,0,1,1,clear,3.28,-1.0,60.0,15.0,15
spring,2012,1,1,0,1,1,clear,3.28,-0.0,60.0,9.0,5
spring,2012,1,2,0,1,1,clear,3.28,-0.0,56.0,9.0,5
spring,2012,1,3,0,1,1,clear,3.28,-0.0,52.0,11.0,3
spring,2012,1,4,0,1,1,clear,2.34,-0.0,64.0,7.0,4
spring,2012,1,5,0,1,1,misty,1.4,-1.0,64.0,6.0,21
spring,2012,1,6,0,1,1,misty,2.34,-1.0,60.0,9.0,88
spring,2012,1,7,0,1,1,misty,2.34,-0.0,60.0,7.0,240
spring,2012,1,8,0,1,1,misty,2.34,1.0,55.0,6.0,420
spring,2012,1,9,0,1,1,misty,2.34,2.0,64.0,0.0,197
spring,2012,1,10,0,1,1,clear,3.28,3.0,60.0,0.0,108
spring,2012,1,11,0,1,1,misty,4.22,3.0,56.0,6.0,88
spring,2012,1,12,0,1,1,misty,4.22,2.0,56.0,7.0,103
spring,2012,1,13,0,1,1,misty,4.22,2.0,56.0,7.0,80
spring,2012,1,14,0,1,1,rain,2.34,-1.0,75.0,11.0,50
spring,2012,1,15,0,1,1,rain,2.34,-1.0,75.0,11.0,69
spring,2012,1,16,0,1,1,rain,2.34,1.0,87.0,6.0,49
spring,2012,1,17,0,1,1,rain,2.34,2.0,87.0,0.0,152
spring,2012,1,18,0,1,1,heavy_rain,1.4,-1.0,86.0,6.0,164
spring,2012,1,19,0,1,1,rain,1.4,-1.0,93.0,6.0,190
spring,2012,1,20,0,1,1,misty,1.4,-1.0,86.0,6.0,132
spring,2012,1,21,0,1,1,misty,1.4,1.0,93.0,0.0,79
spring,2012,1,22,0,1,1,misty,1.4,-1.0,92.0,7.0,62
spring,2012,1,23,0,1,1,misty,2.34,-0.0,87.0,7.0,52
spring,2012,1,0,0,2,1,misty,2.34,-0.0,87.0,7.0,14
spring,2012,1,1,0,2,1,misty,2.34,-0.0,93.0,7.0,5
spring,2012,1,2,0,2,1,misty,2.34,-1.0,87.0,11.0,4
spring,2012,1,4,0,2,1,misty,1.4,-2.0,86.0,11.0,4
spring,2012,1,5,0,2,1,clear,10.8,11.0,47.0,15.0,23
spring,2012,1,6,0,2,1,misty,0.46,-4.0,93.0,13.0,79
spring,2012,1,7,0,2,1,misty,0.46,-3.0,93.0,11.0,222
spring,2012,1,8,0,2,1,misty,0.46,-3.0,93.0,11.0,471
spring,2012,1,9,0,2,1,misty,0.46,-3.0,93.0,11.0,195
spring,2012,1,10,0,2,1,misty,0.46,-3.0,93.0,11.0,83
spring,2012,1,11,0,2,1,clear,11.74,12.0,38.0,20.0,101
spring,2012,1,12,0,2,1,clear,11.74,12.0,38.0,20.0,140
spring,2012,1,13,0,2,1,clear,11.74,12.0,38.0,20.0,178
spring,2012,1,14,0,2,1,clear,11.74,12.0,38.0,20.0,106
spring,2012,1,15,0,2,1,clear,11.74,12.0,38.0,20.0,136
spring,2012,1,16,0,2,1,clear,11.74,12.0,38.0,24.0,240
spring,2012,1,17,0,2,1,clear,11.74,12.0,38.0,17.0,460
spring,2012,1,18,0,2,1,clear,10.8,11.0,40.0,7.0,385
spring,2012,1,19,0,2,1,clear,9.86,10.0,46.0,7.0,281
spring,2012,1,20,0,2,1,clear,7.98,7.0,53.0,7.0,200
spring,2012,1,21,0,2,1,clear,7.04,6.0,66.0,6.0,116
spring,2012,1,22,0,2,1,clear,6.1,4.0,70.0,6.0,114
spring,2012,1,23,0,2,1,clear,4.22,2.0,81.0,7.0,41
spring,2012,1,0,0,3,1,clear,4.22,4.0,81.0,0.0,28
spring,2012,1,1,0,3,1,clear,3.28,1.0,87.0,6.0,7
spring,2012,1,2,0,3,1,clear,1.4,-2.0,85.0,11.0,5
spring,2012,1,3,0,3,1,clear,2.34,2.0,80.0,0.0,4
spring,2012,1,4,0,3,1,clear,1.4,-2.0,80.0,9.0,2
spring,2012,1,5,0,3,1,clear,1.4,-2.0,80.0,9.0,22
spring,2012,1,6,0,3,1,clear,1.4,-2.0,86.0,9.0,74
spring,2012,1,7,0,3,1,clear,1.4,-2.0,80.0,9.0,256
spring,2012,1,8,0,3,1,clear,1.4,-1.0,82.0,7.0,499
spring,2012,1,9,0,3,1,misty,1.4,-2.0,86.0,9.0,225
spring,2012,1,10,0,3,1,misty,3.28,-0.0,87.0,9.0,97
spring,2012,1,11,0,3,1,misty,4.22,3.0,87.0,6.0,99
spring,2012,1,12,0,3,1,rain,6.1,6.0,81.0,0.0,55
spring,2012,1,13,0,3,1,rain,7.04,7.0,76.0,0.0,65
spring,2012,1,14,0,3,1,rain,7.04,6.0,81.0,7.0,73
spring,2012,1,15,0,3,1,misty,7.98,7.0,87.0,6.0,79
spring,2012,1,16,0,3,1,misty,7.98,5.0,87.0,17.0,118
spring,2012,1,17,0,3,1,rain,7.98,5.0,87.0,15.0,134
spring,2012,1,18,0,3,1,rain,7.98,6.0,87.0,13.0,98
spring,2012,1,19,0,3,1,rain,7.04,4.0,93.0,15.0,93
spring,2012,1,20,0,3,1,rain,7.04,5.0,93.0,11.0,57
spring,2012,1,21,0,3,1,rain,7.98,5.0,87.0,15.0,29
spring,2012,1,22,0,3,1,rain,7.98,6.0,87.0,13.0,49
spring,2012,1,23,0,3,1,rain,7.98,5.0,87.0,15.0,9
spring,2012,1,0,0,4,1,rain,7.98,6.0,93.0,13.0,3
spring,2012,1,1,0,4,1,rain,8.92,7.0,93.0,13.0,3
spring,2012,1,2,0,4,1,rain,8.92,7.0,93.0,17.0,2
spring,2012,1,3,0,4,1,rain,8.92,7.0,93.0,17.0,3
spring,2012,1,4,0,4,1,rain,8.92,7.0,93.0,13.0,2
spring,2012,1,5,0,4,1,rain,7.98,7.0,93.0,6.0,16
spring,2012,1,6,0,4,1,rain,8.92,7.0,93.0,9.0,89
spring,2012,1,7,0,4,1,misty,7.98,5.0,87.0,19.0,220
spring,2012,1,8,0,4,1,clear,7.04,5.0,81.0,13.0,508
spring,2012,1,9,0,4,1,clear,7.04,6.0,81.0,7.0,230
spring,2012,1,10,0,4,1,clear,7.98,7.0,81.0,7.0,90
spring,2012,1,11,0,4,1,misty,7.98,7.0,81.0,7.0,119
spring,2012,1,12,0,4,1,misty,7.98,7.0,81.0,7.0,144
spring,2012,1,13,0,4,1,clear,11.74,12.0,77.0,11.0,183
spring,2012,1,14,0,4,1,clear,11.74,12.0,77.0,11.0,156
spring,2012,1,15,0,4,1,clear,12.68,13.0,72.0,9.0,188
spring,2012,1,16,0,4,1,clear,13.62,14.0,67.0,13.0,281
spring,2012,1,17,0,4,1,clear,13.62,14.0,63.0,11.0,495
spring,2012,1,18,0,4,1,clear,12.68,13.0,67.0,13.0,421
spring,2012,1,19,0,4,1,misty,11.74,12.0,71.0,11.0,330
spring,2012,1,20,0,4,1,misty,11.74,12.0,71.0,13.0,240
spring,2012,1,21,0,4,1,clear,12.68,13.0,67.0,9.0,174
spring,2012,1,22,0,4,1,clear,9.86,10.0,76.0,20.0,133
spring,2012,1,23,0,4,1,clear,10.8,11.0,76.0,22.0,67
spring,2012,1,0,0,5,1,misty,10.8,11.0,71.0,19.0,42
spring,2012,1,1,0,5,1,misty,9.86,10.0,76.0,20.0,12
spring,2012,1,2,0,5,1,clear,10.8,11.0,76.0,24.0,14
spring,2012,1,3,0,5,1,clear,8.92,6.0,87.0,17.0,7
spring,2012,1,4,0,5,1,rain,7.04,3.0,70.0,33.0,3
spring,2012,1,5,0,5,1,misty,6.1,-0.0,70.0,37.0,21
spring,2012,1,6,0,5,1,misty,4.22,1.0,75.0,15.0,73
spring,2012,1,7,0,5,1,clear,4.22,1.0,60.0,15.0,177
spring,2012,1,8,0,5,1,clear,3.28,-2.0,52.0,24.0,419
spring,2012,1,9,0,5,1,clear,2.34,-3.0,47.0,26.0,214
spring,2012,1,10,0,5,1,clear,3.28,-3.0,44.0,30.0,103
spring,2012,1,11,0,5,1,clear,3.28,-4.0,38.0,41.0,114
spring,2012,1,12,0,5,1,clear,3.28,-3.0,38.0,33.0,154
spring,2012,1,13,0,5,1,clear,4.22,-2.0,33.0,35.0,154
spring,2012,1,14,0,5,1,clear,4.22,-2.0,33.0,37.0,129
spring,2012,1,15,0,5,1,clear,4.22,-2.0,33.0,39.0,138
spring,2012,1,16,0,5,1,clear,5.16,-0.0,30.0,31.0,233
spring,2012,1,17,0,5,1,clear,5.16,-0.0,33.0,28.0,332
spring,2012,1,18,0,5,1,clear,4.22,-1.0,38.0,20.0,301
spring,2012,1,19,0,5,1,clear,4.22,-0.0,38.0,19.0,206
spring,2012,1,20,0,5,1,clear,3.28,-0.0,41.0,11.0,136
spring,2012,1,21,0,5,1,clear,3.28,-2.0,41.0,19.0,102
spring,2012,1,22,0,5,1,clear,1.4,-4.0,47.0,22.0,65
spring,2012,1,23,0,5,1,clear,0.46,-4.0,47.0,13.0,65
spring,2012,1,0,0,6,0,clear,-0.48,-4.0,47.0,7.0,44
spring,2012,1,1,0,6,0,clear,-0.48,-6.0,47.0,13.0,50
spring,2012,1,2,0,6,0,clear,-0.48,-5.0,47.0,11.0,38
spring,2012,1,3,0,6,0,clear,-1.42,-5.0,54.0,7.0,20
spring,2012,1,4,0,6,0,clear,-1.42,-6.0,50.0,9.0,3
spring,2012,1,5,0,6,0,clear,-1.42,-6.0,50.0,9.0,4
spring,2012,1,6,0,6,0,clear,-1.42,-6.0,50.0,0.0,5
spring,2012,1,7,0,6,0,clear,-1.42,-6.0,50.0,9.0,24
spring,2012,1,8,0,6,0,clear,-2.36,-6.0,54.0,7.0,92
spring,2012,1,9,0,6,0,clear,-1.42,-5.0,50.0,7.0,81
spring,2012,1,10,0,6,0,clear,-0.48,-1.0,47.0,0.0,149
spring,2012,1,11,0,6,0,clear,1.4,-3.0,40.0,13.0,178
spring,2012,1,12,0,6,0,clear,2.34,-2.0,41.0,17.0,219
spring,2012,1,13,0,6,0,clear,2.34,-2.0,44.0,19.0,220
spring,2012,1,14,0,6,0,clear,3.28,-2.0,41.0,20.0,231
spring,2012,1,15,0,6,0,clear,3.28,-2.0,38.0,20.0,226
spring,2012,1,16,0,6,0,clear,3.28,-1.0,38.0,15.0,206
spring,2012,1,17,0,6,0,clear,3.28,-1.0,41.0,17.0,144
spring,2012,1,18,0,6,0,clear,2.34,-1.0,41.0,13.0,143
spring,2012,1,19,0,6,0,clear,1.4,-3.0,47.0,15.0,102
spring,2012,1,20,0,6,0,clear,1.4,-3.0,44.0,17.0,103
spring,2012,1,21,0,6,0,clear,0.46,-5.0,43.0,17.0,69
spring,2012,1,22,0,6,0,clear,-0.48,-7.0,47.0,24.0,66
spring,2012,1,23,0,6,0,clear,-0.48,-6.0,47.0,15.0,76
spring,2012,1,0,0,0,0,clear,-0.48,-7.0,47.0,22.0,59
spring,2012,1,1,0,0,0,misty,-0.48,-7.0,47.0,20.0,42
spring,2012,1,2,0,0,0,misty,-0.48,-7.0,47.0,19.0,43
spring,2012,1,3,0,0,0,misty,-0.48,-7.0,48.0,26.0,25
spring,2012,1,4,0,0,0,misty,-0.48,-7.0,47.0,26.0,6
spring,2012,1,5,0,0,0,misty,-0.48,-7.0,47.0,22.0,5
spring,2012,1,6,0,0,0,misty,-1.42,-8.0,50.0,19.0,8
spring,2012,1,7,0,0,0,clear,-2.36,-8.0,54.0,19.0,17
spring,2012,1,8,0,0,0,clear,-2.36,-8.0,54.0,15.0,36
spring,2012,1,9,0,0,0,clear,-2.36,-7.0,54.0,13.0,90
spring,2012,1,10,0,0,0,clear,-1.42,-8.0,54.0,19.0,126
spring,2012,1,11,0,0,0,clear,-0.48,-6.0,47.0,15.0,165
spring,2012,1,12,0,0,0,clear,0.46,-5.0,40.0,20.0,234
spring,2012,1,13,0,0,0,clear,1.4,-4.0,34.0,19.0,224
spring,2012,1,14,0,0,0,clear,1.4,-4.0,32.0,24.0,188
spring,2012,1,15,0,0,0,clear,2.34,-1.0,27.0,13.0,206
spring,2012,1,16,0,0,0,clear,2.34,-2.0,29.0,20.0,205
spring,2012,1,17,0,0,0,clear,2.34,-2.0,25.0,17.0,146
spring,2012,1,18,0,0,0,clear,0.46,-4.0,29.0,15.0,120
spring,2012,1,19,0,0,0,clear,-0.48,-5.0,37.0,11.0,110
spring,2012,1,20,0,0,0,clear,-0.48,-4.0,37.0,7.0,95
spring,2012,1,21,0,0,0,clear,-0.48,-5.0,40.0,11.0,72
spring,2012,1,22,0,0,0,clear,0.46,-2.0,37.0,6.0,60
spring,2012,1,23,0,0,0,clear,-0.48,-3.0,43.0,6.0,29
spring,2012,1,0,1,1,0,clear,-1.42,-6.0,46.0,9.0,25
spring,2012,1,1,1,1,0,clear,-1.42,-5.0,43.0,7.0,20
spring,2012,1,2,1,1,0,clear,-1.42,-2.0,46.0,0.0,17
spring,2012,1,3,1,1,0,clear,-2.36,-3.0,50.0,0.0,3
spring,2012,1,4,1,1,0,clear,-2.36,-6.0,58.0,7.0,8
spring,2012,1,5,1,1,0,clear,-2.36,-5.0,54.0,6.0,6
spring,2012,1,6,1,1,0,clear,-3.3,-7.0,54.0,6.0,13
spring,2012,1,7,1,1,0,clear,-3.3,-7.0,54.0,7.0,33
spring,2012,1,8,1,1,0,clear,-3.3,-8.0,58.0,11.0,78
spring,2012,1,9,1,1,0,clear,-3.3,-8.0,58.0,11.0,96
spring,2012,1,10,1,1,0,misty,-1.42,-7.0,59.0,13.0,126
spring,2012,1,11,1,1,0,clear,-0.48,-6.0,59.0,17.0,179
spring,2012,1,12,1,1,0,clear,1.4,-4.0,55.0,22.0,185
spring,2012,1,13,1,1,0,misty,3.28,-3.0,41.0,28.0,228
spring,2012,1,14,1,1,0,clear,3.28,-2.0,44.0,26.0,181
spring,2012,1,15,1,1,0,clear,4.22,-2.0,44.0,30.0,192
spring,2012,1,16,1,1,0,clear,4.22,-1.0,44.0,24.0,180
spring,2012,1,17,1,1,0,clear,4.22,-1.0,48.0,22.0,193
spring,2012,1,18,1,1,0,clear,4.22,-1.0,52.0,22.0,181
spring,2012,1,19,1,1,0,clear,4.22,-0.0,56.0,19.0,144
spring,2012,1,20,1,1,0,clear,4.22,-0.0,60.0,19.0,90
spring,2012,1,21,1,1,0,clear,5.16,1.0,52.0,22.0,49
spring,2012,1,22,1,1,0,misty,6.1,2.0,49.0,24.0,43
spring,2012,1,23,1,1,0,rain,4.22,-1.0,70.0,20.0,28
spring,2012,1,0,0,2,1,misty,4.22,-1.0,70.0,22.0,12
spring,2012,1,1,0,2,1,misty,5.16,1.0,65.0,24.0,2
spring,2012,1,2,0,2,1,rain,5.16,2.0,75.0,17.0,12
spring,2012,1,4,0,2,1,rain,7.04,4.0,66.0,22.0,2
spring,2012,1,5,0,2,1,rain,7.04,4.0,66.0,22.0,13
spring,2012,1,6,0,2,1,rain,6.1,3.0,75.0,17.0,57
spring,2012,1,7,0,2,1,rain,6.1,3.0,81.0,15.0,126
spring,2012,1,8,0,2,1,rain,6.1,3.0,81.0,19.0,93
spring,2012,1,9,0,2,1,rain,7.04,4.0,81.0,17.0,68
spring,2012,1,10,0,2,1,rain,6.1,3.0,87.0,17.0,62
spring,2012,1,11,0,2,1,misty,7.98,7.0,87.0,7.0,75
spring,2012,1,12,0,2,1,misty,7.04,4.0,87.0,19.0,86
spring,2012,1,13,0,2,1,misty,9.86,10.0,76.0,22.0,103
spring,2012,1,14,0,2,1,clear,12.68,13.0,62.0,33.0,132
spring,2012,1,15,0,2,1,clear,12.68,13.0,62.0,33.0,129
spring,2012,1,16,0,2,1,clear,13.62,14.0,63.0,37.0,219
spring,2012,1,17,0,2,1,clear,13.62,14.0,63.0,30.0,462
spring,2012,1,18,0,2,1,clear,13.62,14.0,63.0,30.0,463
spring,2012,1,19,0,2,1,clear,13.62,14.0,63.0,28.0,308
spring,2012,1,20,0,2,1,clear,13.62,14.0,63.0,24.0,180
spring,2012,1,21,0,2,1,clear,13.62,14.0,67.0,31.0,180
spring,2012,1,22,0,2,1,clear,13.62,14.0,72.0,26.0,90
spring,2012,1,23,0,2,1,clear,13.62,14.0,72.0,26.0,61
spring,2012,1,0,0,3,1,misty,13.62,14.0,77.0,22.0,17
spring,2012,1,1,0,3,1,misty,13.62,14.0,77.0,22.0,10
spring,2012,1,2,0,3,1,misty,12.68,13.0,51.0,33.0,2
spring,2012,1,3,0,3,1,misty,12.68,13.0,51.0,33.0,4
spring,2012,1,4,0,3,1,clear,7.98,3.0,46.0,35.0,1
spring,2012,1,5,0,3,1,clear,7.98,3.0,46.0,35.0,29
spring,2012,1,6,0,3,1,clear,7.98,3.0,36.0,35.0,88
spring,2012,1,7,0,3,1,clear,7.04,3.0,42.0,24.0,263
spring,2012,1,8,0,3,1,clear,6.1,2.0,52.0,28.0,489
spring,2012,1,9,0,3,1,clear,5.16,1.0,52.0,22.0,202
spring,2012,1,10,0,3,1,clear,6.1,2.0,42.0,31.0,93
spring,2012,1,11,0,3,1,clear,6.1,2.0,42.0,26.0,114
spring,2012,1,12,0,3,1,clear,6.1,1.0,39.0,33.0,161
spring,2012,1,13,0,3,1,clear,6.1,2.0,42.0,31.0,130
spring,2012,1,14,0,3,1,clear,6.1,2.0,33.0,26.0,105
spring,2012,1,15,0,3,1,clear,6.1,1.0,33.0,35.0,130
spring,2012,1,16,0,3,1,clear,5.16,-1.0,30.0,35.0,176
spring,2012,1,17,0,3,1,clear,4.22,-2.0,33.0,30.0,346
spring,2012,1,18,0,3,1,clear,3.28,-2.0,32.0,24.0,355
spring,2012,1,19,0,3,1,clear,2.34,-3.0,37.0,26.0,256
spring,2012,1,20,0,3,1,clear,2.34,-2.0,37.0,17.0,165
spring,2012,1,21,0,3,1,clear,1.4,-5.0,40.0,28.0,124
spring,2012,1,22,0,3,1,clear,0.46,-5.0,47.0,17.0,78
spring,2012,1,23,0,3,1,clear,-0.48,-7.0,47.0,20.0,38
spring,2012,1,0,0,4,1,clear,-1.42,-7.0,50.0,13.0,16
spring,2012,1,1,0,4,1,clear,-1.42,-6.0,50.0,11.0,5
spring,2012,1,2,0,4,1,clear,-1.42,-6.0,50.0,9.0,3
spring,2012,1,3,0,4,1,clear,-2.36,-6.0,54.0,7.0,4
spring,2012,1,4,0,4,1,clear,-2.36,-6.0,54.0,7.0,1
spring,2012,1,5,0,4,1,clear,-2.36,-8.0,55.0,17.0,19
spring,2012,1,6,0,4,1,clear,-2.36,-7.0,54.0,11.0,86
spring,2012,1,7,0,4,1,clear,-2.36,-5.0,54.0,6.0,206
spring,2012,1,8,0,4,1,clear,-2.36,-6.0,54.0,7.0,423
spring,2012,1,9,0,4,1,clear,-2.36,-3.0,54.0,0.0,210
spring,2012,1,10,0,4,1,clear,-1.42,-2.0,59.0,0.0,108
spring,2012,1,11,0,4,1,clear,-0.48,-5.0,55.0,11.0,99
spring,2012,1,12,0,4,1,clear,1.4,-3.0,51.0,13.0,111
spring,2012,1,13,0,4,1,clear,2.34,-2.0,47.0,19.0,124
spring,2012,1,14,0,4,1,clear,3.28,-1.0,44.0,13.0,119
spring,2012,1,15,0,4,1,clear,4.22,-1.0,44.0,20.0,127
spring,2012,1,16,0,4,1,clear,4.22,-1.0,41.0,22.0,193
spring,2012,1,17,0,4,1,misty,4.22,-1.0,44.0,22.0,385
spring,2012,1,18,0,4,1,misty,4.22,-1.0,44.0,22.0,361
spring,2012,1,19,0,4,1,misty,4.22,-1.0,48.0,20.0,234
spring,2012,1,20,0,4,1,clear,4.22,-2.0,52.0,30.0,191
spring,2012,1,21,0,4,1,clear,4.22,-1.0,44.0,24.0,121
spring,2012,1,22,0,4,1,misty,4.22,-1.0,44.0,28.0,90
spring,2012,1,23,0,4,1,clear,4.22,-1.0,48.0,22.0,56
spring,2012,1,0,0,5,1,misty,4.22,-1.0,48.0,20.0,27
spring,2012,1,1,0,5,1,clear,4.22,2.0,48.0,9.0,15
spring,2012,1,2,0,5,1,clear,4.22,2.0,48.0,9.0,11
spring,2012,1,3,0,5,1,clear,3.28,1.0,52.0,7.0,4
spring,2012,1,4,0,5,1,clear,2.34,-0.0,60.0,7.0,3
spring,2012,1,5,0,5,1,clear,2.34,-0.0,60.0,7.0,19
spring,2012,1,6,0,5,1,clear,3.28,-2.0,60.0,19.0,68
spring,2012,1,7,0,5,1,clear,2.34,-2.0,69.0,15.0,185
spring,2012,1,8,0,5,1,clear,2.34,-2.0,64.0,17.0,425
spring,2012,1,9,0,5,1,clear,2.34,-3.0,47.0,26.0,263
spring,2012,1,10,0,5,1,misty,2.34,-2.0,44.0,19.0,97
spring,2012,1,11,0,5,1,misty,1.4,-4.0,32.0,24.0,123
spring,2012,1,12,0,5,1,misty,1.4,-4.0,34.0,22.0,124
spring,2012,1,13,0,5,1,clear,2.34,-2.0,32.0,20.0,156
spring,2012,1,14,0,5,1,misty,2.34,-2.0,35.0,20.0,115
spring,2012,1,15,0,5,1,misty,2.34,-1.0,35.0,13.0,156
spring,2012,1,16,0,5,1,misty,1.4,-2.0,37.0,11.0,174
spring,2012,1,17,0,5,1,misty,2.34,1.0,32.0,6.0,349
spring,2012,1,18,0,5,1,misty,1.4,-1.0,34.0,6.0,301
spring,2012,1,19,0,5,1,misty,1.4,-1.0,37.0,7.0,192
spring,2012,1,20,0,5,1,misty,1.4,-1.0,34.0,6.0,142
spring,2012,1,21,0,5,1,misty,1.4,-1.0,37.0,6.0,104
spring,2012,1,22,0,5,1,misty,1.4,-3.0,37.0,15.0,72
spring,2012,1,23,0,5,1,rain,-0.48,-6.0,64.0,15.0,38
spring,2012,1,0,0,6,0,rain,-0.48,-6.0,64.0,15.0,24
spring,2012,1,1,0,6,0,heavy_rain,-1.42,-7.0,86.0,13.0,23
spring,2012,1,2,0,6,0,rain,-1.42,-2.0,86.0,0.0,26
spring,2012,1,3,0,6,0,rain,-1.42,-4.0,93.0,6.0,13
spring,2012,1,4,0,6,0,rain,-0.48,-3.0,86.0,6.0,1
spring,2012,1,5,0,6,0,rain,-0.48,-4.0,86.0,7.0,2
spring,2012,1,6,0,6,0,rain,-0.48,-5.0,93.0,11.0,1
spring,2012,1,7,0,6,0,rain,-0.48,-5.0,93.0,11.0,13
spring,2012,1,8,0,6,0,misty,-0.48,-6.0,93.0,17.0,25
spring,2012,1,9,0,6,0,misty,-0.48,-6.0,93.0,17.0,42
spring,2012,1,10,0,6,0,rain,-0.48,-6.0,93.0,17.0,45
spring,2012,1,11,0,6,0,misty,0.46,-2.0,86.0,7.0,63
spring,2012,1,12,0,6,0,misty,1.4,-2.0,80.0,11.0,67
spring,2012,1,13,0,6,0,misty,1.4,-3.0,80.0,17.0,76
spring,2012,1,14,0,6,0,rain,1.4,-3.0,80.0,13.0,95
spring,2012,1,15,0,6,0,rain,1.4,-3.0,80.0,13.0,119
spring,2012,1,16,0,6,0,misty,1.4,-4.0,80.0,20.0,118
spring,2012,1,17,0,6,0,misty,1.4,-4.0,80.0,26.0,106
spring,2012,1,18,0,6,0,misty,1.4,-4.0,75.0,26.0,110
spring,2012,1,19,0,6,0,misty,0.46,-6.0,80.0,26.0,85
spring,2012,1,20,0,6,0,misty,0.46,-5.0,80.0,20.0,67
spring,2012,1,21,0,6,0,clear,0.46,-6.0,74.0,22.0,69
spring,2012,1,22,0,6,0,misty,0.46,-5.0,74.0,20.0,59
spring,2012,1,23,0,6,0,misty,-0.48,-6.0,80.0,17.0,52
spring,2012,1,0,0,0,0,clear,-0.48,-7.0,80.0,20.0,52
spring,2012,1,1,0,0,0,misty,0.46,-5.0,74.0,20.0,50
spring,2012,1,2,0,0,0,misty,0.46,-5.0,74.0,19.0,47
spring,2012,1,3,0,0,0,misty,0.46,-5.0,69.0,19.0,21
spring,2012,1,4,0,0,0,rain,-0.48,-7.0,80.0,19.0,2
spring,2012,1,5,0,0,0,rain,-0.48,-6.0,74.0,15.0,3
spring,2012,1,6,0,0,0,misty,-0.48,-6.0,74.0,15.0,4
spring,2012,1,7,0,0,0,misty,-0.48,-6.0,74.0,15.0,13
spring,2012,1,8,0,0,0,misty,-0.48,-6.0,74.0,15.0,32
spring,2012,1,9,0,0,0,misty,-0.48,-6.0,74.0,15.0,63
spring,2012,1,10,0,0,0,misty,-0.48,-7.0,74.0,19.0,129
spring,2012,1,11,0,0,0,rain,-0.48,-6.0,80.0,17.0,133
spring,2012,1,12,0,0,0,misty,-0.48,-6.0,80.0,15.0,185
spring,2012,1,13,0,0,0,misty,-0.48,-4.0,80.0,9.0,199
spring,2012,1,14,0,0,0,misty,-0.48,-5.0,80.0,11.0,182
spring,2012,1,15,0,0,0,misty,-0.48,-6.0,80.0,13.0,176
spring,2012,1,16,0,0,0,misty,-0.48,-6.0,80.0,13.0,155
spring,2012,1,17,0,0,0,misty,-0.48,-4.0,80.0,7.0,108
spring,2012,1,18,0,0,0,rain,-0.48,-4.0,86.0,7.0,121
spring,2012,1,19,0,0,0,rain,-0.48,-4.0,86.0,7.0,89
spring,2012,1,20,0,0,0,rain,-0.48,-5.0,86.0,11.0,74
spring,2012,1,21,0,0,0,rain,-0.48,-4.0,86.0,7.0,44
spring,2012,1,22,0,0,0,misty,-0.48,-3.0,93.0,6.0,58
spring,2012,1,23,0,0,0,misty,-0.48,-4.0,93.0,7.0,37
spring,2012,1,0,0,1,1,misty,0.46,-0.0,86.0,0.0,19
spring,2012,1,1,0,1,1,misty,0.46,-2.0,86.0,7.0,4
spring,2012,1,2,0,1,1,misty,0.46,-2.0,86.0,7.0,2
spring,2012,1,3,0,1,1,misty,0.46,-0.0,86.0,0.0,1
spring,2012,1,4,0,1,1,misty,1.4,1.0,80.0,0.0,1
spring,2012,1,5,0,1,1,misty,1.4,1.0,86.0,0.0,19
spring,2012,1,6,0,1,1,misty,1.4,1.0,86.0,0.0,42
spring,2012,1,7,0,1,1,rain,1.4,1.0,86.0,0.0,122
spring,2012,1,8,0,1,1,rain,1.4,-2.0,86.0,9.0,272
spring,2012,1,9,0,1,1,misty,1.4,-1.0,86.0,6.0,211
spring,2012,1,10,0,1,1,misty,1.4,1.0,93.0,0.0,149
spring,2012,1,11,0,1,1,misty,1.4,-1.0,93.0,6.0,62
spring,2012,1,12,0,1,1,misty,2.34,2.0,93.0,0.0,62
spring,2012,1,13,0,1,1,rain,2.34,1.0,93.0,6.0,37
spring,2012,1,14,0,1,1,rain,2.34,-1.0,93.0,13.0,61
spring,2012,1,15,0,1,1,misty,2.34,-2.0,100.0,15.0,74
spring,2012,1,16,0,1,1,misty,3.28,-0.0,93.0,11.0,122
spring,2012,1,17,0,1,1,misty,3.28,1.0,96.0,7.0,276
spring,2012,1,18,0,1,1,misty,3.28,-0.0,93.0,9.0,282
spring,2012,1,19,0,1,1,misty,4.22,1.0,93.0,11.0,220
spring,2012,1,20,0,1,1,misty,4.22,1.0,100.0,11.0,169
spring,2012,1,21,0,1,1,misty,4.22,-0.0,100.0,19.0,120
spring,2012,1,22,0,1,1,misty,4.22,-0.0,100.0,19.0,68
spring,2012,1,23,0,1,1,misty,5.16,1.0,93.0,22.0,37
spring,2012,1,0,0,2,1,misty,6.1,3.0,100.0,19.0,25
spring,2012,1,1,0,2,1,misty,7.04,4.0,93.0,17.0,9
spring,2012,1,2,0,2,1,misty,7.04,4.0,93.0,15.0,8
spring,2012,1,3,0,2,1,misty,7.04,6.0,93.0,9.0,3
spring,2012,1,4,0,2,1,misty,6.1,5.0,100.0,6.0,2
spring,2012,1,5,0,2,1,misty,6.1,5.0,100.0,6.0,26
spring,2012,1,6,0,2,1,misty,7.04,5.0,93.0,13.0,89
spring,2012,1,7,0,2,1,misty,7.04,6.0,93.0,9.0,232
spring,2012,1,8,0,2,1,misty,7.04,6.0,93.0,9.0,490
spring,2012,1,9,0,2,1,misty,7.04,6.0,87.0,6.0,255
spring,2012,1,10,0,2,1,clear,7.04,6.0,93.0,6.0,116
spring,2012,1,11,0,2,1,clear,7.98,6.0,87.0,9.0,153
spring,2012,1,12,0,2,1,clear,7.98,6.0,87.0,11.0,175
spring,2012,1,13,0,2,1,clear,7.98,6.0,87.0,11.0,203
spring,2012,1,14,0,2,1,clear,8.92,7.0,81.0,15.0,173
spring,2012,1,15,0,2,1,misty,10.8,11.0,71.0,11.0,208
spring,2012,1,16,0,2,1,clear,10.8,11.0,71.0,9.0,278
spring,2012,1,17,0,2,1,clear,11.74,12.0,67.0,6.0,515
spring,2012,1,18,0,2,1,clear,10.8,11.0,62.0,6.0,423
spring,2012,1,19,0,2,1,clear,12.68,13.0,51.0,6.0,331
spring,2012,1,20,0,2,1,clear,7.04,7.0,76.0,0.0,229
spring,2012,1,21,0,2,1,clear,8.92,9.0,71.0,0.0,172
spring,2012,1,22,0,2,1,clear,7.04,7.0,81.0,0.0,125
spring,2012,1,23,0,2,1,clear,7.04,7.0,76.0,0.0,99
spring,2012,1,0,0,3,1,clear,4.22,4.0,93.0,0.0,31
spring,2012,1,1,0,3,1,clear,6.1,3.0,70.0,15.0,13
spring,2012,1,2,0,3,1,clear,5.16,2.0,70.0,13.0,6
spring,2012,1,3,0,3,1,clear,4.22,1.0,75.0,13.0,1
spring,2012,1,4,0,3,1,clear,4.22,-0.0,70.0,19.0,4
spring,2012,1,5,0,3,1,clear,4.22,-0.0,70.0,19.0,33
spring,2012,1,6,0,3,1,clear,3.28,-1.0,73.0,15.0,88
spring,2012,1,7,0,3,1,clear,3.28,-1.0,75.0,15.0,257
spring,2012,1,8,0,3,1,clear,3.28,-1.0,70.0,17.0,513
spring,2012,1,9,0,3,1,clear,3.28,-1.0,70.0,17.0,236
spring,2012,1,10,0,3,1,misty,4.22,-1.0,70.0,22.0,141
spring,2012,1,11,0,3,1,misty,6.1,2.0,61.0,20.0,157
spring,2012,1,12,0,3,1,clear,7.04,6.0,53.0,9.0,193
spring,2012,1,13,0,3,1,clear,7.98,6.0,49.0,9.0,212
spring,2012,1,14,0,3,1,clear,7.98,7.0,49.0,6.0,160
spring,2012,1,15,0,3,1,clear,8.92,9.0,46.0,0.0,155
spring,2012,1,16,0,3,1,clear,7.98,6.0,53.0,11.0,246
spring,2012,1,17,0,3,1,clear,8.92,7.0,53.0,11.0,470
spring,2012,1,18,0,3,1,clear,7.04,6.0,66.0,9.0,439
spring,2012,1,19,0,3,1,misty,7.98,8.0,53.0,0.0,316
spring,2012,1,20,0,3,1,clear,7.04,5.0,61.0,13.0,235
spring,2012,1,21,0,3,1,clear,6.1,6.0,65.0,0.0,185
spring,2012,1,22,0,3,1,clear,6.1,5.0,65.0,6.0,113
spring,2012,1,23,0,3,1,misty,5.16,5.0,65.0,0.0,66
spring,2012,1,0,0,4,1,misty,5.16,3.0,75.0,7.0,25
spring,2012,1,1,0,4,1,misty,5.16,5.0,75.0,0.0,21
spring,2012,1,2,0,4,1,misty,5.16,2.0,75.0,11.0,7
spring,2012,1,3,0,4,1,misty,5.16,4.0,75.0,6.0,6
spring,2012,1,4,0,4,1,clear,5.16,5.0,75.0,0.0,3
spring,2012,1,5,0,4,1,misty,6.1,5.0,75.0,7.0,28
spring,2012,1,6,0,4,1,misty,5.16,5.0,81.0,0.0,88
spring,2012,1,7,0,4,1,misty,5.16,4.0,81.0,6.0,239
spring,2012,1,8,0,4,1,misty,5.16,4.0,81.0,6.0,530
spring,2012,1,9,0,4,1,misty,6.1,6.0,81.0,0.0,274
spring,2012,1,10,0,4,1,misty,6.1,4.0,81.0,9.0,108
spring,2012,1,11,0,4,1,misty,6.1,5.0,87.0,7.0,111
spring,2012,1,12,0,4,1,misty,7.98,6.0,81.0,9.0,165
spring,2012,1,13,0,4,1,misty,9.86,10.0,71.0,0.0,173
spring,2012,1,14,0,4,1,misty,10.8,11.0,71.0,7.0,128
spring,2012,1,15,0,4,1,misty,11.74,12.0,71.0,7.0,164
spring,2012,1,16,0,4,1,misty,10.8,11.0,71.0,6.0,224
spring,2012,1,17,0,4,1,misty,11.74,12.0,71.0,0.0,413
spring,2012,1,18,0,4,1,misty,11.74,12.0,71.0,0.0,406
spring,2012,1,19,0,4,1,misty,10.8,11.0,76.0,7.0,313
spring,2012,1,20,0,4,1,misty,10.8,11.0,82.0,9.0,224
spring,2012,1,21,0,4,1,misty,10.8,11.0,76.0,7.0,192
spring,2012,1,22,0,4,1,clear,9.86,10.0,82.0,7.0,142
spring,2012,1,23,0,4,1,misty,10.8,11.0,82.0,0.0,91
spring,2012,1,0,0,5,1,misty,10.8,11.0,82.0,17.0,38
spring,2012,1,1,0,5,1,misty,10.8,11.0,87.0,15.0,29
spring,2012,1,2,0,5,1,clear,11.74,12.0,94.0,9.0,13
spring,2012,1,3,0,5,1,misty,11.74,12.0,94.0,19.0,8
spring,2012,1,4,0,5,1,misty,10.8,11.0,100.0,20.0,4
spring,2012,1,5,0,5,1,misty,11.74,12.0,94.0,22.0,24
spring,2012,1,6,0,5,1,misty,11.74,12.0,100.0,22.0,72
spring,2012,1,7,0,5,1,misty,11.74,12.0,100.0,20.0,134
spring,2012,1,8,0,5,1,rain,15.5,16.0,88.0,19.0,220
spring,2012,1,9,0,5,1,rain,15.5,16.0,88.0,19.0,107
spring,2012,1,10,0,5,1,rain,14.56,15.0,100.0,11.0,126
spring,2012,1,11,0,5,1,misty,14.56,15.0,94.0,9.0,105
spring,2012,1,12,0,5,1,misty,15.5,16.0,88.0,11.0,180
spring,2012,1,13,0,5,1,clear,15.5,16.0,59.0,31.0,201
spring,2012,1,14,0,5,1,clear,15.5,16.0,55.0,37.0,176
spring,2012,1,15,0,5,1,clear,14.56,15.0,51.0,22.0,197
spring,2012,1,16,0,5,1,clear,12.68,13.0,51.0,37.0,267
spring,2012,1,17,0,5,1,clear,11.74,12.0,50.0,39.0,422
spring,2012,1,18,0,5,1,clear,10.8,11.0,50.0,33.0,383
spring,2012,1,19,0,5,1,clear,8.92,6.0,50.0,26.0,251
spring,2012,1,20,0,5,1,clear,7.98,4.0,53.0,24.0,159
spring,2012,1,21,0,5,1,clear,7.98,3.0,53.0,35.0,135
spring,2012,1,22,0,5,1,clear,7.98,4.0,49.0,26.0,119
spring,2012,1,23,0,5,1,clear,7.04,3.0,49.0,28.0,86
spring,2012,1,0,0,6,0,clear,6.1,3.0,52.0,19.0,69
spring,2012,1,1,0,6,0,clear,6.1,4.0,52.0,11.0,58
spring,2012,1,2,0,6,0,clear,4.22,4.0,60.0,0.0,41
spring,2012,1,3,0,6,0,clear,4.22,3.0,60.0,6.0,17
spring,2012,1,4,0,6,0,clear,4.22,1.0,60.0,11.0,8
spring,2012,1,5,0,6,0,clear,3.28,1.0,75.0,6.0,10
spring,2012,1,6,0,6,0,clear,3.28,3.0,70.0,0.0,15
spring,2012,1,7,0,6,0,clear,2.34,2.0,75.0,0.0,31
spring,2012,1,8,0,6,0,clear,1.4,-1.0,80.0,6.0,91
spring,2012,1,9,0,6,0,clear,2.34,2.0,80.0,0.0,158
spring,2012,1,10,0,6,0,clear,4.22,2.0,70.0,9.0,191
spring,2012,1,11,0,6,0,clear,6.1,4.0,56.0,9.0,296
spring,2012,1,12,0,6,0,clear,6.1,3.0,61.0,19.0,314
spring,2012,1,13,0,6,0,clear,7.98,5.0,57.0,17.0,373
spring,2012,1,14,0,6,0,clear,9.86,10.0,50.0,26.0,362
spring,2012,1,15,0,6,0,clear,10.8,11.0,47.0,22.0,410
spring,2012,1,16,0,6,0,clear,11.74,12.0,44.0,24.0,407
spring,2012,1,17,0,6,0,clear,11.74,12.0,44.0,26.0,290
spring,2012,1,18,0,6,0,clear,11.74,12.0,41.0,15.0,241
spring,2012,1,19,0,6,0,misty,11.74,12.0,41.0,37.0,206
spring,2012,1,20,0,6,0,clear,10.8,11.0,35.0,26.0,120
spring,2012,1,21,0,6,0,clear,8.92,6.0,29.0,24.0,127
spring,2012,1,22,0,6,0,clear,7.98,6.0,34.0,13.0,103
spring,2012,1,23,0,6,0,clear,7.04,5.0,31.0,13.0,85
spring,2012,1,0,0,0,0,clear,6.1,3.0,33.0,15.0,96
spring,2012,1,1,0,0,0,clear,6.1,2.0,28.0,24.0,73
spring,2012,1,2,0,0,0,clear,5.16,1.0,26.0,22.0,51
spring,2012,1,3,0,0,0,clear,4.22,1.0,28.0,13.0,21
spring,2012,1,4,0,0,0,clear,3.28,1.0,30.0,0.0,5
spring,2012,1,5,0,0,0,clear,1.4,-2.0,51.0,9.0,7
spring,2012,1,6,0,0,0,clear,1.4,-1.0,40.0,7.0,5
spring,2012,1,7,0,0,0,clear,1.4,-2.0,37.0,9.0,12
spring,2012,1,8,0,0,0,clear,0.46,-3.0,40.0,9.0,70
spring,2012,1,9,0,0,0,clear,0.46,-3.0,43.0,9.0,111
spring,2012,1,10,0,0,0,clear,3.28,-0.0,35.0,9.0,191
spring,2012,1,11,0,0,0,clear,5.16,2.0,28.0,15.0,255
spring,2012,1,12,0,0,0,clear,7.04,4.0,26.0,15.0,288
spring,2012,1,13,0,0,0,clear,7.04,4.0,26.0,15.0,316
spring,2012,1,14,0,0,0,clear,7.04,4.0,26.0,17.0,280
spring,2012,1,15,0,0,0,clear,8.92,6.0,25.0,19.0,310
spring,2012,1,16,0,0,0,clear,8.92,6.0,21.0,28.0,322
spring,2012,1,17,0,0,0,clear,8.92,6.0,21.0,28.0,234
spring,2012,1,18,0,0,0,clear,7.98,4.0,23.0,24.0,168
spring,2012,1,19,0,0,0,clear,7.04,4.0,29.0,17.0,159
spring,2012,1,20,0,0,0,clear,6.1,3.0,39.0,15.0,111
spring,2012,1,21,0,0,0,clear,6.1,3.0,33.0,19.0,69
spring,2012,1,22,0,0,0,clear,7.04,3.0,26.0,26.0,64
spring,2012,1,23,0,0,0,clear,6.1,2.0,33.0,22.0,25
spring,2012,1,0,0,1,1,misty,7.04,3.0,26.0,28.0,10
spring,2012,1,1,0,1,1,clear,4.22,-1.0,60.0,24.0,9
spring,2012,1,2,0,1,1,clear,3.28,-2.0,48.0,24.0,7
spring,2012,1,3,0,1,1,clear,3.28,-1.0,48.0,13.0,4
spring,2012,1,4,0,1,1,clear,1.4,-2.0,51.0,9.0,5
spring,2012,1,5,0,1,1,clear,1.4,-2.0,51.0,9.0,26
spring,2012,1,6,0,1,1,clear,2.34,-2.0,44.0,17.0,80
spring,2012,1,7,0,1,1,clear,2.34,-2.0,44.0,19.0,225
spring,2012,1,8,0,1,1,clear,1.4,-3.0,47.0,15.0,493
spring,2012,1,9,0,1,1,clear,1.4,-3.0,47.0,15.0,198
spring,2012,1,10,0,1,1,clear,2.34,-2.0,41.0,19.0,85
spring,2012,1,11,0,1,1,clear,4.22,1.0,38.0,0.0,99
spring,2012,1,12,0,1,1,clear,4.22,-1.0,35.0,26.0,134
spring,2012,1,13,0,1,1,clear,6.1,3.0,31.0,13.0,132
spring,2012,1,14,0,1,1,clear,7.04,6.0,24.0,9.0,115
spring,2012,1,15,0,1,1,clear,7.04,5.0,24.0,13.0,138
spring,2012,1,16,0,1,1,clear,7.98,6.0,25.0,13.0,221
spring,2012,1,17,0,1,1,clear,8.92,7.0,21.0,13.0,438
spring,2012,1,18,0,1,1,clear,7.98,6.0,23.0,11.0,410
spring,2012,1,19,0,1,1,clear,6.1,5.0,45.0,7.0,306
spring,2012,1,20,0,1,1,clear,6.1,4.0,39.0,11.0,181
spring,2012,1,21,0,1,1,clear,6.1,4.0,42.0,11.0,162
spring,2012,1,22,0,1,1,clear,5.16,2.0,48.0,15.0,94
spring,2012,1,23,0,1,1,clear,4.22,1.0,60.0,13.0,52
spring,2012,1,0,0,2,1,clear,5.16,2.0,52.0,17.0,15
spring,2012,1,1,0,2,1,clear,6.1,2.0,42.0,20.0,8
spring,2012,1,2,0,2,1,clear,6.1,3.0,42.0,15.0,2
spring,2012,1,3,0,2,1,clear,6.1,3.0,45.0,15.0,2
spring,2012,1,4,0,2,1,clear,6.1,3.0,49.0,13.0,1
spring,2012,1,5,0,2,1,clear,6.1,3.0,49.0,13.0,22
spring,2012,1,6,0,2,1,clear,5.16,2.0,52.0,11.0,104
spring,2012,1,7,0,2,1,clear,4.22,1.0,60.0,13.0,279
spring,2012,1,8,0,2,1,clear,4.22,2.0,60.0,7.0,512
spring,2012,1,9,0,2,1,clear,6.1,3.0,52.0,13.0,261
spring,2012,1,10,0,2,1,misty,7.04,5.0,57.0,13.0,144
spring,2012,1,11,0,2,1,clear,10.8,11.0,37.0,19.0,139
spring,2012,1,12,0,2,1,clear,10.8,11.0,43.0,20.0,194
spring,2012,1,13,0,2,1,clear,13.62,14.0,36.0,15.0,198
spring,2012,1,14,0,2,1,clear,15.5,16.0,29.0,22.0,160
spring,2012,1,15,0,2,1,clear,17.38,18.0,26.0,30.0,177
spring,2012,1,16,0,2,1,clear,17.38,18.0,26.0,30.0,307
spring,2012,1,17,0,2,1,clear,17.38,18.0,26.0,28.0,559
spring,2012,1,18,0,2,1,clear,17.38,18.0,24.0,24.0,502
spring,2012,1,19,0,2,1,clear,15.5,16.0,29.0,19.0,328
spring,2012,1,20,0,2,1,clear,10.8,11.0,58.0,7.0,238
spring,2012,1,21,0,2,1,clear,13.62,14.0,33.0,20.0,165
spring,2012,1,22,0,2,1,clear,12.68,13.0,35.0,20.0,129
spring,2012,1,23,0,2,1,clear,12.68,13.0,38.0,17.0,63
spring,2012,2,0,0,3,1,clear,12.68,13.0,38.0,19.0,31
spring,2012,2,1,0,3,1,clear,12.68,13.0,41.0,19.0,4
spring,2012,2,2,0,3,1,clear,12.68,13.0,44.0,19.0,7
spring,2012,2,3,0,3,1,clear,12.68,13.0,44.0,13.0,3
spring,2012,2,4,0,3,1,clear,10.8,11.0,50.0,11.0,1
spring,2012,2,5,0,3,1,clear,10.8,11.0,50.0,11.0,18
spring,2012,2,6,0,3,1,rain,10.8,11.0,54.0,11.0,67
spring,2012,2,7,0,3,1,rain,9.86,10.0,62.0,6.0,208
spring,2012,2,8,0,3,1,rain,8.92,8.0,73.0,7.0,520
spring,2012,2,9,0,3,1,misty,8.92,7.0,71.0,13.0,276
spring,2012,2,10,0,3,1,clear,10.8,11.0,62.0,9.0,133
spring,2012,2,11,0,3,1,clear,10.8,11.0,58.0,11.0,143
spring,2012,2,12,0,3,1,clear,12.68,13.0,54.0,7.0,179
spring,2012,2,13,0,3,1,clear,13.62,14.0,47.0,15.0,186
spring,2012,2,14,0,3,1,clear,21.14,25.0,33.0,15.0,192
spring,2012,2,15,0,3,1,clear,20.2,25.0,35.0,19.0,194
spring,2012,2,16,0,3,1,clear,20.2,25.0,40.0,15.0,283
spring,2012,2,17,0,3,1,clear,19.26,20.0,43.0,13.0,539
spring,2012,2,18,0,3,1,clear,18.32,19.0,46.0,11.0,526
spring,2012,2,19,0,3,1,clear,17.38,18.0,52.0,19.0,335
spring,2012,2,20,0,3,1,clear,16.44,17.0,52.0,11.0,264
spring,2012,2,21,0,3,1,clear,16.44,17.0,52.0,11.0,233
spring,2012,2,22,0,3,1,clear,15.5,16.0,55.0,13.0,140
spring,2012,2,23,0,3,1,clear,13.62,14.0,63.0,6.0,97
spring,2012,2,0,0,4,1,clear,13.62,14.0,59.0,9.0,31
spring,2012,2,1,0,4,1,misty,13.62,14.0,55.0,0.0,17
spring,2012,2,2,0,4,1,misty,11.74,12.0,67.0,9.0,9
spring,2012,2,3,0,4,1,misty,11.74,12.0,67.0,9.0,2
spring,2012,2,4,0,4,1,rain,10.8,11.0,82.0,6.0,1
spring,2012,2,5,0,4,1,rain,10.8,11.0,82.0,0.0,19
spring,2012,2,6,0,4,1,rain,8.92,9.0,90.0,0.0,74
spring,2012,2,7,0,4,1,rain,8.92,9.0,93.0,0.0,205
spring,2012,2,8,0,4,1,rain,10.8,11.0,87.0,0.0,445
spring,2012,2,9,0,4,1,rain,9.86,10.0,87.0,0.0,228
spring,2012,2,10,0,4,1,rain,11.74,12.0,77.0,7.0,78
spring,2012,2,11,0,4,1,rain,10.8,11.0,82.0,17.0,105
spring,2012,2,12,0,4,1,clear,11.74,12.0,82.0,0.0,148
spring,2012,2,13,0,4,1,misty,11.74,12.0,77.0,0.0,137
spring,2012,2,14,0,4,1,clear,10.8,11.0,76.0,7.0,141
spring,2012,2,15,0,4,1,clear,13.62,14.0,67.0,11.0,174
spring,2012,2,16,0,4,1,clear,13.62,14.0,55.0,19.0,229
spring,2012,2,17,0,4,1,clear,11.74,12.0,54.0,33.0,450
spring,2012,2,18,0,4,1,clear,10.8,11.0,43.0,31.0,410
spring,2012,2,19,0,4,1,clear,9.86,10.0,43.0,35.0,327
spring,2012,2,20,0,4,1,clear,8.92,5.0,46.0,35.0,213
spring,2012,2,21,0,4,1,clear,7.98,4.0,46.0,28.0,148
spring,2012,2,22,0,4,1,clear,7.04,3.0,49.0,28.0,109
spring,2012,2,23,0,4,1,clear,7.04,4.0,49.0,17.0,61
spring,2012,2,0,0,5,1,clear,7.04,3.0,53.0,26.0,38
spring,2012,2,1,0,5,1,clear,6.1,2.0,56.0,22.0,22
spring,2012,2,2,0,5,1,clear,6.1,3.0,52.0,15.0,6
spring,2012,2,3,0,5,1,clear,5.16,1.0,56.0,20.0,4
spring,2012,2,4,0,5,1,clear,4.22,1.0,60.0,15.0,2
spring,2012,2,5,0,5,1,clear,4.22,1.0,60.0,15.0,17
spring,2012,2,6,0,5,1,clear,3.28,-0.0,65.0,11.0,88
spring,2012,2,7,0,5,1,clear,3.28,-1.0,65.0,15.0,226
spring,2012,2,8,0,5,1,clear,3.28,-1.0,65.0,15.0,441
spring,2012,2,9,0,5,1,clear,3.28,-1.0,65.0,13.0,270
spring,2012,2,10,0,5,1,clear,5.16,1.0,56.0,19.0,129
spring,2012,2,11,0,5,1,clear,7.04,4.0,53.0,20.0,164
spring,2012,2,12,0,5,1,clear,7.98,6.0,46.0,9.0,216
spring,2012,2,13,0,5,1,clear,8.92,8.0,46.0,0.0,198
spring,2012,2,14,0,5,1,clear,8.92,7.0,46.0,15.0,170
spring,2012,2,15,0,5,1,clear,9.86,10.0,40.0,0.0,216
spring,2012,2,16,0,5,1,clear,10.8,11.0,37.0,7.0,311
spring,2012,2,17,0,5,1,clear,10.8,11.0,37.0,6.0,488
spring,2012,2,18,0,5,1,clear,9.86,10.0,40.0,9.0,385
spring,2012,2,19,0,5,1,clear,7.98,7.0,49.0,7.0,267
spring,2012,2,20,0,5,1,clear,7.98,7.0,49.0,7.0,163
spring,2012,2,21,0,5,1,clear,7.98,7.0,49.0,7.0,134
spring,2012,2,22,0,5,1,clear,7.98,7.0,49.0,7.0,119
spring,2012,2,23,0,5,1,clear,4.22,2.0,70.0,7.0,77
spring,2012,2,0,0,6,0,clear,4.22,2.0,70.0,7.0,86
spring,2012,2,1,0,6,0,clear,4.22,2.0,70.0,7.0,43
spring,2012,2,2,0,6,0,clear,3.28,1.0,70.0,6.0,44
spring,2012,2,3,0,6,0,clear,3.28,3.0,75.0,0.0,18
spring,2012,2,4,0,6,0,clear,3.28,1.0,81.0,6.0,6
spring,2012,2,5,0,6,0,clear,3.28,1.0,81.0,6.0,4
spring,2012,2,6,0,6,0,clear,2.34,-1.0,87.0,9.0,5
spring,2012,2,7,0,6,0,misty,3.28,-0.0,87.0,9.0,28
spring,2012,2,8,0,6,0,clear,3.28,3.0,87.0,0.0,90
spring,2012,2,9,0,6,0,clear,3.28,-0.0,81.0,9.0,157
spring,2012,2,10,0,6,0,clear,3.28,1.0,87.0,7.0,224
spring,2012,2,11,0,6,0,clear,6.1,6.0,70.0,0.0,270
spring,2012,2,12,0,6,0,misty,6.1,5.0,70.0,6.0,300
spring,2012,2,13,0,6,0,misty,6.1,3.0,70.0,13.0,302
spring,2012,2,14,0,6,0,misty,7.04,4.0,66.0,15.0,276
spring,2012,2,15,0,6,0,misty,7.04,4.0,66.0,15.0,305
spring,2012,2,16,0,6,0,misty,7.98,6.0,61.0,11.0,143
spring,2012,2,17,0,6,0,rain,6.1,3.0,70.0,13.0,67
spring,2012,2,18,0,6,0,rain,5.16,2.0,75.0,11.0,64
spring,2012,2,19,0,6,0,rain,4.22,2.0,87.0,9.0,80
spring,2012,2,20,0,6,0,rain,3.28,-1.0,93.0,13.0,77
spring,2012,2,21,0,6,0,rain,3.28,-0.0,93.0,9.0,78
spring,2012,2,22,0,6,0,misty,3.28,1.0,87.0,6.0,95
spring,2012,2,23,0,6,0,misty,3.28,-0.0,87.0,9.0,70
spring,2012,2,0,0,0,0,misty,3.28,-0.0,87.0,9.0,61
spring,2012,2,1,0,0,0,misty,3.28,1.0,93.0,7.0,51
spring,2012,2,2,0,0,0,misty,3.28,1.0,93.0,7.0,63
spring,2012,2,3,0,0,0,rain,3.28,1.0,87.0,6.0,17
spring,2012,2,4,0,0,0,misty,3.28,-0.0,87.0,9.0,9
spring,2012,2,5,0,0,0,rain,4.22,1.0,81.0,13.0,4
spring,2012,2,6,0,0,0,misty,4.22,-0.0,70.0,17.0,4
spring,2012,2,7,0,0,0,misty,3.28,-0.0,75.0,11.0,16
spring,2012,2,8,0,0,0,misty,3.28,-0.0,75.0,11.0,62
spring,2012,2,9,0,0,0,misty,3.28,-1.0,70.0,15.0,92
spring,2012,2,10,0,0,0,misty,4.22,-0.0,65.0,19.0,148
spring,2012,2,11,0,0,0,misty,4.22,1.0,70.0,13.0,182
spring,2012,2,12,0,0,0,misty,4.22,1.0,65.0,13.0,248
spring,2012,2,13,0,0,0,misty,5.16,2.0,61.0,11.0,274
spring,2012,2,14,0,0,0,clear,6.1,4.0,61.0,11.0,243
spring,2012,2,15,0,0,0,misty,6.1,3.0,56.0,17.0,272
spring,2012,2,16,0,0,0,clear,6.1,3.0,56.0,15.0,296
spring,2012,2,17,0,0,0,clear,7.04,5.0,53.0,11.0,306
spring,2012,2,18,0,0,0,clear,6.1,3.0,52.0,17.0,181
spring,2012,2,19,0,0,0,clear,6.1,3.0,52.0,15.0,69
spring,2012,2,20,0,0,0,clear,5.16,2.0,56.0,13.0,50
spring,2012,2,21,0,0,0,clear,5.16,3.0,56.0,7.0,66
spring,2012,2,22,0,0,0,clear,4.22,2.0,60.0,7.0,191
spring,2012,2,23,0,0,0,clear,3.28,-0.0,70.0,9.0,42
spring,2012,2,0,0,1,1,clear,3.28,-0.0,65.0,9.0,21
spring,2012,2,1,0,1,1,clear,2.34,1.0,75.0,6.0,6
spring,2012,2,2,0,1,1,clear,2.34,2.0,75.0,0.0,3
spring,2012,2,4,0,1,1,clear,0.46,-2.0,80.0,7.0,2
spring,2012,2,5,0,1,1,clear,0.46,-2.0,80.0,7.0,17
spring,2012,2,6,0,1,1,clear,-0.48,-4.0,86.0,7.0,72
spring,2012,2,7,0,1,1,clear,-0.48,-4.0,86.0,7.0,234
spring,2012,2,8,0,1,1,clear,-0.48,-4.0,86.0,9.0,444
spring,2012,2,9,0,1,1,clear,0.46,-2.0,80.0,7.0,277
spring,2012,2,10,0,1,1,clear,2.34,-0.0,75.0,7.0,116
spring,2012,2,11,0,1,1,clear,4.22,2.0,70.0,9.0,116
spring,2012,2,12,0,1,1,clear,7.04,5.0,61.0,11.0,150
spring,2012,2,13,0,1,1,clear,9.86,10.0,40.0,15.0,141
spring,2012,2,14,0,1,1,clear,10.8,11.0,35.0,11.0,140
spring,2012,2,15,0,1,1,clear,11.74,12.0,32.0,19.0,171
spring,2012,2,16,0,1,1,clear,10.8,11.0,43.0,17.0,228
spring,2012,2,17,0,1,1,clear,10.8,11.0,43.0,17.0,430
spring,2012,2,18,0,1,1,clear,9.86,10.0,43.0,15.0,437
spring,2012,2,19,0,1,1,clear,8.92,6.0,43.0,17.0,291
spring,2012,2,20,0,1,1,clear,7.98,6.0,46.0,11.0,201
spring,2012,2,21,0,1,1,clear,7.04,5.0,57.0,11.0,154
spring,2012,2,22,0,1,1,clear,6.1,4.0,65.0,9.0,87
spring,2012,2,23,0,1,1,clear,6.1,4.0,65.0,9.0,46
spring,2012,2,0,0,2,1,clear,6.1,3.0,70.0,13.0,23
spring,2012,2,1,0,2,1,clear,5.16,3.0,61.0,9.0,14
spring,2012,2,2,0,2,1,clear,6.1,6.0,61.0,0.0,4
spring,2012,2,3,0,2,1,misty,6.1,6.0,70.0,0.0,2
spring,2012,2,4,0,2,1,misty,6.1,6.0,70.0,0.0,3
spring,2012,2,5,0,2,1,clear,7.04,6.0,49.0,6.0,15
spring,2012,2,6,0,2,1,clear,7.04,4.0,45.0,20.0,100
spring,2012,2,7,0,2,1,clear,7.04,7.0,45.0,0.0,299
spring,2012,2,8,0,2,1,clear,6.1,5.0,49.0,0.0,529
spring,2012,2,9,0,2,1,clear,7.04,6.0,49.0,0.0,289
spring,2012,2,10,0,2,1,clear,7.98,6.0,46.0,11.0,116
spring,2012,2,11,0,2,1,clear,8.92,7.0,46.0,13.0,129
spring,2012,2,12,0,2,1,clear,10.8,11.0,40.0,22.0,172
spring,2012,2,13,0,2,1,clear,12.68,13.0,38.0,17.0,184
spring,2012,2,14,0,2,1,clear,12.68,13.0,38.0,17.0,138
spring,2012,2,15,0,2,1,clear,12.68,13.0,38.0,13.0,146
spring,2012,2,16,0,2,1,clear,12.68,13.0,35.0,17.0,276
spring,2012,2,17,0,2,1,clear,12.68,13.0,35.0,13.0,509
spring,2012,2,18,0,2,1,clear,11.74,12.0,38.0,13.0,518
spring,2012,2,19,0,2,1,clear,9.86,10.0,43.0,15.0,338
spring,2012,2,20,0,2,1,clear,8.92,7.0,50.0,9.0,212
spring,2012,2,21,0,2,1,clear,7.98,7.0,61.0,7.0,190
spring,2012,2,22,0,2,1,clear,7.04,5.0,57.0,13.0,118
spring,2012,2,23,0,2,1,clear,7.04,6.0,57.0,9.0,51
spring,2012,2,0,0,3,1,clear,6.1,3.0,56.0,15.0,23
spring,2012,2,1,0,3,1,clear,5.16,2.0,61.0,11.0,10
spring,2012,2,2,0,3,1,clear,4.22,4.0,65.0,0.0,1
spring,2012,2,3,0,3,1,clear,4.22,4.0,65.0,0.0,1
spring,2012,2,4,0,3,1,clear,3.28,1.0,70.0,6.0,1
spring,2012,2,5,0,3,1,clear,3.28,1.0,70.0,6.0,20
spring,2012,2,6,0,3,1,misty,3.28,3.0,70.0,0.0,98
spring,2012,2,7,0,3,1,misty,3.28,1.0,70.0,7.0,281
spring,2012,2,8,0,3,1,misty,3.28,-1.0,70.0,15.0,508
spring,2012,2,9,0,3,1,misty,3.28,1.0,70.0,11.0,253
spring,2012,2,10,0,3,1,misty,4.22,1.0,70.0,15.0,108
spring,2012,2,11,0,3,1,misty,4.22,1.0,65.0,15.0,102
spring,2012,2,12,0,3,1,misty,5.16,1.0,65.0,19.0,138
spring,2012,2,13,0,3,1,misty,5.16,3.0,61.0,7.0,126
spring,2012,2,14,0,3,1,misty,6.1,4.0,56.0,11.0,108
spring,2012,2,15,0,3,1,rain,6.1,5.0,61.0,7.0,54
spring,2012,2,16,0,3,1,rain,4.22,2.0,81.0,7.0,75
spring,2012,2,17,0,3,1,rain,3.28,1.0,87.0,7.0,155
spring,2012,2,18,0,3,1,rain,3.28,1.0,87.0,7.0,167
spring,2012,2,19,0,3,1,rain,3.28,1.0,87.0,7.0,161
spring,2012,2,20,0,3,1,rain,3.28,-0.0,87.0,9.0,125
spring,2012,2,21,0,3,1,rain,3.28,-1.0,87.0,13.0,129
spring,2012,2,22,0,3,1,misty,3.28,-0.0,87.0,9.0,98
spring,2012,2,23,0,3,1,misty,3.28,-0.0,87.0,11.0,60
spring,2012,2,0,0,4,1,misty,3.28,-0.0,87.0,11.0,26
spring,2012,2,1,0,4,1,misty,3.28,-0.0,87.0,9.0,12
spring,2012,2,2,0,4,1,clear,2.34,-1.0,80.0,9.0,2
spring,2012,2,3,0,4,1,clear,2.34,-2.0,80.0,19.0,4
spring,2012,2,4,0,4,1,misty,2.34,-3.0,75.0,30.0,1
spring,2012,2,5,0,4,1,clear,1.4,-4.0,75.0,19.0,18
spring,2012,2,6,0,4,1,clear,1.4,-4.0,75.0,19.0,76
spring,2012,2,7,0,4,1,clear,1.4,-3.0,69.0,17.0,267
spring,2012,2,8,0,4,1,clear,1.4,-3.0,64.0,17.0,484
spring,2012,2,9,0,4,1,clear,1.4,-3.0,59.0,15.0,238
spring,2012,2,10,0,4,1,clear,2.34,-2.0,51.0,15.0,97
spring,2012,2,11,0,4,1,clear,3.28,-1.0,52.0,15.0,99
spring,2012,2,12,0,4,1,clear,4.22,-1.0,48.0,22.0,158
spring,2012,2,13,0,4,1,clear,6.1,2.0,42.0,22.0,154
spring,2012,2,14,0,4,1,clear,7.04,4.0,39.0,20.0,144
spring,2012,2,15,0,4,1,clear,7.04,4.0,36.0,20.0,134
spring,2012,2,16,0,4,1,clear,7.98,6.0,36.0,0.0,238
spring,2012,2,17,0,4,1,clear,7.98,6.0,34.0,9.0,399
spring,2012,2,18,0,4,1,clear,7.98,6.0,31.0,11.0,417
spring,2012,2,19,0,4,1,clear,7.04,6.0,33.0,7.0,295
spring,2012,2,20,0,4,1,clear,7.04,7.0,36.0,0.0,199
spring,2012,2,21,0,4,1,clear,6.1,5.0,52.0,6.0,177
spring,2012,2,22,0,4,1,misty,6.1,6.0,56.0,0.0,107
spring,2012,2,23,0,4,1,misty,6.1,6.0,52.0,0.0,84
spring,2012,2,0,0,5,1,misty,5.16,4.0,65.0,6.0,43
spring,2012,2,1,0,5,1,misty,5.16,4.0,61.0,6.0,13
spring,2012,2,2,0,5,1,clear,4.22,3.0,52.0,6.0,16
spring,2012,2,3,0,5,1,clear,4.22,3.0,56.0,6.0,5
spring,2012,2,4,0,5,1,clear,4.22,3.0,56.0,6.0,2
spring,2012,2,5,0,5,1,clear,3.28,-1.0,52.0,15.0,17
spring,2012,2,6,0,5,1,clear,1.4,-3.0,59.0,13.0,64
spring,2012,2,7,0,5,1,clear,1.4,-2.0,59.0,11.0,230
spring,2012,2,8,0,5,1,clear,1.4,-2.0,59.0,11.0,448
spring,2012,2,9,0,5,1,clear,2.34,-1.0,55.0,11.0,275
spring,2012,2,10,0,5,1,misty,4.22,2.0,48.0,9.0,124
spring,2012,2,11,0,5,1,misty,5.16,3.0,45.0,7.0,153
spring,2012,2,12,0,5,1,misty,6.1,4.0,42.0,9.0,176
spring,2012,2,13,0,5,1,misty,6.1,5.0,42.0,6.0,192
spring,2012,2,14,0,5,1,misty,7.04,6.0,39.0,6.0,146
spring,2012,2,15,0,5,1,misty,7.04,6.0,45.0,9.0,191
spring,2012,2,16,0,5,1,misty,7.98,5.0,42.0,17.0,268
spring,2012,2,17,0,5,1,misty,7.98,6.0,42.0,13.0,396
spring,2012,2,18,0,5,1,rain,6.1,4.0,61.0,9.0,359
spring,2012,2,19,0,5,1,misty,7.04,7.0,57.0,0.0,262
spring,2012,2,20,0,5,1,misty,7.04,7.0,57.0,0.0,151
spring,2012,2,21,0,5,1,misty,7.04,6.0,66.0,6.0,122
spring,2012,2,22,0,5,1,misty,7.04,7.0,66.0,0.0,113
spring,2012,2,23,0,5,1,misty,6.1,5.0,70.0,6.0,65
spring,2012,2,0,0,6,0,misty,6.1,4.0,70.0,9.0,53
spring,2012,2,1,0,6,0,rain,5.16,3.0,81.0,9.0,45
spring,2012,2,2,0,6,0,rain,4.22,1.0,81.0,13.0,26
spring,2012,2,3,0,6,0,rain,3.28,-1.0,87.0,15.0,9
spring,2012,2,4,0,6,0,rain,3.28,-1.0,87.0,15.0,4
spring,2012,2,5,0,6,0,rain,2.34,-1.0,93.0,11.0,2
spring,2012,2,6,0,6,0,rain,2.34,-1.0,93.0,9.0,9
spring,2012,2,7,0,6,0,rain,2.34,-1.0,93.0,9.0,19
spring,2012,2,8,0,6,0,rain,2.34,-1.0,93.0,9.0,78
spring,2012,2,9,0,6,0,rain,2.34,-0.0,93.0,7.0,90
spring,2012,2,10,0,6,0,rain,2.34,-0.0,93.0,7.0,166
spring,2012,2,11,0,6,0,misty,3.28,1.0,81.0,7.0,183
spring,2012,2,12,0,6,0,misty,4.22,1.0,81.0,11.0,221
spring,2012,2,13,0,6,0,misty,4.22,-0.0,81.0,19.0,235
spring,2012,2,14,0,6,0,misty,4.22,-0.0,81.0,17.0,243
spring,2012,2,15,0,6,0,misty,6.1,2.0,61.0,20.0,124
spring,2012,2,16,0,6,0,rain,2.34,-3.0,75.0,28.0,146
spring,2012,2,17,0,6,0,rain,2.34,-4.0,69.0,31.0,144
spring,2012,2,18,0,6,0,misty,2.34,-4.0,47.0,44.0,108
spring,2012,2,19,0,6,0,misty,1.4,-6.0,40.0,37.0,87
spring,2012,2,20,0,6,0,misty,-0.48,-8.0,43.0,37.0,63
spring,2012,2,21,0,6,0,clear,-1.42,-11.0,43.0,43.0,48
spring,2012,2,22,0,6,0,misty,-1.42,-9.0,39.0,26.0,46
spring,2012,2,23,0,6,0,rain,-2.36,-11.0,50.0,33.0,20
spring,2012,2,0,0,0,0,rain,-3.3,-11.0,68.0,26.0,21
spring,2012,2,1,0,0,0,rain,-4.24,-13.0,79.0,31.0,24
spring,2012,2,2,0,0,0,misty,-3.3,-12.0,58.0,39.0,27
spring,2012,2,3,0,0,0,misty,-3.3,-13.0,46.0,46.0,14
spring,2012,2,4,0,0,0,misty,-3.3,-13.0,46.0,48.0,1
spring,2012,2,5,0,0,0,clear,-3.3,-11.0,49.0,26.0,3
spring,2012,2,6,0,0,0,clear,-3.3,-11.0,49.0,26.0,2
spring,2012,2,7,0,0,0,clear,-4.24,-10.0,53.0,13.0,18
spring,2012,2,8,0,0,0,clear,-4.24,-11.0,53.0,17.0,26
spring,2012,2,9,0,0,0,clear,-3.3,-10.0,49.0,20.0,63
spring,2012,2,10,0,0,0,clear,-2.36,-9.0,42.0,24.0,91
spring,2012,2,11,0,0,0,clear,-2.36,-9.0,42.0,20.0,124
spring,2012,2,12,0,0,0,clear,-1.42,-11.0,39.0,43.0,140
spring,2012,2,13,0,0,0,clear,-0.48,-8.0,40.0,30.0,138
spring,2012,2,14,0,0,0,clear,-0.48,-8.0,40.0,35.0,111
spring,2012,2,15,0,0,0,clear,-0.48,-8.0,40.0,37.0,155
spring,2012,2,16,0,0,0,clear,1.4,-5.0,34.0,31.0,164
spring,2012,2,17,0,0,0,clear,0.46,-6.0,37.0,28.0,87
spring,2012,2,18,0,0,0,clear,-0.48,-8.0,40.0,31.0,96
spring,2012,2,19,0,0,0,clear,-0.48,-7.0,40.0,19.0,80
spring,2012,2,20,0,0,0,clear,-1.42,-8.0,42.0,22.0,57
spring,2012,2,21,0,0,0,clear,-1.42,-8.0,43.0,20.0,36
spring,2012,2,22,0,0,0,clear,-1.42,-6.0,43.0,11.0,28
spring,2012,2,23,0,0,0,clear,-1.42,-7.0,43.0,15.0,23
spring,2012,2,0,0,1,1,clear,-1.42,-7.0,46.0,15.0,9
spring,2012,2,1,0,1,1,clear,-2.36,-8.0,50.0,15.0,6
spring,2012,2,2,0,1,1,clear,-1.42,-7.0,46.0,13.0,4
spring,2012,2,3,0,1,1,clear,-2.36,-6.0,54.0,7.0,1
spring,2012,2,4,0,1,1,clear,-2.36,-5.0,54.0,6.0,2
spring,2012,2,5,0,1,1,clear,-3.3,-8.0,58.0,9.0,17
spring,2012,2,6,0,1,1,clear,-3.3,-9.0,54.0,15.0,72
spring,2012,2,7,0,1,1,clear,-3.3,-9.0,54.0,13.0,195
spring,2012,2,8,0,1,1,clear,-3.3,-8.0,54.0,9.0,417
spring,2012,2,9,0,1,1,clear,-2.36,-7.0,50.0,13.0,205
spring,2012,2,10,0,1,1,clear,-1.42,-6.0,50.0,9.0,71
spring,2012,2,11,0,1,1,clear,2.34,-1.0,37.0,13.0,90
spring,2012,2,12,0,1,1,clear,5.16,1.0,28.0,22.0,118
spring,2012,2,13,0,1,1,clear,7.04,4.0,22.0,15.0,140
spring,2012,2,14,0,1,1,clear,7.98,7.0,23.0,7.0,135
spring,2012,2,15,0,1,1,clear,8.92,7.0,27.0,9.0,155
spring,2012,2,16,0,1,1,clear,8.92,7.0,23.0,13.0,211
spring,2012,2,17,0,1,1,clear,8.92,7.0,23.0,13.0,407
spring,2012,2,18,0,1,1,clear,7.98,5.0,25.0,17.0,405
spring,2012,2,19,0,1,1,clear,7.98,6.0,25.0,9.0,263
spring,2012,2,20,0,1,1,clear,6.1,4.0,42.0,11.0,214
spring,2012,2,21,0,1,1,clear,5.16,3.0,45.0,9.0,147
spring,2012,2,22,0,1,1,clear,4.22,2.0,56.0,7.0,102
spring,2012,2,23,0,1,1,clear,5.16,5.0,41.0,0.0,36
spring,2012,2,0,0,2,1,misty,4.22,4.0,60.0,0.0,14
spring,2012,2,1,0,2,1,misty,4.22,4.0,56.0,0.0,6
spring,2012,2,2,0,2,1,misty,5.16,5.0,41.0,0.0,3
spring,2012,2,3,0,2,1,misty,4.22,4.0,52.0,0.0,3
spring,2012,2,4,0,2,1,misty,4.22,2.0,65.0,7.0,2
spring,2012,2,5,0,2,1,misty,4.22,2.0,65.0,7.0,22
spring,2012,2,6,0,2,1,misty,4.22,4.0,56.0,0.0,90
spring,2012,2,7,0,2,1,misty,3.28,1.0,60.0,6.0,280
spring,2012,2,8,0,2,1,misty,3.28,3.0,70.0,0.0,513
spring,2012,2,9,0,2,1,misty,4.22,3.0,56.0,6.0,262
spring,2012,2,10,0,2,1,misty,4.22,2.0,60.0,9.0,98
spring,2012,2,11,0,2,1,misty,6.1,4.0,45.0,11.0,112
spring,2012,2,12,0,2,1,misty,6.1,3.0,52.0,15.0,172
spring,2012,2,13,0,2,1,misty,8.92,6.0,40.0,17.0,173
spring,2012,2,14,0,2,1,clear,10.8,11.0,40.0,15.0,124
spring,2012,2,15,0,2,1,misty,11.74,12.0,38.0,30.0,145
spring,2012,2,16,0,2,1,clear,11.74,12.0,35.0,20.0,266
spring,2012,2,17,0,2,1,clear,11.74,12.0,38.0,24.0,523
spring,2012,2,18,0,2,1,misty,9.86,10.0,46.0,20.0,406
spring,2012,2,19,0,2,1,misty,8.92,7.0,50.0,11.0,281
spring,2012,2,20,0,2,1,misty,9.86,10.0,46.0,9.0,184
spring,2012,2,21,0,2,1,misty,8.92,8.0,50.0,7.0,109
spring,2012,2,22,0,2,1,misty,8.92,8.0,50.0,7.0,77
spring,2012,2,23,0,2,1,misty,8.92,8.0,50.0,6.0,57
spring,2012,2,0,0,3,1,clear,7.04,7.0,57.0,0.0,22
spring,2012,2,1,0,3,1,clear,7.98,8.0,53.0,0.0,5
spring,2012,2,2,0,3,1,clear,6.1,6.0,61.0,0.0,4
spring,2012,2,3,0,3,1,clear,5.16,5.0,75.0,0.0,3
spring,2012,2,4,0,3,1,clear,5.16,3.0,70.0,7.0,1
spring,2012,2,5,0,3,1,clear,5.16,3.0,70.0,7.0,25
spring,2012,2,6,0,3,1,clear,6.1,4.0,61.0,9.0,95
spring,2012,2,7,0,3,1,misty,6.1,3.0,65.0,13.0,321
spring,2012,2,8,0,3,1,clear,7.04,3.0,61.0,24.0,515
spring,2012,2,9,0,3,1,clear,7.04,4.0,61.0,22.0,231
spring,2012,2,10,0,3,1,clear,7.98,4.0,57.0,20.0,120
spring,2012,2,11,0,3,1,clear,8.92,6.0,53.0,19.0,138
spring,2012,2,12,0,3,1,clear,9.86,10.0,46.0,26.0,163
spring,2012,2,13,0,3,1,clear,10.8,11.0,43.0,19.0,170
spring,2012,2,14,0,3,1,clear,11.74,12.0,41.0,24.0,134
spring,2012,2,15,0,3,1,clear,11.74,12.0,41.0,15.0,171
spring,2012,2,16,0,3,1,clear,11.74,12.0,38.0,13.0,231
spring,2012,2,17,0,3,1,clear,11.74,12.0,38.0,13.0,487
spring,2012,2,18,0,3,1,clear,10.8,11.0,40.0,15.0,468
spring,2012,2,19,0,3,1,clear,9.86,10.0,43.0,11.0,311
spring,2012,2,20,0,3,1,clear,8.92,7.0,46.0,11.0,211
spring,2012,2,21,0,3,1,clear,7.98,6.0,53.0,11.0,178
spring,2012,2,22,0,3,1,clear,7.98,7.0,49.0,7.0,107
spring,2012,2,23,0,3,1,clear,7.98,7.0,53.0,6.0,58
spring,2012,2,0,0,4,1,misty,6.1,4.0,70.0,9.0,23
spring,2012,2,1,0,4,1,misty,6.1,6.0,70.0,0.0,5
spring,2012,2,2,0,4,1,misty,6.1,5.0,70.0,6.0,7
spring,2012,2,3,0,4,1,misty,6.1,6.0,61.0,0.0,1
spring,2012,2,4,0,4,1,rain,6.1,5.0,70.0,6.0,3
spring,2012,2,5,0,4,1,misty,6.1,6.0,70.0,0.0,20
spring,2012,2,6,0,4,1,misty,6.1,5.0,70.0,6.0,87
spring,2012,2,7,0,4,1,misty,6.1,4.0,70.0,9.0,288
spring,2012,2,8,0,4,1,misty,6.1,5.0,70.0,6.0,498
spring,2012,2,9,0,4,1,misty,6.1,4.0,70.0,11.0,202
spring,2012,2,10,0,4,1,rain,7.04,6.0,70.0,9.0,44
spring,2012,2,11,0,4,1,rain,7.04,6.0,70.0,7.0,71
spring,2012,2,12,0,4,1,rain,7.04,6.0,76.0,6.0,45
spring,2012,2,13,0,4,1,rain,7.98,5.0,71.0,17.0,64
spring,2012,2,14,0,4,1,rain,7.04,5.0,81.0,13.0,31
spring,2012,2,15,0,4,1,rain,7.98,8.0,76.0,0.0,53
spring,2012,2,16,0,4,1,rain,7.98,8.0,81.0,0.0,118
spring,2012,2,17,0,4,1,rain,7.98,8.0,87.0,0.0,289
spring,2012,2,18,0,4,1,rain,7.98,6.0,87.0,9.0,353
spring,2012,2,19,0,4,1,misty,7.04,5.0,87.0,11.0,258
spring,2012,2,20,0,4,1,misty,7.04,6.0,87.0,9.0,216
spring,2012,2,21,0,4,1,misty,7.98,7.0,81.0,7.0,145
spring,2012,2,22,0,4,1,misty,7.04,7.0,81.0,0.0,111
spring,2012,2,23,0,4,1,clear,7.04,6.0,81.0,6.0,73
spring,2012,2,0,0,5,1,misty,6.1,6.0,87.0,0.0,34
spring,2012,2,1,0,5,1,misty,6.1,6.0,93.0,0.0,18
spring,2012,2,2,0,5,1,misty,6.1,5.0,93.0,7.0,12
spring,2012,2,3,0,5,1,misty,5.16,3.0,93.0,7.0,1
spring,2012,2,4,0,5,1,misty,5.16,2.0,93.0,13.0,1
spring,2012,2,5,0,5,1,misty,5.16,2.0,93.0,11.0,16
spring,2012,2,6,0,5,1,misty,5.16,3.0,96.0,9.0,71
spring,2012,2,7,0,5,1,misty,5.16,3.0,93.0,7.0,226
spring,2012,2,8,0,5,1,misty,4.22,4.0,100.0,0.0,520
spring,2012,2,9,0,5,1,misty,4.22,4.0,100.0,0.0,283
spring,2012,2,10,0,5,1,clear,7.98,5.0,71.0,19.0,116
spring,2012,2,11,0,5,1,clear,8.92,6.0,62.0,28.0,142
spring,2012,2,12,0,5,1,clear,9.86,10.0,46.0,26.0,198
spring,2012,2,13,0,5,1,clear,10.8,11.0,43.0,24.0,205
spring,2012,2,14,0,5,1,clear,10.8,11.0,37.0,24.0,170
spring,2012,2,15,0,5,1,clear,11.74,12.0,35.0,28.0,221
spring,2012,2,16,0,5,1,clear,11.74,12.0,32.0,20.0,307
spring,2012,2,17,0,5,1,clear,11.74,12.0,32.0,22.0,465
spring,2012,2,18,0,5,1,clear,10.8,11.0,35.0,17.0,377
spring,2012,2,19,0,5,1,clear,9.86,10.0,37.0,15.0,282
spring,2012,2,20,0,5,1,clear,10.8,11.0,35.0,13.0,171
spring,2012,2,21,0,5,1,clear,9.86,10.0,37.0,13.0,129
spring,2012,2,22,0,5,1,clear,8.92,7.0,40.0,15.0,107
spring,2012,2,23,0,5,1,clear,8.92,7.0,40.0,13.0,82
spring,2012,2,0,0,6,0,clear,7.98,6.0,42.0,11.0,86
spring,2012,2,1,0,6,0,clear,7.04,5.0,49.0,11.0,45
spring,2012,2,2,0,6,0,clear,6.1,3.0,61.0,17.0,45
spring,2012,2,3,0,6,0,clear,5.16,3.0,65.0,7.0,18
spring,2012,2,4,0,6,0,clear,4.22,4.0,70.0,0.0,7
spring,2012,2,5,0,6,0,clear,3.28,1.0,70.0,6.0,1
spring,2012,2,6,0,6,0,clear,3.28,3.0,70.0,0.0,9
spring,2012,2,7,0,6,0,clear,3.28,3.0,70.0,0.0,41
spring,2012,2,8,0,6,0,clear,2.34,2.0,87.0,0.0,102
spring,2012,2,9,0,6,0,clear,2.34,-0.0,80.0,7.0,138
spring,2012,2,10,0,6,0,clear,4.22,2.0,81.0,7.0,205
spring,2012,2,11,0,6,0,clear,7.04,6.0,57.0,9.0,286
spring,2012,2,12,0,6,0,clear,8.92,7.0,43.0,13.0,369
spring,2012,2,13,0,6,0,clear,10.8,11.0,43.0,19.0,384
spring,2012,2,14,0,6,0,clear,12.68,13.0,35.0,24.0,427
spring,2012,2,15,0,6,0,clear,11.74,12.0,41.0,17.0,499
spring,2012,2,16,0,6,0,clear,12.68,13.0,44.0,22.0,404
spring,2012,2,17,0,6,0,clear,14.56,15.0,36.0,19.0,364
spring,2012,2,18,0,6,0,clear,13.62,14.0,38.0,20.0,246
spring,2012,2,19,0,6,0,clear,12.68,13.0,44.0,11.0,188
spring,2012,2,20,0,6,0,clear,12.68,13.0,44.0,11.0,148
spring,2012,2,21,0,6,0,clear,12.68,13.0,33.0,20.0,114
spring,2012,2,22,0,6,0,clear,10.8,11.0,40.0,30.0,118
spring,2012,2,23,0,6,0,misty,8.92,6.0,40.0,26.0,74
spring,2012,2,0,0,0,0,misty,7.98,4.0,39.0,24.0,74
spring,2012,2,1,0,0,0,misty,7.04,4.0,39.0,17.0,72
spring,2012,2,2,0,0,0,misty,6.1,3.0,36.0,19.0,48
spring,2012,2,3,0,0,0,misty,6.1,3.0,36.0,15.0,15
spring,2012,2,4,0,0,0,misty,5.16,1.0,41.0,26.0,3
spring,2012,2,5,0,0,0,misty,4.22,-1.0,48.0,20.0,2
spring,2012,2,6,0,0,0,clear,3.28,-2.0,52.0,22.0,5
spring,2012,2,7,0,0,0,misty,3.28,-2.0,52.0,19.0,14
spring,2012,2,8,0,0,0,misty,3.28,-1.0,56.0,13.0,56
spring,2012,2,9,0,0,0,misty,3.28,-1.0,56.0,17.0,93
spring,2012,2,10,0,0,0,misty,4.22,-0.0,52.0,17.0,191
spring,2012,2,11,0,0,0,misty,4.22,-1.0,56.0,22.0,226
spring,2012,2,12,0,0,0,misty,5.16,2.0,52.0,17.0,255
spring,2012,2,13,0,0,0,clear,6.1,4.0,49.0,11.0,261
spring,2012,2,14,0,0,0,misty,7.04,5.0,45.0,13.0,237
spring,2012,2,15,0,0,0,misty,6.1,3.0,49.0,13.0,253
spring,2012,2,16,0,0,0,misty,7.04,4.0,45.0,19.0,212
spring,2012,2,17,0,0,0,misty,6.1,3.0,49.0,17.0,157
spring,2012,2,18,0,0,0,misty,6.1,2.0,49.0,22.0,167
spring,2012,2,19,0,0,0,misty,6.1,3.0,52.0,17.0,119
spring,2012,2,20,0,0,0,misty,6.1,3.0,52.0,19.0,103
spring,2012,2,21,0,0,0,rain,4.22,1.0,65.0,11.0,36
spring,2012,2,22,0,0,0,rain,3.28,1.0,75.0,6.0,55
spring,2012,2,23,0,0,0,misty,2.34,-1.0,93.0,11.0,35
spring,2012,2,0,1,1,0,misty,3.28,1.0,87.0,6.0,41
spring,2012,2,1,1,1,0,misty,3.28,1.0,87.0,6.0,15
spring,2012,2,2,1,1,0,misty,3.28,1.0,87.0,6.0,20
spring,2012,2,3,1,1,0,misty,3.28,-1.0,81.0,13.0,8
spring,2012,2,5,1,1,0,misty,3.28,-2.0,60.0,24.0,6
spring,2012,2,6,1,1,0,clear,3.28,-3.0,52.0,28.0,10
spring,2012,2,7,1,1,0,misty,2.34,-3.0,55.0,22.0,44
spring,2012,2,8,1,1,0,clear,1.4,-4.0,59.0,24.0,120
spring,2012,2,9,1,1,0,clear,1.4,-4.0,59.0,24.0,110
spring,2012,2,10,1,1,0,clear,2.34,-3.0,55.0,30.0,143
spring,2012,2,11,1,1,0,clear,4.22,-1.0,48.0,24.0,208
spring,2012,2,12,1,1,0,clear,5.16,2.0,45.0,15.0,281
spring,2012,2,13,1,1,0,clear,6.1,3.0,42.0,19.0,312
spring,2012,2,14,1,1,0,clear,7.04,5.0,36.0,13.0,263
spring,2012,2,15,1,1,0,clear,7.98,5.0,34.0,15.0,289
spring,2012,2,16,1,1,0,clear,8.92,9.0,29.0,7.0,280
spring,2012,2,17,1,1,0,clear,9.86,10.0,27.0,17.0,253
spring,2012,2,18,1,1,0,clear,7.98,5.0,34.0,15.0,242
spring,2012,2,19,1,1,0,clear,7.98,5.0,34.0,15.0,172
spring,2012,2,20,1,1,0,clear,7.98,6.0,34.0,13.0,126
spring,2012,2,21,1,1,0,clear,6.1,4.0,39.0,11.0,98
spring,2012,2,22,1,1,0,clear,6.1,5.0,45.0,6.0,62
spring,2012,2,23,1,1,0,clear,6.1,6.0,39.0,0.0,26
spring,2012,2,0,0,2,1,clear,4.22,4.0,65.0,0.0,12
spring,2012,2,1,0,2,1,clear,4.22,4.0,56.0,0.0,7
spring,2012,2,2,0,2,1,clear,3.28,3.0,60.0,0.0,3
spring,2012,2,4,0,2,1,clear,2.34,2.0,64.0,0.0,2
spring,2012,2,5,0,2,1,clear,1.4,1.0,69.0,0.0,15
spring,2012,2,6,0,2,1,clear,1.4,1.0,75.0,0.0,86
spring,2012,2,7,0,2,1,clear,2.34,2.0,64.0,0.0,279
spring,2012,2,8,0,2,1,clear,1.4,-1.0,69.0,6.0,464
spring,2012,2,9,0,2,1,clear,1.4,-1.0,75.0,7.0,217
spring,2012,2,10,0,2,1,clear,3.28,-1.0,70.0,13.0,85
spring,2012,2,11,0,2,1,misty,4.22,-0.0,70.0,19.0,86
spring,2012,2,12,0,2,1,misty,6.1,2.0,56.0,26.0,163
spring,2012,2,13,0,2,1,clear,7.98,4.0,49.0,28.0,131
spring,2012,2,14,0,2,1,misty,7.04,3.0,53.0,26.0,124
spring,2012,2,15,0,2,1,clear,7.98,4.0,49.0,28.0,160
spring,2012,2,16,0,2,1,clear,8.92,6.0,46.0,28.0,254
spring,2012,2,17,0,2,1,clear,9.86,10.0,40.0,30.0,432
spring,2012,2,18,0,2,1,clear,9.86,10.0,40.0,30.0,425
spring,2012,2,19,0,2,1,clear,8.92,6.0,46.0,20.0,304
spring,2012,2,20,0,2,1,clear,7.98,5.0,53.0,17.0,227
spring,2012,2,21,0,2,1,clear,7.98,6.0,61.0,11.0,154
spring,2012,2,22,0,2,1,misty,7.98,6.0,71.0,13.0,100
spring,2012,2,23,0,2,1,clear,7.04,4.0,66.0,15.0,47
spring,2012,2,0,0,3,1,clear,7.04,4.0,66.0,15.0,24
spring,2012,2,1,0,3,1,clear,7.04,6.0,70.0,9.0,7
spring,2012,2,2,0,3,1,clear,7.98,5.0,66.0,19.0,6
spring,2012,2,3,0,3,1,misty,7.98,5.0,71.0,15.0,4
spring,2012,2,4,0,3,1,clear,7.98,6.0,71.0,11.0,2
spring,2012,2,5,0,3,1,clear,7.04,6.0,70.0,7.0,30
spring,2012,2,6,0,3,1,clear,7.04,5.0,76.0,11.0,90
spring,2012,2,7,0,3,1,clear,7.04,6.0,76.0,6.0,302
spring,2012,2,8,0,3,1,clear,6.1,5.0,75.0,6.0,576
spring,2012,2,9,0,3,1,clear,7.04,6.0,70.0,6.0,252
spring,2012,2,10,0,3,1,clear,7.98,7.0,71.0,6.0,139
spring,2012,2,11,0,3,1,clear,8.92,7.0,66.0,11.0,171
spring,2012,2,12,0,3,1,clear,10.8,11.0,62.0,19.0,207
spring,2012,2,13,0,3,1,clear,11.74,12.0,54.0,20.0,190
spring,2012,2,14,0,3,1,clear,12.68,13.0,54.0,22.0,177
spring,2012,2,15,0,3,1,clear,15.5,16.0,31.0,28.0,195
spring,2012,2,16,0,3,1,clear,16.44,17.0,29.0,31.0,298
spring,2012,2,17,0,3,1,clear,16.44,17.0,32.0,26.0,529
spring,2012,2,18,0,3,1,misty,14.56,15.0,41.0,22.0,525
spring,2012,2,19,0,3,1,misty,13.62,14.0,44.0,19.0,327
spring,2012,2,20,0,3,1,misty,12.68,13.0,47.0,13.0,274
spring,2012,2,21,0,3,1,misty,14.56,15.0,33.0,19.0,239
spring,2012,2,22,0,3,1,misty,12.68,13.0,47.0,17.0,147
spring,2012,2,23,0,3,1,misty,13.62,14.0,41.0,19.0,62
spring,2012,2,0,0,4,1,misty,12.68,13.0,47.0,17.0,42
spring,2012,2,1,0,4,1,misty,12.68,13.0,58.0,19.0,15
spring,2012,2,2,0,4,1,misty,12.68,13.0,62.0,15.0,9
spring,2012,2,3,0,4,1,rain,12.68,13.0,67.0,13.0,6
spring,2012,2,4,0,4,1,clear,10.8,11.0,76.0,15.0,1
spring,2012,2,5,0,4,1,clear,10.8,11.0,76.0,15.0,32
spring,2012,2,6,0,4,1,clear,8.92,7.0,87.0,13.0,91
spring,2012,2,7,0,4,1,clear,8.92,7.0,81.0,15.0,326
spring,2012,2,8,0,4,1,clear,7.98,6.0,87.0,13.0,560
spring,2012,2,9,0,4,1,clear,8.92,6.0,81.0,17.0,242
spring,2012,2,10,0,4,1,clear,11.74,12.0,67.0,13.0,148
spring,2012,2,11,0,4,1,clear,14.56,15.0,48.0,19.0,182
spring,2012,2,12,0,4,1,clear,15.5,16.0,42.0,17.0,224
spring,2012,2,13,0,4,1,clear,16.44,17.0,39.0,13.0,218
spring,2012,2,14,0,4,1,clear,17.38,18.0,37.0,17.0,192
spring,2012,2,15,0,4,1,clear,17.38,18.0,33.0,9.0,217
spring,2012,2,16,0,4,1,clear,18.32,19.0,32.0,0.0,343
spring,2012,2,17,0,4,1,clear,17.38,18.0,32.0,11.0,610
spring,2012,2,18,0,4,1,clear,17.38,18.0,37.0,9.0,522
spring,2012,2,19,0,4,1,clear,15.5,16.0,39.0,6.0,369
spring,2012,2,20,0,4,1,clear,13.62,14.0,44.0,9.0,269
spring,2012,2,21,0,4,1,clear,12.68,13.0,51.0,15.0,222
spring,2012,2,22,0,4,1,clear,12.68,13.0,54.0,17.0,137
spring,2012,2,23,0,4,1,clear,12.68,13.0,54.0,0.0,85
spring,2012,2,0,0,5,1,misty,12.68,13.0,58.0,6.0,46
spring,2012,2,1,0,5,1,clear,12.68,13.0,62.0,13.0,18
spring,2012,2,2,0,5,1,rain,11.74,12.0,77.0,19.0,5
spring,2012,2,3,0,5,1,clear,11.74,12.0,82.0,9.0,5
spring,2012,2,4,0,5,1,clear,10.8,11.0,87.0,9.0,2
spring,2012,2,5,0,5,1,misty,10.8,11.0,87.0,13.0,26
spring,2012,2,6,0,5,1,misty,10.8,11.0,87.0,11.0,82
spring,2012,2,7,0,5,1,misty,10.8,11.0,76.0,15.0,272
spring,2012,2,8,0,5,1,misty,9.86,10.0,76.0,22.0,469
spring,2012,2,9,0,5,1,rain,8.92,6.0,81.0,17.0,244
spring,2012,2,10,0,5,1,rain,8.92,7.0,81.0,11.0,141
spring,2012,2,11,0,5,1,misty,8.92,8.0,81.0,7.0,163
spring,2012,2,12,0,5,1,misty,10.8,11.0,76.0,9.0,228
spring,2012,2,13,0,5,1,misty,11.74,12.0,71.0,7.0,183
spring,2012,2,14,0,5,1,misty,13.62,14.0,67.0,7.0,31
spring,2012,2,15,0,5,1,rain,10.8,11.0,87.0,13.0,94
spring,2012,2,16,0,5,1,rain,10.8,11.0,87.0,13.0,178
spring,2012,2,17,0,5,1,rain,11.74,12.0,94.0,7.0,256
spring,2012,2,18,0,5,1,misty,11.74,12.0,94.0,0.0,300
spring,2012,2,19,0,5,1,misty,12.68,13.0,88.0,7.0,233
spring,2012,2,20,0,5,1,clear,12.68,13.0,62.0,28.0,167
spring,2012,2,21,0,5,1,clear,11.74,12.0,35.0,54.0,152
spring,2012,2,22,0,5,1,clear,10.8,11.0,37.0,39.0,106
spring,2012,2,23,0,5,1,clear,9.86,10.0,37.0,46.0,86
spring,2012,2,0,0,6,0,clear,8.92,6.0,43.0,26.0,61
spring,2012,2,1,0,6,0,clear,7.98,4.0,42.0,24.0,46
spring,2012,2,2,0,6,0,clear,7.04,4.0,45.0,17.0,38
spring,2012,2,3,0,6,0,clear,6.1,2.0,45.0,20.0,7
spring,2012,2,4,0,6,0,clear,6.1,2.0,42.0,22.0,2
spring,2012,2,5,0,6,0,misty,6.1,2.0,42.0,20.0,3
spring,2012,2,6,0,6,0,misty,6.1,2.0,42.0,20.0,13
spring,2012,2,7,0,6,0,clear,5.16,-0.0,45.0,30.0,23
spring,2012,2,8,0,6,0,clear,4.22,-1.0,48.0,20.0,93
spring,2012,2,9,0,6,0,rain,2.34,-3.0,75.0,22.0,122
spring,2012,2,10,0,6,0,clear,4.22,-1.0,60.0,24.0,183
spring,2012,2,11,0,6,0,clear,6.1,1.0,39.0,41.0,210
spring,2012,2,12,0,6,0,clear,7.04,2.0,29.0,44.0,258
spring,2012,2,13,0,6,0,clear,7.04,3.0,31.0,33.0,226
spring,2012,2,14,0,6,0,clear,7.04,2.0,29.0,37.0,216
spring,2012,2,15,0,6,0,clear,7.04,3.0,29.0,28.0,232
spring,2012,2,16,0,6,0,clear,7.04,2.0,26.0,39.0,195
spring,2012,2,17,0,6,0,clear,6.1,2.0,33.0,24.0,159
spring,2012,2,18,0,6,0,clear,6.1,1.0,28.0,39.0,133
spring,2012,2,19,0,6,0,clear,4.22,-2.0,33.0,30.0,149
spring,2012,2,20,0,6,0,clear,4.22,-2.0,30.0,37.0,105
spring,2012,2,21,0,6,0,clear,3.28,-2.0,35.0,22.0,85
spring,2012,2,22,0,6,0,clear,3.28,-3.0,38.0,31.0,82
spring,2012,2,23,0,6,0,clear,3.28,-3.0,41.0,28.0,91
spring,2012,2,0,0,0,0,clear,3.28,-2.0,41.0,24.0,70
spring,2012,2,1,0,0,0,clear,3.28,-2.0,44.0,22.0,55
spring,2012,2,2,0,0,0,clear,3.28,-2.0,44.0,22.0,42
spring,2012,2,3,0,0,0,clear,3.28,-1.0,41.0,13.0,21
spring,2012,2,4,0,0,0,clear,3.28,-1.0,41.0,13.0,6
spring,2012,2,5,0,0,0,clear,2.34,-2.0,44.0,15.0,5
spring,2012,2,6,0,0,0,clear,2.34,-3.0,44.0,22.0,2
spring,2012,2,7,0,0,0,clear,1.4,-4.0,51.0,20.0,22
spring,2012,2,8,0,0,0,clear,1.4,-3.0,51.0,17.0,59
spring,2012,2,9,0,0,0,clear,2.34,-2.0,47.0,15.0,87
spring,2012,2,10,0,0,0,clear,4.22,1.0,41.0,11.0,188
spring,2012,2,11,0,0,0,clear,5.16,1.0,41.0,19.0,227
spring,2012,2,12,0,0,0,clear,6.1,4.0,39.0,9.0,305
spring,2012,2,13,0,0,0,clear,7.04,6.0,36.0,0.0,325
spring,2012,2,14,0,0,0,clear,7.98,7.0,31.0,0.0,331
spring,2012,2,15,0,0,0,clear,8.92,7.0,29.0,0.0,353
spring,2012,2,16,0,0,0,clear,8.92,6.0,32.0,17.0,339
spring,2012,2,17,0,0,0,clear,8.92,7.0,32.0,15.0,287
spring,2012,2,18,0,0,0,clear,7.98,5.0,36.0,19.0,216
spring,2012,2,19,0,0,0,clear,7.98,6.0,34.0,11.0,143
spring,2012,2,20,0,0,0,clear,7.04,5.0,42.0,11.0,88
spring,2012,2,21,0,0,0,clear,6.1,4.0,45.0,9.0,83
spring,2012,2,22,0,0,0,clear,6.1,3.0,42.0,15.0,71
spring,2012,2,23,0,0,0,clear,4.22,1.0,56.0,11.0,64
spring,2012,2,0,0,1,1,clear,4.22,-0.0,60.0,17.0,29
spring,2012,2,1,0,1,1,clear,4.22,1.0,65.0,15.0,6
spring,2012,2,2,0,1,1,clear,4.22,-1.0,70.0,20.0,4
spring,2012,2,3,0,1,1,clear,3.28,-0.0,75.0,11.0,2
spring,2012,2,4,0,1,1,clear,2.34,-1.0,80.0,9.0,1
spring,2012,2,5,0,1,1,clear,2.34,-1.0,80.0,9.0,16
spring,2012,2,6,0,1,1,clear,3.28,-1.0,70.0,17.0,90
spring,2012,2,7,0,1,1,clear,3.28,-1.0,60.0,15.0,280
spring,2012,2,8,0,1,1,clear,3.28,-0.0,60.0,0.0,528
spring,2012,2,9,0,1,1,clear,4.22,1.0,60.0,13.0,230
spring,2012,2,10,0,1,1,clear,7.04,4.0,45.0,17.0,104
spring,2012,2,11,0,1,1,clear,8.92,6.0,43.0,17.0,103
spring,2012,2,12,0,1,1,clear,10.8,11.0,37.0,20.0,177
spring,2012,2,13,0,1,1,clear,10.8,11.0,43.0,19.0,182
spring,2012,2,14,0,1,1,clear,13.62,14.0,36.0,19.0,158
spring,2012,2,15,0,1,1,clear,16.44,17.0,25.0,28.0,174
spring,2012,2,16,0,1,1,clear,17.38,18.0,26.0,30.0,286
spring,2012,2,17,0,1,1,clear,17.38,18.0,24.0,30.0,529
spring,2012,2,18,0,1,1,clear,16.44,17.0,27.0,28.0,527
spring,2012,2,19,0,1,1,clear,15.5,16.0,29.0,26.0,334
spring,2012,2,20,0,1,1,clear,14.56,15.0,33.0,24.0,219
spring,2012,2,21,0,1,1,clear,13.62,14.0,36.0,19.0,195
spring,2012,2,22,0,1,1,clear,12.68,13.0,44.0,17.0,92
spring,2012,2,23,0,1,1,clear,11.74,12.0,50.0,11.0,56
spring,2012,2,0,0,2,1,clear,11.74,12.0,54.0,9.0,10
spring,2012,2,1,0,2,1,clear,9.86,10.0,62.0,11.0,6
spring,2012,2,2,0,2,1,clear,10.8,11.0,54.0,7.0,3
spring,2012,2,3,0,2,1,clear,10.8,11.0,32.0,24.0,6
spring,2012,2,4,0,2,1,clear,7.04,3.0,42.0,24.0,2
spring,2012,2,5,0,2,1,clear,7.04,3.0,42.0,24.0,21
spring,2012,2,6,0,2,1,clear,6.1,2.0,45.0,22.0,101
spring,2012,2,7,0,2,1,clear,5.16,1.0,45.0,20.0,325
spring,2012,2,8,0,2,1,clear,4.22,-0.0,48.0,19.0,559
spring,2012,2,9,0,2,1,clear,5.16,1.0,45.0,24.0,232
spring,2012,2,10,0,2,1,clear,6.1,2.0,42.0,20.0,132
spring,2012,2,11,0,2,1,clear,7.98,5.0,36.0,17.0,163
spring,2012,2,12,0,2,1,clear,8.92,7.0,34.0,9.0,183
spring,2012,2,13,0,2,1,clear,8.92,8.0,32.0,7.0,190
spring,2012,2,14,0,2,1,clear,10.8,11.0,28.0,7.0,134
spring,2012,2,15,0,2,1,clear,11.74,12.0,26.0,6.0,166
spring,2012,2,16,0,2,1,clear,11.74,12.0,28.0,6.0,287
spring,2012,2,17,0,2,1,clear,11.74,12.0,26.0,6.0,530
spring,2012,2,18,0,2,1,clear,11.74,12.0,28.0,11.0,449
spring,2012,2,19,0,2,1,clear,11.74,12.0,26.0,0.0,306
spring,2012,2,20,0,2,1,clear,10.8,11.0,30.0,9.0,204
spring,2012,2,21,0,2,1,clear,7.98,7.0,46.0,7.0,188
spring,2012,2,22,0,2,1,clear,7.98,7.0,46.0,7.0,101
spring,2012,2,23,0,2,1,clear,7.04,4.0,53.0,15.0,65
spring,2012,2,0,0,3,1,clear,7.04,6.0,53.0,7.0,32
spring,2012,2,1,0,3,1,clear,7.04,6.0,49.0,7.0,6
spring,2012,2,2,0,3,1,clear,6.1,3.0,56.0,15.0,4
spring,2012,2,3,0,3,1,clear,5.16,4.0,70.0,6.0,2
spring,2012,2,5,0,3,1,clear,4.22,3.0,75.0,6.0,29
spring,2012,2,6,0,3,1,misty,5.16,4.0,75.0,6.0,104
spring,2012,2,7,0,3,1,misty,4.22,2.0,81.0,9.0,253
spring,2012,2,8,0,3,1,misty,5.16,3.0,75.0,7.0,116
spring,2012,2,9,0,3,1,rain,6.1,4.0,81.0,11.0,38
spring,2012,2,10,0,3,1,rain,6.1,4.0,81.0,11.0,10
spring,2012,2,11,0,3,1,rain,6.1,3.0,87.0,13.0,10
spring,2012,2,12,0,3,1,rain,7.04,4.0,93.0,22.0,70
spring,2012,2,13,0,3,1,misty,8.92,6.0,93.0,24.0,76
spring,2012,2,14,0,3,1,misty,8.92,6.0,93.0,24.0,56
spring,2012,2,15,0,3,1,misty,10.8,11.0,82.0,19.0,90
spring,2012,2,16,0,3,1,rain,10.8,11.0,82.0,15.0,167
spring,2012,2,17,0,3,1,misty,10.8,11.0,87.0,11.0,253
spring,2012,2,18,0,3,1,rain,10.8,11.0,87.0,0.0,192
spring,2012,2,19,0,3,1,misty,10.8,11.0,87.0,7.0,102
spring,2012,2,20,0,3,1,rain,11.74,12.0,88.0,11.0,97
spring,2012,2,21,0,3,1,rain,11.74,12.0,88.0,11.0,39
spring,2012,2,22,0,3,1,rain,11.74,12.0,94.0,17.0,55
spring,2012,2,23,0,3,1,rain,11.74,12.0,94.0,17.0,33
spring,2012,3,0,0,4,1,misty,11.74,12.0,94.0,0.0,11
spring,2012,3,1,0,4,1,rain,13.62,14.0,94.0,7.0,12
spring,2012,3,2,0,4,1,misty,13.62,14.0,94.0,19.0,6
spring,2012,3,3,0,4,1,clear,13.62,14.0,94.0,15.0,3
spring,2012,3,4,0,4,1,clear,14.56,15.0,88.0,13.0,5
spring,2012,3,5,0,4,1,clear,14.56,15.0,88.0,11.0,18
spring,2012,3,6,0,4,1,misty,11.74,12.0,94.0,0.0,109
spring,2012,3,7,0,4,1,misty,12.68,13.0,94.0,9.0,304
spring,2012,3,8,0,4,1,clear,11.74,12.0,94.0,9.0,594
spring,2012,3,9,0,4,1,clear,13.62,14.0,77.0,17.0,286
spring,2012,3,10,0,4,1,clear,16.44,17.0,55.0,11.0,133
spring,2012,3,11,0,4,1,clear,18.32,19.0,43.0,13.0,168
spring,2012,3,12,0,4,1,clear,18.32,19.0,37.0,15.0,220
spring,2012,3,13,0,4,1,clear,19.26,20.0,32.0,17.0,211
spring,2012,3,14,0,4,1,clear,19.26,20.0,35.0,15.0,211
spring,2012,3,15,0,4,1,clear,20.2,25.0,31.0,17.0,223
spring,2012,3,16,0,4,1,clear,19.26,20.0,32.0,20.0,361
spring,2012,3,17,0,4,1,clear,18.32,19.0,35.0,20.0,600
spring,2012,3,18,0,4,1,clear,17.38,18.0,34.0,24.0,525
spring,2012,3,19,0,4,1,clear,14.56,15.0,41.0,22.0,328
spring,2012,3,20,0,4,1,clear,12.68,13.0,44.0,28.0,254
spring,2012,3,21,0,4,1,clear,11.74,12.0,47.0,31.0,197
spring,2012,3,22,0,4,1,clear,9.86,10.0,50.0,17.0,126
spring,2012,3,23,0,4,1,clear,8.92,7.0,50.0,15.0,85
spring,2012,3,0,0,5,1,clear,7.98,6.0,53.0,11.0,46
spring,2012,3,1,0,5,1,clear,7.98,5.0,49.0,15.0,20
spring,2012,3,2,0,5,1,clear,7.98,5.0,53.0,19.0,6
spring,2012,3,3,0,5,1,clear,7.04,5.0,57.0,13.0,3
spring,2012,3,4,0,5,1,clear,7.04,7.0,61.0,0.0,2
spring,2012,3,5,0,5,1,clear,6.1,6.0,70.0,0.0,24
spring,2012,3,6,0,5,1,clear,6.1,6.0,70.0,0.0,92
spring,2012,3,7,0,5,1,clear,6.1,6.0,70.0,0.0,262
spring,2012,3,8,0,5,1,clear,5.16,4.0,75.0,6.0,549
spring,2012,3,9,0,5,1,clear,6.1,6.0,81.0,0.0,314
spring,2012,3,10,0,5,1,clear,8.92,7.0,50.0,11.0,132
spring,2012,3,11,0,5,1,clear,9.86,10.0,46.0,13.0,194
spring,2012,3,12,0,5,1,clear,10.8,11.0,43.0,11.0,234
spring,2012,3,13,0,5,1,clear,11.74,12.0,44.0,15.0,222
spring,2012,3,14,0,5,1,misty,12.68,13.0,44.0,19.0,205
spring,2012,3,15,0,5,1,misty,11.74,12.0,50.0,20.0,78
spring,2012,3,16,0,5,1,rain,10.8,11.0,58.0,20.0,50
spring,2012,3,17,0,5,1,rain,8.92,7.0,81.0,15.0,128
spring,2012,3,18,0,5,1,rain,8.92,7.0,87.0,13.0,160
spring,2012,3,19,0,5,1,rain,8.92,7.0,87.0,13.0,174
spring,2012,3,20,0,5,1,misty,8.92,7.0,87.0,13.0,100
spring,2012,3,21,0,5,1,rain,8.92,8.0,87.0,6.0,101
spring,2012,3,22,0,5,1,misty,8.92,9.0,87.0,0.0,75
spring,2012,3,23,0,5,1,misty,8.92,9.0,87.0,0.0,23
spring,2012,3,0,0,6,0,rain,8.92,8.0,93.0,6.0,22
spring,2012,3,1,0,6,0,rain,8.92,9.0,93.0,0.0,44
spring,2012,3,2,0,6,0,rain,8.92,8.0,93.0,6.0,38
spring,2012,3,3,0,6,0,misty,8.92,7.0,93.0,11.0,21
spring,2012,3,4,0,6,0,misty,8.92,7.0,93.0,13.0,2
spring,2012,3,5,0,6,0,misty,8.92,8.0,93.0,6.0,2
spring,2012,3,6,0,6,0,misty,8.92,8.0,93.0,6.0,7
spring,2012,3,7,0,6,0,misty,8.92,7.0,93.0,9.0,16
spring,2012,3,8,0,6,0,rain,8.92,9.0,93.0,0.0,48
spring,2012,3,9,0,6,0,rain,9.86,10.0,87.0,6.0,94
spring,2012,3,10,0,6,0,misty,10.8,11.0,87.0,0.0,168
spring,2012,3,11,0,6,0,misty,10.8,11.0,87.0,6.0,214
spring,2012,3,12,0,6,0,misty,11.74,12.0,67.0,17.0,299
spring,2012,3,13,0,6,0,clear,12.68,13.0,51.0,19.0,339
spring,2012,3,14,0,6,0,misty,13.62,14.0,44.0,24.0,430
spring,2012,3,15,0,6,0,clear,14.56,15.0,29.0,20.0,399
spring,2012,3,16,0,6,0,clear,15.5,16.0,27.0,20.0,467
spring,2012,3,17,0,6,0,clear,15.5,16.0,23.0,22.0,385
spring,2012,3,18,0,6,0,clear,15.5,16.0,25.0,17.0,303
spring,2012,3,19,0,6,0,clear,13.62,14.0,33.0,11.0,225
spring,2012,3,20,0,6,0,clear,12.68,13.0,30.0,9.0,149
spring,2012,3,21,0,6,0,clear,13.62,14.0,19.0,22.0,154
spring,2012,3,22,0,6,0,clear,12.68,13.0,21.0,9.0,134
spring,2012,3,23,0,6,0,clear,11.74,12.0,24.0,0.0,106
spring,2012,3,0,0,0,0,misty,10.8,11.0,30.0,24.0,72
spring,2012,3,1,0,0,0,misty,9.86,10.0,34.0,13.0,76
spring,2012,3,2,0,0,0,misty,8.92,7.0,40.0,11.0,80
spring,2012,3,3,0,0,0,misty,8.92,7.0,43.0,9.0,26
spring,2012,3,4,0,0,0,misty,7.98,6.0,46.0,13.0,14
spring,2012,3,5,0,0,0,misty,7.98,5.0,46.0,15.0,5
spring,2012,3,6,0,0,0,misty,6.1,2.0,52.0,20.0,5
spring,2012,3,7,0,0,0,misty,6.1,2.0,52.0,20.0,23
spring,2012,3,8,0,0,0,clear,6.1,2.0,52.0,22.0,66
spring,2012,3,9,0,0,0,clear,6.1,2.0,49.0,30.0,118
spring,2012,3,10,0,0,0,clear,6.1,2.0,49.0,22.0,192
spring,2012,3,11,0,0,0,clear,7.04,3.0,45.0,26.0,256
spring,2012,3,12,0,0,0,clear,7.98,4.0,42.0,24.0,327
spring,2012,3,13,0,0,0,clear,8.92,6.0,37.0,24.0,364
spring,2012,3,14,0,0,0,clear,8.92,6.0,34.0,24.0,332
spring,2012,3,15,0,0,0,clear,8.92,5.0,32.0,35.0,334
spring,2012,3,16,0,0,0,clear,8.92,5.0,29.0,33.0,299
spring,2012,3,17,0,0,0,clear,7.98,3.0,31.0,37.0,263
spring,2012,3,18,0,0,0,clear,7.04,2.0,33.0,41.0,184
spring,2012,3,19,0,0,0,clear,6.1,1.0,36.0,33.0,132
spring,2012,3,20,0,0,0,clear,5.16,2.0,38.0,17.0,88
spring,2012,3,21,0,0,0,clear,5.16,2.0,36.0,15.0,79
spring,2012,3,22,0,0,0,clear,4.22,-0.0,41.0,17.0,62
spring,2012,3,23,0,0,0,clear,4.22,1.0,41.0,13.0,26
spring,2012,3,0,0,1,1,clear,3.28,-1.0,44.0,13.0,17
spring,2012,3,1,0,1,1,clear,3.28,-0.0,48.0,9.0,6
spring,2012,3,2,0,1,1,clear,3.28,-0.0,48.0,9.0,4
spring,2012,3,3,0,1,1,clear,2.34,-1.0,51.0,11.0,1
spring,2012,3,4,0,1,1,clear,1.4,-1.0,55.0,6.0,1
spring,2012,3,5,0,1,1,clear,1.4,-1.0,55.0,6.0,18
spring,2012,3,6,0,1,1,clear,0.46,-3.0,59.0,9.0,91
spring,2012,3,7,0,1,1,clear,0.46,-3.0,59.0,9.0,260
spring,2012,3,8,0,1,1,clear,1.4,-1.0,59.0,7.0,428
spring,2012,3,9,0,1,1,misty,2.34,1.0,60.0,6.0,197
spring,2012,3,10,0,1,1,misty,3.28,1.0,60.0,0.0,86
spring,2012,3,11,0,1,1,misty,4.22,2.0,56.0,9.0,103
spring,2012,3,12,0,1,1,misty,4.22,4.0,52.0,0.0,137
spring,2012,3,13,0,1,1,misty,4.22,1.0,55.0,20.0,120
spring,2012,3,14,0,1,1,misty,5.16,1.0,57.0,24.0,128
spring,2012,3,15,0,1,1,misty,6.1,3.0,53.0,13.0,130
spring,2012,3,16,0,1,1,clear,6.1,2.0,45.0,20.0,210
spring,2012,3,17,0,1,1,rain,6.1,2.0,45.0,20.0,387
spring,2012,3,18,0,1,1,rain,5.16,-1.0,55.0,44.0,375
spring,2012,3,19,0,1,1,clear,4.22,1.0,53.0,15.0,226
spring,2012,3,20,0,1,1,clear,4.22,-1.0,37.0,31.0,179
spring,2012,3,21,0,1,1,clear,4.22,-1.0,37.0,26.0,120
spring,2012,3,22,0,1,1,clear,3.28,-2.0,35.0,22.0,78
spring,2012,3,23,0,1,1,clear,2.34,-4.0,37.0,39.0,31
spring,2012,3,0,0,2,1,clear,2.34,-2.0,37.0,20.0,8
spring,2012,3,1,0,2,1,clear,1.4,-3.0,44.0,17.0,6
spring,2012,3,2,0,2,1,clear,1.4,-3.0,44.0,15.0,4
spring,2012,3,3,0,2,1,clear,0.46,-5.0,51.0,19.0,1
spring,2012,3,4,0,2,1,clear,0.46,-5.0,51.0,20.0,3
spring,2012,3,5,0,2,1,clear,0.46,-4.0,51.0,15.0,25
spring,2012,3,6,0,2,1,clear,0.46,-2.0,51.0,7.0,102
spring,2012,3,7,0,2,1,clear,-0.48,-4.0,55.0,9.0,275
spring,2012,3,8,0,2,1,clear,-0.48,-4.0,59.0,7.0,501
spring,2012,3,9,0,2,1,clear,2.34,2.0,47.0,0.0,233
spring,2012,3,10,0,2,1,clear,3.28,1.0,44.0,0.0,129
spring,2012,3,11,0,2,1,clear,4.22,1.0,41.0,11.0,130
spring,2012,3,12,0,2,1,clear,4.22,2.0,41.0,7.0,138
spring,2012,3,13,0,2,1,clear,6.1,4.0,39.0,9.0,164
spring,2012,3,14,0,2,1,clear,7.04,4.0,36.0,15.0,136
spring,2012,3,15,0,2,1,clear,7.98,4.0,36.0,20.0,166
spring,2012,3,16,0,2,1,clear,8.92,6.0,32.0,19.0,250
spring,2012,3,17,0,2,1,clear,8.92,6.0,34.0,19.0,446
spring,2012,3,18,0,2,1,clear,7.98,4.0,42.0,22.0,457
spring,2012,3,19,0,2,1,clear,7.98,4.0,46.0,20.0,287
spring,2012,3,20,0,2,1,clear,7.04,5.0,49.0,13.0,187
spring,2012,3,21,0,2,1,clear,7.04,5.0,49.0,13.0,148
spring,2012,3,22,0,2,1,clear,5.16,2.0,56.0,11.0,106
spring,2012,3,23,0,2,1,clear,5.16,2.0,61.0,15.0,54
spring,2012,3,0,0,3,1,clear,5.16,1.0,65.0,19.0,15
spring,2012,3,1,0,3,1,clear,6.1,2.0,61.0,20.0,5
spring,2012,3,2,0,3,1,clear,6.1,3.0,56.0,19.0,4
spring,2012,3,3,0,3,1,clear,6.1,2.0,56.0,24.0,3
spring,2012,3,4,0,3,1,clear,5.16,1.0,61.0,22.0,3
spring,2012,3,5,0,3,1,clear,5.16,1.0,56.0,20.0,18
spring,2012,3,6,0,3,1,clear,5.16,1.0,61.0,26.0,108
spring,2012,3,7,0,3,1,clear,4.22,-1.0,65.0,26.0,344
spring,2012,3,8,0,3,1,clear,5.16,1.0,61.0,20.0,566
spring,2012,3,9,0,3,1,clear,6.1,2.0,61.0,22.0,264
spring,2012,3,10,0,3,1,clear,8.92,6.0,50.0,20.0,147
spring,2012,3,11,0,3,1,clear,11.74,12.0,38.0,20.0,161
spring,2012,3,12,0,3,1,clear,12.68,13.0,38.0,26.0,215
spring,2012,3,13,0,3,1,clear,15.5,16.0,34.0,28.0,205
spring,2012,3,14,0,3,1,clear,16.44,17.0,36.0,22.0,175
spring,2012,3,15,0,3,1,clear,17.38,18.0,37.0,30.0,209
spring,2012,3,16,0,3,1,clear,18.32,19.0,37.0,28.0,288
spring,2012,3,17,0,3,1,clear,18.32,19.0,43.0,33.0,612
spring,2012,3,18,0,3,1,clear,18.32,19.0,40.0,31.0,544
spring,2012,3,19,0,3,1,clear,17.38,18.0,42.0,24.0,361
spring,2012,3,20,0,3,1,clear,15.5,16.0,51.0,17.0,260
spring,2012,3,21,0,3,1,clear,12.68,13.0,62.0,17.0,188
spring,2012,3,22,0,3,1,clear,13.62,14.0,59.0,20.0,159
spring,2012,3,23,0,3,1,clear,12.68,13.0,62.0,22.0,62
spring,2012,3,0,0,4,1,clear,12.68,13.0,62.0,22.0,46
spring,2012,3,1,0,4,1,clear,13.62,14.0,63.0,22.0,21
spring,2012,3,2,0,4,1,clear,13.62,14.0,63.0,26.0,11
spring,2012,3,3,0,4,1,clear,13.62,14.0,63.0,26.0,3
spring,2012,3,4,0,4,1,clear,12.68,13.0,72.0,19.0,2
spring,2012,3,5,0,4,1,clear,11.74,12.0,77.0,15.0,29
spring,2012,3,6,0,4,1,clear,11.74,12.0,77.0,17.0,109
spring,2012,3,7,0,4,1,clear,11.74,12.0,77.0,24.0,334
spring,2012,3,8,0,4,1,clear,12.68,13.0,77.0,26.0,585
spring,2012,3,9,0,4,1,clear,13.62,14.0,72.0,31.0,301
spring,2012,3,10,0,4,1,clear,15.5,16.0,68.0,31.0,138
spring,2012,3,11,0,4,1,misty,17.38,18.0,60.0,31.0,204
spring,2012,3,12,0,4,1,misty,18.32,19.0,60.0,30.0,251
spring,2012,3,13,0,4,1,misty,20.2,25.0,49.0,43.0,233
spring,2012,3,14,0,4,1,misty,21.14,25.0,43.0,43.0,203
spring,2012,3,15,0,4,1,clear,22.08,25.0,38.0,46.0,185
spring,2012,3,16,0,4,1,misty,21.14,25.0,41.0,43.0,342
spring,2012,3,17,0,4,1,clear,21.14,25.0,38.0,44.0,597
spring,2012,3,18,0,4,1,misty,21.14,25.0,38.0,37.0,590
spring,2012,3,19,0,4,1,misty,20.2,25.0,40.0,30.0,416
spring,2012,3,20,0,4,1,misty,20.2,25.0,43.0,26.0,302
spring,2012,3,21,0,4,1,clear,20.2,25.0,43.0,26.0,233
spring,2012,3,22,0,4,1,clear,18.32,19.0,49.0,22.0,153
spring,2012,3,23,0,4,1,misty,18.32,19.0,49.0,30.0,94
spring,2012,3,0,0,5,1,misty,19.26,20.0,49.0,31.0,54
spring,2012,3,1,0,5,1,rain,18.32,19.0,52.0,33.0,26
spring,2012,3,2,0,5,1,rain,14.56,15.0,77.0,28.0,11
spring,2012,3,3,0,5,1,clear,13.62,14.0,77.0,35.0,7
spring,2012,3,4,0,5,1,rain,10.8,11.0,66.0,19.0,1
spring,2012,3,5,0,5,1,rain,10.8,11.0,66.0,19.0,29
spring,2012,3,6,0,5,1,misty,10.8,11.0,50.0,24.0,85
spring,2012,3,7,0,5,1,misty,9.86,10.0,40.0,20.0,268
spring,2012,3,8,0,5,1,misty,7.98,3.0,42.0,35.0,501
spring,2012,3,9,0,5,1,misty,7.98,3.0,42.0,35.0,284
spring,2012,3,10,0,5,1,misty,7.98,3.0,36.0,33.0,159
spring,2012,3,11,0,5,1,misty,8.92,6.0,34.0,24.0,187
spring,2012,3,12,0,5,1,clear,8.92,6.0,34.0,28.0,201
spring,2012,3,13,0,5,1,misty,9.86,10.0,29.0,26.0,224
spring,2012,3,14,0,5,1,clear,11.74,12.0,28.0,31.0,178
spring,2012,3,15,0,5,1,clear,13.62,14.0,24.0,17.0,238
spring,2012,3,16,0,5,1,clear,14.56,15.0,23.0,28.0,343
spring,2012,3,17,0,5,1,clear,13.62,14.0,24.0,26.0,566
spring,2012,3,18,0,5,1,clear,12.68,13.0,26.0,35.0,470
spring,2012,3,19,0,5,1,clear,11.74,12.0,28.0,41.0,244
spring,2012,3,20,0,5,1,clear,9.86,10.0,32.0,24.0,159
spring,2012,3,21,0,5,1,clear,8.92,6.0,34.0,22.0,141
spring,2012,3,22,0,5,1,clear,7.98,3.0,31.0,33.0,107
spring,2012,3,23,0,5,1,clear,7.04,4.0,33.0,20.0,86
spring,2012,3,0,0,6,0,clear,6.1,2.0,36.0,24.0,77
spring,2012,3,1,0,6,0,clear,6.1,3.0,36.0,17.0,51
spring,2012,3,2,0,6,0,clear,4.22,-0.0,41.0,17.0,42
spring,2012,3,3,0,6,0,clear,4.22,-1.0,41.0,20.0,16
spring,2012,3,4,0,6,0,clear,3.28,-2.0,41.0,24.0,4
spring,2012,3,5,0,6,0,clear,2.34,-2.0,42.0,19.0,10
spring,2012,3,6,0,6,0,clear,2.34,-2.0,44.0,19.0,12
spring,2012,3,7,0,6,0,clear,2.34,-2.0,44.0,17.0,40
spring,2012,3,8,0,6,0,clear,2.34,-2.0,44.0,20.0,111
spring,2012,3,9,0,6,0,clear,3.28,-2.0,41.0,22.0,148
spring,2012,3,10,0,6,0,clear,4.22,-1.0,35.0,28.0,223
spring,2012,3,11,0,6,0,clear,6.1,2.0,33.0,22.0,274
spring,2012,3,12,0,6,0,clear,6.1,2.0,33.0,22.0,329
spring,2012,3,13,0,6,0,clear,7.04,4.0,29.0,19.0,357
spring,2012,3,14,0,6,0,clear,7.98,5.0,27.0,19.0,379
spring,2012,3,15,0,6,0,clear,7.98,8.0,25.0,0.0,406
spring,2012,3,16,0,6,0,clear,8.92,8.0,23.0,0.0,390
spring,2012,3,17,0,6,0,clear,8.92,9.0,23.0,0.0,354
spring,2012,3,18,0,6,0,clear,8.92,8.0,21.0,6.0,297
spring,2012,3,19,0,6,0,clear,7.98,8.0,25.0,0.0,184
spring,2012,3,20,0,6,0,clear,7.04,6.0,33.0,9.0,121
spring,2012,3,21,0,6,0,clear,6.1,3.0,39.0,15.0,110
spring,2012,3,22,0,6,0,clear,4.22,1.0,44.0,11.0,100
spring,2012,3,23,0,6,0,clear,4.22,1.0,41.0,13.0,83
spring,2012,3,0,0,0,0,clear,4.22,3.0,44.0,6.0,69
spring,2012,3,1,0,0,0,clear,3.28,-0.0,52.0,11.0,61
spring,2012,3,3,0,0,0,clear,3.28,-0.0,60.0,9.0,66
spring,2012,3,4,0,0,0,clear,3.28,-0.0,60.0,9.0,22
spring,2012,3,5,0,0,0,clear,3.28,-0.0,60.0,11.0,7
spring,2012,3,6,0,0,0,clear,3.28,-0.0,70.0,11.0,10
spring,2012,3,7,0,0,0,clear,2.34,-1.0,69.0,9.0,17
spring,2012,3,8,0,0,0,clear,2.34,-1.0,69.0,9.0,72
spring,2012,3,9,0,0,0,clear,4.22,1.0,60.0,15.0,90
spring,2012,3,10,0,0,0,clear,7.04,4.0,49.0,19.0,218
spring,2012,3,11,0,0,0,clear,8.92,6.0,43.0,19.0,299
spring,2012,3,12,0,0,0,clear,10.8,11.0,37.0,20.0,410
spring,2012,3,13,0,0,0,clear,11.74,12.0,41.0,20.0,464
spring,2012,3,14,0,0,0,clear,13.62,14.0,31.0,19.0,501
spring,2012,3,15,0,0,0,clear,15.5,16.0,29.0,20.0,487
spring,2012,3,16,0,0,0,clear,15.5,16.0,31.0,24.0,509
spring,2012,3,17,0,0,0,clear,16.44,17.0,27.0,20.0,498
spring,2012,3,18,0,0,0,clear,16.44,17.0,29.0,19.0,389
spring,2012,3,19,0,0,0,clear,15.5,16.0,31.0,19.0,258
spring,2012,3,20,0,0,0,clear,12.68,13.0,47.0,15.0,171
spring,2012,3,21,0,0,0,clear,11.74,12.0,54.0,15.0,147
spring,2012,3,22,0,0,0,clear,10.8,11.0,54.0,13.0,94
spring,2012,3,23,0,0,0,clear,10.8,11.0,50.0,11.0,52
spring,2012,3,0,0,1,1,clear,9.86,10.0,54.0,13.0,24
spring,2012,3,1,0,1,1,clear,9.86,10.0,50.0,9.0,10
spring,2012,3,2,0,1,1,clear,9.86,10.0,54.0,7.0,9
spring,2012,3,3,0,1,1,clear,8.92,7.0,50.0,9.0,2
spring,2012,3,4,0,1,1,clear,7.98,6.0,61.0,13.0,3
spring,2012,3,5,0,1,1,clear,7.98,6.0,61.0,13.0,16
spring,2012,3,6,0,1,1,clear,7.98,7.0,57.0,7.0,88
spring,2012,3,7,0,1,1,clear,7.98,7.0,53.0,7.0,268
spring,2012,3,8,0,1,1,clear,7.98,6.0,61.0,9.0,564
spring,2012,3,9,0,1,1,clear,9.86,10.0,54.0,11.0,281
spring,2012,3,10,0,1,1,clear,10.8,11.0,50.0,15.0,137
spring,2012,3,11,0,1,1,clear,12.68,13.0,44.0,15.0,150
spring,2012,3,12,0,1,1,clear,14.56,15.0,39.0,15.0,221
spring,2012,3,13,0,1,1,misty,17.38,18.0,32.0,17.0,250
spring,2012,3,14,0,1,1,misty,19.26,20.0,32.0,19.0,221
spring,2012,3,15,0,1,1,clear,18.32,19.0,40.0,9.0,233
spring,2012,3,16,0,1,1,clear,21.14,25.0,35.0,30.0,332
spring,2012,3,17,0,1,1,misty,21.14,25.0,38.0,28.0,644
spring,2012,3,18,0,1,1,misty,20.2,25.0,43.0,13.0,712
spring,2012,3,19,0,1,1,misty,18.32,19.0,49.0,15.0,446
spring,2012,3,20,0,1,1,misty,18.32,19.0,49.0,15.0,286
spring,2012,3,21,0,1,1,misty,17.38,18.0,56.0,15.0,205
spring,2012,3,22,0,1,1,misty,18.32,19.0,56.0,15.0,133
spring,2012,3,23,0,1,1,clear,18.32,19.0,56.0,15.0,63
spring,2012,3,0,0,2,1,misty,18.32,19.0,52.0,13.0,26
spring,2012,3,1,0,2,1,misty,16.44,17.0,59.0,15.0,16
spring,2012,3,2,0,2,1,rain,16.44,17.0,72.0,20.0,1
spring,2012,3,3,0,2,1,rain,16.44,17.0,72.0,20.0,2
spring,2012,3,4,0,2,1,misty,13.62,14.0,82.0,13.0,1
spring,2012,3,5,0,2,1,misty,13.62,14.0,82.0,13.0,24
spring,2012,3,6,0,2,1,rain,13.62,14.0,82.0,13.0,113
spring,2012,3,7,0,2,1,misty,13.62,14.0,82.0,19.0,308
spring,2012,3,8,0,2,1,clear,13.62,14.0,82.0,19.0,593
spring,2012,3,9,0,2,1,clear,14.56,15.0,82.0,19.0,342
spring,2012,3,10,0,2,1,clear,16.44,17.0,77.0,15.0,143
spring,2012,3,11,0,2,1,clear,17.38,18.0,73.0,19.0,219
spring,2012,3,12,0,2,1,clear,20.2,24.0,60.0,19.0,244
spring,2012,3,13,0,2,1,clear,20.2,24.0,60.0,26.0,233
spring,2012,3,14,0,2,1,clear,22.08,25.0,53.0,22.0,212
spring,2012,3,15,0,2,1,clear,24.9,26.0,39.0,15.0,264
spring,2012,3,16,0,2,1,clear,25.84,27.0,34.0,26.0,365
spring,2012,3,17,0,2,1,clear,24.9,26.0,37.0,7.0,676
spring,2012,3,18,0,2,1,clear,24.9,26.0,34.0,20.0,734
spring,2012,3,19,0,2,1,clear,22.08,25.0,47.0,15.0,479
spring,2012,3,20,0,2,1,clear,20.2,25.0,49.0,11.0,351
spring,2012,3,21,0,2,1,clear,19.26,20.0,56.0,7.0,244
spring,2012,3,22,0,2,1,clear,18.32,19.0,60.0,6.0,170
spring,2012,3,23,0,2,1,clear,18.32,19.0,56.0,9.0,87
spring,2012,3,0,0,3,1,clear,17.38,18.0,60.0,7.0,39
spring,2012,3,1,0,3,1,clear,16.44,17.0,63.0,6.0,27
spring,2012,3,2,0,3,1,clear,15.5,16.0,68.0,13.0,2
spring,2012,3,3,0,3,1,clear,14.56,15.0,72.0,13.0,4
spring,2012,3,4,0,3,1,clear,14.56,15.0,67.0,6.0,5
spring,2012,3,5,0,3,1,clear,12.68,13.0,82.0,9.0,27
spring,2012,3,6,0,3,1,clear,12.68,13.0,82.0,6.0,121
spring,2012,3,7,0,3,1,clear,12.68,13.0,82.0,7.0,368
spring,2012,3,8,0,3,1,clear,12.68,13.0,82.0,0.0,662
spring,2012,3,9,0,3,1,clear,16.44,17.0,68.0,0.0,351
spring,2012,3,10,0,3,1,clear,18.32,19.0,56.0,7.0,188
spring,2012,3,11,0,3,1,misty,21.14,25.0,41.0,11.0,220
spring,2012,3,12,0,3,1,misty,22.08,25.0,29.0,0.0,267
spring,2012,3,13,0,3,1,clear,23.02,25.0,27.0,15.0,254
spring,2012,3,14,0,3,1,clear,24.9,26.0,23.0,22.0,224
spring,2012,3,15,0,3,1,clear,24.9,26.0,24.0,0.0,283
spring,2012,3,16,0,3,1,clear,25.84,26.0,25.0,13.0,356
spring,2012,3,17,0,3,1,clear,24.9,26.0,28.0,6.0,782
spring,2012,3,18,0,3,1,clear,24.9,26.0,32.0,0.0,749
spring,2012,3,19,0,3,1,clear,22.08,25.0,33.0,11.0,472
spring,2012,3,20,0,3,1,clear,21.14,25.0,35.0,7.0,330
spring,2012,3,21,0,3,1,clear,20.2,25.0,40.0,6.0,288
spring,2012,3,22,0,3,1,clear,16.44,17.0,55.0,9.0,202
spring,2012,3,23,0,3,1,clear,18.32,19.0,43.0,11.0,91
spring,2012,3,0,0,4,1,clear,17.38,18.0,49.0,9.0,60
spring,2012,3,1,0,4,1,clear,15.5,16.0,59.0,7.0,23
spring,2012,3,2,0,4,1,clear,15.5,16.0,59.0,0.0,19
spring,2012,3,3,0,4,1,clear,15.5,16.0,63.0,0.0,7
spring,2012,3,4,0,4,1,clear,12.68,13.0,77.0,7.0,14
spring,2012,3,5,0,4,1,clear,13.62,14.0,67.0,0.0,26
spring,2012,3,6,0,4,1,clear,12.68,13.0,72.0,6.0,117
spring,2012,3,7,0,4,1,clear,12.68,13.0,72.0,6.0,381
spring,2012,3,8,0,4,1,clear,12.68,13.0,77.0,7.0,623
spring,2012,3,9,0,4,1,clear,14.56,15.0,77.0,6.0,315
spring,2012,3,10,0,4,1,clear,16.44,17.0,68.0,7.0,164
spring,2012,3,11,0,4,1,clear,18.32,19.0,60.0,9.0,211
spring,2012,3,12,0,4,1,misty,21.14,25.0,50.0,9.0,265
spring,2012,3,13,0,4,1,misty,23.02,25.0,41.0,6.0,273
spring,2012,3,14,0,4,1,misty,25.84,27.0,30.0,7.0,258
spring,2012,3,15,0,4,1,clear,25.84,27.0,32.0,15.0,287
spring,2012,3,16,0,4,1,clear,25.84,27.0,37.0,26.0,426
spring,2012,3,17,0,4,1,clear,24.9,26.0,39.0,17.0,713
spring,2012,3,18,0,4,1,clear,23.02,25.0,44.0,19.0,746
spring,2012,3,19,0,4,1,misty,22.08,25.0,50.0,13.0,425
spring,2012,3,20,0,4,1,misty,19.26,20.0,60.0,24.0,330
spring,2012,3,21,0,4,1,clear,17.38,18.0,68.0,19.0,243
spring,2012,3,22,0,4,1,clear,16.44,17.0,68.0,9.0,169
spring,2012,3,23,0,4,1,clear,14.56,15.0,72.0,13.0,97
spring,2012,3,0,0,5,1,clear,12.68,13.0,77.0,17.0,57
spring,2012,3,1,0,5,1,misty,11.74,12.0,82.0,22.0,26
spring,2012,3,2,0,5,1,misty,11.74,12.0,82.0,13.0,4
spring,2012,3,3,0,5,1,misty,10.8,11.0,87.0,19.0,3
spring,2012,3,4,0,5,1,misty,10.8,11.0,87.0,17.0,3
spring,2012,3,5,0,5,1,misty,10.8,11.0,87.0,15.0,32
spring,2012,3,6,0,5,1,misty,10.8,11.0,87.0,11.0,99
spring,2012,3,7,0,5,1,misty,10.8,11.0,87.0,13.0,278
spring,2012,3,8,0,5,1,misty,10.8,11.0,87.0,15.0,562
spring,2012,3,9,0,5,1,misty,11.74,12.0,82.0,0.0,312
spring,2012,3,10,0,5,1,misty,10.8,11.0,87.0,6.0,180
spring,2012,3,11,0,5,1,misty,12.68,13.0,77.0,0.0,207
spring,2012,3,12,0,5,1,misty,12.68,13.0,82.0,9.0,294
spring,2012,3,13,0,5,1,misty,13.62,14.0,77.0,6.0,260
spring,2012,3,14,0,5,1,misty,14.56,15.0,72.0,0.0,202
spring,2012,3,15,0,5,1,rain,13.62,14.0,82.0,7.0,107
spring,2012,3,16,0,5,1,rain,14.56,15.0,77.0,0.0,129
spring,2012,3,17,0,5,1,rain,14.56,15.0,82.0,6.0,258
spring,2012,3,18,0,5,1,rain,14.56,15.0,82.0,6.0,408
spring,2012,3,19,0,5,1,misty,13.62,14.0,88.0,0.0,296
spring,2012,3,20,0,5,1,clear,13.62,14.0,88.0,0.0,235
spring,2012,3,21,0,5,1,misty,12.68,13.0,94.0,0.0,152
spring,2012,3,22,0,5,1,misty,12.68,13.0,94.0,0.0,148
spring,2012,3,23,0,5,1,misty,12.68,13.0,94.0,0.0,126
spring,2012,3,0,0,6,0,misty,12.68,13.0,94.0,6.0,100
spring,2012,3,1,0,6,0,misty,12.68,13.0,94.0,0.0,69
spring,2012,3,2,0,6,0,misty,12.68,13.0,88.0,0.0,42
spring,2012,3,3,0,6,0,misty,12.68,13.0,88.0,0.0,26
spring,2012,3,4,0,6,0,misty,11.74,12.0,94.0,0.0,2
spring,2012,3,5,0,6,0,misty,11.74,12.0,94.0,6.0,8
spring,2012,3,6,0,6,0,misty,11.74,12.0,94.0,13.0,30
spring,2012,3,7,0,6,0,misty,10.8,11.0,100.0,9.0,86
spring,2012,3,8,0,6,0,misty,11.74,12.0,94.0,7.0,218
spring,2012,3,9,0,6,0,misty,12.68,13.0,88.0,6.0,321
spring,2012,3,10,0,6,0,misty,15.5,16.0,77.0,6.0,443
spring,2012,3,11,0,6,0,misty,16.44,17.0,77.0,9.0,585
spring,2012,3,12,0,6,0,clear,18.32,19.0,68.0,11.0,651
spring,2012,3,13,0,6,0,clear,20.2,24.0,60.0,7.0,686
spring,2012,3,14,0,6,0,clear,21.14,25.0,53.0,6.0,690
spring,2012,3,15,0,6,0,clear,22.08,25.0,53.0,9.0,679
spring,2012,3,16,0,6,0,clear,22.08,25.0,50.0,0.0,685
spring,2012,3,17,0,6,0,clear,22.08,25.0,50.0,9.0,648
spring,2012,3,18,0,6,0,clear,21.14,25.0,57.0,20.0,560
spring,2012,3,19,0,6,0,clear,19.26,20.0,64.0,19.0,417
spring,2012,3,20,0,6,0,clear,18.32,19.0,64.0,13.0,271
spring,2012,3,21,0,6,0,clear,17.38,18.0,68.0,11.0,223
spring,2012,3,22,0,6,0,clear,17.38,18.0,68.0,0.0,211
spring,2012,3,23,0,6,0,clear,15.5,16.0,77.0,11.0,185
spring,2012,3,0,0,0,0,clear,13.62,14.0,88.0,13.0,107
spring,2012,3,1,0,0,0,clear,13.62,14.0,82.0,9.0,113
spring,2012,3,2,0,0,0,misty,13.62,14.0,82.0,7.0,56
spring,2012,3,3,0,0,0,misty,12.68,13.0,88.0,9.0,18
spring,2012,3,4,0,0,0,misty,11.74,12.0,94.0,11.0,14
spring,2012,3,5,0,0,0,misty,10.8,11.0,94.0,7.0,6
spring,2012,3,6,0,0,0,misty,10.8,11.0,94.0,7.0,11
spring,2012,3,7,0,0,0,rain,11.74,12.0,88.0,11.0,42
spring,2012,3,8,0,0,0,misty,11.74,12.0,88.0,7.0,96
spring,2012,3,9,0,0,0,misty,11.74,12.0,88.0,6.0,178
spring,2012,3,10,0,0,0,misty,11.74,12.0,88.0,7.0,351
spring,2012,3,11,0,0,0,misty,12.68,13.0,82.0,11.0,368
spring,2012,3,12,0,0,0,misty,12.68,13.0,88.0,9.0,503
spring,2012,3,13,0,0,0,misty,13.62,14.0,82.0,11.0,544
spring,2012,3,14,0,0,0,misty,15.5,16.0,77.0,6.0,521
spring,2012,3,15,0,0,0,clear,17.38,18.0,68.0,6.0,554
spring,2012,3,16,0,0,0,clear,17.38,18.0,73.0,6.0,541
spring,2012,3,17,0,0,0,clear,18.32,19.0,64.0,6.0,541
spring,2012,3,18,0,0,0,clear,18.32,19.0,64.0,11.0,459
spring,2012,3,19,0,0,0,clear,18.32,19.0,64.0,11.0,352
spring,2012,3,20,0,0,0,clear,16.44,17.0,77.0,9.0,198
spring,2012,3,21,0,0,0,clear,16.44,17.0,72.0,6.0,173
spring,2012,3,22,0,0,0,clear,15.5,16.0,77.0,7.0,100
spring,2012,3,23,0,0,0,clear,14.56,15.0,82.0,11.0,46
spring,2012,3,0,0,1,1,clear,14.56,15.0,82.0,7.0,23
spring,2012,3,1,0,1,1,clear,13.62,14.0,88.0,7.0,15
spring,2012,3,2,0,1,1,clear,13.62,14.0,88.0,11.0,8
spring,2012,3,3,0,1,1,clear,13.62,14.0,88.0,6.0,2
spring,2012,3,4,0,1,1,clear,12.68,13.0,94.0,0.0,3
spring,2012,3,5,0,1,1,clear,12.68,13.0,94.0,0.0,31
spring,2012,3,6,0,1,1,clear,13.62,14.0,88.0,9.0,120
spring,2012,3,7,0,1,1,clear,13.62,14.0,88.0,13.0,354
spring,2012,3,8,0,1,1,clear,13.62,14.0,88.0,7.0,579
spring,2012,3,9,0,1,1,clear,15.5,16.0,72.0,11.0,331
spring,2012,3,10,0,1,1,clear,16.44,17.0,72.0,9.0,184
spring,2012,3,11,0,1,1,clear,18.32,19.0,68.0,11.0,201
spring,2012,3,12,0,1,1,clear,20.2,24.0,64.0,17.0,282
spring,2012,3,13,0,1,1,clear,21.14,24.0,61.0,17.0,263
spring,2012,3,14,0,1,1,misty,22.08,25.0,57.0,13.0,260
spring,2012,3,15,0,1,1,clear,22.08,25.0,57.0,15.0,286
spring,2012,3,16,0,1,1,clear,23.02,25.0,50.0,15.0,385
spring,2012,3,17,0,1,1,clear,22.08,25.0,53.0,15.0,721
spring,2012,3,18,0,1,1,clear,22.08,25.0,57.0,17.0,801
spring,2012,3,19,0,1,1,clear,21.14,24.0,61.0,15.0,549
spring,2012,3,20,0,1,1,clear,20.2,24.0,64.0,15.0,330
spring,2012,3,21,0,1,1,clear,20.2,24.0,64.0,11.0,223
spring,2012,3,22,0,1,1,misty,18.32,19.0,73.0,11.0,148
spring,2012,3,23,0,1,1,misty,18.32,19.0,78.0,9.0,54
spring,2012,3,0,0,2,1,misty,18.32,19.0,78.0,6.0,29
spring,2012,3,1,0,2,1,clear,17.38,18.0,88.0,0.0,15
spring,2012,3,2,0,2,1,clear,17.38,18.0,88.0,6.0,10
spring,2012,3,3,0,2,1,misty,17.38,18.0,88.0,0.0,3
spring,2012,3,4,0,2,1,misty,16.44,17.0,88.0,9.0,6
spring,2012,3,5,0,2,1,misty,16.44,17.0,94.0,0.0,20
spring,2012,3,6,0,2,1,misty,16.44,17.0,94.0,11.0,100
spring,2012,3,7,0,2,1,rain,16.44,17.0,94.0,15.0,170
spring,2012,3,8,0,2,1,misty,16.44,17.0,88.0,7.0,516
spring,2012,3,9,0,2,1,misty,17.38,18.0,88.0,11.0,325
spring,2012,3,10,0,2,1,clear,17.38,18.0,88.0,13.0,163
spring,2012,3,11,0,2,1,clear,19.26,20.0,83.0,9.0,230
spring,2012,3,12,0,2,1,clear,20.2,22.0,78.0,17.0,261
spring,2012,3,13,0,2,1,clear,20.2,22.0,78.0,13.0,284
spring,2012,3,14,0,2,1,misty,20.2,23.0,73.0,11.0,248
spring,2012,3,15,0,2,1,misty,21.14,24.0,69.0,7.0,244
spring,2012,3,16,0,2,1,clear,21.14,24.0,66.0,15.0,431
spring,2012,3,17,0,2,1,clear,20.2,23.0,73.0,13.0,750
spring,2012,3,18,0,2,1,clear,20.2,23.0,69.0,17.0,801
spring,2012,3,19,0,2,1,clear,19.26,20.0,73.0,9.0,555
spring,2012,3,20,0,2,1,clear,19.26,20.0,68.0,6.0,377
spring,2012,3,21,0,2,1,clear,18.32,19.0,73.0,0.0,277
spring,2012,3,22,0,2,1,clear,17.38,18.0,77.0,0.0,188
spring,2012,3,23,0,2,1,clear,16.44,17.0,83.0,0.0,90
summer,2012,3,0,0,3,1,clear,16.44,17.0,88.0,0.0,33
summer,2012,3,1,0,3,1,clear,16.44,17.0,83.0,6.0,26
summer,2012,3,2,0,3,1,clear,15.5,16.0,88.0,9.0,10
summer,2012,3,3,0,3,1,misty,15.5,16.0,88.0,13.0,8
summer,2012,3,4,0,3,1,misty,15.5,16.0,88.0,9.0,4
summer,2012,3,5,0,3,1,misty,15.5,16.0,88.0,9.0,39
summer,2012,3,6,0,3,1,misty,14.56,15.0,94.0,15.0,149
summer,2012,3,7,0,3,1,rain,14.56,15.0,94.0,13.0,372
summer,2012,3,8,0,3,1,rain,14.56,15.0,94.0,7.0,535
summer,2012,3,9,0,3,1,misty,15.5,16.0,88.0,11.0,293
summer,2012,3,10,0,3,1,misty,16.44,17.0,83.0,11.0,154
summer,2012,3,11,0,3,1,misty,16.44,17.0,83.0,11.0,192
summer,2012,3,12,0,3,1,misty,17.38,18.0,77.0,0.0,229
summer,2012,3,13,0,3,1,misty,17.38,18.0,83.0,0.0,303
summer,2012,3,14,0,3,1,misty,18.32,19.0,78.0,0.0,225
summer,2012,3,15,0,3,1,misty,18.32,19.0,78.0,0.0,243
summer,2012,3,16,0,3,1,clear,19.26,20.0,73.0,0.0,378
summer,2012,3,17,0,3,1,clear,20.2,23.0,69.0,6.0,729
summer,2012,3,18,0,3,1,clear,20.2,23.0,69.0,0.0,779
summer,2012,3,19,0,3,1,clear,20.2,24.0,64.0,0.0,582
summer,2012,3,20,0,3,1,clear,18.32,19.0,78.0,6.0,374
summer,2012,3,21,0,3,1,clear,17.38,18.0,83.0,7.0,251
summer,2012,3,22,0,3,1,clear,16.44,17.0,83.0,11.0,197
summer,2012,3,23,0,3,1,clear,17.38,18.0,77.0,0.0,125
summer,2012,3,0,0,4,1,clear,16.44,17.0,83.0,6.0,41
summer,2012,3,1,0,4,1,clear,16.44,17.0,83.0,6.0,30
summer,2012,3,2,0,4,1,clear,16.44,17.0,83.0,6.0,6
summer,2012,3,3,0,4,1,clear,16.44,17.0,83.0,6.0,7
summer,2012,3,4,0,4,1,misty,14.56,15.0,100.0,6.0,6
summer,2012,3,5,0,4,1,misty,14.56,15.0,100.0,6.0,34
summer,2012,3,6,0,4,1,misty,14.56,15.0,100.0,6.0,136
summer,2012,3,7,0,4,1,misty,14.56,15.0,100.0,6.0,361
summer,2012,3,8,0,4,1,misty,15.5,16.0,94.0,6.0,649
summer,2012,3,9,0,4,1,misty,15.5,16.0,94.0,6.0,318
summer,2012,3,10,0,4,1,misty,15.5,16.0,100.0,6.0,142
summer,2012,3,11,0,4,1,misty,16.44,17.0,94.0,0.0,219
summer,2012,3,12,0,4,1,misty,17.38,18.0,88.0,13.0,272
summer,2012,3,13,0,4,1,clear,19.26,20.0,78.0,6.0,298
summer,2012,3,14,0,4,1,clear,20.2,23.0,73.0,7.0,257
summer,2012,3,15,0,4,1,clear,21.14,24.0,69.0,13.0,304
summer,2012,3,16,0,4,1,clear,22.08,24.0,65.0,13.0,425
summer,2012,3,17,0,4,1,clear,23.02,25.0,65.0,11.0,810
summer,2012,3,18,0,4,1,clear,23.02,25.0,65.0,11.0,801
summer,2012,3,19,0,4,1,clear,23.02,25.0,61.0,0.0,586
summer,2012,3,20,0,4,1,clear,21.14,23.0,73.0,19.0,424
summer,2012,3,21,0,4,1,clear,19.26,20.0,78.0,11.0,374
summer,2012,3,22,0,4,1,clear,18.32,19.0,83.0,13.0,220
summer,2012,3,23,0,4,1,clear,18.32,19.0,83.0,6.0,151
summer,2012,3,0,0,5,1,clear,18.32,19.0,83.0,0.0,95
summer,2012,3,1,0,5,1,clear,17.38,18.0,88.0,0.0,50
summer,2012,3,2,0,5,1,clear,17.38,18.0,88.0,6.0,32
summer,2012,3,3,0,5,1,clear,16.44,17.0,88.0,7.0,10
summer,2012,3,4,0,5,1,misty,15.5,16.0,94.0,7.0,3
summer,2012,3,5,0,5,1,misty,15.5,16.0,94.0,0.0,34
summer,2012,3,6,0,5,1,misty,15.5,16.0,88.0,0.0,116
summer,2012,3,7,0,5,1,misty,15.5,16.0,93.0,9.0,346
summer,2012,3,8,0,5,1,misty,15.5,16.0,94.0,9.0,662
summer,2012,3,9,0,5,1,misty,16.44,17.0,90.0,6.0,380
summer,2012,3,10,0,5,1,misty,18.32,19.0,88.0,7.0,275
summer,2012,3,11,0,5,1,misty,21.14,23.0,73.0,7.0,318
summer,2012,3,12,0,5,1,misty,23.02,25.0,61.0,15.0,471
summer,2012,3,13,0,5,1,misty,24.9,27.0,48.0,0.0,428
summer,2012,3,14,0,5,1,misty,25.84,27.0,42.0,7.0,432
summer,2012,3,15,0,5,1,misty,25.84,27.0,42.0,9.0,472
summer,2012,3,16,0,5,1,misty,25.84,27.0,42.0,11.0,589
summer,2012,3,17,0,5,1,misty,25.84,27.0,42.0,11.0,957
summer,2012,3,18,0,5,1,clear,24.9,26.0,45.0,11.0,830
summer,2012,3,19,0,5,1,clear,23.02,25.0,50.0,13.0,686
summer,2012,3,20,0,5,1,clear,23.02,25.0,47.0,9.0,445
summer,2012,3,21,0,5,1,clear,21.14,25.0,53.0,7.0,284
summer,2012,3,22,0,5,1,clear,20.2,24.0,64.0,19.0,271
summer,2012,3,23,0,5,1,clear,20.2,23.0,69.0,17.0,176
summer,2012,3,0,0,6,0,clear,19.26,20.0,68.0,0.0,156
summer,2012,3,1,0,6,0,clear,18.32,19.0,73.0,6.0,128
summer,2012,3,2,0,6,0,clear,17.38,18.0,77.0,7.0,69
summer,2012,3,3,0,6,0,clear,17.38,18.0,77.0,7.0,32
summer,2012,3,4,0,6,0,clear,16.44,17.0,83.0,6.0,7
summer,2012,3,5,0,6,0,misty,16.44,17.0,83.0,11.0,4
summer,2012,3,6,0,6,0,misty,16.44,17.0,83.0,11.0,28
summer,2012,3,7,0,6,0,misty,15.5,16.0,88.0,9.0,70
summer,2012,3,8,0,6,0,misty,15.5,16.0,94.0,13.0,154
summer,2012,3,9,0,6,0,misty,16.44,17.0,83.0,9.0,249
summer,2012,3,10,0,6,0,misty,16.44,17.0,88.0,13.0,345
summer,2012,3,11,0,6,0,misty,15.5,16.0,94.0,13.0,273
summer,2012,3,12,0,6,0,rain,16.44,17.0,94.0,15.0,183
summer,2012,3,13,0,6,0,rain,16.44,17.0,94.0,17.0,196
summer,2012,3,14,0,6,0,rain,16.44,17.0,88.0,24.0,223
summer,2012,3,15,0,6,0,rain,15.5,16.0,94.0,28.0,290
summer,2012,3,16,0,6,0,rain,15.5,16.0,94.0,20.0,177
summer,2012,3,17,0,6,0,rain,15.5,16.0,88.0,15.0,115
summer,2012,3,18,0,6,0,rain,13.62,14.0,94.0,15.0,137
summer,2012,3,19,0,6,0,rain,13.62,14.0,94.0,9.0,133
summer,2012,3,20,0,6,0,rain,12.68,13.0,100.0,13.0,111
summer,2012,3,21,0,6,0,rain,12.68,13.0,100.0,13.0,104
summer,2012,3,22,0,6,0,rain,12.68,13.0,100.0,17.0,83
summer,2012,3,23,0,6,0,misty,12.68,13.0,94.0,19.0,105
summer,2012,3,0,0,0,0,misty,12.68,13.0,94.0,19.0,80
summer,2012,3,1,0,0,0,misty,11.74,12.0,100.0,17.0,89
summer,2012,3,2,0,0,0,rain,11.74,12.0,100.0,20.0,35
summer,2012,3,3,0,0,0,rain,11.74,12.0,94.0,20.0,18
summer,2012,3,4,0,0,0,misty,11.74,12.0,94.0,22.0,8
summer,2012,3,5,0,0,0,misty,10.8,11.0,100.0,17.0,6
summer,2012,3,6,0,0,0,misty,10.8,11.0,100.0,17.0,18
summer,2012,3,7,0,0,0,misty,10.8,11.0,94.0,22.0,39
summer,2012,3,8,0,0,0,misty,10.8,11.0,94.0,22.0,89
summer,2012,3,9,0,0,0,misty,10.8,11.0,94.0,17.0,118
summer,2012,3,10,0,0,0,misty,10.8,11.0,87.0,22.0,250
summer,2012,3,11,0,0,0,misty,10.8,11.0,94.0,17.0,323
summer,2012,3,12,0,0,0,misty,10.8,11.0,94.0,15.0,360
summer,2012,3,13,0,0,0,misty,11.74,12.0,88.0,11.0,367
summer,2012,3,14,0,0,0,misty,12.68,13.0,88.0,11.0,414
summer,2012,3,15,0,0,0,misty,12.68,13.0,88.0,13.0,421
summer,2012,3,16,0,0,0,clear,14.56,15.0,77.0,0.0,492
summer,2012,3,17,0,0,0,clear,15.5,16.0,72.0,6.0,419
summer,2012,3,18,0,0,0,clear,15.5,16.0,72.0,6.0,491
summer,2012,3,19,0,0,0,clear,15.5,16.0,72.0,17.0,375
summer,2012,3,20,0,0,0,clear,14.56,15.0,77.0,15.0,259
summer,2012,3,21,0,0,0,clear,14.56,15.0,77.0,11.0,149
summer,2012,3,22,0,0,0,clear,13.62,14.0,82.0,9.0,111
summer,2012,3,23,0,0,0,clear,14.56,15.0,82.0,9.0,65
summer,2012,3,0,0,1,1,misty,14.56,15.0,82.0,11.0,33
summer,2012,3,1,0,1,1,clear,14.56,15.0,82.0,17.0,28
summer,2012,3,2,0,1,1,clear,13.62,14.0,88.0,15.0,20
summer,2012,3,3,0,1,1,clear,13.62,14.0,82.0,13.0,1
summer,2012,3,4,0,1,1,clear,12.68,13.0,82.0,11.0,4
summer,2012,3,5,0,1,1,clear,12.68,13.0,77.0,11.0,36
summer,2012,3,6,0,1,1,clear,11.74,12.0,82.0,13.0,117
summer,2012,3,7,0,1,1,clear,12.68,13.0,72.0,13.0,370
summer,2012,3,8,0,1,1,clear,12.68,13.0,62.0,15.0,657
summer,2012,3,9,0,1,1,clear,13.62,14.0,47.0,19.0,282
summer,2012,3,10,0,1,1,clear,15.5,16.0,36.0,39.0,153
summer,2012,3,11,0,1,1,clear,14.56,15.0,31.0,39.0,178
summer,2012,3,12,0,1,1,clear,14.56,15.0,33.0,35.0,279
summer,2012,3,13,0,1,1,clear,14.56,15.0,29.0,46.0,301
summer,2012,3,14,0,1,1,clear,14.56,15.0,33.0,30.0,217
summer,2012,3,15,0,1,1,clear,14.56,15.0,29.0,41.0,223
summer,2012,3,16,0,1,1,clear,14.56,15.0,25.0,43.0,305
summer,2012,3,17,0,1,1,clear,13.62,14.0,24.0,30.0,664
summer,2012,3,18,0,1,1,clear,12.68,13.0,26.0,30.0,684
summer,2012,3,19,0,1,1,clear,11.74,12.0,24.0,24.0,458
summer,2012,3,20,0,1,1,clear,10.8,11.0,26.0,35.0,221
summer,2012,3,21,0,1,1,clear,9.86,10.0,25.0,33.0,186
summer,2012,3,22,0,1,1,clear,8.92,6.0,25.0,24.0,93
summer,2012,3,23,0,1,1,clear,7.98,3.0,25.0,35.0,48
summer,2012,3,0,0,2,1,clear,7.04,3.0,26.0,35.0,10
summer,2012,3,1,0,2,1,clear,6.1,2.0,26.0,31.0,5
summer,2012,3,2,0,2,1,clear,4.22,-1.0,30.0,20.0,7
summer,2012,3,3,0,2,1,clear,4.22,-1.0,30.0,22.0,4
summer,2012,3,4,0,2,1,clear,3.28,-2.0,32.0,24.0,3
summer,2012,3,5,0,2,1,clear,2.34,-2.0,37.0,19.0,17
summer,2012,3,6,0,2,1,clear,2.34,-1.0,37.0,13.0,101
summer,2012,3,7,0,2,1,clear,2.34,-1.0,37.0,13.0,286
summer,2012,3,8,0,2,1,clear,2.34,-2.0,37.0,20.0,581
summer,2012,3,9,0,2,1,clear,3.28,-1.0,38.0,13.0,267
summer,2012,3,10,0,2,1,clear,4.22,1.0,35.0,15.0,138
summer,2012,3,11,0,2,1,clear,6.1,4.0,31.0,11.0,175
summer,2012,3,12,0,2,1,clear,7.04,5.0,31.0,11.0,220
summer,2012,3,13,0,2,1,clear,8.92,7.0,27.0,0.0,211
summer,2012,3,14,0,2,1,clear,10.8,11.0,24.0,9.0,184
summer,2012,3,15,0,2,1,clear,11.74,12.0,20.0,0.0,200
summer,2012,3,16,0,2,1,clear,11.74,12.0,20.0,0.0,305
summer,2012,3,17,0,2,1,clear,12.68,13.0,16.0,0.0,614
summer,2012,3,18,0,2,1,clear,11.74,12.0,17.0,6.0,644
summer,2012,3,19,0,2,1,clear,11.74,12.0,17.0,0.0,417
summer,2012,3,20,0,2,1,clear,11.74,12.0,17.0,6.0,294
summer,2012,3,21,0,2,1,clear,8.92,7.0,37.0,11.0,221
summer,2012,3,22,0,2,1,clear,8.92,7.0,37.0,9.0,134
summer,2012,3,23,0,2,1,clear,8.92,7.0,37.0,13.0,64
summer,2012,3,0,0,3,1,clear,8.92,6.0,40.0,19.0,30
summer,2012,3,1,0,3,1,clear,8.92,6.0,46.0,20.0,8
summer,2012,3,2,0,3,1,clear,7.98,4.0,49.0,20.0,3
summer,2012,3,3,0,3,1,clear,7.98,4.0,42.0,22.0,5
summer,2012,3,4,0,3,1,clear,8.92,6.0,43.0,20.0,1
summer,2012,3,5,0,3,1,clear,8.92,6.0,43.0,20.0,40
summer,2012,3,6,0,3,1,clear,8.92,6.0,46.0,24.0,115
summer,2012,3,7,0,3,1,clear,8.92,6.0,46.0,22.0,358
summer,2012,3,8,0,3,1,clear,9.86,10.0,46.0,24.0,658
summer,2012,3,9,0,3,1,clear,10.8,11.0,43.0,30.0,314
summer,2012,3,10,0,3,1,clear,13.62,14.0,41.0,28.0,173
summer,2012,3,11,0,3,1,clear,15.5,16.0,42.0,26.0,222
summer,2012,3,12,0,3,1,misty,17.38,18.0,39.0,24.0,268
summer,2012,3,13,0,3,1,clear,18.32,19.0,43.0,22.0,273
summer,2012,3,14,0,3,1,clear,21.14,25.0,38.0,24.0,221
summer,2012,3,15,0,3,1,misty,21.14,25.0,41.0,20.0,199
summer,2012,3,16,0,3,1,rain,21.14,25.0,43.0,6.0,221
summer,2012,3,17,0,3,1,clear,20.2,24.0,60.0,15.0,604
summer,2012,3,18,0,3,1,clear,20.2,24.0,60.0,15.0,641
summer,2012,3,19,0,3,1,clear,20.2,25.0,56.0,13.0,456
summer,2012,3,20,0,3,1,clear,20.2,25.0,56.0,20.0,362
summer,2012,3,21,0,3,1,clear,19.26,20.0,60.0,17.0,261
summer,2012,3,22,0,3,1,clear,18.32,19.0,64.0,9.0,172
summer,2012,3,23,0,3,1,clear,17.38,18.0,68.0,9.0,93
summer,2012,3,0,0,4,1,clear,17.38,18.0,68.0,13.0,48
summer,2012,3,1,0,4,1,clear,18.32,19.0,60.0,9.0,33
summer,2012,3,2,0,4,1,clear,20.2,24.0,28.0,20.0,6
summer,2012,3,3,0,4,1,clear,19.26,20.0,28.0,17.0,5
summer,2012,3,4,0,4,1,clear,16.44,17.0,36.0,17.0,9
summer,2012,3,5,0,4,1,clear,15.5,16.0,45.0,15.0,32
summer,2012,3,6,0,4,1,clear,13.62,14.0,59.0,17.0,117
summer,2012,3,7,0,4,1,clear,13.62,14.0,51.0,24.0,367
summer,2012,3,8,0,4,1,clear,13.62,14.0,47.0,28.0,654
summer,2012,3,9,0,4,1,clear,14.56,15.0,48.0,28.0,321
summer,2012,3,10,0,4,1,clear,13.62,14.0,47.0,30.0,166
summer,2012,3,11,0,4,1,clear,15.5,16.0,45.0,28.0,220
summer,2012,3,12,0,4,1,clear,15.5,16.0,42.0,33.0,292
summer,2012,3,13,0,4,1,clear,13.62,14.0,44.0,22.0,273
summer,2012,3,14,0,4,1,clear,15.5,16.0,42.0,24.0,238
summer,2012,3,15,0,4,1,clear,16.44,17.0,39.0,24.0,307
summer,2012,3,16,0,4,1,clear,16.44,17.0,36.0,22.0,388
summer,2012,3,17,0,4,1,clear,16.44,17.0,38.0,26.0,703
summer,2012,3,18,0,4,1,clear,15.5,16.0,39.0,20.0,681
summer,2012,3,19,0,4,1,clear,14.56,15.0,39.0,19.0,468
summer,2012,3,20,0,4,1,clear,13.62,14.0,38.0,20.0,335
summer,2012,3,21,0,4,1,clear,12.68,13.0,44.0,19.0,224
summer,2012,3,22,0,4,1,clear,11.74,12.0,44.0,19.0,152
summer,2012,3,23,0,4,1,clear,11.74,12.0,47.0,20.0,94
summer,2012,3,0,0,5,1,clear,10.8,11.0,47.0,20.0,59
summer,2012,3,1,0,5,1,clear,9.86,10.0,50.0,19.0,27
summer,2012,3,2,0,5,1,clear,8.92,6.0,53.0,20.0,7
summer,2012,3,3,0,5,1,clear,7.98,6.0,61.0,9.0,7
summer,2012,3,4,0,5,1,clear,7.98,7.0,53.0,6.0,2
summer,2012,3,5,0,5,1,clear,7.04,6.0,61.0,6.0,26
summer,2012,3,6,0,5,1,clear,7.04,6.0,57.0,9.0,86
summer,2012,3,7,0,5,1,clear,7.04,5.0,57.0,11.0,289
summer,2012,3,8,0,5,1,clear,7.04,5.0,66.0,11.0,593
summer,2012,3,9,0,5,1,clear,7.98,6.0,57.0,11.0,321
summer,2012,3,10,0,5,1,misty,8.92,8.0,57.0,7.0,187
summer,2012,3,11,0,5,1,misty,8.92,9.0,53.0,0.0,201
summer,2012,3,12,0,5,1,misty,9.86,10.0,54.0,0.0,270
summer,2012,3,13,0,5,1,rain,10.8,11.0,50.0,0.0,242
summer,2012,3,14,0,5,1,rain,10.8,11.0,54.0,0.0,229
summer,2012,3,15,0,5,1,rain,11.74,12.0,54.0,0.0,280
summer,2012,3,16,0,5,1,rain,10.8,11.0,62.0,19.0,367
summer,2012,3,17,0,5,1,misty,10.8,11.0,62.0,15.0,606
summer,2012,3,18,0,5,1,clear,11.74,12.0,54.0,13.0,560
summer,2012,3,19,0,5,1,clear,10.8,11.0,62.0,15.0,395
summer,2012,3,20,0,5,1,clear,10.8,11.0,62.0,11.0,209
summer,2012,3,21,0,5,1,clear,9.86,10.0,66.0,9.0,220
summer,2012,3,22,0,5,1,clear,8.92,7.0,71.0,11.0,153
summer,2012,3,23,0,5,1,clear,8.92,9.0,71.0,0.0,123
summer,2012,3,0,0,6,0,clear,9.86,10.0,82.0,13.0,92
summer,2012,3,1,0,6,0,misty,10.8,11.0,76.0,13.0,82
summer,2012,3,2,0,6,0,misty,11.74,12.0,77.0,17.0,69
summer,2012,3,3,0,6,0,clear,10.8,11.0,82.0,17.0,31
summer,2012,3,4,0,6,0,clear,11.74,12.0,77.0,28.0,8
summer,2012,3,5,0,6,0,clear,10.8,11.0,82.0,15.0,5
summer,2012,3,6,0,6,0,misty,8.92,7.0,87.0,11.0,23
summer,2012,3,7,0,6,0,misty,8.92,7.0,87.0,11.0,44
summer,2012,3,8,0,6,0,misty,8.92,7.0,87.0,13.0,145
summer,2012,3,9,0,6,0,misty,10.8,11.0,76.0,13.0,223
summer,2012,3,10,0,6,0,misty,10.8,11.0,76.0,9.0,313
summer,2012,3,11,0,6,0,clear,13.62,14.0,72.0,9.0,463
summer,2012,3,12,0,6,0,clear,14.56,15.0,67.0,0.0,621
summer,2012,3,13,0,6,0,clear,17.38,18.0,60.0,9.0,638
summer,2012,3,14,0,6,0,misty,15.5,16.0,63.0,17.0,551
summer,2012,3,15,0,6,0,misty,16.44,17.0,59.0,19.0,605
summer,2012,3,16,0,6,0,misty,15.5,16.0,63.0,20.0,535
summer,2012,3,17,0,6,0,clear,14.56,15.0,67.0,28.0,543
summer,2012,3,18,0,6,0,misty,12.68,13.0,72.0,31.0,341
summer,2012,3,19,0,6,0,clear,11.74,12.0,71.0,30.0,284
summer,2012,3,20,0,6,0,misty,10.8,11.0,71.0,22.0,208
summer,2012,3,21,0,6,0,misty,10.8,11.0,71.0,22.0,143
summer,2012,3,22,0,6,0,misty,9.86,10.0,71.0,17.0,156
summer,2012,3,23,0,6,0,misty,8.92,6.0,76.0,19.0,112
summer,2012,4,0,0,0,0,misty,8.92,6.0,76.0,17.0,67
summer,2012,4,1,0,0,0,misty,8.92,7.0,76.0,11.0,62
summer,2012,4,2,0,0,0,misty,8.92,7.0,76.0,11.0,81
summer,2012,4,3,0,0,0,misty,7.98,6.0,81.0,9.0,25
summer,2012,4,4,0,0,0,misty,7.98,7.0,81.0,6.0,12
summer,2012,4,5,0,0,0,misty,7.98,7.0,81.0,6.0,18
summer,2012,4,6,0,0,0,misty,8.92,7.0,76.0,9.0,97
summer,2012,4,7,0,0,0,misty,8.92,7.0,71.0,9.0,84
summer,2012,4,8,0,0,0,misty,8.92,8.0,76.0,6.0,125
summer,2012,4,9,0,0,0,misty,8.92,7.0,81.0,9.0,275
summer,2012,4,10,0,0,0,misty,10.8,11.0,71.0,7.0,360
summer,2012,4,11,0,0,0,misty,10.8,11.0,71.0,13.0,451
summer,2012,4,12,0,0,0,misty,11.74,12.0,67.0,15.0,445
summer,2012,4,13,0,0,0,misty,12.68,13.0,62.0,13.0,464
summer,2012,4,14,0,0,0,misty,14.56,15.0,55.0,15.0,561
summer,2012,4,15,0,0,0,clear,15.5,16.0,55.0,17.0,573
summer,2012,4,16,0,0,0,clear,16.44,17.0,52.0,17.0,511
summer,2012,4,17,0,0,0,clear,16.44,17.0,55.0,19.0,555
summer,2012,4,18,0,0,0,clear,16.44,17.0,52.0,20.0,432
summer,2012,4,19,0,0,0,clear,16.44,17.0,55.0,15.0,346
summer,2012,4,20,0,0,0,misty,15.5,16.0,59.0,15.0,232
summer,2012,4,21,0,0,0,misty,15.5,16.0,59.0,11.0,134
summer,2012,4,22,0,0,0,rain,15.5,16.0,63.0,7.0,68
summer,2012,4,23,0,0,0,rain,13.62,14.0,72.0,0.0,63
summer,2012,4,0,0,1,1,rain,12.68,13.0,82.0,7.0,17
summer,2012,4,1,0,1,1,rain,11.74,12.0,88.0,6.0,5
summer,2012,4,2,0,1,1,rain,12.68,13.0,94.0,9.0,5
summer,2012,4,4,0,1,1,clear,10.8,11.0,76.0,33.0,4
summer,2012,4,5,0,1,1,clear,10.8,11.0,76.0,33.0,24
summer,2012,4,6,0,1,1,clear,8.92,5.0,71.0,31.0,110
summer,2012,4,7,0,1,1,clear,7.98,4.0,66.0,26.0,306
summer,2012,4,8,0,1,1,clear,8.92,6.0,57.0,22.0,589
summer,2012,4,9,0,1,1,clear,9.86,10.0,54.0,24.0,317
summer,2012,4,10,0,1,1,clear,10.8,11.0,50.0,35.0,204
summer,2012,4,11,0,1,1,clear,11.74,12.0,47.0,30.0,209
summer,2012,4,12,0,1,1,clear,12.68,13.0,44.0,30.0,281
summer,2012,4,13,0,1,1,clear,13.62,14.0,36.0,20.0,281
summer,2012,4,14,0,1,1,clear,13.62,14.0,31.0,28.0,268
summer,2012,4,15,0,1,1,clear,14.56,15.0,33.0,28.0,324
summer,2012,4,16,0,1,1,clear,15.5,16.0,34.0,22.0,395
summer,2012,4,17,0,1,1,clear,15.5,16.0,29.0,19.0,729
summer,2012,4,18,0,1,1,clear,15.5,16.0,27.0,17.0,618
summer,2012,4,19,0,1,1,clear,15.5,16.0,27.0,17.0,494
summer,2012,4,20,0,1,1,clear,13.62,14.0,31.0,11.0,329
summer,2012,4,21,0,1,1,clear,13.62,14.0,28.0,9.0,238
summer,2012,4,22,0,1,1,clear,11.74,12.0,44.0,13.0,123
summer,2012,4,23,0,1,1,clear,12.68,13.0,35.0,11.0,66
summer,2012,4,0,0,2,1,clear,10.8,11.0,43.0,9.0,33
summer,2012,4,1,0,2,1,clear,9.86,10.0,46.0,15.0,11
summer,2012,4,2,0,2,1,clear,8.92,7.0,53.0,11.0,5
summer,2012,4,3,0,2,1,clear,9.86,10.0,46.0,0.0,3
summer,2012,4,4,0,2,1,clear,7.04,6.0,66.0,6.0,1
summer,2012,4,5,0,2,1,clear,7.04,6.0,66.0,6.0,27
summer,2012,4,6,0,2,1,clear,6.1,5.0,61.0,6.0,100
summer,2012,4,7,0,2,1,clear,7.04,6.0,66.0,6.0,341
summer,2012,4,8,0,2,1,clear,7.98,8.0,57.0,0.0,604
summer,2012,4,9,0,2,1,clear,11.74,12.0,38.0,6.0,408
summer,2012,4,10,0,2,1,clear,12.68,13.0,33.0,0.0,219
summer,2012,4,11,0,2,1,clear,14.56,15.0,23.0,0.0,258
summer,2012,4,12,0,2,1,clear,16.44,17.0,25.0,0.0,331
summer,2012,4,13,0,2,1,clear,18.32,19.0,19.0,17.0,345
summer,2012,4,14,0,2,1,clear,18.32,19.0,21.0,15.0,311
summer,2012,4,15,0,2,1,clear,20.2,23.0,20.0,13.0,316
summer,2012,4,16,0,2,1,clear,21.14,24.0,21.0,11.0,485
summer,2012,4,17,0,2,1,clear,21.14,24.0,17.0,13.0,757
summer,2012,4,18,0,2,1,clear,20.2,24.0,26.0,11.0,800
summer,2012,4,19,0,2,1,clear,18.32,19.0,26.0,7.0,558
summer,2012,4,20,0,2,1,clear,18.32,19.0,24.0,9.0,379
summer,2012,4,21,0,2,1,clear,17.38,18.0,45.0,0.0,243
summer,2012,4,22,0,2,1,clear,15.5,16.0,51.0,0.0,158
summer,2012,4,23,0,2,1,clear,15.5,16.0,59.0,0.0,79
summer,2012,4,0,0,3,1,clear,14.56,15.0,48.0,0.0,41
summer,2012,4,1,0,3,1,clear,13.62,14.0,59.0,0.0,11
summer,2012,4,2,0,3,1,clear,13.62,14.0,51.0,0.0,5
summer,2012,4,3,0,3,1,clear,12.68,13.0,58.0,6.0,3
summer,2012,4,4,0,3,1,clear,11.74,12.0,67.0,6.0,1
summer,2012,4,5,0,3,1,clear,11.74,12.0,67.0,6.0,27
summer,2012,4,6,0,3,1,misty,11.74,12.0,58.0,0.0,126
summer,2012,4,7,0,3,1,misty,12.68,13.0,62.0,0.0,366
summer,2012,4,8,0,3,1,misty,12.68,13.0,72.0,7.0,684
summer,2012,4,9,0,3,1,misty,14.56,15.0,55.0,9.0,363
summer,2012,4,10,0,3,1,misty,17.38,18.0,45.0,9.0,167
summer,2012,4,11,0,3,1,misty,20.2,25.0,43.0,24.0,213
summer,2012,4,12,0,3,1,misty,20.2,25.0,46.0,28.0,283
summer,2012,4,13,0,3,1,misty,20.2,25.0,46.0,17.0,251
summer,2012,4,14,0,3,1,misty,21.14,25.0,46.0,13.0,258
summer,2012,4,15,0,3,1,misty,22.08,25.0,44.0,19.0,268
summer,2012,4,16,0,3,1,misty,22.08,25.0,44.0,19.0,390
summer,2012,4,17,0,3,1,clear,23.02,25.0,41.0,20.0,744
summer,2012,4,18,0,3,1,clear,23.02,25.0,41.0,17.0,759
summer,2012,4,19,0,3,1,clear,23.02,25.0,39.0,15.0,494
summer,2012,4,20,0,3,1,clear,22.08,25.0,27.0,15.0,372
summer,2012,4,21,0,3,1,clear,20.2,24.0,23.0,22.0,298
summer,2012,4,22,0,3,1,clear,18.32,19.0,22.0,11.0,181
summer,2012,4,23,0,3,1,clear,16.44,17.0,23.0,28.0,131
summer,2012,4,0,0,4,1,clear,16.44,17.0,23.0,28.0,45
summer,2012,4,1,0,4,1,clear,14.56,15.0,27.0,22.0,13
summer,2012,4,2,0,4,1,clear,13.62,14.0,33.0,30.0,18
summer,2012,4,3,0,4,1,clear,11.74,12.0,41.0,20.0,5
summer,2012,4,4,0,4,1,clear,9.86,10.0,43.0,19.0,1
summer,2012,4,5,0,4,1,clear,9.86,10.0,43.0,19.0,29
summer,2012,4,6,0,4,1,clear,8.92,6.0,46.0,22.0,126
summer,2012,4,7,0,4,1,clear,7.98,6.0,49.0,13.0,354
summer,2012,4,8,0,4,1,clear,8.92,7.0,46.0,15.0,638
summer,2012,4,9,0,4,1,clear,10.8,11.0,37.0,17.0,351
summer,2012,4,10,0,4,1,clear,11.74,12.0,35.0,19.0,246
summer,2012,4,11,0,4,1,misty,11.74,12.0,38.0,15.0,268
summer,2012,4,12,0,4,1,clear,12.68,13.0,33.0,0.0,276
summer,2012,4,13,0,4,1,clear,13.62,14.0,31.0,0.0,291
summer,2012,4,14,0,4,1,clear,13.62,14.0,33.0,11.0,287
summer,2012,4,15,0,4,1,clear,15.5,16.0,31.0,7.0,269
summer,2012,4,16,0,4,1,clear,15.5,16.0,31.0,13.0,402
summer,2012,4,17,0,4,1,clear,15.5,16.0,31.0,11.0,822
summer,2012,4,18,0,4,1,clear,15.5,16.0,31.0,7.0,698
summer,2012,4,19,0,4,1,clear,14.56,15.0,31.0,17.0,487
summer,2012,4,20,0,4,1,clear,12.68,13.0,41.0,13.0,312
summer,2012,4,21,0,4,1,clear,11.74,12.0,47.0,13.0,234
summer,2012,4,22,0,4,1,clear,10.8,11.0,47.0,13.0,149
summer,2012,4,23,0,4,1,clear,10.8,11.0,50.0,9.0,136
summer,2012,4,0,0,5,1,clear,10.8,11.0,43.0,0.0,61
summer,2012,4,1,0,5,1,clear,8.92,7.0,62.0,9.0,38
summer,2012,4,2,0,5,1,clear,8.92,6.0,50.0,26.0,11
summer,2012,4,3,0,5,1,clear,7.98,4.0,53.0,22.0,8
summer,2012,4,4,0,5,1,clear,7.98,5.0,49.0,17.0,5
summer,2012,4,5,0,5,1,clear,7.04,4.0,53.0,22.0,23
summer,2012,4,6,0,5,1,clear,6.1,2.0,49.0,26.0,80
summer,2012,4,7,0,5,1,clear,6.1,3.0,49.0,19.0,246
summer,2012,4,8,0,5,1,clear,6.1,2.0,49.0,22.0,508
summer,2012,4,9,0,5,1,clear,7.98,4.0,42.0,22.0,376
summer,2012,4,10,0,5,1,clear,8.92,6.0,40.0,22.0,238
summer,2012,4,11,0,5,1,clear,10.8,11.0,37.0,20.0,291
summer,2012,4,12,0,5,1,clear,11.74,12.0,35.0,20.0,337
summer,2012,4,13,0,5,1,clear,12.68,13.0,33.0,22.0,411
summer,2012,4,14,0,5,1,clear,14.56,15.0,29.0,26.0,490
summer,2012,4,15,0,5,1,clear,15.5,16.0,27.0,19.0,537
summer,2012,4,16,0,5,1,clear,15.5,16.0,22.0,28.0,536
summer,2012,4,17,0,5,1,clear,16.44,17.0,23.0,28.0,655
summer,2012,4,18,0,5,1,clear,15.5,16.0,22.0,31.0,484
summer,2012,4,19,0,5,1,clear,14.56,15.0,23.0,20.0,412
summer,2012,4,20,0,5,1,clear,13.62,14.0,24.0,19.0,252
summer,2012,4,21,0,5,1,clear,12.68,13.0,26.0,9.0,190
summer,2012,4,22,0,5,1,clear,10.8,11.0,35.0,15.0,158
summer,2012,4,23,0,5,1,clear,11.74,12.0,30.0,19.0,113
summer,2012,4,0,0,6,0,clear,11.74,12.0,26.0,20.0,94
summer,2012,4,1,0,6,0,clear,10.8,11.0,28.0,17.0,69
summer,2012,4,2,0,6,0,clear,8.92,6.0,29.0,24.0,36
summer,2012,4,3,0,6,0,clear,8.92,6.0,32.0,17.0,28
summer,2012,4,4,0,6,0,clear,7.04,5.0,36.0,11.0,7
summer,2012,4,5,0,6,0,clear,7.04,5.0,33.0,11.0,2
summer,2012,4,6,0,6,0,clear,7.04,5.0,36.0,13.0,19
summer,2012,4,7,0,6,0,clear,7.04,4.0,33.0,19.0,54
summer,2012,4,8,0,6,0,clear,7.98,5.0,34.0,17.0,123
summer,2012,4,9,0,6,0,clear,10.8,11.0,30.0,17.0,276
summer,2012,4,10,0,6,0,clear,11.74,12.0,28.0,17.0,363
summer,2012,4,11,0,6,0,clear,12.68,13.0,24.0,20.0,495
summer,2012,4,12,0,6,0,clear,13.62,14.0,23.0,26.0,590
summer,2012,4,13,0,6,0,clear,15.5,16.0,22.0,13.0,643
summer,2012,4,14,0,6,0,clear,15.5,16.0,22.0,20.0,578
summer,2012,4,15,0,6,0,clear,16.44,17.0,19.0,28.0,626
summer,2012,4,16,0,6,0,clear,17.38,18.0,19.0,26.0,615
summer,2012,4,17,0,6,0,clear,17.38,18.0,19.0,28.0,567
summer,2012,4,18,0,6,0,clear,17.38,18.0,18.0,20.0,517
summer,2012,4,19,0,6,0,clear,17.38,18.0,16.0,22.0,413
summer,2012,4,20,0,6,0,clear,15.5,16.0,20.0,15.0,208
summer,2012,4,21,0,6,0,clear,15.5,16.0,20.0,13.0,234
summer,2012,4,22,0,6,0,clear,14.56,15.0,20.0,13.0,182
summer,2012,4,23,0,6,0,clear,13.62,14.0,23.0,15.0,118
summer,2012,4,0,0,0,0,clear,12.68,13.0,24.0,15.0,85
summer,2012,4,1,0,0,0,clear,12.68,13.0,24.0,15.0,64
summer,2012,4,2,0,0,0,clear,12.68,13.0,24.0,15.0,32
summer,2012,4,3,0,0,0,clear,11.74,12.0,26.0,9.0,26
summer,2012,4,4,0,0,0,clear,10.8,11.0,40.0,0.0,7
summer,2012,4,5,0,0,0,clear,9.86,10.0,46.0,0.0,12
summer,2012,4,6,0,0,0,clear,8.92,9.0,37.0,0.0,28
summer,2012,4,7,0,0,0,clear,9.86,10.0,27.0,11.0,37
summer,2012,4,8,0,0,0,clear,10.8,11.0,30.0,13.0,84
summer,2012,4,9,0,0,0,clear,12.68,13.0,26.0,15.0,179
summer,2012,4,10,0,0,0,clear,15.5,16.0,25.0,15.0,299
summer,2012,4,11,0,0,0,clear,15.5,16.0,25.0,19.0,404
summer,2012,4,12,0,0,0,clear,17.38,18.0,24.0,17.0,457
summer,2012,4,13,0,0,0,clear,19.26,20.0,23.0,11.0,483
summer,2012,4,14,0,0,0,clear,20.2,23.0,18.0,30.0,503
summer,2012,4,15,0,0,0,clear,21.14,24.0,17.0,24.0,486
summer,2012,4,16,0,0,0,clear,22.08,24.0,19.0,22.0,476
summer,2012,4,17,0,0,0,clear,21.14,24.0,22.0,20.0,411
summer,2012,4,18,0,0,0,clear,21.14,24.0,25.0,22.0,310
summer,2012,4,19,0,0,0,clear,20.2,24.0,23.0,26.0,276
summer,2012,4,20,0,0,0,clear,18.32,19.0,28.0,28.0,211
summer,2012,4,21,0,0,0,clear,16.44,17.0,34.0,15.0,130
summer,2012,4,22,0,0,0,clear,15.5,16.0,36.0,15.0,118
summer,2012,4,23,0,0,0,clear,15.5,16.0,39.0,17.0,51
summer,2012,4,0,0,1,1,clear,14.56,15.0,39.0,19.0,37
summer,2012,4,1,0,1,1,clear,13.62,14.0,41.0,9.0,16
summer,2012,4,2,0,1,1,clear,13.62,14.0,31.0,13.0,6
summer,2012,4,3,0,1,1,clear,12.68,13.0,30.0,11.0,3
summer,2012,4,4,0,1,1,clear,12.68,13.0,24.0,13.0,5
summer,2012,4,5,0,1,1,clear,12.68,13.0,24.0,13.0,32
summer,2012,4,6,0,1,1,clear,11.74,12.0,26.0,15.0,111
summer,2012,4,7,0,1,1,clear,11.74,12.0,28.0,13.0,331
summer,2012,4,8,0,1,1,clear,12.68,13.0,30.0,13.0,617
summer,2012,4,9,0,1,1,clear,13.62,14.0,31.0,24.0,286
summer,2012,4,10,0,1,1,clear,15.5,16.0,27.0,33.0,178
summer,2012,4,11,0,1,1,clear,16.44,17.0,27.0,28.0,223
summer,2012,4,12,0,1,1,clear,17.38,18.0,28.0,48.0,280
summer,2012,4,13,0,1,1,clear,17.38,18.0,28.0,39.0,281
summer,2012,4,14,0,1,1,clear,18.32,19.0,28.0,37.0,218
summer,2012,4,15,0,1,1,clear,19.26,20.0,28.0,37.0,255
summer,2012,4,16,0,1,1,clear,18.32,19.0,30.0,28.0,391
summer,2012,4,17,0,1,1,clear,17.38,18.0,32.0,28.0,632
summer,2012,4,18,0,1,1,clear,17.38,18.0,34.0,20.0,646
summer,2012,4,19,0,1,1,clear,16.44,17.0,34.0,24.0,421
summer,2012,4,20,0,1,1,clear,15.5,16.0,36.0,30.0,276
summer,2012,4,21,0,1,1,rain,14.56,15.0,41.0,28.0,165
summer,2012,4,22,0,1,1,misty,13.62,14.0,41.0,33.0,108
summer,2012,4,23,0,1,1,clear,12.68,13.0,44.0,20.0,67
summer,2012,4,0,0,2,1,misty,12.68,13.0,47.0,19.0,26
summer,2012,4,1,0,2,1,clear,11.74,12.0,50.0,15.0,9
summer,2012,4,2,0,2,1,clear,8.92,7.0,71.0,9.0,2
summer,2012,4,3,0,2,1,clear,8.92,7.0,71.0,9.0,2
summer,2012,4,4,0,2,1,clear,7.98,6.0,71.0,9.0,2
summer,2012,4,5,0,2,1,clear,7.98,6.0,71.0,9.0,24
summer,2012,4,6,0,2,1,clear,7.98,7.0,71.0,7.0,103
summer,2012,4,7,0,2,1,clear,7.98,7.0,71.0,7.0,384
summer,2012,4,8,0,2,1,clear,9.86,10.0,62.0,9.0,692
summer,2012,4,9,0,2,1,clear,11.74,12.0,67.0,13.0,319
summer,2012,4,10,0,2,1,clear,13.62,14.0,47.0,11.0,181
summer,2012,4,11,0,2,1,clear,15.5,16.0,36.0,0.0,239
summer,2012,4,12,0,2,1,clear,17.38,18.0,22.0,19.0,259
summer,2012,4,13,0,2,1,clear,16.44,17.0,23.0,11.0,283
summer,2012,4,14,0,2,1,clear,17.38,18.0,24.0,13.0,224
summer,2012,4,15,0,2,1,clear,18.32,19.0,21.0,20.0,203
summer,2012,4,16,0,2,1,clear,19.26,20.0,21.0,17.0,362
summer,2012,4,17,0,2,1,clear,18.32,19.0,21.0,35.0,744
summer,2012,4,18,0,2,1,clear,17.38,18.0,22.0,28.0,704
summer,2012,4,19,0,2,1,clear,16.44,17.0,20.0,24.0,479
summer,2012,4,20,0,2,1,clear,13.62,14.0,28.0,26.0,282
summer,2012,4,21,0,2,1,clear,12.68,13.0,30.0,30.0,206
summer,2012,4,22,0,2,1,clear,10.8,11.0,37.0,33.0,127
summer,2012,4,23,0,2,1,clear,8.92,6.0,40.0,28.0,62
summer,2012,4,0,0,3,1,clear,7.98,4.0,36.0,28.0,30
summer,2012,4,1,0,3,1,clear,7.98,5.0,39.0,19.0,12
summer,2012,4,2,0,3,1,clear,7.04,4.0,45.0,19.0,2
summer,2012,4,3,0,3,1,clear,6.1,3.0,49.0,15.0,2
summer,2012,4,5,0,3,1,clear,5.16,2.0,56.0,13.0,27
summer,2012,4,6,0,3,1,clear,5.16,3.0,56.0,7.0,106
summer,2012,4,7,0,3,1,clear,5.16,3.0,52.0,9.0,321
summer,2012,4,8,0,3,1,clear,6.1,3.0,49.0,15.0,595
summer,2012,4,9,0,3,1,misty,7.04,4.0,49.0,20.0,302
summer,2012,4,10,0,3,1,misty,7.98,4.0,49.0,22.0,153
summer,2012,4,11,0,3,1,misty,9.86,10.0,43.0,22.0,180
summer,2012,4,12,0,3,1,misty,8.92,6.0,46.0,26.0,182
summer,2012,4,13,0,3,1,misty,10.8,11.0,40.0,24.0,163
summer,2012,4,14,0,3,1,clear,8.92,7.0,57.0,13.0,135
summer,2012,4,15,0,3,1,rain,9.86,10.0,46.0,15.0,202
summer,2012,4,16,0,3,1,clear,12.68,13.0,33.0,20.0,307
summer,2012,4,17,0,3,1,clear,11.74,12.0,35.0,26.0,579
summer,2012,4,18,0,3,1,rain,10.8,11.0,43.0,28.0,585
summer,2012,4,19,0,3,1,clear,10.8,11.0,40.0,24.0,384
summer,2012,4,20,0,3,1,clear,8.92,6.0,46.0,22.0,235
summer,2012,4,21,0,3,1,clear,7.98,4.0,57.0,26.0,165
summer,2012,4,22,0,3,1,clear,7.98,4.0,57.0,22.0,134
summer,2012,4,23,0,3,1,clear,7.98,4.0,57.0,20.0,61
summer,2012,4,0,0,4,1,clear,7.04,4.0,66.0,19.0,23
summer,2012,4,1,0,4,1,clear,7.04,4.0,66.0,15.0,9
summer,2012,4,2,0,4,1,clear,7.04,4.0,61.0,19.0,4
summer,2012,4,3,0,4,1,clear,7.04,4.0,61.0,17.0,5
summer,2012,4,4,0,4,1,clear,6.1,3.0,61.0,15.0,1
summer,2012,4,5,0,4,1,clear,6.1,3.0,61.0,15.0,21
summer,2012,4,6,0,4,1,clear,6.1,3.0,65.0,17.0,96
summer,2012,4,7,0,4,1,clear,6.1,2.0,65.0,22.0,306
summer,2012,4,8,0,4,1,clear,7.04,4.0,66.0,22.0,624
summer,2012,4,9,0,4,1,clear,8.92,6.0,57.0,24.0,287
summer,2012,4,10,0,4,1,clear,10.8,11.0,50.0,20.0,141
summer,2012,4,11,0,4,1,clear,11.74,12.0,47.0,20.0,224
summer,2012,4,12,0,4,1,clear,13.62,14.0,41.0,30.0,259
summer,2012,4,13,0,4,1,clear,14.56,15.0,36.0,30.0,203
summer,2012,4,14,0,4,1,clear,15.5,16.0,31.0,22.0,224
summer,2012,4,15,0,4,1,clear,14.56,15.0,31.0,17.0,211
summer,2012,4,16,0,4,1,clear,14.56,15.0,31.0,19.0,353
summer,2012,4,17,0,4,1,clear,15.5,16.0,27.0,26.0,656
summer,2012,4,18,0,4,1,clear,15.5,16.0,27.0,26.0,610
summer,2012,4,19,0,4,1,clear,13.62,14.0,31.0,20.0,433
summer,2012,4,20,0,4,1,clear,12.68,13.0,33.0,17.0,280
summer,2012,4,21,0,4,1,clear,11.74,12.0,35.0,9.0,187
summer,2012,4,22,0,4,1,clear,11.74,12.0,35.0,13.0,158
summer,2012,4,23,0,4,1,clear,11.74,12.0,35.0,13.0,94
summer,2012,4,0,0,5,1,clear,10.8,11.0,37.0,17.0,55
summer,2012,4,1,0,5,1,clear,8.92,7.0,46.0,13.0,30
summer,2012,4,2,0,5,1,clear,7.98,6.0,49.0,13.0,11
summer,2012,4,3,0,5,1,clear,7.98,6.0,61.0,11.0,11
summer,2012,4,4,0,5,1,misty,7.98,6.0,53.0,9.0,5
summer,2012,4,5,0,5,1,misty,7.98,6.0,53.0,11.0,21
summer,2012,4,6,0,5,1,clear,7.04,5.0,57.0,11.0,84
summer,2012,4,7,0,5,1,clear,7.98,5.0,61.0,15.0,296
summer,2012,4,8,0,5,1,clear,9.86,10.0,46.0,11.0,563
summer,2012,4,9,0,5,1,clear,11.74,12.0,41.0,11.0,330
summer,2012,4,10,0,5,1,clear,12.68,13.0,38.0,13.0,192
summer,2012,4,11,0,5,1,clear,13.62,14.0,36.0,9.0,233
summer,2012,4,12,0,5,1,clear,15.5,16.0,31.0,0.0,322
summer,2012,4,13,0,5,1,clear,16.44,17.0,27.0,19.0,358
summer,2012,4,14,0,5,1,clear,16.44,17.0,27.0,0.0,348
summer,2012,4,15,0,5,1,clear,17.38,18.0,28.0,17.0,352
summer,2012,4,16,0,5,1,clear,18.32,19.0,26.0,17.0,463
summer,2012,4,17,0,5,1,clear,18.32,19.0,24.0,11.0,738
summer,2012,4,18,0,5,1,clear,17.38,18.0,26.0,9.0,671
summer,2012,4,19,0,5,1,clear,17.38,18.0,24.0,11.0,427
summer,2012,4,20,0,5,1,clear,15.5,16.0,29.0,9.0,286
summer,2012,4,21,0,5,1,clear,15.5,16.0,36.0,0.0,189
summer,2012,4,22,0,5,1,clear,12.68,13.0,62.0,7.0,215
summer,2012,4,23,0,5,1,clear,11.74,12.0,62.0,6.0,198
summer,2012,4,0,0,6,0,clear,10.8,11.0,58.0,9.0,96
summer,2012,4,1,0,6,0,clear,10.8,11.0,58.0,9.0,70
summer,2012,4,2,0,6,0,clear,9.86,10.0,66.0,9.0,56
summer,2012,4,3,0,6,0,clear,8.92,8.0,66.0,6.0,32
summer,2012,4,4,0,6,0,clear,8.92,8.0,71.0,7.0,14
summer,2012,4,5,0,6,0,clear,8.92,8.0,66.0,7.0,7
summer,2012,4,6,0,6,0,clear,7.98,6.0,76.0,11.0,21
summer,2012,4,7,0,6,0,clear,8.92,8.0,71.0,7.0,64
summer,2012,4,8,0,6,0,clear,8.92,7.0,71.0,9.0,160
summer,2012,4,9,0,6,0,clear,11.74,12.0,54.0,9.0,265
summer,2012,4,10,0,6,0,clear,13.62,14.0,51.0,11.0,406
summer,2012,4,11,0,6,0,clear,16.44,17.0,45.0,13.0,564
summer,2012,4,12,0,6,0,clear,19.26,20.0,35.0,17.0,678
summer,2012,4,13,0,6,0,clear,21.14,25.0,33.0,20.0,678
summer,2012,4,14,0,6,0,misty,22.08,25.0,27.0,30.0,660
summer,2012,4,15,0,6,0,misty,22.08,25.0,27.0,24.0,658
summer,2012,4,16,0,6,0,misty,22.08,25.0,27.0,24.0,582
summer,2012,4,17,0,6,0,misty,21.14,25.0,33.0,17.0,560
summer,2012,4,18,0,6,0,misty,21.14,25.0,35.0,15.0,481
summer,2012,4,19,0,6,0,misty,20.2,25.0,40.0,11.0,459
summer,2012,4,20,0,6,0,misty,18.32,19.0,46.0,9.0,321
summer,2012,4,21,0,6,0,misty,18.32,19.0,43.0,9.0,220
summer,2012,4,22,0,6,0,misty,17.38,18.0,52.0,11.0,212
summer,2012,4,23,0,6,0,misty,17.38,18.0,56.0,13.0,196
summer,2012,4,0,0,0,0,misty,17.38,18.0,56.0,13.0,124
summer,2012,4,1,0,0,0,misty,17.38,18.0,56.0,11.0,106
summer,2012,4,2,0,0,0,misty,17.38,18.0,56.0,7.0,74
summer,2012,4,3,0,0,0,misty,16.44,17.0,59.0,9.0,45
summer,2012,4,4,0,0,0,misty,17.38,18.0,52.0,0.0,12
summer,2012,4,5,0,0,0,clear,15.5,16.0,68.0,11.0,10
summer,2012,4,6,0,0,0,clear,15.5,16.0,63.0,9.0,16
summer,2012,4,7,0,0,0,clear,15.5,16.0,63.0,7.0,46
summer,2012,4,8,0,0,0,clear,16.44,17.0,59.0,0.0,97
summer,2012,4,9,0,0,0,clear,17.38,18.0,56.0,15.0,251
summer,2012,4,10,0,0,0,clear,19.26,20.0,53.0,15.0,421
summer,2012,4,11,0,0,0,clear,21.14,25.0,46.0,20.0,528
summer,2012,4,12,0,0,0,clear,22.08,25.0,44.0,19.0,635
summer,2012,4,13,0,0,0,clear,23.02,25.0,44.0,19.0,681
summer,2012,4,14,0,0,0,clear,24.9,26.0,39.0,19.0,628
summer,2012,4,15,0,0,0,clear,24.9,26.0,39.0,26.0,617
summer,2012,4,16,0,0,0,clear,25.84,27.0,39.0,24.0,616
summer,2012,4,17,0,0,0,clear,24.9,26.0,42.0,22.0,623
summer,2012,4,18,0,0,0,clear,24.9,26.0,42.0,17.0,479
summer,2012,4,19,0,0,0,clear,24.9,26.0,42.0,17.0,379
summer,2012,4,20,0,0,0,clear,22.08,25.0,50.0,15.0,291
summer,2012,4,21,0,0,0,clear,21.14,25.0,57.0,17.0,229
summer,2012,4,22,0,0,0,clear,23.96,26.0,44.0,24.0,134
summer,2012,4,23,0,0,0,clear,23.02,25.0,50.0,26.0,90
summer,2012,4,0,1,1,0,clear,22.08,25.0,53.0,22.0,41
summer,2012,4,1,1,1,0,clear,21.14,24.0,61.0,24.0,28
summer,2012,4,2,1,1,0,clear,20.2,24.0,64.0,17.0,14
summer,2012,4,3,1,1,0,clear,19.26,20.0,68.0,13.0,8
summer,2012,4,4,1,1,0,clear,17.38,18.0,77.0,15.0,6
summer,2012,4,5,1,1,0,clear,17.38,18.0,77.0,15.0,38
summer,2012,4,6,1,1,0,clear,16.44,17.0,83.0,11.0,133
summer,2012,4,7,1,1,0,clear,16.44,17.0,83.0,9.0,387
summer,2012,4,8,1,1,0,misty,18.32,19.0,83.0,11.0,597
summer,2012,4,9,1,1,0,clear,21.14,24.0,69.0,15.0,297
summer,2012,4,10,1,1,0,clear,21.14,24.0,69.0,17.0,224
summer,2012,4,11,1,1,0,clear,22.08,24.0,65.0,17.0,251
summer,2012,4,12,1,1,0,clear,23.96,26.0,57.0,17.0,271
summer,2012,4,13,1,1,0,clear,26.78,28.0,45.0,20.0,263
summer,2012,4,14,1,1,0,clear,27.72,29.0,45.0,22.0,288
summer,2012,4,15,1,1,0,clear,29.6,30.0,33.0,30.0,275
summer,2012,4,16,1,1,0,clear,29.6,30.0,33.0,31.0,358
summer,2012,4,17,1,1,0,clear,29.6,30.0,33.0,26.0,712
summer,2012,4,18,1,1,0,clear,29.6,30.0,31.0,26.0,676
summer,2012,4,19,1,1,0,clear,27.72,28.0,35.0,26.0,522
summer,2012,4,20,1,1,0,clear,26.78,27.0,37.0,20.0,375
summer,2012,4,21,1,1,0,clear,23.96,26.0,51.0,17.0,271
summer,2012,4,22,1,1,0,clear,23.96,26.0,51.0,17.0,214
summer,2012,4,23,1,1,0,clear,24.9,26.0,45.0,20.0,121
summer,2012,4,0,0,2,1,clear,23.02,25.0,54.0,13.0,43
summer,2012,4,1,0,2,1,clear,22.08,25.0,57.0,11.0,11
summer,2012,4,2,0,2,1,clear,18.32,19.0,83.0,7.0,4
summer,2012,4,3,0,2,1,clear,18.32,19.0,83.0,6.0,6
summer,2012,4,4,0,2,1,clear,23.02,25.0,44.0,15.0,9
summer,2012,4,5,0,2,1,clear,20.2,25.0,53.0,17.0,30
summer,2012,4,6,0,2,1,clear,20.2,25.0,46.0,17.0,144
summer,2012,4,7,0,2,1,clear,20.2,25.0,43.0,17.0,461
summer,2012,4,8,0,2,1,clear,20.2,25.0,43.0,15.0,673
summer,2012,4,9,0,2,1,clear,20.2,25.0,38.0,33.0,400
summer,2012,4,10,0,2,1,clear,20.2,25.0,38.0,28.0,217
summer,2012,4,11,0,2,1,clear,20.2,25.0,33.0,28.0,239
summer,2012,4,12,0,2,1,clear,20.2,25.0,33.0,24.0,244
summer,2012,4,13,0,2,1,clear,21.14,25.0,29.0,17.0,239
summer,2012,4,14,0,2,1,clear,22.08,25.0,27.0,19.0,257
summer,2012,4,15,0,2,1,clear,23.02,25.0,24.0,22.0,308
summer,2012,4,16,0,2,1,clear,23.96,25.0,22.0,24.0,370
summer,2012,4,17,0,2,1,clear,22.08,24.0,25.0,20.0,781
summer,2012,4,18,0,2,1,clear,22.08,24.0,25.0,19.0,775
summer,2012,4,19,0,2,1,clear,20.2,24.0,26.0,17.0,537
summer,2012,4,20,0,2,1,clear,20.2,24.0,23.0,19.0,402
summer,2012,4,21,0,2,1,clear,18.32,19.0,26.0,20.0,297
summer,2012,4,22,0,2,1,clear,17.38,18.0,30.0,17.0,162
summer,2012,4,23,0,2,1,clear,17.38,18.0,32.0,15.0,82
summer,2012,4,0,0,3,1,clear,17.38,18.0,32.0,11.0,38
summer,2012,4,1,0,3,1,clear,16.44,17.0,34.0,13.0,14
summer,2012,4,2,0,3,1,misty,15.5,16.0,42.0,13.0,9
summer,2012,4,3,0,3,1,misty,15.5,16.0,42.0,15.0,6
summer,2012,4,4,0,3,1,misty,15.5,16.0,42.0,19.0,7
summer,2012,4,5,0,3,1,misty,15.5,16.0,39.0,19.0,34
summer,2012,4,6,0,3,1,misty,15.5,16.0,39.0,19.0,134
summer,2012,4,7,0,3,1,misty,15.5,16.0,39.0,13.0,418
summer,2012,4,8,0,3,1,rain,15.5,16.0,39.0,13.0,576
summer,2012,4,9,0,3,1,rain,14.56,15.0,44.0,20.0,265
summer,2012,4,10,0,3,1,rain,14.56,15.0,47.0,15.0,147
summer,2012,4,11,0,3,1,rain,13.62,14.0,47.0,17.0,119
summer,2012,4,12,0,3,1,rain,13.62,14.0,51.0,7.0,110
summer,2012,4,13,0,3,1,rain,13.62,14.0,59.0,0.0,64
summer,2012,4,14,0,3,1,rain,12.68,13.0,72.0,7.0,51
summer,2012,4,15,0,3,1,rain,11.74,12.0,77.0,13.0,98
summer,2012,4,16,0,3,1,misty,11.74,12.0,77.0,15.0,235
summer,2012,4,17,0,3,1,misty,11.74,12.0,77.0,13.0,488
summer,2012,4,18,0,3,1,misty,11.74,12.0,77.0,0.0,505
summer,2012,4,19,0,3,1,misty,11.74,12.0,77.0,9.0,368
summer,2012,4,20,0,3,1,misty,11.74,12.0,77.0,7.0,260
summer,2012,4,21,0,3,1,misty,11.74,12.0,82.0,6.0,189
summer,2012,4,22,0,3,1,misty,11.74,12.0,77.0,6.0,162
summer,2012,4,23,0,3,1,misty,11.74,12.0,77.0,0.0,70
summer,2012,4,0,0,4,1,rain,11.74,12.0,77.0,0.0,25
summer,2012,4,1,0,4,1,rain,11.74,12.0,77.0,7.0,13
summer,2012,4,2,0,4,1,misty,11.74,12.0,77.0,0.0,6
summer,2012,4,3,0,4,1,misty,11.74,12.0,77.0,0.0,4
summer,2012,4,4,0,4,1,misty,11.74,12.0,71.0,0.0,4
summer,2012,4,5,0,4,1,clear,10.8,11.0,82.0,0.0,30
summer,2012,4,6,0,4,1,misty,10.8,11.0,82.0,7.0,120
summer,2012,4,7,0,4,1,misty,10.8,11.0,82.0,9.0,406
summer,2012,4,8,0,4,1,misty,11.74,12.0,82.0,7.0,677
summer,2012,4,9,0,4,1,misty,13.62,14.0,72.0,0.0,301
summer,2012,4,10,0,4,1,clear,14.56,15.0,63.0,6.0,189
summer,2012,4,11,0,4,1,clear,16.44,17.0,48.0,0.0,229
summer,2012,4,12,0,4,1,clear,17.38,18.0,49.0,0.0,264
summer,2012,4,13,0,4,1,clear,18.32,19.0,46.0,0.0,238
summer,2012,4,14,0,4,1,clear,19.26,20.0,43.0,0.0,237
summer,2012,4,15,0,4,1,clear,20.2,25.0,43.0,0.0,262
summer,2012,4,16,0,4,1,clear,21.14,25.0,41.0,7.0,387
summer,2012,4,17,0,4,1,clear,20.2,25.0,43.0,6.0,748
summer,2012,4,18,0,4,1,clear,20.2,25.0,43.0,6.0,776
summer,2012,4,19,0,4,1,clear,19.26,20.0,46.0,9.0,586
summer,2012,4,20,0,4,1,clear,18.32,19.0,49.0,15.0,404
summer,2012,4,21,0,4,1,clear,16.44,17.0,55.0,7.0,267
summer,2012,4,22,0,4,1,clear,16.44,17.0,59.0,13.0,248
summer,2012,4,23,0,4,1,clear,15.5,16.0,63.0,7.0,144
summer,2012,4,0,0,5,1,clear,14.56,15.0,67.0,7.0,64
summer,2012,4,1,0,5,1,clear,13.62,14.0,82.0,13.0,25
summer,2012,4,2,0,5,1,clear,12.68,13.0,88.0,13.0,21
summer,2012,4,3,0,5,1,clear,12.68,13.0,88.0,7.0,10
summer,2012,4,4,0,5,1,clear,11.74,12.0,94.0,7.0,3
summer,2012,4,5,0,5,1,clear,11.74,12.0,94.0,0.0,25
summer,2012,4,6,0,5,1,clear,11.74,12.0,88.0,0.0,113
summer,2012,4,7,0,5,1,clear,11.74,12.0,94.0,0.0,359
summer,2012,4,8,0,5,1,clear,12.68,13.0,94.0,0.0,700
summer,2012,4,9,0,5,1,clear,13.62,14.0,88.0,6.0,359
summer,2012,4,10,0,5,1,clear,15.5,16.0,77.0,13.0,237
summer,2012,4,11,0,5,1,clear,17.38,18.0,68.0,11.0,254
summer,2012,4,12,0,5,1,clear,19.26,20.0,53.0,13.0,362
summer,2012,4,13,0,5,1,clear,21.14,25.0,43.0,13.0,381
summer,2012,4,14,0,5,1,clear,22.08,25.0,44.0,15.0,394
summer,2012,4,15,0,5,1,clear,22.08,25.0,47.0,13.0,407
summer,2012,4,16,0,5,1,clear,23.02,25.0,44.0,13.0,580
summer,2012,4,17,0,5,1,clear,22.08,25.0,47.0,19.0,819
summer,2012,4,18,0,5,1,clear,21.14,25.0,50.0,19.0,668
summer,2012,4,19,0,5,1,clear,20.2,25.0,53.0,13.0,492
summer,2012,4,20,0,5,1,clear,19.26,20.0,56.0,11.0,341
summer,2012,4,21,0,5,1,clear,18.32,19.0,68.0,9.0,287
summer,2012,4,22,0,5,1,clear,17.38,18.0,68.0,17.0,202
summer,2012,4,23,0,5,1,clear,16.44,17.0,72.0,9.0,187
summer,2012,4,0,0,6,0,clear,16.44,17.0,77.0,15.0,142
summer,2012,4,1,0,6,0,clear,16.44,17.0,77.0,15.0,88
summer,2012,4,2,0,6,0,clear,16.44,17.0,77.0,9.0,81
summer,2012,4,3,0,6,0,clear,15.5,16.0,82.0,15.0,29
summer,2012,4,4,0,6,0,clear,15.5,16.0,82.0,17.0,9
summer,2012,4,5,0,6,0,clear,15.5,16.0,82.0,17.0,1
summer,2012,4,6,0,6,0,clear,15.5,16.0,82.0,15.0,31
summer,2012,4,7,0,6,0,clear,15.5,16.0,82.0,19.0,76
summer,2012,4,8,0,6,0,clear,16.44,17.0,81.0,17.0,201
summer,2012,4,9,0,6,0,clear,17.38,18.0,77.0,11.0,331
summer,2012,4,10,0,6,0,clear,20.2,24.0,64.0,19.0,482
summer,2012,4,11,0,6,0,clear,21.14,24.0,61.0,22.0,608
summer,2012,4,12,0,6,0,clear,22.08,25.0,57.0,15.0,640
summer,2012,4,13,0,6,0,clear,23.02,25.0,54.0,15.0,649
summer,2012,4,14,0,6,0,clear,24.9,26.0,45.0,19.0,609
summer,2012,4,15,0,6,0,clear,25.84,27.0,39.0,17.0,628
summer,2012,4,16,0,6,0,clear,24.9,26.0,42.0,22.0,639
summer,2012,4,17,0,6,0,misty,26.78,27.0,30.0,26.0,568
summer,2012,4,18,0,6,0,misty,23.96,26.0,47.0,33.0,416
summer,2012,4,19,0,6,0,rain,18.32,19.0,73.0,33.0,54
summer,2012,4,20,0,6,0,rain,15.5,16.0,82.0,20.0,39
summer,2012,4,21,0,6,0,rain,15.5,16.0,82.0,26.0,102
summer,2012,4,22,0,6,0,clear,14.56,15.0,82.0,20.0,110
summer,2012,4,23,0,6,0,misty,13.62,14.0,82.0,19.0,91
summer,2012,4,0,0,0,0,misty,13.62,14.0,82.0,13.0,117
summer,2012,4,1,0,0,0,misty,13.62,14.0,82.0,22.0,73
summer,2012,4,2,0,0,0,clear,13.62,14.0,72.0,19.0,56
summer,2012,4,3,0,0,0,misty,12.68,13.0,82.0,11.0,40
summer,2012,4,4,0,0,0,misty,12.68,13.0,77.0,11.0,7
summer,2012,4,5,0,0,0,misty,12.68,13.0,77.0,15.0,6
summer,2012,4,6,0,0,0,misty,12.68,13.0,72.0,22.0,12
summer,2012,4,7,0,0,0,rain,11.74,12.0,77.0,26.0,24
summer,2012,4,8,0,0,0,rain,10.8,11.0,82.0,17.0,51
summer,2012,4,9,0,0,0,rain,10.8,11.0,82.0,17.0,79
summer,2012,4,10,0,0,0,rain,9.86,10.0,82.0,22.0,68
summer,2012,4,11,0,0,0,rain,9.86,10.0,87.0,20.0,77
summer,2012,4,12,0,0,0,rain,9.86,10.0,87.0,22.0,61
summer,2012,4,13,0,0,0,rain,9.86,10.0,82.0,24.0,52
summer,2012,4,14,0,0,0,rain,9.86,10.0,87.0,22.0,53
summer,2012,4,15,0,0,0,rain,9.86,10.0,87.0,26.0,38
summer,2012,4,16,0,0,0,rain,9.86,10.0,87.0,30.0,36
summer,2012,4,17,0,0,0,rain,8.92,5.0,93.0,30.0,27
summer,2012,4,18,0,0,0,rain,8.92,5.0,93.0,30.0,39
summer,2012,4,19,0,0,0,rain,8.92,5.0,87.0,35.0,35
summer,2012,4,20,0,0,0,rain,8.92,6.0,93.0,28.0,35
summer,2012,4,21,0,0,0,rain,8.92,6.0,87.0,26.0,11
summer,2012,4,22,0,0,0,rain,7.98,3.0,87.0,35.0,13
summer,2012,4,23,0,0,0,rain,8.92,5.0,81.0,31.0,17
summer,2012,4,0,0,1,1,rain,8.92,6.0,81.0,28.0,6
summer,2012,4,1,0,1,1,rain,7.98,4.0,87.0,24.0,2
summer,2012,4,2,0,1,1,misty,7.04,4.0,87.0,22.0,4
summer,2012,4,3,0,1,1,misty,7.04,4.0,81.0,19.0,1
summer,2012,4,4,0,1,1,rain,6.1,3.0,81.0,19.0,3
summer,2012,4,5,0,1,1,rain,6.1,3.0,81.0,19.0,14
summer,2012,4,6,0,1,1,misty,6.1,2.0,81.0,20.0,45
summer,2012,4,7,0,1,1,rain,6.1,3.0,81.0,17.0,207
summer,2012,4,8,0,1,1,misty,6.1,2.0,75.0,22.0,482
summer,2012,4,9,0,1,1,misty,6.1,2.0,75.0,26.0,272
summer,2012,4,10,0,1,1,misty,7.04,4.0,70.0,22.0,100
summer,2012,4,11,0,1,1,misty,7.04,3.0,70.0,24.0,101
summer,2012,4,12,0,1,1,rain,7.98,4.0,71.0,24.0,129
summer,2012,4,13,0,1,1,rain,7.98,4.0,66.0,26.0,107
summer,2012,4,14,0,1,1,rain,8.92,5.0,62.0,30.0,114
summer,2012,4,15,0,1,1,misty,8.92,6.0,62.0,26.0,112
summer,2012,4,16,0,1,1,rain,6.1,2.0,81.0,24.0,103
summer,2012,4,17,0,1,1,rain,6.1,2.0,82.0,22.0,232
summer,2012,4,18,0,1,1,rain,7.04,6.0,81.0,9.0,379
summer,2012,4,19,0,1,1,misty,7.98,5.0,76.0,15.0,298
summer,2012,4,20,0,1,1,misty,7.04,5.0,76.0,11.0,203
summer,2012,4,21,0,1,1,misty,7.04,4.0,81.0,15.0,152
summer,2012,4,22,0,1,1,clear,7.04,5.0,76.0,13.0,89
summer,2012,4,23,0,1,1,clear,7.04,5.0,76.0,11.0,59
summer,2012,4,0,0,2,1,misty,7.04,6.0,76.0,9.0,13
summer,2012,4,1,0,2,1,misty,7.04,6.0,81.0,9.0,7
summer,2012,4,2,0,2,1,clear,7.04,5.0,81.0,13.0,3
summer,2012,4,3,0,2,1,clear,7.04,4.0,81.0,15.0,2
summer,2012,4,4,0,2,1,clear,6.1,3.0,70.0,13.0,3
summer,2012,4,5,0,2,1,clear,6.1,3.0,70.0,13.0,22
summer,2012,4,6,0,2,1,clear,6.1,3.0,70.0,15.0,120
summer,2012,4,7,0,2,1,clear,7.04,4.0,66.0,19.0,390
summer,2012,4,8,0,2,1,clear,7.98,5.0,61.0,17.0,611
summer,2012,4,9,0,2,1,clear,10.8,11.0,47.0,24.0,308
summer,2012,4,10,0,2,1,clear,11.74,12.0,47.0,20.0,162
summer,2012,4,11,0,2,1,clear,13.62,14.0,31.0,26.0,184
summer,2012,4,12,0,2,1,clear,14.56,15.0,29.0,26.0,224
summer,2012,4,13,0,2,1,clear,15.5,16.0,29.0,26.0,224
summer,2012,4,14,0,2,1,clear,15.5,16.0,25.0,26.0,216
summer,2012,4,15,0,2,1,clear,15.5,16.0,23.0,28.0,236
summer,2012,4,16,0,2,1,clear,15.5,16.0,23.0,13.0,362
summer,2012,4,17,0,2,1,clear,16.44,17.0,22.0,26.0,691
summer,2012,4,18,0,2,1,clear,15.5,16.0,18.0,0.0,632
summer,2012,4,19,0,2,1,clear,15.5,16.0,18.0,17.0,482
summer,2012,4,20,0,2,1,clear,14.56,15.0,21.0,22.0,285
summer,2012,4,21,0,2,1,misty,13.62,14.0,28.0,11.0,226
summer,2012,4,22,0,2,1,clear,12.68,13.0,35.0,7.0,157
summer,2012,4,23,0,2,1,clear,11.74,12.0,38.0,6.0,73
summer,2012,4,0,0,3,1,clear,12.68,13.0,38.0,0.0,36
summer,2012,4,1,0,3,1,clear,11.74,12.0,41.0,0.0,25
summer,2012,4,2,0,3,1,clear,8.92,9.0,62.0,0.0,7
summer,2012,4,3,0,3,1,clear,7.04,6.0,70.0,6.0,3
summer,2012,4,4,0,3,1,clear,7.98,7.0,66.0,6.0,6
summer,2012,4,5,0,3,1,clear,7.98,8.0,66.0,0.0,24
summer,2012,4,6,0,3,1,clear,7.98,8.0,66.0,0.0,106
summer,2012,4,7,0,3,1,clear,7.98,8.0,71.0,0.0,389
summer,2012,4,8,0,3,1,clear,8.92,8.0,76.0,6.0,654
summer,2012,4,9,0,3,1,clear,11.74,12.0,54.0,0.0,321
summer,2012,4,10,0,3,1,clear,16.44,17.0,34.0,0.0,182
summer,2012,4,11,0,3,1,clear,16.44,17.0,32.0,9.0,219
summer,2012,4,12,0,3,1,clear,17.38,18.0,28.0,19.0,269
summer,2012,4,13,0,3,1,clear,18.32,19.0,26.0,15.0,228
summer,2012,4,14,0,3,1,clear,18.32,19.0,22.0,24.0,223
summer,2012,4,15,0,3,1,clear,19.26,20.0,19.0,11.0,229
summer,2012,4,16,0,3,1,clear,20.2,23.0,20.0,22.0,376
summer,2012,4,17,0,3,1,clear,20.2,23.0,20.0,20.0,732
summer,2012,4,18,0,3,1,clear,20.2,23.0,20.0,19.0,709
summer,2012,4,19,0,3,1,clear,20.2,23.0,20.0,13.0,543
summer,2012,4,20,0,3,1,clear,18.32,19.0,22.0,6.0,380
summer,2012,4,21,0,3,1,clear,16.44,17.0,52.0,9.0,239
summer,2012,4,22,0,3,1,clear,15.5,16.0,51.0,0.0,192
summer,2012,4,23,0,3,1,misty,15.5,16.0,51.0,6.0,104
summer,2012,4,0,0,4,1,misty,14.56,15.0,63.0,0.0,43
summer,2012,4,1,0,4,1,misty,14.56,15.0,48.0,6.0,23
summer,2012,4,2,0,4,1,misty,14.56,15.0,55.0,7.0,13
summer,2012,4,3,0,4,1,misty,14.56,15.0,55.0,6.0,6
summer,2012,4,4,0,4,1,misty,14.56,15.0,59.0,6.0,3
summer,2012,4,5,0,4,1,misty,14.56,15.0,63.0,9.0,17
summer,2012,4,6,0,4,1,misty,14.56,15.0,63.0,17.0,127
summer,2012,4,7,0,4,1,rain,13.62,14.0,82.0,24.0,225
summer,2012,4,8,0,4,1,rain,13.62,14.0,82.0,13.0,362
summer,2012,4,9,0,4,1,rain,13.62,14.0,88.0,11.0,201
summer,2012,4,10,0,4,1,misty,13.62,14.0,94.0,11.0,139
summer,2012,4,11,0,4,1,misty,13.62,14.0,94.0,15.0,151
summer,2012,4,12,0,4,1,misty,16.44,17.0,83.0,9.0,204
summer,2012,4,13,0,4,1,misty,15.5,16.0,82.0,11.0,197
summer,2012,4,14,0,4,1,misty,17.38,18.0,77.0,13.0,169
summer,2012,4,15,0,4,1,misty,16.44,17.0,83.0,22.0,204
summer,2012,4,16,0,4,1,misty,16.44,17.0,83.0,15.0,318
summer,2012,4,17,0,4,1,clear,17.38,18.0,77.0,11.0,614
summer,2012,4,18,0,4,1,misty,17.38,18.0,77.0,13.0,664
summer,2012,4,19,0,4,1,misty,17.38,18.0,77.0,15.0,464
summer,2012,4,20,0,4,1,clear,17.38,18.0,77.0,13.0,337
summer,2012,4,21,0,4,1,clear,16.44,17.0,83.0,15.0,250
summer,2012,4,22,0,4,1,clear,16.44,17.0,83.0,11.0,183
summer,2012,4,23,0,4,1,clear,15.5,16.0,88.0,11.0,112
summer,2012,4,0,0,5,1,clear,17.38,18.0,68.0,37.0,73
summer,2012,4,1,0,5,1,clear,15.5,16.0,59.0,30.0,35
summer,2012,4,2,0,5,1,clear,14.56,15.0,59.0,28.0,22
summer,2012,4,3,0,5,1,clear,12.68,13.0,47.0,33.0,3
summer,2012,4,4,0,5,1,clear,11.74,12.0,44.0,17.0,6
summer,2012,4,5,0,5,1,clear,11.74,12.0,44.0,24.0,19
summer,2012,4,6,0,5,1,clear,10.8,11.0,43.0,17.0,120
summer,2012,4,7,0,5,1,clear,9.86,10.0,50.0,19.0,315
summer,2012,4,8,0,5,1,clear,10.8,11.0,50.0,0.0,592
summer,2012,4,9,0,5,1,clear,11.74,12.0,44.0,33.0,334
summer,2012,4,10,0,5,1,clear,12.68,13.0,38.0,28.0,236
summer,2012,4,11,0,5,1,clear,12.68,13.0,38.0,22.0,233
summer,2012,4,12,0,5,1,clear,13.62,14.0,36.0,24.0,307
summer,2012,4,13,0,5,1,clear,13.62,14.0,33.0,26.0,306
summer,2012,4,14,0,5,1,clear,13.62,14.0,33.0,22.0,300
summer,2012,4,15,0,5,1,clear,16.44,17.0,29.0,33.0,324
summer,2012,4,16,0,5,1,clear,16.44,17.0,29.0,17.0,440
summer,2012,4,17,0,5,1,clear,17.38,18.0,24.0,26.0,702
summer,2012,4,18,0,5,1,clear,16.44,17.0,25.0,24.0,654
summer,2012,4,19,0,5,1,clear,15.5,16.0,27.0,26.0,441
summer,2012,4,20,0,5,1,clear,13.62,14.0,31.0,19.0,289
summer,2012,4,21,0,5,1,clear,12.68,13.0,33.0,20.0,208
summer,2012,4,22,0,5,1,clear,11.74,12.0,38.0,17.0,158
summer,2012,4,23,0,5,1,clear,10.8,11.0,40.0,17.0,116
summer,2012,4,0,0,6,0,clear,9.86,10.0,43.0,11.0,103
summer,2012,4,1,0,6,0,clear,8.92,6.0,50.0,20.0,67
summer,2012,4,2,0,6,0,clear,8.92,7.0,43.0,11.0,57
summer,2012,4,3,0,6,0,clear,7.98,5.0,49.0,15.0,26
summer,2012,4,4,0,6,0,clear,7.98,6.0,49.0,11.0,2
summer,2012,4,5,0,6,0,clear,7.98,6.0,46.0,9.0,5
summer,2012,4,6,0,6,0,clear,7.98,6.0,49.0,13.0,28
summer,2012,4,7,0,6,0,clear,7.98,6.0,49.0,11.0,55
summer,2012,4,8,0,6,0,clear,9.86,10.0,40.0,9.0,158
summer,2012,4,9,0,6,0,misty,9.86,10.0,37.0,0.0,214
summer,2012,4,10,0,6,0,misty,9.86,10.0,40.0,11.0,291
summer,2012,4,11,0,6,0,misty,9.86,10.0,40.0,7.0,358
summer,2012,4,12,0,6,0,misty,9.86,10.0,43.0,0.0,381
summer,2012,4,13,0,6,0,misty,10.8,11.0,37.0,0.0,389
summer,2012,4,14,0,6,0,clear,11.74,12.0,38.0,7.0,440
summer,2012,4,15,0,6,0,clear,11.74,12.0,41.0,15.0,408
summer,2012,4,16,0,6,0,misty,12.68,13.0,38.0,13.0,376
summer,2012,4,17,0,6,0,misty,11.74,12.0,41.0,9.0,322
summer,2012,4,18,0,6,0,rain,10.8,11.0,47.0,0.0,90
summer,2012,4,19,0,6,0,rain,8.92,7.0,71.0,9.0,139
summer,2012,4,20,0,6,0,misty,9.86,10.0,66.0,0.0,102
summer,2012,4,21,0,6,0,rain,8.92,7.0,71.0,13.0,84
summer,2012,4,22,0,6,0,misty,8.92,7.0,71.0,9.0,83
summer,2012,4,23,0,6,0,misty,9.86,10.0,76.0,6.0,42
summer,2012,4,0,0,0,0,rain,8.92,7.0,81.0,9.0,36
summer,2012,4,1,0,0,0,misty,8.92,7.0,81.0,9.0,42
summer,2012,4,2,0,0,0,misty,8.92,8.0,87.0,7.0,40
summer,2012,4,3,0,0,0,misty,8.92,7.0,87.0,13.0,16
summer,2012,4,4,0,0,0,misty,8.92,7.0,87.0,9.0,4
summer,2012,4,5,0,0,0,clear,7.98,8.0,87.0,0.0,6
summer,2012,4,6,0,0,0,clear,7.98,6.0,87.0,9.0,7
summer,2012,4,7,0,0,0,misty,7.98,6.0,87.0,9.0,27
summer,2012,4,8,0,0,0,clear,9.86,10.0,76.0,9.0,107
summer,2012,4,9,0,0,0,clear,10.8,11.0,71.0,9.0,185
summer,2012,4,10,0,0,0,clear,11.74,12.0,67.0,6.0,380
summer,2012,4,11,0,0,0,clear,13.62,14.0,51.0,0.0,411
summer,2012,4,12,0,0,0,clear,14.56,15.0,44.0,7.0,584
summer,2012,4,13,0,0,0,clear,15.5,16.0,45.0,7.0,595
summer,2012,4,14,0,0,0,clear,17.38,18.0,34.0,0.0,653
summer,2012,4,15,0,0,0,clear,18.32,19.0,37.0,9.0,603
summer,2012,4,16,0,0,0,clear,20.2,24.0,28.0,13.0,587
summer,2012,4,17,0,0,0,clear,21.14,24.0,27.0,20.0,522
summer,2012,4,18,0,0,0,clear,20.2,24.0,26.0,19.0,487
summer,2012,4,19,0,0,0,clear,18.32,19.0,35.0,9.0,375
summer,2012,4,20,0,0,0,clear,18.32,19.0,32.0,6.0,243
summer,2012,4,21,0,0,0,clear,16.44,17.0,48.0,9.0,204
summer,2012,4,22,0,0,0,clear,15.5,16.0,45.0,0.0,108
summer,2012,4,23,0,0,0,clear,14.56,15.0,59.0,0.0,82
summer,2012,4,0,0,1,1,clear,12.68,13.0,72.0,7.0,48
summer,2012,4,1,0,1,1,clear,11.74,12.0,77.0,6.0,24
summer,2012,4,2,0,1,1,clear,11.74,12.0,71.0,9.0,8
summer,2012,4,3,0,1,1,clear,10.8,11.0,76.0,11.0,4
summer,2012,4,4,0,1,1,clear,9.86,10.0,62.0,17.0,2
summer,2012,4,5,0,1,1,clear,9.86,10.0,62.0,17.0,20
summer,2012,4,6,0,1,1,clear,10.8,11.0,47.0,13.0,123
summer,2012,4,7,0,1,1,clear,10.8,11.0,50.0,13.0,349
summer,2012,4,8,0,1,1,clear,10.8,11.0,43.0,13.0,596
summer,2012,4,9,0,1,1,misty,10.8,11.0,43.0,13.0,268
summer,2012,4,10,0,1,1,misty,11.74,12.0,41.0,11.0,157
summer,2012,4,11,0,1,1,misty,12.68,13.0,44.0,7.0,163
summer,2012,4,12,0,1,1,misty,12.68,13.0,47.0,9.0,225
summer,2012,4,13,0,1,1,misty,14.56,15.0,51.0,6.0,247
summer,2012,4,14,0,1,1,misty,15.5,16.0,55.0,9.0,218
summer,2012,4,15,0,1,1,misty,16.44,17.0,55.0,7.0,231
summer,2012,4,16,0,1,1,clear,18.32,19.0,60.0,13.0,347
summer,2012,4,17,0,1,1,clear,18.32,19.0,60.0,11.0,683
summer,2012,4,18,0,1,1,misty,18.32,19.0,60.0,15.0,664
summer,2012,4,19,0,1,1,misty,17.38,18.0,64.0,17.0,471
summer,2012,4,20,0,1,1,misty,16.44,17.0,59.0,13.0,309
summer,2012,4,21,0,1,1,misty,16.44,17.0,59.0,13.0,221
summer,2012,4,22,0,1,1,misty,16.44,17.0,55.0,11.0,134
summer,2012,4,23,0,1,1,misty,16.44,17.0,55.0,15.0,60
summer,2012,5,0,0,2,1,misty,15.5,16.0,59.0,13.0,35
summer,2012,5,1,0,2,1,misty,15.5,16.0,63.0,9.0,21
summer,2012,5,2,0,2,1,misty,15.5,16.0,72.0,6.0,8
summer,2012,5,3,0,2,1,misty,15.5,16.0,77.0,0.0,3
summer,2012,5,4,0,2,1,misty,16.44,17.0,72.0,6.0,8
summer,2012,5,5,0,2,1,misty,16.44,17.0,72.0,6.0,17
summer,2012,5,6,0,2,1,rain,16.44,17.0,77.0,7.0,26
summer,2012,5,7,0,2,1,misty,15.5,16.0,94.0,17.0,169
summer,2012,5,8,0,2,1,misty,16.44,17.0,94.0,19.0,557
summer,2012,5,9,0,2,1,misty,17.38,18.0,88.0,13.0,349
summer,2012,5,10,0,2,1,clear,21.14,23.0,78.0,17.0,174
summer,2012,5,11,0,2,1,misty,23.02,25.0,65.0,19.0,229
summer,2012,5,12,0,2,1,misty,24.9,27.0,58.0,15.0,269
summer,2012,5,13,0,2,1,misty,25.84,28.0,51.0,15.0,249
summer,2012,5,14,0,2,1,misty,26.78,28.0,48.0,17.0,204
summer,2012,5,15,0,2,1,misty,26.78,28.0,45.0,15.0,234
summer,2012,5,16,0,2,1,clear,26.78,28.0,45.0,13.0,354
summer,2012,5,17,0,2,1,clear,26.78,28.0,48.0,6.0,681
summer,2012,5,18,0,2,1,clear,24.9,27.0,54.0,9.0,743
summer,2012,5,19,0,2,1,clear,24.9,27.0,54.0,9.0,487
summer,2012,5,20,0,2,1,clear,23.02,25.0,61.0,11.0,335
summer,2012,5,21,0,2,1,clear,22.08,24.0,65.0,9.0,282
summer,2012,5,22,0,2,1,clear,22.08,24.0,65.0,0.0,211
summer,2012,5,23,0,2,1,clear,20.2,22.0,78.0,0.0,95
summer,2012,5,0,0,3,1,clear,20.2,22.0,78.0,7.0,47
summer,2012,5,1,0,3,1,clear,18.32,19.0,83.0,0.0,15
summer,2012,5,2,0,3,1,clear,18.32,19.0,83.0,0.0,16
summer,2012,5,3,0,3,1,clear,18.32,19.0,83.0,6.0,6
summer,2012,5,4,0,3,1,clear,17.38,18.0,88.0,0.0,4
summer,2012,5,5,0,3,1,clear,17.38,18.0,90.0,9.0,33
summer,2012,5,6,0,3,1,rain,18.32,19.0,84.0,0.0,120
summer,2012,5,7,0,3,1,misty,17.38,18.0,88.0,13.0,358
summer,2012,5,8,0,3,1,misty,18.32,19.0,88.0,0.0,666
summer,2012,5,9,0,3,1,misty,18.32,19.0,88.0,0.0,315
summer,2012,5,10,0,3,1,misty,19.26,20.0,83.0,7.0,175
summer,2012,5,11,0,3,1,misty,19.26,20.0,81.0,9.0,184
summer,2012,5,12,0,3,1,misty,19.26,20.0,83.0,15.0,245
summer,2012,5,13,0,3,1,misty,19.26,20.0,78.0,13.0,228
summer,2012,5,14,0,3,1,clear,21.14,24.0,69.0,6.0,240
summer,2012,5,15,0,3,1,clear,22.08,24.0,65.0,13.0,256
summer,2012,5,16,0,3,1,clear,22.08,24.0,65.0,11.0,367
summer,2012,5,17,0,3,1,clear,20.2,23.0,73.0,17.0,729
summer,2012,5,18,0,3,1,clear,18.32,19.0,73.0,15.0,813
summer,2012,5,19,0,3,1,clear,17.38,18.0,77.0,17.0,504
summer,2012,5,20,0,3,1,clear,16.44,17.0,77.0,17.0,338
summer,2012,5,21,0,3,1,clear,16.44,17.0,77.0,15.0,239
summer,2012,5,22,0,3,1,clear,15.5,16.0,82.0,15.0,173
summer,2012,5,23,0,3,1,misty,15.5,16.0,77.0,17.0,98
summer,2012,5,0,0,4,1,misty,14.56,15.0,82.0,15.0,90
summer,2012,5,1,0,4,1,misty,13.62,14.0,88.0,7.0,24
summer,2012,5,2,0,4,1,misty,13.62,14.0,88.0,9.0,17
summer,2012,5,3,0,4,1,misty,13.62,14.0,88.0,0.0,6
summer,2012,5,4,0,4,1,misty,13.62,14.0,88.0,17.0,2
summer,2012,5,5,0,4,1,misty,13.62,14.0,88.0,17.0,21
summer,2012,5,6,0,4,1,misty,13.62,14.0,88.0,11.0,136
summer,2012,5,7,0,4,1,rain,12.68,13.0,94.0,7.0,384
summer,2012,5,8,0,4,1,rain,13.62,14.0,88.0,13.0,627
summer,2012,5,9,0,4,1,misty,14.56,15.0,88.0,7.0,304
summer,2012,5,10,0,4,1,misty,16.44,17.0,77.0,0.0,168
summer,2012,5,11,0,4,1,clear,17.38,18.0,77.0,0.0,201
summer,2012,5,12,0,4,1,clear,18.32,19.0,73.0,9.0,301
summer,2012,5,13,0,4,1,clear,20.2,23.0,69.0,13.0,265
summer,2012,5,14,0,4,1,clear,22.08,24.0,65.0,13.0,204
summer,2012,5,15,0,4,1,clear,23.02,25.0,61.0,13.0,283
summer,2012,5,16,0,4,1,clear,23.96,26.0,57.0,11.0,370
summer,2012,5,17,0,4,1,clear,25.84,28.0,54.0,9.0,704
summer,2012,5,18,0,4,1,clear,25.84,28.0,58.0,9.0,706
summer,2012,5,19,0,4,1,clear,24.9,27.0,61.0,13.0,522
summer,2012,5,20,0,4,1,clear,22.08,24.0,73.0,13.0,420
summer,2012,5,21,0,4,1,clear,21.14,23.0,78.0,9.0,299
summer,2012,5,22,0,4,1,clear,21.14,23.0,78.0,0.0,246
summer,2012,5,23,0,4,1,clear,20.2,21.0,83.0,0.0,121
summer,2012,5,0,0,5,1,clear,20.2,22.0,78.0,22.0,89
summer,2012,5,1,0,5,1,clear,20.2,22.0,78.0,7.0,48
summer,2012,5,2,0,5,1,clear,19.26,20.0,83.0,9.0,11
summer,2012,5,3,0,5,1,clear,18.32,19.0,88.0,15.0,14
summer,2012,5,4,0,5,1,clear,18.32,19.0,88.0,13.0,4
summer,2012,5,5,0,5,1,clear,18.32,19.0,88.0,13.0,24
summer,2012,5,6,0,5,1,clear,17.38,18.0,94.0,7.0,135
summer,2012,5,7,0,5,1,clear,18.32,19.0,88.0,0.0,356
summer,2012,5,8,0,5,1,clear,18.32,19.0,88.0,0.0,618
summer,2012,5,9,0,5,1,clear,20.2,22.0,78.0,0.0,294
summer,2012,5,10,0,5,1,misty,21.14,23.0,73.0,9.0,199
summer,2012,5,11,0,5,1,misty,24.9,27.0,61.0,0.0,258
summer,2012,5,12,0,5,1,rain,21.14,23.0,78.0,24.0,171
summer,2012,5,13,0,5,1,misty,22.08,24.0,73.0,0.0,278
summer,2012,5,14,0,5,1,misty,23.02,25.0,74.0,19.0,242
summer,2012,5,15,0,5,1,misty,25.84,29.0,62.0,7.0,343
summer,2012,5,16,0,5,1,clear,27.72,29.0,48.0,11.0,440
summer,2012,5,17,0,5,1,clear,24.9,27.0,54.0,31.0,643
summer,2012,5,18,0,5,1,clear,24.9,27.0,54.0,31.0,641
summer,2012,5,19,0,5,1,clear,24.9,27.0,51.0,9.0,452
summer,2012,5,20,0,5,1,clear,23.96,26.0,51.0,7.0,313
summer,2012,5,21,0,5,1,clear,22.08,24.0,69.0,13.0,235
summer,2012,5,22,0,5,1,clear,20.2,21.0,83.0,9.0,232
summer,2012,5,23,0,5,1,clear,20.2,21.0,83.0,6.0,256
summer,2012,5,0,0,6,0,clear,20.2,21.0,83.0,0.0,153
summer,2012,5,1,0,6,0,clear,20.2,21.0,83.0,0.0,107
summer,2012,5,2,0,6,0,clear,19.26,20.0,88.0,0.0,75
summer,2012,5,3,0,6,0,clear,19.26,20.0,83.0,0.0,32
summer,2012,5,4,0,6,0,clear,18.32,19.0,88.0,7.0,9
summer,2012,5,5,0,6,0,clear,18.32,19.0,88.0,6.0,22
summer,2012,5,6,0,6,0,misty,17.38,18.0,94.0,0.0,42
summer,2012,5,7,0,6,0,clear,18.32,19.0,88.0,0.0,87
summer,2012,5,8,0,6,0,clear,19.26,20.0,83.0,6.0,197
summer,2012,5,9,0,6,0,clear,21.14,23.0,78.0,7.0,284
summer,2012,5,10,0,6,0,clear,23.02,25.0,65.0,9.0,432
summer,2012,5,11,0,6,0,clear,24.9,27.0,58.0,6.0,575
summer,2012,5,12,0,6,0,clear,25.84,28.0,58.0,7.0,550
summer,2012,5,13,0,6,0,clear,26.78,29.0,55.0,9.0,524
summer,2012,5,14,0,6,0,rain,24.9,27.0,61.0,20.0,428
summer,2012,5,15,0,6,0,rain,23.02,25.0,74.0,13.0,541
summer,2012,5,16,0,6,0,misty,23.96,26.0,65.0,26.0,540
summer,2012,5,17,0,6,0,misty,23.96,26.0,65.0,20.0,502
summer,2012,5,18,0,6,0,misty,23.02,25.0,69.0,24.0,434
summer,2012,5,19,0,6,0,misty,21.14,23.0,73.0,22.0,405
summer,2012,5,20,0,6,0,clear,20.2,22.0,78.0,17.0,309
summer,2012,5,21,0,6,0,misty,19.26,20.0,78.0,15.0,269
summer,2012,5,22,0,6,0,misty,19.26,20.0,78.0,13.0,217
summer,2012,5,23,0,6,0,misty,18.32,19.0,83.0,19.0,149
summer,2012,5,0,0,0,0,misty,18.32,19.0,83.0,9.0,134
summer,2012,5,1,0,0,0,misty,17.38,18.0,83.0,15.0,121
summer,2012,5,2,0,0,0,misty,17.38,18.0,83.0,19.0,93
summer,2012,5,3,0,0,0,misty,17.38,18.0,83.0,13.0,28
summer,2012,5,4,0,0,0,rain,16.44,17.0,83.0,11.0,16
summer,2012,5,5,0,0,0,rain,16.44,17.0,83.0,11.0,11
summer,2012,5,6,0,0,0,rain,16.44,17.0,83.0,15.0,17
summer,2012,5,7,0,0,0,rain,16.44,17.0,83.0,11.0,36
summer,2012,5,8,0,0,0,misty,15.5,16.0,88.0,9.0,114
summer,2012,5,9,0,0,0,misty,16.44,17.0,83.0,11.0,191
summer,2012,5,10,0,0,0,misty,17.38,18.0,77.0,7.0,333
summer,2012,5,11,0,0,0,clear,18.32,19.0,73.0,7.0,414
summer,2012,5,12,0,0,0,misty,20.2,24.0,64.0,6.0,558
summer,2012,5,13,0,0,0,misty,20.2,24.0,64.0,0.0,565
summer,2012,5,14,0,0,0,misty,20.2,24.0,64.0,7.0,518
summer,2012,5,15,0,0,0,misty,21.14,24.0,61.0,7.0,571
summer,2012,5,16,0,0,0,misty,21.14,24.0,61.0,0.0,544
summer,2012,5,17,0,0,0,misty,21.14,24.0,65.0,9.0,511
summer,2012,5,18,0,0,0,misty,21.14,24.0,61.0,13.0,463
summer,2012,5,19,0,0,0,misty,20.2,24.0,64.0,11.0,383
summer,2012,5,20,0,0,0,clear,20.2,24.0,64.0,13.0,276
summer,2012,5,21,0,0,0,clear,18.32,19.0,73.0,13.0,203
summer,2012,5,22,0,0,0,clear,18.32,19.0,73.0,11.0,157
summer,2012,5,23,0,0,0,clear,16.44,17.0,77.0,13.0,102
summer,2012,5,0,0,1,1,misty,16.44,17.0,77.0,9.0,34
summer,2012,5,1,0,1,1,misty,16.44,17.0,77.0,13.0,9
summer,2012,5,2,0,1,1,clear,15.5,16.0,77.0,13.0,6
summer,2012,5,3,0,1,1,clear,15.5,16.0,77.0,13.0,5
summer,2012,5,4,0,1,1,misty,13.62,14.0,88.0,9.0,2
summer,2012,5,5,0,1,1,clear,13.62,14.0,88.0,7.0,23
summer,2012,5,6,0,1,1,clear,13.62,14.0,88.0,7.0,142
summer,2012,5,7,0,1,1,misty,14.56,15.0,82.0,7.0,385
summer,2012,5,8,0,1,1,misty,15.5,16.0,82.0,13.0,639
summer,2012,5,9,0,1,1,misty,15.5,16.0,82.0,15.0,350
summer,2012,5,10,0,1,1,misty,16.44,17.0,77.0,13.0,190
summer,2012,5,11,0,1,1,misty,17.38,18.0,73.0,13.0,213
summer,2012,5,12,0,1,1,misty,18.32,19.0,68.0,15.0,263
summer,2012,5,13,0,1,1,misty,20.2,25.0,53.0,22.0,272
summer,2012,5,14,0,1,1,misty,21.14,25.0,50.0,24.0,239
summer,2012,5,15,0,1,1,misty,21.14,25.0,53.0,20.0,262
summer,2012,5,16,0,1,1,misty,20.2,25.0,53.0,26.0,388
summer,2012,5,17,0,1,1,misty,20.2,25.0,53.0,22.0,769
summer,2012,5,18,0,1,1,misty,20.2,25.0,53.0,24.0,680
summer,2012,5,19,0,1,1,clear,19.26,20.0,56.0,22.0,546
summer,2012,5,20,0,1,1,clear,17.38,18.0,52.0,19.0,323
summer,2012,5,21,0,1,1,misty,17.38,18.0,45.0,15.0,247
summer,2012,5,22,0,1,1,misty,17.38,18.0,45.0,17.0,173
summer,2012,5,23,0,1,1,misty,17.38,18.0,45.0,13.0,113
summer,2012,5,0,0,2,1,misty,16.44,17.0,52.0,17.0,38
summer,2012,5,1,0,2,1,misty,16.44,17.0,59.0,15.0,9
summer,2012,5,2,0,2,1,misty,16.44,17.0,63.0,20.0,16
summer,2012,5,3,0,2,1,misty,16.44,17.0,68.0,19.0,6
summer,2012,5,4,0,2,1,misty,16.44,17.0,68.0,22.0,5
summer,2012,5,5,0,2,1,misty,16.44,17.0,72.0,19.0,20
summer,2012,5,6,0,2,1,clear,15.5,16.0,77.0,20.0,165
summer,2012,5,7,0,2,1,clear,16.44,17.0,72.0,19.0,463
summer,2012,5,8,0,2,1,misty,17.38,18.0,73.0,20.0,641
summer,2012,5,9,0,2,1,misty,18.32,19.0,68.0,24.0,295
summer,2012,5,10,0,2,1,misty,19.26,20.0,68.0,28.0,157
summer,2012,5,11,0,2,1,misty,20.2,24.0,64.0,26.0,217
summer,2012,5,12,0,2,1,misty,21.14,24.0,65.0,22.0,263
summer,2012,5,13,0,2,1,rain,22.08,24.0,65.0,17.0,219
summer,2012,5,14,0,2,1,rain,21.14,24.0,69.0,22.0,71
summer,2012,5,15,0,2,1,rain,21.14,23.0,73.0,17.0,134
summer,2012,5,16,0,2,1,rain,22.08,24.0,73.0,15.0,389
summer,2012,5,17,0,2,1,misty,22.08,24.0,69.0,19.0,717
summer,2012,5,18,0,2,1,misty,22.08,24.0,69.0,19.0,710
summer,2012,5,19,0,2,1,misty,22.08,24.0,69.0,19.0,458
summer,2012,5,20,0,2,1,misty,22.08,24.0,69.0,19.0,302
summer,2012,5,21,0,2,1,misty,22.08,24.0,65.0,19.0,223
summer,2012,5,22,0,2,1,rain,20.2,22.0,78.0,17.0,147
summer,2012,5,23,0,2,1,rain,20.2,22.0,78.0,22.0,63
summer,2012,5,0,0,3,1,misty,19.26,20.0,83.0,13.0,35
summer,2012,5,1,0,3,1,misty,20.2,22.0,78.0,17.0,14
summer,2012,5,2,0,3,1,rain,18.32,19.0,88.0,30.0,1
summer,2012,5,3,0,3,1,rain,18.32,19.0,88.0,11.0,2
summer,2012,5,4,0,3,1,rain,18.32,19.0,88.0,15.0,5
summer,2012,5,5,0,3,1,misty,18.32,19.0,88.0,9.0,28
summer,2012,5,6,0,3,1,misty,18.32,19.0,88.0,7.0,126
summer,2012,5,7,0,3,1,misty,18.32,19.0,94.0,13.0,418
summer,2012,5,8,0,3,1,misty,20.2,21.0,83.0,9.0,622
summer,2012,5,9,0,3,1,misty,20.2,21.0,83.0,0.0,325
summer,2012,5,10,0,3,1,misty,21.14,24.0,65.0,17.0,153
summer,2012,5,11,0,3,1,misty,21.14,25.0,59.0,20.0,201
summer,2012,5,12,0,3,1,misty,21.14,25.0,57.0,15.0,280
summer,2012,5,13,0,3,1,misty,22.08,25.0,53.0,17.0,266
summer,2012,5,14,0,3,1,misty,22.08,25.0,53.0,17.0,243
summer,2012,5,15,0,3,1,misty,22.08,25.0,53.0,7.0,259
summer,2012,5,16,0,3,1,misty,23.02,25.0,50.0,13.0,357
summer,2012,5,17,0,3,1,misty,22.08,25.0,53.0,9.0,705
summer,2012,5,18,0,3,1,rain,16.44,17.0,77.0,39.0,372
summer,2012,5,19,0,3,1,rain,15.5,16.0,77.0,24.0,98
summer,2012,5,20,0,3,1,rain,15.5,16.0,82.0,15.0,51
summer,2012,5,21,0,3,1,rain,15.5,16.0,82.0,11.0,34
summer,2012,5,22,0,3,1,rain,14.56,15.0,82.0,7.0,67
summer,2012,5,23,0,3,1,rain,14.56,15.0,82.0,13.0,55
summer,2012,5,0,0,4,1,rain,15.5,16.0,77.0,11.0,33
summer,2012,5,1,0,4,1,misty,14.56,15.0,88.0,9.0,11
summer,2012,5,2,0,4,1,misty,14.56,15.0,88.0,7.0,3
summer,2012,5,3,0,4,1,clear,13.62,14.0,88.0,15.0,3
summer,2012,5,4,0,4,1,clear,13.62,14.0,77.0,13.0,2
summer,2012,5,5,0,4,1,clear,13.62,14.0,72.0,20.0,24
summer,2012,5,6,0,4,1,clear,12.68,13.0,72.0,15.0,139
summer,2012,5,7,0,4,1,clear,12.68,13.0,72.0,20.0,401
summer,2012,5,8,0,4,1,clear,13.62,14.0,67.0,24.0,630
summer,2012,5,9,0,4,1,clear,15.5,16.0,59.0,31.0,361
summer,2012,5,10,0,4,1,clear,15.5,16.0,51.0,28.0,154
summer,2012,5,11,0,4,1,clear,16.44,17.0,48.0,35.0,256
summer,2012,5,12,0,4,1,clear,16.44,17.0,48.0,28.0,272
summer,2012,5,13,0,4,1,clear,17.38,18.0,39.0,30.0,318
summer,2012,5,14,0,4,1,clear,18.32,19.0,37.0,28.0,247
summer,2012,5,15,0,4,1,clear,17.38,18.0,37.0,26.0,271
summer,2012,5,16,0,4,1,clear,19.26,20.0,30.0,31.0,421
summer,2012,5,17,0,4,1,clear,20.2,25.0,31.0,26.0,732
summer,2012,5,18,0,4,1,clear,18.32,19.0,35.0,35.0,770
summer,2012,5,19,0,4,1,clear,17.38,18.0,37.0,24.0,553
summer,2012,5,20,0,4,1,clear,16.44,17.0,40.0,22.0,374
summer,2012,5,21,0,4,1,clear,15.5,16.0,42.0,13.0,230
summer,2012,5,22,0,4,1,clear,15.5,16.0,42.0,7.0,232
summer,2012,5,23,0,4,1,clear,14.56,15.0,48.0,7.0,135
summer,2012,5,0,0,5,1,clear,13.62,14.0,55.0,7.0,64
summer,2012,5,1,0,5,1,clear,13.62,14.0,51.0,9.0,46
summer,2012,5,2,0,5,1,clear,13.62,14.0,44.0,11.0,31
summer,2012,5,3,0,5,1,clear,13.62,14.0,41.0,19.0,13
summer,2012,5,4,0,5,1,clear,11.74,12.0,50.0,13.0,9
summer,2012,5,5,0,5,1,clear,11.74,12.0,47.0,11.0,26
summer,2012,5,6,0,5,1,clear,11.74,12.0,50.0,17.0,135
summer,2012,5,7,0,5,1,clear,11.74,12.0,50.0,17.0,351
summer,2012,5,8,0,5,1,clear,13.62,14.0,44.0,17.0,620
summer,2012,5,9,0,5,1,clear,14.56,15.0,41.0,20.0,322
summer,2012,5,10,0,5,1,clear,16.44,17.0,36.0,22.0,210
summer,2012,5,11,0,5,1,clear,18.32,19.0,35.0,17.0,291
summer,2012,5,12,0,5,1,clear,18.32,19.0,28.0,28.0,348
summer,2012,5,13,0,5,1,clear,20.2,24.0,26.0,26.0,363
summer,2012,5,14,0,5,1,clear,21.14,24.0,23.0,15.0,334
summer,2012,5,15,0,5,1,clear,21.14,24.0,25.0,13.0,439
summer,2012,5,16,0,5,1,clear,21.14,24.0,25.0,22.0,525
summer,2012,5,17,0,5,1,clear,22.08,24.0,23.0,17.0,779
summer,2012,5,18,0,5,1,clear,22.08,24.0,23.0,19.0,596
summer,2012,5,19,0,5,1,clear,22.08,24.0,23.0,17.0,503
summer,2012,5,20,0,5,1,clear,21.14,24.0,25.0,9.0,341
summer,2012,5,21,0,5,1,clear,20.2,24.0,28.0,7.0,270
summer,2012,5,22,0,5,1,clear,18.32,19.0,35.0,15.0,234
summer,2012,5,23,0,5,1,clear,17.38,18.0,37.0,13.0,180
summer,2012,5,0,0,6,0,clear,16.44,17.0,42.0,11.0,136
summer,2012,5,1,0,6,0,clear,15.5,16.0,48.0,0.0,93
summer,2012,5,2,0,6,0,clear,13.62,14.0,59.0,9.0,56
summer,2012,5,3,0,6,0,clear,14.56,15.0,59.0,0.0,34
summer,2012,5,4,0,6,0,clear,12.68,13.0,67.0,7.0,9
summer,2012,5,5,0,6,0,clear,11.74,12.0,67.0,9.0,13
summer,2012,5,6,0,6,0,clear,11.74,12.0,67.0,6.0,33
summer,2012,5,7,0,6,0,clear,11.74,12.0,71.0,9.0,67
summer,2012,5,8,0,6,0,clear,16.44,17.0,48.0,0.0,178
summer,2012,5,9,0,6,0,clear,17.38,18.0,49.0,0.0,335
summer,2012,5,10,0,6,0,clear,18.32,19.0,49.0,6.0,411
summer,2012,5,11,0,6,0,clear,21.14,25.0,41.0,6.0,522
summer,2012,5,12,0,6,0,clear,22.08,25.0,36.0,11.0,559
summer,2012,5,13,0,6,0,clear,22.08,25.0,36.0,13.0,659
summer,2012,5,14,0,6,0,clear,23.02,25.0,36.0,13.0,615
summer,2012,5,15,0,6,0,clear,23.96,25.0,24.0,13.0,590
summer,2012,5,16,0,6,0,misty,24.9,26.0,21.0,13.0,591
summer,2012,5,17,0,6,0,misty,23.02,25.0,36.0,13.0,576
summer,2012,5,18,0,6,0,misty,23.02,25.0,31.0,13.0,546
summer,2012,5,19,0,6,0,misty,22.08,25.0,36.0,11.0,439
summer,2012,5,20,0,6,0,clear,21.14,25.0,46.0,11.0,287
summer,2012,5,21,0,6,0,misty,20.2,24.0,60.0,9.0,230
summer,2012,5,22,0,6,0,clear,18.32,19.0,68.0,9.0,274
summer,2012,5,23,0,6,0,clear,19.26,20.0,56.0,6.0,176
summer,2012,5,0,0,0,0,clear,18.32,19.0,64.0,11.0,98
summer,2012,5,1,0,0,0,misty,17.38,18.0,68.0,9.0,94
summer,2012,5,2,0,0,0,misty,17.38,18.0,68.0,11.0,82
summer,2012,5,3,0,0,0,misty,17.38,18.0,64.0,9.0,28
summer,2012,5,4,0,0,0,misty,17.38,18.0,68.0,13.0,9
summer,2012,5,5,0,0,0,clear,16.44,17.0,72.0,13.0,12
summer,2012,5,6,0,0,0,clear,16.44,17.0,68.0,11.0,21
summer,2012,5,7,0,0,0,clear,16.44,17.0,68.0,11.0,60
summer,2012,5,8,0,0,0,clear,18.32,19.0,64.0,11.0,156
summer,2012,5,9,0,0,0,clear,20.2,25.0,56.0,9.0,222
summer,2012,5,10,0,0,0,clear,20.2,24.0,60.0,17.0,350
summer,2012,5,11,0,0,0,clear,21.14,25.0,57.0,17.0,428
summer,2012,5,12,0,0,0,clear,22.08,25.0,57.0,15.0,531
summer,2012,5,13,0,0,0,clear,23.96,26.0,54.0,17.0,602
summer,2012,5,14,0,0,0,clear,24.9,27.0,48.0,9.0,552
summer,2012,5,15,0,0,0,clear,25.84,27.0,45.0,24.0,499
summer,2012,5,16,0,0,0,clear,25.84,27.0,42.0,17.0,564
summer,2012,5,17,0,0,0,clear,24.9,26.0,45.0,28.0,478
summer,2012,5,18,0,0,0,misty,23.96,26.0,44.0,24.0,389
summer,2012,5,19,0,0,0,misty,23.02,25.0,50.0,28.0,339
summer,2012,5,20,0,0,0,misty,23.02,25.0,50.0,19.0,230
summer,2012,5,21,0,0,0,misty,22.08,25.0,53.0,13.0,169
summer,2012,5,22,0,0,0,misty,21.14,24.0,61.0,11.0,131
summer,2012,5,23,0,0,0,misty,21.14,25.0,57.0,15.0,74
summer,2012,5,0,0,1,1,misty,20.2,25.0,56.0,17.0,35
summer,2012,5,1,0,1,1,misty,20.2,24.0,60.0,19.0,11
summer,2012,5,2,0,1,1,clear,20.2,24.0,60.0,20.0,2
summer,2012,5,3,0,1,1,misty,19.26,20.0,68.0,22.0,2
summer,2012,5,4,0,1,1,misty,17.38,18.0,77.0,15.0,6
summer,2012,5,5,0,1,1,misty,17.38,18.0,77.0,11.0,26
summer,2012,5,6,0,1,1,rain,16.44,17.0,94.0,20.0,65
summer,2012,5,7,0,1,1,rain,16.44,17.0,94.0,13.0,75
summer,2012,5,8,0,1,1,rain,17.38,18.0,88.0,15.0,156
summer,2012,5,9,0,1,1,rain,17.38,18.0,88.0,19.0,110
summer,2012,5,10,0,1,1,rain,17.38,18.0,88.0,17.0,59
summer,2012,5,11,0,1,1,misty,18.32,19.0,83.0,15.0,79
summer,2012,5,12,0,1,1,misty,18.32,19.0,88.0,19.0,185
summer,2012,5,13,0,1,1,misty,21.14,23.0,73.0,15.0,176
summer,2012,5,14,0,1,1,misty,21.14,23.0,73.0,17.0,171
summer,2012,5,15,0,1,1,misty,21.14,23.0,73.0,11.0,196
summer,2012,5,16,0,1,1,rain,21.14,24.0,69.0,19.0,111
summer,2012,5,17,0,1,1,rain,18.32,19.0,88.0,17.0,229
summer,2012,5,18,0,1,1,misty,19.26,20.0,83.0,0.0,300
summer,2012,5,19,0,1,1,rain,19.26,20.0,88.0,9.0,304
summer,2012,5,20,0,1,1,misty,19.26,20.0,88.0,13.0,189
summer,2012,5,21,0,1,1,misty,19.26,20.0,83.0,6.0,152
summer,2012,5,22,0,1,1,misty,19.26,20.0,78.0,6.0,129
summer,2012,5,23,0,1,1,misty,19.26,20.0,78.0,7.0,75
summer,2012,5,0,0,2,1,misty,18.32,19.0,88.0,9.0,32
summer,2012,5,1,0,2,1,rain,18.32,19.0,88.0,9.0,19
summer,2012,5,2,0,2,1,misty,18.32,19.0,88.0,9.0,4
summer,2012,5,3,0,2,1,rain,19.26,20.0,83.0,9.0,6
summer,2012,5,4,0,2,1,rain,18.32,19.0,94.0,0.0,5
summer,2012,5,5,0,2,1,rain,18.32,19.0,94.0,15.0,8
summer,2012,5,6,0,2,1,rain,18.32,19.0,94.0,15.0,24
summer,2012,5,7,0,2,1,rain,18.32,19.0,94.0,9.0,92
summer,2012,5,8,0,2,1,misty,19.26,20.0,88.0,6.0,409
summer,2012,5,9,0,2,1,misty,19.26,20.0,88.0,6.0,355
summer,2012,5,10,0,2,1,clear,21.14,23.0,78.0,7.0,171
summer,2012,5,11,0,2,1,clear,22.08,23.0,78.0,13.0,224
summer,2012,5,12,0,2,1,clear,22.08,24.0,73.0,13.0,264
summer,2012,5,13,0,2,1,rain,22.08,24.0,73.0,13.0,239
summer,2012,5,14,0,2,1,misty,22.08,24.0,73.0,13.0,184
summer,2012,5,15,0,2,1,misty,24.9,27.0,61.0,6.0,256
summer,2012,5,16,0,2,1,clear,23.96,26.0,65.0,11.0,374
summer,2012,5,17,0,2,1,clear,23.96,26.0,65.0,7.0,678
summer,2012,5,18,0,2,1,clear,24.9,27.0,61.0,6.0,733
summer,2012,5,19,0,2,1,clear,23.02,25.0,69.0,11.0,512
summer,2012,5,20,0,2,1,rain,22.08,24.0,73.0,9.0,263
summer,2012,5,21,0,2,1,rain,22.08,24.0,73.0,19.0,109
summer,2012,5,22,0,2,1,clear,19.26,20.0,78.0,15.0,83
summer,2012,5,23,0,2,1,rain,18.32,19.0,88.0,7.0,71
summer,2012,5,0,0,3,1,misty,19.26,20.0,88.0,0.0,39
summer,2012,5,1,0,3,1,misty,19.26,20.0,88.0,9.0,21
summer,2012,5,2,0,3,1,clear,18.32,19.0,94.0,13.0,19
summer,2012,5,3,0,3,1,clear,18.32,19.0,88.0,7.0,6
summer,2012,5,4,0,3,1,clear,17.38,18.0,94.0,9.0,4
summer,2012,5,5,0,3,1,clear,17.38,18.0,94.0,7.0,38
summer,2012,5,6,0,3,1,clear,17.38,18.0,94.0,6.0,158
summer,2012,5,7,0,3,1,clear,18.32,19.0,83.0,0.0,440
summer,2012,5,8,0,3,1,clear,19.26,20.0,83.0,0.0,650
summer,2012,5,9,0,3,1,misty,20.2,22.0,78.0,9.0,347
summer,2012,5,10,0,3,1,clear,23.02,25.0,61.0,0.0,192
summer,2012,5,11,0,3,1,clear,24.9,27.0,54.0,9.0,267
summer,2012,5,12,0,3,1,clear,24.9,27.0,54.0,13.0,330
summer,2012,5,13,0,3,1,clear,25.84,27.0,42.0,0.0,350
summer,2012,5,14,0,3,1,clear,25.84,27.0,42.0,6.0,263
summer,2012,5,15,0,3,1,misty,25.84,28.0,48.0,7.0,274
summer,2012,5,16,0,3,1,clear,25.84,27.0,45.0,7.0,446
summer,2012,5,17,0,3,1,clear,25.84,28.0,51.0,13.0,873
summer,2012,5,18,0,3,1,clear,25.84,28.0,51.0,15.0,846
summer,2012,5,19,0,3,1,clear,24.9,27.0,54.0,19.0,590
summer,2012,5,20,0,3,1,clear,23.02,25.0,65.0,17.0,459
summer,2012,5,21,0,3,1,clear,22.08,24.0,73.0,13.0,393
summer,2012,5,22,0,3,1,clear,22.08,24.0,73.0,11.0,286
summer,2012,5,23,0,3,1,clear,21.14,23.0,78.0,7.0,133
summer,2012,5,0,0,4,1,clear,20.2,22.0,78.0,9.0,79
summer,2012,5,1,0,4,1,clear,20.2,21.0,83.0,11.0,28
summer,2012,5,2,0,4,1,clear,20.2,22.0,78.0,11.0,16
summer,2012,5,3,0,4,1,clear,20.2,23.0,73.0,17.0,3
summer,2012,5,4,0,4,1,clear,20.2,24.0,64.0,22.0,16
summer,2012,5,5,0,4,1,clear,18.32,19.0,68.0,22.0,35
summer,2012,5,6,0,4,1,clear,17.38,18.0,73.0,24.0,159
summer,2012,5,7,0,4,1,clear,17.38,18.0,73.0,26.0,474
summer,2012,5,8,0,4,1,clear,16.44,17.0,55.0,30.0,634
summer,2012,5,9,0,4,1,clear,17.38,18.0,52.0,28.0,346
summer,2012,5,10,0,4,1,clear,18.32,19.0,52.0,17.0,205
summer,2012,5,11,0,4,1,clear,19.26,20.0,49.0,15.0,279
summer,2012,5,12,0,4,1,clear,20.2,25.0,43.0,13.0,348
summer,2012,5,13,0,4,1,clear,21.14,25.0,41.0,13.0,327
summer,2012,5,14,0,4,1,clear,22.08,25.0,38.0,13.0,270
summer,2012,5,15,0,4,1,clear,22.08,25.0,36.0,17.0,316
summer,2012,5,16,0,4,1,clear,23.02,25.0,31.0,13.0,430
summer,2012,5,17,0,4,1,clear,23.02,25.0,31.0,9.0,852
summer,2012,5,18,0,4,1,clear,23.02,25.0,27.0,11.0,868
summer,2012,5,19,0,4,1,clear,22.08,25.0,31.0,13.0,537
summer,2012,5,20,0,4,1,clear,20.2,25.0,40.0,13.0,446
summer,2012,5,21,0,4,1,clear,19.26,20.0,40.0,7.0,299
summer,2012,5,22,0,4,1,clear,18.32,19.0,43.0,6.0,251
summer,2012,5,23,0,4,1,clear,17.38,18.0,49.0,9.0,166
summer,2012,5,0,0,5,1,clear,16.44,17.0,59.0,7.0,70
summer,2012,5,1,0,5,1,clear,15.5,16.0,59.0,6.0,49
summer,2012,5,2,0,5,1,clear,14.56,15.0,67.0,9.0,21
summer,2012,5,3,0,5,1,clear,13.62,14.0,72.0,6.0,14
summer,2012,5,4,0,5,1,clear,13.62,14.0,77.0,11.0,11
summer,2012,5,5,0,5,1,clear,13.62,14.0,77.0,7.0,34
summer,2012,5,6,0,5,1,clear,12.68,13.0,77.0,9.0,182
summer,2012,5,7,0,5,1,clear,13.62,14.0,82.0,7.0,515
summer,2012,5,8,0,5,1,clear,16.44,17.0,59.0,9.0,745
summer,2012,5,9,0,5,1,clear,18.32,19.0,56.0,7.0,361
summer,2012,5,10,0,5,1,clear,20.2,25.0,46.0,9.0,255
summer,2012,5,11,0,5,1,clear,21.14,25.0,43.0,0.0,334
summer,2012,5,12,0,5,1,clear,21.14,25.0,41.0,13.0,360
summer,2012,5,13,0,5,1,clear,22.08,25.0,36.0,11.0,395
summer,2012,5,14,0,5,1,clear,23.02,25.0,34.0,9.0,350
summer,2012,5,15,0,5,1,clear,23.02,25.0,36.0,13.0,391
summer,2012,5,16,0,5,1,clear,23.02,25.0,34.0,17.0,568
summer,2012,5,17,0,5,1,clear,23.02,25.0,34.0,9.0,812
summer,2012,5,18,0,5,1,clear,22.08,25.0,38.0,15.0,669
summer,2012,5,19,0,5,1,clear,21.14,25.0,41.0,13.0,483
summer,2012,5,20,0,5,1,clear,21.14,25.0,41.0,11.0,337
summer,2012,5,21,0,5,1,clear,20.2,25.0,40.0,0.0,258
summer,2012,5,22,0,5,1,clear,18.32,19.0,52.0,22.0,251
summer,2012,5,23,0,5,1,clear,16.44,17.0,55.0,0.0,174
summer,2012,5,0,0,6,0,clear,16.44,17.0,48.0,7.0,148
summer,2012,5,1,0,6,0,clear,15.5,16.0,48.0,0.0,104
summer,2012,5,2,0,6,0,clear,15.5,16.0,51.0,7.0,69
summer,2012,5,3,0,6,0,clear,15.5,16.0,48.0,7.0,33
summer,2012,5,4,0,6,0,clear,14.56,15.0,59.0,6.0,14
summer,2012,5,5,0,6,0,clear,13.62,14.0,67.0,0.0,12
summer,2012,5,6,0,6,0,clear,12.68,13.0,72.0,6.0,50
summer,2012,5,7,0,6,0,clear,13.62,14.0,67.0,7.0,95
summer,2012,5,8,0,6,0,clear,16.44,17.0,52.0,11.0,195
summer,2012,5,9,0,6,0,clear,18.32,19.0,43.0,11.0,292
summer,2012,5,10,0,6,0,clear,18.32,19.0,43.0,0.0,452
summer,2012,5,11,0,6,0,clear,21.14,25.0,38.0,6.0,586
summer,2012,5,12,0,6,0,clear,23.02,25.0,36.0,0.0,642
summer,2012,5,13,0,6,0,clear,24.9,26.0,37.0,9.0,704
summer,2012,5,14,0,6,0,clear,25.84,27.0,30.0,6.0,730
summer,2012,5,15,0,6,0,clear,25.84,27.0,30.0,7.0,672
summer,2012,5,16,0,6,0,clear,26.78,27.0,30.0,7.0,642
summer,2012,5,17,0,6,0,clear,26.78,27.0,30.0,6.0,626
summer,2012,5,18,0,6,0,clear,26.78,27.0,33.0,6.0,645
summer,2012,5,19,0,6,0,clear,24.9,26.0,39.0,9.0,432
summer,2012,5,20,0,6,0,clear,23.96,26.0,41.0,6.0,315
summer,2012,5,21,0,6,0,clear,22.08,25.0,50.0,0.0,259
summer,2012,5,22,0,6,0,clear,22.08,25.0,47.0,0.0,338
summer,2012,5,23,0,6,0,clear,20.2,25.0,56.0,11.0,239
summer,2012,5,0,0,0,0,clear,19.26,20.0,53.0,7.0,170
summer,2012,5,1,0,0,0,clear,18.32,19.0,52.0,0.0,130
summer,2012,5,2,0,0,0,clear,18.32,19.0,52.0,0.0,98
summer,2012,5,3,0,0,0,clear,17.38,18.0,56.0,6.0,66
summer,2012,5,4,0,0,0,clear,16.44,17.0,68.0,6.0,16
summer,2012,5,5,0,0,0,clear,15.5,16.0,72.0,7.0,8
summer,2012,5,6,0,0,0,clear,15.5,16.0,63.0,9.0,25
summer,2012,5,7,0,0,0,clear,16.44,17.0,68.0,13.0,90
summer,2012,5,8,0,0,0,clear,18.32,19.0,56.0,11.0,171
summer,2012,5,9,0,0,0,clear,21.14,25.0,32.0,17.0,313
summer,2012,5,10,0,0,0,clear,23.02,25.0,34.0,20.0,432
summer,2012,5,11,0,0,0,clear,23.02,25.0,36.0,22.0,581
summer,2012,5,12,0,0,0,clear,23.96,26.0,36.0,22.0,637
summer,2012,5,13,0,0,0,clear,24.9,26.0,37.0,19.0,607
summer,2012,5,14,0,0,0,clear,25.84,27.0,39.0,26.0,543
summer,2012,5,15,0,0,0,misty,24.9,26.0,39.0,28.0,502
summer,2012,5,16,0,0,0,clear,25.84,27.0,42.0,24.0,577
summer,2012,5,17,0,0,0,clear,25.84,27.0,45.0,22.0,549
summer,2012,5,18,0,0,0,clear,24.9,27.0,51.0,22.0,474
summer,2012,5,19,0,0,0,clear,23.02,25.0,61.0,28.0,402
summer,2012,5,20,0,0,0,clear,23.02,25.0,61.0,28.0,274
summer,2012,5,21,0,0,0,clear,22.08,24.0,69.0,26.0,233
summer,2012,5,22,0,0,0,clear,21.14,23.0,73.0,22.0,145
summer,2012,5,23,0,0,0,rain,20.2,22.0,78.0,24.0,86
summer,2012,5,0,0,1,1,rain,19.26,20.0,88.0,20.0,40
summer,2012,5,1,0,1,1,rain,19.26,20.0,88.0,24.0,15
summer,2012,5,2,0,1,1,rain,18.32,19.0,94.0,17.0,11
summer,2012,5,3,0,1,1,misty,18.32,19.0,88.0,20.0,2
summer,2012,5,4,0,1,1,rain,18.32,19.0,88.0,20.0,7
summer,2012,5,5,0,1,1,rain,18.32,19.0,88.0,20.0,15
summer,2012,5,6,0,1,1,rain,18.32,19.0,88.0,20.0,79
summer,2012,5,7,0,1,1,rain,18.32,19.0,88.0,20.0,153
summer,2012,5,8,0,1,1,rain,18.32,19.0,88.0,17.0,270
summer,2012,5,9,0,1,1,rain,18.32,19.0,88.0,15.0,186
summer,2012,5,10,0,1,1,rain,19.26,20.0,88.0,19.0,99
summer,2012,5,11,0,1,1,misty,20.2,21.0,83.0,11.0,106
summer,2012,5,12,0,1,1,misty,20.2,21.0,83.0,17.0,170
summer,2012,5,13,0,1,1,rain,20.2,21.0,83.0,17.0,184
summer,2012,5,14,0,1,1,rain,20.2,21.0,83.0,13.0,180
summer,2012,5,15,0,1,1,misty,22.08,24.0,73.0,13.0,225
summer,2012,5,16,0,1,1,misty,22.08,24.0,73.0,17.0,315
summer,2012,5,17,0,1,1,misty,23.02,25.0,69.0,17.0,508
summer,2012,5,18,0,1,1,clear,22.08,24.0,73.0,7.0,530
summer,2012,5,19,0,1,1,clear,23.02,25.0,69.0,6.0,448
summer,2012,5,20,0,1,1,clear,22.08,24.0,69.0,9.0,336
summer,2012,5,21,0,1,1,clear,21.14,24.0,69.0,6.0,241
summer,2012,5,22,0,1,1,misty,21.14,23.0,73.0,11.0,142
summer,2012,5,23,0,1,1,clear,21.14,23.0,73.0,19.0,97
summer,2012,5,0,0,2,1,clear,19.26,20.0,83.0,17.0,36
summer,2012,5,1,0,2,1,misty,19.26,20.0,83.0,9.0,27
summer,2012,5,2,0,2,1,misty,19.26,20.0,83.0,7.0,11
summer,2012,5,3,0,2,1,misty,19.26,20.0,83.0,7.0,5
summer,2012,5,4,0,2,1,misty,18.32,19.0,88.0,11.0,7
summer,2012,5,5,0,2,1,rain,18.32,19.0,88.0,13.0,17
summer,2012,5,6,0,2,1,rain,18.32,19.0,88.0,7.0,137
summer,2012,5,7,0,2,1,rain,18.32,19.0,88.0,7.0,324
summer,2012,5,8,0,2,1,misty,18.32,19.0,88.0,9.0,590
summer,2012,5,9,0,2,1,misty,20.2,21.0,83.0,7.0,333
summer,2012,5,10,0,2,1,misty,20.2,22.0,78.0,6.0,200
summer,2012,5,11,0,2,1,misty,20.2,22.0,78.0,0.0,189
summer,2012,5,12,0,2,1,misty,21.14,23.0,78.0,7.0,254
summer,2012,5,13,0,2,1,misty,22.08,24.0,73.0,0.0,243
summer,2012,5,14,0,2,1,misty,22.08,24.0,73.0,7.0,222
summer,2012,5,15,0,2,1,clear,24.9,27.0,61.0,6.0,245
summer,2012,5,16,0,2,1,clear,23.96,26.0,61.0,7.0,386
summer,2012,5,17,0,2,1,clear,25.84,28.0,54.0,0.0,785
summer,2012,5,18,0,2,1,clear,23.96,26.0,61.0,9.0,785
summer,2012,5,19,0,2,1,clear,23.02,25.0,69.0,15.0,364
summer,2012,5,20,0,2,1,clear,22.08,24.0,73.0,17.0,373
summer,2012,5,21,0,2,1,clear,21.14,23.0,78.0,9.0,261
summer,2012,5,22,0,2,1,clear,21.14,23.0,73.0,6.0,174
summer,2012,5,23,0,2,1,clear,21.14,23.0,73.0,7.0,105
summer,2012,5,0,0,3,1,clear,21.14,23.0,78.0,9.0,47
summer,2012,5,1,0,3,1,clear,20.2,21.0,83.0,11.0,32
summer,2012,5,2,0,3,1,misty,20.2,21.0,83.0,11.0,12
summer,2012,5,3,0,3,1,clear,20.2,22.0,78.0,7.0,5
summer,2012,5,4,0,3,1,rain,19.26,20.0,83.0,13.0,3
summer,2012,5,5,0,3,1,rain,18.32,19.0,88.0,17.0,35
summer,2012,5,6,0,3,1,clear,18.32,19.0,88.0,7.0,160
summer,2012,5,7,0,3,1,clear,19.26,20.0,83.0,0.0,468
summer,2012,5,8,0,3,1,clear,19.26,20.0,83.0,0.0,719
summer,2012,5,9,0,3,1,misty,21.14,23.0,78.0,0.0,297
summer,2012,5,10,0,3,1,clear,21.14,23.0,78.0,6.0,191
summer,2012,5,11,0,3,1,clear,22.08,24.0,73.0,0.0,197
summer,2012,5,12,0,3,1,misty,23.02,25.0,69.0,6.0,248
summer,2012,5,13,0,3,1,misty,23.02,25.0,74.0,11.0,270
summer,2012,5,14,0,3,1,clear,23.96,26.0,65.0,9.0,248
summer,2012,5,15,0,3,1,misty,24.9,27.0,61.0,0.0,257
summer,2012,5,16,0,3,1,rain,24.9,27.0,61.0,6.0,278
summer,2012,5,17,0,3,1,rain,22.08,24.0,69.0,7.0,285
summer,2012,5,18,0,3,1,rain,22.08,24.0,69.0,7.0,327
summer,2012,5,19,0,3,1,misty,21.14,22.0,83.0,11.0,376
summer,2012,5,20,0,3,1,misty,21.14,22.0,83.0,6.0,295
summer,2012,5,21,0,3,1,misty,21.14,22.0,83.0,0.0,245
summer,2012,5,22,0,3,1,misty,21.14,22.0,83.0,11.0,159
summer,2012,5,23,0,3,1,clear,20.2,21.0,83.0,9.0,106
summer,2012,5,0,0,4,1,clear,20.2,21.0,83.0,6.0,56
summer,2012,5,1,0,4,1,clear,20.2,20.0,88.0,6.0,30
summer,2012,5,2,0,4,1,clear,20.2,20.0,88.0,0.0,16
summer,2012,5,3,0,4,1,misty,20.2,20.0,88.0,7.0,4
summer,2012,5,4,0,4,1,misty,20.2,20.0,88.0,11.0,5
summer,2012,5,5,0,4,1,misty,20.2,20.0,88.0,11.0,30
summer,2012,5,6,0,4,1,misty,20.2,20.0,88.0,11.0,156
summer,2012,5,7,0,4,1,clear,20.2,21.0,83.0,7.0,415
summer,2012,5,8,0,4,1,clear,21.14,23.0,73.0,9.0,692
summer,2012,5,9,0,4,1,clear,21.14,23.0,73.0,11.0,301
summer,2012,5,10,0,4,1,clear,22.08,24.0,65.0,9.0,185
summer,2012,5,11,0,4,1,clear,23.02,25.0,65.0,9.0,221
summer,2012,5,12,0,4,1,clear,24.9,27.0,58.0,7.0,289
summer,2012,5,13,0,4,1,clear,25.84,28.0,54.0,11.0,302
summer,2012,5,14,0,4,1,clear,26.78,29.0,55.0,15.0,252
summer,2012,5,15,0,4,1,clear,26.78,29.0,55.0,17.0,291
summer,2012,5,16,0,4,1,clear,26.78,29.0,55.0,24.0,390
summer,2012,5,17,0,4,1,clear,26.78,29.0,55.0,19.0,798
summer,2012,5,18,0,4,1,clear,25.84,28.0,54.0,22.0,752
summer,2012,5,19,0,4,1,clear,24.9,27.0,61.0,20.0,492
summer,2012,5,20,0,4,1,misty,23.02,25.0,69.0,19.0,398
summer,2012,5,21,0,4,1,rain,22.08,23.0,78.0,11.0,285
summer,2012,5,22,0,4,1,misty,22.08,23.0,78.0,7.0,243
summer,2012,5,23,0,4,1,misty,22.08,23.0,78.0,9.0,167
summer,2012,5,0,0,5,1,clear,21.14,22.0,83.0,9.0,73
summer,2012,5,1,0,5,1,clear,21.14,22.0,83.0,6.0,42
summer,2012,5,2,0,5,1,misty,21.14,22.0,83.0,0.0,23
summer,2012,5,3,0,5,1,misty,21.14,21.0,88.0,7.0,14
summer,2012,5,4,0,5,1,misty,21.14,21.0,88.0,0.0,9
summer,2012,5,5,0,5,1,misty,21.14,21.0,88.0,6.0,30
summer,2012,5,6,0,5,1,misty,21.14,21.0,88.0,7.0,113
summer,2012,5,7,0,5,1,misty,21.14,21.0,88.0,11.0,359
summer,2012,5,8,0,5,1,misty,22.08,22.0,89.0,7.0,583
summer,2012,5,9,0,5,1,misty,22.08,22.0,89.0,9.0,340
summer,2012,5,10,0,5,1,clear,23.96,26.0,79.0,11.0,232
summer,2012,5,11,0,5,1,clear,23.96,26.0,79.0,9.0,283
summer,2012,5,12,0,5,1,clear,25.84,29.0,66.0,7.0,321
summer,2012,5,13,0,5,1,clear,26.78,29.0,62.0,9.0,333
summer,2012,5,14,0,5,1,clear,26.78,29.0,58.0,9.0,367
summer,2012,5,15,0,5,1,clear,27.72,31.0,62.0,13.0,466
summer,2012,5,16,0,5,1,clear,28.66,31.0,52.0,15.0,584
summer,2012,5,17,0,5,1,clear,27.72,31.0,62.0,19.0,653
summer,2012,5,18,0,5,1,clear,27.72,31.0,62.0,13.0,522
summer,2012,5,19,0,5,1,clear,26.78,29.0,62.0,17.0,404
summer,2012,5,20,0,5,1,clear,24.9,27.0,65.0,11.0,350
summer,2012,5,21,0,5,1,clear,24.9,27.0,65.0,9.0,255
summer,2012,5,22,0,5,1,clear,23.02,25.0,74.0,7.0,212
summer,2012,5,23,0,5,1,clear,23.02,24.0,78.0,15.0,166
summer,2012,5,0,0,6,0,clear,22.08,22.0,83.0,11.0,116
summer,2012,5,1,0,6,0,clear,22.08,22.0,83.0,9.0,82
summer,2012,5,2,0,6,0,clear,22.08,22.0,89.0,9.0,64
summer,2012,5,3,0,6,0,clear,21.14,21.0,88.0,7.0,31
summer,2012,5,4,0,6,0,clear,21.14,21.0,88.0,9.0,2
summer,2012,5,5,0,6,0,clear,21.14,22.0,83.0,17.0,10
summer,2012,5,6,0,6,0,clear,21.14,21.0,88.0,13.0,31
summer,2012,5,7,0,6,0,misty,21.14,21.0,88.0,11.0,54
summer,2012,5,8,0,6,0,clear,22.08,23.0,78.0,9.0,141
summer,2012,5,9,0,6,0,clear,22.08,22.0,83.0,13.0,289
summer,2012,5,10,0,6,0,clear,23.96,26.0,79.0,15.0,437
summer,2012,5,11,0,6,0,clear,24.9,28.0,74.0,13.0,520
summer,2012,5,12,0,6,0,clear,26.78,30.0,66.0,15.0,529
summer,2012,5,13,0,6,0,clear,27.72,32.0,66.0,13.0,539
summer,2012,5,14,0,6,0,clear,27.72,32.0,66.0,15.0,564
summer,2012,5,15,0,6,0,clear,27.72,32.0,66.0,19.0,513
summer,2012,5,16,0,6,0,clear,28.66,32.0,55.0,17.0,504
summer,2012,5,17,0,6,0,misty,28.66,31.0,52.0,17.0,462
summer,2012,5,18,0,6,0,misty,27.72,30.0,52.0,13.0,415
summer,2012,5,19,0,6,0,misty,26.78,30.0,66.0,15.0,373
summer,2012,5,20,0,6,0,misty,26.78,29.0,55.0,13.0,255
summer,2012,5,21,0,6,0,misty,25.84,29.0,62.0,13.0,251
summer,2012,5,22,0,6,0,clear,24.9,28.0,74.0,17.0,204
summer,2012,5,23,0,6,0,clear,24.9,28.0,74.0,17.0,150
summer,2012,5,0,0,0,0,misty,23.96,26.0,69.0,11.0,137
summer,2012,5,1,0,0,0,clear,23.02,25.0,74.0,15.0,78
summer,2012,5,2,0,0,0,clear,22.08,24.0,73.0,15.0,61
summer,2012,5,3,0,0,0,clear,22.08,24.0,73.0,11.0,36
summer,2012,5,4,0,0,0,clear,21.14,22.0,83.0,13.0,11
summer,2012,5,5,0,0,0,clear,21.14,22.0,83.0,13.0,7
summer,2012,5,6,0,0,0,clear,21.14,22.0,83.0,11.0,22
summer,2012,5,7,0,0,0,clear,21.14,21.0,88.0,11.0,52
summer,2012,5,8,0,0,0,clear,22.08,22.0,83.0,13.0,151
summer,2012,5,9,0,0,0,clear,23.02,24.0,83.0,15.0,270
summer,2012,5,10,0,0,0,clear,23.96,26.0,74.0,17.0,424
summer,2012,5,11,0,0,0,clear,25.84,29.0,66.0,15.0,519
summer,2012,5,12,0,0,0,clear,26.78,30.0,66.0,17.0,570
summer,2012,5,13,0,0,0,clear,27.72,31.0,58.0,13.0,498
summer,2012,5,14,0,0,0,clear,27.72,31.0,58.0,17.0,547
summer,2012,5,15,0,0,0,clear,28.66,31.0,52.0,19.0,535
summer,2012,5,16,0,0,0,clear,28.66,31.0,52.0,19.0,501
summer,2012,5,17,0,0,0,clear,28.66,31.0,49.0,20.0,522
summer,2012,5,18,0,0,0,clear,27.72,31.0,58.0,20.0,518
summer,2012,5,19,0,0,0,clear,27.72,31.0,58.0,13.0,442
summer,2012,5,20,0,0,0,clear,26.78,29.0,55.0,11.0,392
summer,2012,5,21,0,0,0,rain,23.02,25.0,69.0,28.0,143
summer,2012,5,22,0,0,0,rain,21.14,22.0,83.0,0.0,59
summer,2012,5,23,0,0,0,rain,21.14,22.0,83.0,9.0,96
summer,2012,5,0,1,1,0,clear,21.14,22.0,83.0,15.0,65
summer,2012,5,1,1,1,0,misty,21.14,23.0,78.0,20.0,59
summer,2012,5,2,1,1,0,clear,20.2,21.0,83.0,15.0,48
summer,2012,5,3,1,1,0,clear,21.14,23.0,73.0,11.0,18
summer,2012,5,4,1,1,0,clear,20.2,22.0,78.0,9.0,6
summer,2012,5,5,1,1,0,clear,20.2,22.0,78.0,9.0,9
summer,2012,5,6,1,1,0,clear,21.14,23.0,73.0,11.0,20
summer,2012,5,7,1,1,0,clear,21.14,23.0,78.0,7.0,67
summer,2012,5,8,1,1,0,clear,23.02,25.0,69.0,0.0,155
summer,2012,5,9,1,1,0,clear,24.9,27.0,61.0,0.0,263
summer,2012,5,10,1,1,0,clear,24.9,27.0,61.0,0.0,364
summer,2012,5,11,1,1,0,clear,25.84,29.0,66.0,9.0,476
summer,2012,5,12,1,1,0,clear,27.72,31.0,62.0,9.0,525
summer,2012,5,13,1,1,0,clear,29.6,36.0,63.0,19.0,556
summer,2012,5,14,1,1,0,clear,29.6,36.0,63.0,19.0,465
summer,2012,5,15,1,1,0,clear,30.54,36.0,56.0,20.0,460
summer,2012,5,16,1,1,0,clear,30.54,36.0,56.0,22.0,501
summer,2012,5,17,1,1,0,clear,30.54,36.0,56.0,20.0,405
summer,2012,5,18,1,1,0,clear,29.6,35.0,59.0,20.0,383
summer,2012,5,19,1,1,0,clear,29.6,34.0,55.0,20.0,395
summer,2012,5,20,1,1,0,clear,28.66,33.0,62.0,20.0,317
summer,2012,5,21,1,1,0,clear,27.72,32.0,66.0,19.0,247
summer,2012,5,22,1,1,0,clear,26.78,30.0,70.0,11.0,157
summer,2012,5,23,1,1,0,clear,25.84,30.0,74.0,11.0,82
summer,2012,5,0,0,2,1,clear,24.9,28.0,79.0,13.0,45
summer,2012,5,1,0,2,1,clear,24.9,28.0,79.0,13.0,14
summer,2012,5,2,0,2,1,clear,23.96,26.0,83.0,9.0,8
summer,2012,5,3,0,2,1,clear,23.96,26.0,79.0,19.0,3
summer,2012,5,4,0,2,1,clear,23.02,24.0,78.0,15.0,5
summer,2012,5,5,0,2,1,clear,23.02,24.0,78.0,15.0,33
summer,2012,5,6,0,2,1,clear,23.02,24.0,78.0,15.0,154
summer,2012,5,7,0,2,1,clear,23.02,24.0,78.0,15.0,450
summer,2012,5,8,0,2,1,clear,24.9,28.0,74.0,13.0,634
summer,2012,5,9,0,2,1,clear,25.84,29.0,70.0,17.0,257
summer,2012,5,10,0,2,1,clear,26.78,30.0,70.0,20.0,183
summer,2012,5,11,0,2,1,clear,27.72,31.0,62.0,20.0,197
summer,2012,5,12,0,2,1,clear,29.6,34.0,55.0,22.0,237
summer,2012,5,13,0,2,1,clear,30.54,35.0,52.0,26.0,239
summer,2012,5,14,0,2,1,clear,30.54,35.0,52.0,28.0,238
summer,2012,5,15,0,2,1,clear,30.54,35.0,49.0,26.0,256
summer,2012,5,16,0,2,1,clear,30.54,35.0,49.0,33.0,393
summer,2012,5,17,0,2,1,clear,30.54,34.0,46.0,28.0,781
summer,2012,5,18,0,2,1,clear,29.6,33.0,49.0,33.0,710
summer,2012,5,19,0,2,1,clear,28.66,31.0,52.0,24.0,526
summer,2012,5,20,0,2,1,rain,24.9,27.0,61.0,35.0,204
summer,2012,5,21,0,2,1,rain,20.2,20.0,88.0,30.0,71
summer,2012,5,22,0,2,1,misty,21.14,21.0,88.0,6.0,55
summer,2012,5,23,0,2,1,rain,21.14,20.0,94.0,0.0,50
summer,2012,5,0,0,3,1,rain,22.08,22.0,89.0,7.0,36
summer,2012,5,1,0,3,1,rain,22.08,22.0,89.0,13.0,4
summer,2012,5,2,0,3,1,rain,21.14,20.0,94.0,6.0,5
summer,2012,5,3,0,3,1,rain,21.14,21.0,88.0,9.0,5
summer,2012,5,4,0,3,1,misty,21.14,21.0,88.0,9.0,6
summer,2012,5,5,0,3,1,misty,21.14,23.0,78.0,9.0,41
summer,2012,5,6,0,3,1,misty,20.2,22.0,78.0,7.0,144
summer,2012,5,7,0,3,1,rain,20.2,22.0,78.0,13.0,483
summer,2012,5,8,0,3,1,misty,20.2,23.0,73.0,11.0,671
summer,2012,5,9,0,3,1,misty,21.14,24.0,69.0,13.0,305
summer,2012,5,10,0,3,1,misty,21.14,24.0,69.0,19.0,177
summer,2012,5,11,0,3,1,misty,23.02,25.0,65.0,13.0,208
summer,2012,5,12,0,3,1,clear,24.9,27.0,54.0,0.0,253
summer,2012,5,13,0,3,1,clear,24.9,27.0,51.0,0.0,289
summer,2012,5,14,0,3,1,clear,25.84,27.0,42.0,9.0,252
summer,2012,5,15,0,3,1,clear,25.84,28.0,51.0,9.0,275
summer,2012,5,16,0,3,1,clear,25.84,28.0,51.0,11.0,398
summer,2012,5,17,0,3,1,clear,26.78,28.0,48.0,6.0,839
summer,2012,5,18,0,3,1,clear,26.78,28.0,48.0,11.0,796
summer,2012,5,19,0,3,1,clear,25.84,28.0,54.0,11.0,556
summer,2012,5,20,0,3,1,misty,17.38,18.0,60.0,9.0,431
summer,2012,5,21,0,3,1,clear,23.96,26.0,57.0,7.0,304
summer,2012,5,22,0,3,1,clear,23.02,25.0,69.0,7.0,217
summer,2012,5,23,0,3,1,clear,23.02,25.0,65.0,7.0,160
summer,2012,5,0,0,4,1,clear,22.08,24.0,69.0,9.0,61
summer,2012,5,1,0,4,1,clear,22.08,24.0,69.0,6.0,26
summer,2012,5,2,0,4,1,clear,22.08,24.0,65.0,6.0,14
summer,2012,5,3,0,4,1,clear,21.14,24.0,69.0,6.0,8
summer,2012,5,4,0,4,1,clear,21.14,24.0,69.0,0.0,8
summer,2012,5,5,0,4,1,clear,21.14,24.0,69.0,17.0,33
summer,2012,5,6,0,4,1,clear,20.2,23.0,73.0,15.0,178
summer,2012,5,7,0,4,1,clear,20.2,24.0,64.0,19.0,507
summer,2012,5,8,0,4,1,clear,21.14,25.0,57.0,17.0,693
summer,2012,5,9,0,4,1,clear,23.02,25.0,47.0,17.0,311
summer,2012,5,10,0,4,1,clear,24.9,26.0,39.0,26.0,220
summer,2012,5,11,0,4,1,clear,25.84,27.0,37.0,19.0,218
summer,2012,5,12,0,4,1,clear,25.84,27.0,37.0,13.0,292
summer,2012,5,13,0,4,1,clear,26.78,27.0,35.0,9.0,293
summer,2012,5,14,0,4,1,clear,27.72,28.0,31.0,13.0,254
summer,2012,5,15,0,4,1,clear,27.72,28.0,33.0,20.0,290
summer,2012,5,16,0,4,1,clear,27.72,28.0,33.0,19.0,487
summer,2012,5,17,0,4,1,clear,27.72,28.0,31.0,11.0,827
summer,2012,5,18,0,4,1,clear,26.78,27.0,30.0,13.0,785
summer,2012,5,19,0,4,1,clear,25.84,27.0,34.0,11.0,591
summer,2012,5,20,0,4,1,clear,23.96,26.0,44.0,11.0,479
summer,2012,5,21,0,4,1,clear,23.96,26.0,44.0,11.0,359
summer,2012,5,22,0,4,1,clear,23.02,25.0,50.0,11.0,264
summer,2012,5,23,0,4,1,clear,23.02,25.0,54.0,15.0,140
summer,2012,6,0,0,5,1,clear,23.02,25.0,50.0,17.0,86
summer,2012,6,1,0,5,1,clear,22.08,25.0,53.0,15.0,34
summer,2012,6,2,0,5,1,clear,22.08,25.0,57.0,15.0,16
summer,2012,6,3,0,5,1,misty,21.14,23.0,73.0,6.0,4
summer,2012,6,4,0,5,1,misty,21.14,23.0,73.0,6.0,6
summer,2012,6,5,0,5,1,misty,21.14,23.0,78.0,6.0,45
summer,2012,6,6,0,5,1,rain,21.14,21.0,88.0,9.0,141
summer,2012,6,7,0,5,1,misty,22.08,22.0,89.0,13.0,402
summer,2012,6,8,0,5,1,misty,22.08,22.0,89.0,13.0,694
summer,2012,6,9,0,5,1,misty,22.08,22.0,83.0,15.0,298
summer,2012,6,10,0,5,1,misty,23.02,24.0,78.0,19.0,204
summer,2012,6,11,0,5,1,misty,24.9,28.0,74.0,19.0,235
summer,2012,6,12,0,5,1,misty,24.9,28.0,74.0,24.0,310
summer,2012,6,13,0,5,1,clear,25.84,29.0,70.0,20.0,316
summer,2012,6,14,0,5,1,rain,25.84,29.0,66.0,19.0,254
summer,2012,6,15,0,5,1,rain,25.84,29.0,66.0,19.0,258
summer,2012,6,16,0,5,1,rain,26.78,29.0,58.0,30.0,222
summer,2012,6,17,0,5,1,rain,24.9,27.0,70.0,17.0,227
summer,2012,6,18,0,5,1,rain,21.14,21.0,88.0,24.0,110
summer,2012,6,19,0,5,1,rain,21.14,21.0,88.0,24.0,45
summer,2012,6,20,0,5,1,rain,21.14,20.0,94.0,17.0,39
summer,2012,6,21,0,5,1,rain,22.08,23.0,78.0,17.0,85
summer,2012,6,22,0,5,1,rain,20.2,20.0,88.0,9.0,23
summer,2012,6,23,0,5,1,rain,20.2,20.0,88.0,9.0,73
summer,2012,6,0,0,6,0,misty,18.32,19.0,83.0,9.0,86
summer,2012,6,1,0,6,0,misty,18.32,19.0,83.0,7.0,76
summer,2012,6,2,0,6,0,misty,17.38,18.0,88.0,0.0,41
summer,2012,6,3,0,6,0,clear,18.32,19.0,73.0,17.0,26
summer,2012,6,4,0,6,0,clear,17.38,18.0,68.0,19.0,13
summer,2012,6,5,0,6,0,clear,15.5,16.0,72.0,13.0,12
summer,2012,6,6,0,6,0,misty,15.5,16.0,77.0,13.0,36
summer,2012,6,7,0,6,0,clear,16.44,17.0,72.0,7.0,86
summer,2012,6,8,0,6,0,clear,17.38,18.0,64.0,11.0,210
summer,2012,6,9,0,6,0,clear,18.32,19.0,60.0,17.0,332
summer,2012,6,10,0,6,0,clear,20.2,25.0,53.0,20.0,493
summer,2012,6,11,0,6,0,clear,19.26,20.0,46.0,19.0,536
summer,2012,6,12,0,6,0,clear,21.14,25.0,43.0,24.0,668
summer,2012,6,13,0,6,0,clear,21.14,25.0,41.0,17.0,679
summer,2012,6,14,0,6,0,clear,22.08,25.0,38.0,20.0,647
summer,2012,6,15,0,6,0,clear,22.08,25.0,38.0,17.0,702
summer,2012,6,16,0,6,0,clear,22.08,25.0,38.0,17.0,644
summer,2012,6,17,0,6,0,clear,22.08,25.0,36.0,0.0,586
summer,2012,6,18,0,6,0,clear,22.08,25.0,36.0,0.0,512
summer,2012,6,19,0,6,0,clear,22.08,25.0,36.0,11.0,554
summer,2012,6,20,0,6,0,clear,21.14,25.0,35.0,19.0,399
summer,2012,6,21,0,6,0,clear,20.2,25.0,40.0,7.0,316
summer,2012,6,22,0,6,0,clear,19.26,20.0,46.0,9.0,228
summer,2012,6,23,0,6,0,clear,18.32,19.0,52.0,7.0,238
summer,2012,6,0,0,0,0,clear,17.38,18.0,60.0,11.0,169
summer,2012,6,1,0,0,0,clear,17.38,18.0,56.0,9.0,121
summer,2012,6,2,0,0,0,clear,16.44,17.0,59.0,7.0,89
summer,2012,6,3,0,0,0,clear,16.44,17.0,63.0,7.0,50
summer,2012,6,4,0,0,0,clear,15.5,16.0,72.0,6.0,13
summer,2012,6,5,0,0,0,clear,15.5,16.0,68.0,0.0,12
summer,2012,6,6,0,0,0,clear,13.62,14.0,82.0,7.0,22
summer,2012,6,7,0,0,0,clear,15.5,16.0,68.0,7.0,35
summer,2012,6,8,0,0,0,clear,17.38,18.0,60.0,6.0,140
summer,2012,6,9,0,0,0,clear,20.2,25.0,46.0,13.0,300
summer,2012,6,10,0,0,0,clear,21.14,25.0,43.0,15.0,404
summer,2012,6,11,0,0,0,clear,22.08,25.0,41.0,17.0,511
summer,2012,6,12,0,0,0,clear,23.02,25.0,39.0,20.0,684
summer,2012,6,13,0,0,0,clear,23.96,26.0,36.0,19.0,686
summer,2012,6,14,0,0,0,clear,23.96,26.0,36.0,22.0,678
summer,2012,6,15,0,0,0,clear,24.9,26.0,34.0,0.0,644
summer,2012,6,16,0,0,0,clear,24.9,26.0,34.0,20.0,662
summer,2012,6,17,0,0,0,clear,24.9,26.0,34.0,17.0,578
summer,2012,6,18,0,0,0,clear,24.9,26.0,34.0,17.0,496
summer,2012,6,19,0,0,0,clear,23.96,26.0,34.0,19.0,453
summer,2012,6,20,0,0,0,clear,23.02,25.0,39.0,13.0,314
summer,2012,6,21,0,0,0,clear,21.14,25.0,43.0,11.0,246
summer,2012,6,22,0,0,0,clear,21.14,25.0,50.0,26.0,226
summer,2012,6,23,0,0,0,clear,19.26,20.0,53.0,7.0,108
summer,2012,6,0,0,1,1,clear,19.26,20.0,53.0,0.0,49
summer,2012,6,1,0,1,1,rain,18.32,19.0,60.0,11.0,14
summer,2012,6,2,0,1,1,clear,18.32,19.0,60.0,15.0,11
summer,2012,6,3,0,1,1,misty,18.32,19.0,60.0,11.0,5
summer,2012,6,4,0,1,1,clear,17.38,18.0,64.0,6.0,8
summer,2012,6,5,0,1,1,clear,16.44,17.0,68.0,0.0,35
summer,2012,6,6,0,1,1,clear,16.44,17.0,68.0,0.0,139
summer,2012,6,7,0,1,1,clear,18.32,19.0,60.0,15.0,517
summer,2012,6,8,0,1,1,clear,20.2,25.0,49.0,15.0,665
summer,2012,6,9,0,1,1,clear,21.14,25.0,43.0,19.0,282
summer,2012,6,10,0,1,1,clear,22.08,25.0,41.0,31.0,187
summer,2012,6,11,0,1,1,clear,22.08,25.0,38.0,33.0,239
summer,2012,6,12,0,1,1,clear,22.08,25.0,41.0,30.0,282
summer,2012,6,13,0,1,1,clear,22.08,25.0,41.0,24.0,274
summer,2012,6,14,0,1,1,clear,21.14,25.0,41.0,33.0,270
summer,2012,6,15,0,1,1,clear,23.02,25.0,39.0,20.0,292
summer,2012,6,16,0,1,1,clear,23.02,25.0,39.0,31.0,448
summer,2012,6,17,0,1,1,clear,22.08,25.0,38.0,30.0,834
summer,2012,6,18,0,1,1,clear,22.08,25.0,38.0,26.0,822
summer,2012,6,19,0,1,1,clear,21.14,25.0,38.0,28.0,645
summer,2012,6,20,0,1,1,clear,20.2,25.0,40.0,24.0,461
summer,2012,6,21,0,1,1,clear,19.26,20.0,49.0,17.0,265
summer,2012,6,22,0,1,1,clear,18.32,19.0,52.0,19.0,168
summer,2012,6,23,0,1,1,clear,19.26,20.0,49.0,20.0,86
summer,2012,6,0,0,2,1,clear,17.38,18.0,68.0,28.0,34
summer,2012,6,1,0,2,1,misty,16.44,17.0,77.0,22.0,20
summer,2012,6,2,0,2,1,rain,16.44,17.0,72.0,20.0,8
summer,2012,6,3,0,2,1,rain,15.5,16.0,82.0,13.0,5
summer,2012,6,4,0,2,1,rain,15.5,16.0,82.0,13.0,5
summer,2012,6,5,0,2,1,rain,14.56,15.0,82.0,11.0,36
summer,2012,6,6,0,2,1,clear,14.56,15.0,82.0,17.0,184
summer,2012,6,7,0,2,1,clear,14.56,15.0,77.0,20.0,569
summer,2012,6,8,0,2,1,misty,14.56,15.0,77.0,15.0,710
summer,2012,6,9,0,2,1,misty,16.44,17.0,72.0,17.0,335
summer,2012,6,10,0,2,1,misty,16.44,17.0,63.0,20.0,176
summer,2012,6,11,0,2,1,misty,18.32,19.0,56.0,13.0,227
summer,2012,6,12,0,2,1,misty,17.38,18.0,56.0,15.0,247
summer,2012,6,13,0,2,1,misty,20.2,25.0,46.0,11.0,267
summer,2012,6,14,0,2,1,misty,19.26,20.0,46.0,11.0,276
summer,2012,6,15,0,2,1,misty,19.26,20.0,46.0,9.0,272
summer,2012,6,16,0,2,1,clear,20.2,25.0,43.0,13.0,473
summer,2012,6,17,0,2,1,clear,20.2,25.0,43.0,0.0,850
summer,2012,6,18,0,2,1,clear,20.2,25.0,43.0,13.0,790
summer,2012,6,19,0,2,1,clear,19.26,20.0,46.0,17.0,513
summer,2012,6,20,0,2,1,clear,18.32,19.0,49.0,15.0,415
summer,2012,6,21,0,2,1,clear,17.38,18.0,56.0,11.0,283
summer,2012,6,22,0,2,1,clear,18.32,19.0,52.0,7.0,193
summer,2012,6,23,0,2,1,clear,17.38,18.0,56.0,6.0,113
summer,2012,6,0,0,3,1,clear,16.44,17.0,59.0,6.0,49
summer,2012,6,1,0,3,1,clear,16.44,17.0,68.0,0.0,27
summer,2012,6,2,0,3,1,clear,15.5,16.0,68.0,0.0,11
summer,2012,6,3,0,3,1,clear,13.62,14.0,82.0,0.0,8
summer,2012,6,4,0,3,1,clear,13.62,14.0,82.0,7.0,10
summer,2012,6,5,0,3,1,clear,14.56,15.0,77.0,0.0,38
summer,2012,6,6,0,3,1,clear,14.56,15.0,77.0,0.0,172
summer,2012,6,7,0,3,1,clear,15.5,16.0,72.0,0.0,547
summer,2012,6,8,0,3,1,clear,17.38,18.0,68.0,0.0,668
summer,2012,6,9,0,3,1,clear,18.32,19.0,60.0,6.0,303
summer,2012,6,10,0,3,1,clear,20.2,25.0,46.0,6.0,203
summer,2012,6,11,0,3,1,clear,21.14,25.0,43.0,6.0,226
summer,2012,6,12,0,3,1,clear,21.14,25.0,38.0,0.0,315
summer,2012,6,13,0,3,1,clear,21.14,25.0,41.0,6.0,303
summer,2012,6,14,0,3,1,clear,22.08,25.0,38.0,0.0,302
summer,2012,6,15,0,3,1,clear,22.08,25.0,38.0,0.0,300
summer,2012,6,16,0,3,1,clear,22.08,25.0,41.0,9.0,452
summer,2012,6,17,0,3,1,clear,21.14,25.0,43.0,9.0,724
summer,2012,6,18,0,3,1,rain,20.2,25.0,53.0,13.0,782
summer,2012,6,19,0,3,1,clear,18.32,19.0,73.0,20.0,538
summer,2012,6,20,0,3,1,clear,17.38,18.0,73.0,19.0,408
summer,2012,6,21,0,3,1,clear,17.38,18.0,73.0,11.0,298
summer,2012,6,22,0,3,1,clear,16.44,17.0,77.0,6.0,248
summer,2012,6,23,0,3,1,clear,16.44,17.0,77.0,0.0,123
summer,2012,6,0,0,4,1,clear,16.44,17.0,77.0,9.0,59
summer,2012,6,1,0,4,1,clear,16.44,17.0,77.0,11.0,22
summer,2012,6,2,0,4,1,clear,16.44,17.0,77.0,6.0,12
summer,2012,6,3,0,4,1,clear,15.5,16.0,77.0,7.0,5
summer,2012,6,4,0,4,1,clear,13.62,14.0,88.0,7.0,6
summer,2012,6,5,0,4,1,clear,14.56,15.0,82.0,6.0,34
summer,2012,6,6,0,4,1,clear,13.62,14.0,88.0,7.0,170
summer,2012,6,7,0,4,1,clear,15.5,16.0,82.0,11.0,526
summer,2012,6,8,0,4,1,clear,16.44,17.0,77.0,0.0,681
summer,2012,6,9,0,4,1,clear,19.26,20.0,68.0,0.0,337
summer,2012,6,10,0,4,1,clear,20.2,24.0,64.0,6.0,210
summer,2012,6,11,0,4,1,clear,23.02,25.0,47.0,15.0,237
summer,2012,6,12,0,4,1,clear,24.9,26.0,42.0,0.0,336
summer,2012,6,13,0,4,1,clear,24.9,26.0,37.0,19.0,315
summer,2012,6,14,0,4,1,clear,25.84,27.0,37.0,17.0,265
summer,2012,6,15,0,4,1,clear,26.78,27.0,30.0,0.0,333
summer,2012,6,16,0,4,1,clear,25.84,27.0,34.0,15.0,466
summer,2012,6,17,0,4,1,clear,25.84,27.0,34.0,17.0,869
summer,2012,6,18,0,4,1,clear,24.9,26.0,34.0,19.0,813
summer,2012,6,19,0,4,1,clear,24.9,26.0,34.0,19.0,602
summer,2012,6,20,0,4,1,clear,23.02,25.0,36.0,20.0,478
summer,2012,6,21,0,4,1,clear,21.14,25.0,41.0,22.0,313
summer,2012,6,22,0,4,1,clear,20.2,25.0,46.0,11.0,228
summer,2012,6,23,0,4,1,clear,18.32,19.0,52.0,9.0,177
summer,2012,6,0,0,5,1,clear,18.32,19.0,56.0,11.0,77
summer,2012,6,1,0,5,1,clear,18.32,19.0,56.0,11.0,29
summer,2012,6,2,0,5,1,clear,18.32,19.0,56.0,0.0,19
summer,2012,6,3,0,5,1,clear,17.38,18.0,60.0,6.0,8
summer,2012,6,4,0,5,1,clear,16.44,17.0,63.0,0.0,10
summer,2012,6,5,0,5,1,clear,15.5,16.0,72.0,7.0,29
summer,2012,6,6,0,5,1,clear,16.44,17.0,68.0,6.0,139
summer,2012,6,7,0,5,1,clear,16.44,17.0,72.0,7.0,428
summer,2012,6,8,0,5,1,clear,19.26,20.0,60.0,6.0,700
summer,2012,6,9,0,5,1,clear,21.14,25.0,53.0,11.0,382
summer,2012,6,10,0,5,1,clear,23.02,25.0,47.0,17.0,249
summer,2012,6,11,0,5,1,clear,24.9,26.0,42.0,17.0,264
summer,2012,6,12,0,5,1,clear,25.84,27.0,39.0,22.0,369
summer,2012,6,13,0,5,1,clear,26.78,27.0,37.0,17.0,416
summer,2012,6,14,0,5,1,clear,27.72,28.0,31.0,26.0,373
summer,2012,6,15,0,5,1,clear,27.72,28.0,29.0,19.0,397
summer,2012,6,16,0,5,1,clear,27.72,28.0,29.0,20.0,523
summer,2012,6,17,0,5,1,clear,27.72,28.0,29.0,13.0,793
summer,2012,6,18,0,5,1,clear,27.72,28.0,27.0,15.0,723
summer,2012,6,19,0,5,1,clear,26.78,27.0,30.0,15.0,555
summer,2012,6,20,0,5,1,clear,25.84,27.0,32.0,9.0,408
summer,2012,6,21,0,5,1,clear,24.9,26.0,37.0,9.0,339
summer,2012,6,22,0,5,1,clear,23.96,26.0,41.0,7.0,291
summer,2012,6,23,0,5,1,clear,22.08,25.0,57.0,11.0,215
summer,2012,6,0,0,6,0,clear,22.08,25.0,53.0,7.0,206
summer,2012,6,1,0,6,0,clear,22.08,25.0,53.0,6.0,123
summer,2012,6,2,0,6,0,clear,22.08,25.0,50.0,15.0,89
summer,2012,6,3,0,6,0,clear,21.14,25.0,57.0,0.0,40
summer,2012,6,4,0,6,0,clear,21.14,25.0,57.0,0.0,8
summer,2012,6,5,0,6,0,clear,20.2,25.0,56.0,7.0,19
summer,2012,6,6,0,6,0,clear,18.32,19.0,64.0,7.0,80
summer,2012,6,7,0,6,0,clear,19.26,20.0,64.0,7.0,87
summer,2012,6,8,0,6,0,clear,21.14,24.0,61.0,7.0,244
summer,2012,6,9,0,6,0,clear,22.08,25.0,57.0,11.0,340
summer,2012,6,10,0,6,0,clear,24.9,27.0,51.0,7.0,466
summer,2012,6,11,0,6,0,clear,27.72,28.0,35.0,0.0,569
summer,2012,6,12,0,6,0,clear,29.6,30.0,29.0,17.0,531
summer,2012,6,13,0,6,0,clear,30.54,30.0,24.0,19.0,585
summer,2012,6,14,0,6,0,clear,30.54,30.0,23.0,13.0,593
summer,2012,6,15,0,6,0,clear,31.48,31.0,20.0,20.0,555
summer,2012,6,16,0,6,0,clear,30.54,30.0,24.0,13.0,534
summer,2012,6,17,0,6,0,clear,31.48,31.0,24.0,0.0,495
summer,2012,6,18,0,6,0,clear,30.54,30.0,24.0,15.0,451
summer,2012,6,19,0,6,0,clear,29.6,30.0,29.0,11.0,360
summer,2012,6,20,0,6,0,clear,27.72,28.0,35.0,15.0,363
summer,2012,6,21,0,6,0,clear,26.78,27.0,40.0,13.0,316
summer,2012,6,22,0,6,0,clear,24.9,27.0,58.0,11.0,214
summer,2012,6,23,0,6,0,clear,23.96,26.0,61.0,11.0,230
summer,2012,6,0,0,0,0,clear,23.02,25.0,69.0,7.0,158
summer,2012,6,1,0,0,0,clear,22.08,24.0,73.0,9.0,116
summer,2012,6,2,0,0,0,clear,22.08,24.0,69.0,9.0,73
summer,2012,6,3,0,0,0,clear,22.08,24.0,73.0,7.0,29
summer,2012,6,4,0,0,0,clear,21.14,23.0,78.0,6.0,10
summer,2012,6,5,0,0,0,clear,21.14,24.0,69.0,6.0,13
summer,2012,6,6,0,0,0,clear,21.14,23.0,73.0,0.0,30
summer,2012,6,7,0,0,0,clear,20.2,22.0,78.0,7.0,62
summer,2012,6,8,0,0,0,clear,22.08,24.0,73.0,6.0,181
summer,2012,6,9,0,0,0,clear,24.9,27.0,58.0,0.0,266
summer,2012,6,10,0,0,0,clear,27.72,29.0,40.0,7.0,413
summer,2012,6,11,0,0,0,clear,27.72,29.0,45.0,6.0,499
summer,2012,6,12,0,0,0,clear,30.54,31.0,30.0,0.0,502
summer,2012,6,13,0,0,0,clear,31.48,32.0,28.0,9.0,492
summer,2012,6,14,0,0,0,clear,31.48,32.0,30.0,9.0,500
summer,2012,6,15,0,0,0,clear,31.48,32.0,30.0,15.0,475
summer,2012,6,16,0,0,0,clear,31.48,33.0,36.0,19.0,508
summer,2012,6,17,0,0,0,clear,30.54,33.0,41.0,19.0,521
summer,2012,6,18,0,0,0,clear,30.54,32.0,38.0,15.0,490
summer,2012,6,19,0,0,0,clear,30.54,31.0,28.0,19.0,375
summer,2012,6,20,0,0,0,clear,27.72,29.0,48.0,11.0,363
summer,2012,6,21,0,0,0,clear,25.84,29.0,62.0,11.0,253
summer,2012,6,22,0,0,0,clear,24.9,27.0,65.0,11.0,159
summer,2012,6,23,0,0,0,clear,25.84,28.0,58.0,7.0,110
summer,2012,6,0,0,1,1,clear,24.9,27.0,65.0,7.0,41
summer,2012,6,1,0,1,1,clear,23.02,25.0,74.0,11.0,24
summer,2012,6,2,0,1,1,clear,23.02,25.0,74.0,7.0,17
summer,2012,6,3,0,1,1,clear,22.08,23.0,78.0,7.0,6
summer,2012,6,4,0,1,1,clear,22.08,23.0,78.0,9.0,7
summer,2012,6,5,0,1,1,clear,22.08,23.0,78.0,9.0,37
summer,2012,6,6,0,1,1,clear,21.14,22.0,83.0,7.0,144
summer,2012,6,7,0,1,1,clear,22.08,23.0,78.0,7.0,503
summer,2012,6,8,0,1,1,clear,23.02,25.0,74.0,9.0,651
summer,2012,6,9,0,1,1,clear,24.9,27.0,65.0,9.0,316
summer,2012,6,10,0,1,1,clear,25.84,29.0,62.0,11.0,147
summer,2012,6,11,0,1,1,misty,27.72,29.0,48.0,15.0,202
summer,2012,6,12,0,1,1,misty,29.6,32.0,43.0,13.0,261
summer,2012,6,13,0,1,1,misty,29.6,31.0,41.0,20.0,248
summer,2012,6,14,0,1,1,misty,30.54,32.0,34.0,19.0,259
summer,2012,6,15,0,1,1,clear,29.6,31.0,41.0,24.0,259
summer,2012,6,16,0,1,1,misty,29.6,31.0,41.0,28.0,427
summer,2012,6,17,0,1,1,misty,29.6,31.0,41.0,24.0,800
summer,2012,6,18,0,1,1,misty,29.6,32.0,43.0,20.0,831
summer,2012,6,19,0,1,1,misty,27.72,29.0,48.0,22.0,596
summer,2012,6,20,0,1,1,misty,26.78,28.0,48.0,15.0,394
summer,2012,6,21,0,1,1,misty,25.84,28.0,58.0,13.0,250
summer,2012,6,22,0,1,1,misty,25.84,28.0,58.0,13.0,164
summer,2012,6,23,0,1,1,misty,24.9,27.0,58.0,15.0,80
summer,2012,6,0,0,2,1,misty,24.9,27.0,58.0,15.0,28
summer,2012,6,1,0,2,1,misty,23.96,26.0,65.0,11.0,16
summer,2012,6,2,0,2,1,misty,23.96,26.0,65.0,13.0,6
summer,2012,6,3,0,2,1,misty,23.02,25.0,69.0,17.0,12
summer,2012,6,4,0,2,1,rain,20.2,20.0,88.0,11.0,4
summer,2012,6,5,0,2,1,rain,20.2,20.0,88.0,9.0,29
summer,2012,6,6,0,2,1,misty,20.2,20.0,88.0,9.0,136
summer,2012,6,7,0,2,1,rain,21.14,21.0,88.0,17.0,303
summer,2012,6,8,0,2,1,misty,21.14,21.0,88.0,15.0,613
summer,2012,6,9,0,2,1,misty,22.08,22.0,89.0,19.0,285
summer,2012,6,10,0,2,1,rain,22.08,22.0,89.0,19.0,125
summer,2012,6,11,0,2,1,rain,23.02,24.0,83.0,24.0,65
summer,2012,6,12,0,2,1,rain,23.02,24.0,83.0,17.0,95
summer,2012,6,13,0,2,1,rain,23.02,24.0,83.0,13.0,59
summer,2012,6,14,0,2,1,rain,22.08,22.0,89.0,17.0,60
summer,2012,6,15,0,2,1,rain,23.02,23.0,89.0,13.0,116
summer,2012,6,16,0,2,1,misty,23.02,23.0,89.0,19.0,239
summer,2012,6,17,0,2,1,misty,23.02,23.0,89.0,19.0,681
summer,2012,6,18,0,2,1,clear,23.96,26.0,83.0,13.0,653
summer,2012,6,19,0,2,1,clear,23.96,26.0,83.0,13.0,491
summer,2012,6,20,0,2,1,clear,23.96,26.0,83.0,13.0,386
summer,2012,6,21,0,2,1,clear,23.96,26.0,83.0,7.0,274
summer,2012,6,22,0,2,1,clear,23.02,23.0,94.0,7.0,207
summer,2012,6,23,0,2,1,rain,23.02,23.0,94.0,15.0,89
summer,2012,6,0,0,3,1,misty,23.02,23.0,94.0,13.0,34
summer,2012,6,1,0,3,1,clear,22.08,23.0,78.0,0.0,28
summer,2012,6,2,0,3,1,clear,21.14,22.0,83.0,9.0,4
summer,2012,6,3,0,3,1,clear,21.14,22.0,83.0,13.0,8
summer,2012,6,4,0,3,1,clear,20.2,21.0,83.0,9.0,10
summer,2012,6,5,0,3,1,clear,20.2,21.0,83.0,13.0,40
summer,2012,6,6,0,3,1,clear,20.2,21.0,83.0,15.0,194
summer,2012,6,7,0,3,1,clear,20.2,21.0,83.0,20.0,505
summer,2012,6,8,0,3,1,misty,21.14,23.0,73.0,35.0,713
summer,2012,6,9,0,3,1,misty,22.08,24.0,69.0,39.0,352
summer,2012,6,10,0,3,1,misty,22.08,24.0,65.0,28.0,198
summer,2012,6,11,0,3,1,misty,23.02,25.0,54.0,30.0,246
summer,2012,6,12,0,3,1,misty,23.96,26.0,44.0,28.0,334
summer,2012,6,13,0,3,1,misty,24.9,26.0,45.0,26.0,255
summer,2012,6,14,0,3,1,misty,25.84,27.0,37.0,28.0,320
summer,2012,6,15,0,3,1,clear,25.84,27.0,32.0,33.0,281
summer,2012,6,16,0,3,1,clear,25.84,27.0,30.0,33.0,392
summer,2012,6,17,0,3,1,clear,25.84,27.0,32.0,33.0,857
summer,2012,6,18,0,3,1,clear,25.84,27.0,32.0,30.0,744
summer,2012,6,19,0,3,1,clear,24.9,26.0,34.0,26.0,671
summer,2012,6,20,0,3,1,clear,23.96,26.0,36.0,28.0,448
summer,2012,6,21,0,3,1,clear,22.08,25.0,44.0,24.0,396
summer,2012,6,22,0,3,1,clear,21.14,25.0,50.0,20.0,238
summer,2012,6,23,0,3,1,clear,21.14,25.0,50.0,19.0,153
summer,2012,6,0,0,4,1,clear,20.2,25.0,53.0,20.0,48
summer,2012,6,1,0,4,1,clear,20.2,25.0,56.0,15.0,21
summer,2012,6,2,0,4,1,misty,21.14,25.0,53.0,17.0,9
summer,2012,6,3,0,4,1,misty,21.14,25.0,53.0,19.0,5
summer,2012,6,4,0,4,1,misty,20.2,25.0,56.0,17.0,6
summer,2012,6,5,0,4,1,misty,20.2,25.0,56.0,17.0,40
summer,2012,6,6,0,4,1,clear,19.26,20.0,60.0,19.0,181
summer,2012,6,7,0,4,1,clear,20.2,24.0,60.0,19.0,506
summer,2012,6,8,0,4,1,clear,20.2,24.0,64.0,22.0,719
summer,2012,6,9,0,4,1,clear,21.14,24.0,61.0,15.0,357
summer,2012,6,10,0,4,1,clear,22.08,24.0,65.0,28.0,179
summer,2012,6,11,0,4,1,clear,23.02,25.0,57.0,17.0,228
summer,2012,6,12,0,4,1,misty,23.02,25.0,61.0,15.0,265
summer,2012,6,13,0,4,1,clear,23.96,26.0,57.0,11.0,284
summer,2012,6,14,0,4,1,clear,24.9,27.0,54.0,19.0,298
summer,2012,6,15,0,4,1,clear,26.78,28.0,48.0,20.0,324
summer,2012,6,16,0,4,1,clear,25.84,28.0,51.0,19.0,438
summer,2012,6,17,0,4,1,clear,25.84,28.0,48.0,15.0,867
summer,2012,6,18,0,4,1,clear,26.78,28.0,42.0,13.0,823
summer,2012,6,19,0,4,1,clear,24.9,27.0,48.0,17.0,579
summer,2012,6,20,0,4,1,clear,23.02,25.0,65.0,17.0,435
summer,2012,6,21,0,4,1,clear,22.08,24.0,65.0,11.0,337
summer,2012,6,22,0,4,1,misty,22.08,24.0,65.0,15.0,242
summer,2012,6,23,0,4,1,misty,21.14,24.0,69.0,11.0,172
summer,2012,6,0,0,5,1,clear,20.2,23.0,73.0,11.0,94
summer,2012,6,1,0,5,1,clear,19.26,20.0,78.0,13.0,51
summer,2012,6,2,0,5,1,clear,18.32,19.0,83.0,7.0,15
summer,2012,6,3,0,5,1,clear,18.32,19.0,83.0,11.0,5
summer,2012,6,4,0,5,1,clear,18.32,19.0,83.0,11.0,14
summer,2012,6,5,0,5,1,clear,17.38,18.0,88.0,7.0,33
summer,2012,6,6,0,5,1,clear,17.38,18.0,83.0,9.0,151
summer,2012,6,7,0,5,1,clear,18.32,19.0,83.0,11.0,430
summer,2012,6,8,0,5,1,clear,20.2,23.0,69.0,11.0,653
summer,2012,6,9,0,5,1,clear,21.14,24.0,65.0,11.0,366
summer,2012,6,10,0,5,1,clear,22.08,25.0,57.0,11.0,216
summer,2012,6,11,0,5,1,clear,23.02,25.0,50.0,13.0,286
summer,2012,6,12,0,5,1,clear,24.9,26.0,45.0,11.0,403
summer,2012,6,13,0,5,1,clear,24.9,26.0,42.0,17.0,393
summer,2012,6,14,0,5,1,clear,25.84,27.0,39.0,13.0,376
summer,2012,6,15,0,5,1,clear,25.84,27.0,39.0,13.0,377
summer,2012,6,16,0,5,1,clear,25.84,27.0,37.0,13.0,558
summer,2012,6,17,0,5,1,clear,26.78,27.0,37.0,19.0,823
summer,2012,6,18,0,5,1,clear,25.84,27.0,39.0,15.0,693
summer,2012,6,19,0,5,1,clear,24.9,26.0,42.0,11.0,467
summer,2012,6,20,0,5,1,clear,23.96,26.0,44.0,13.0,385
summer,2012,6,21,0,5,1,clear,23.02,25.0,50.0,7.0,333
summer,2012,6,22,0,5,1,clear,22.08,25.0,53.0,9.0,321
summer,2012,6,23,0,5,1,clear,21.14,25.0,53.0,17.0,222
summer,2012,6,0,0,6,0,clear,19.26,20.0,56.0,9.0,137
summer,2012,6,1,0,6,0,clear,18.32,19.0,56.0,0.0,95
summer,2012,6,2,0,6,0,clear,19.26,20.0,53.0,0.0,67
summer,2012,6,3,0,6,0,clear,18.32,19.0,60.0,6.0,27
summer,2012,6,4,0,6,0,clear,17.38,18.0,68.0,9.0,8
summer,2012,6,5,0,6,0,clear,17.38,18.0,68.0,7.0,23
summer,2012,6,6,0,6,0,clear,17.38,18.0,68.0,13.0,47
summer,2012,6,7,0,6,0,clear,17.38,18.0,68.0,13.0,78
summer,2012,6,8,0,6,0,clear,19.26,20.0,64.0,11.0,204
summer,2012,6,9,0,6,0,clear,20.2,24.0,60.0,6.0,367
summer,2012,6,10,0,6,0,clear,22.08,25.0,47.0,13.0,435
summer,2012,6,11,0,6,0,clear,23.02,25.0,39.0,11.0,566
summer,2012,6,12,0,6,0,clear,23.96,26.0,41.0,7.0,603
summer,2012,6,13,0,6,0,clear,25.84,27.0,34.0,11.0,617
summer,2012,6,14,0,6,0,clear,25.84,27.0,37.0,15.0,573
summer,2012,6,15,0,6,0,clear,26.78,27.0,35.0,17.0,583
summer,2012,6,16,0,6,0,misty,25.84,27.0,37.0,7.0,542
summer,2012,6,17,0,6,0,misty,25.84,27.0,37.0,17.0,593
summer,2012,6,18,0,6,0,misty,25.84,27.0,37.0,15.0,571
summer,2012,6,19,0,6,0,misty,24.9,26.0,42.0,13.0,461
summer,2012,6,20,0,6,0,misty,23.02,25.0,47.0,13.0,352
summer,2012,6,21,0,6,0,misty,22.08,25.0,50.0,15.0,290
summer,2012,6,22,0,6,0,clear,21.14,25.0,53.0,20.0,280
summer,2012,6,23,0,6,0,clear,20.2,25.0,53.0,20.0,183
summer,2012,6,0,0,0,0,clear,18.32,19.0,56.0,9.0,148
summer,2012,6,1,0,0,0,clear,18.32,19.0,60.0,11.0,88
summer,2012,6,2,0,0,0,clear,18.32,19.0,56.0,6.0,74
summer,2012,6,3,0,0,0,clear,17.38,18.0,64.0,7.0,28
summer,2012,6,4,0,0,0,clear,17.38,18.0,64.0,6.0,18
summer,2012,6,5,0,0,0,clear,17.38,18.0,68.0,9.0,17
summer,2012,6,6,0,0,0,clear,16.44,17.0,72.0,7.0,23
summer,2012,6,7,0,0,0,clear,16.44,17.0,72.0,6.0,48
summer,2012,6,8,0,0,0,clear,18.32,19.0,68.0,17.0,119
summer,2012,6,9,0,0,0,clear,18.32,19.0,68.0,11.0,274
summer,2012,6,10,0,0,0,clear,19.26,20.0,64.0,0.0,436
summer,2012,6,11,0,0,0,clear,21.14,25.0,57.0,7.0,546
summer,2012,6,12,0,0,0,clear,21.14,25.0,57.0,0.0,615
summer,2012,6,13,0,0,0,clear,22.08,25.0,53.0,11.0,614
summer,2012,6,14,0,0,0,clear,22.08,25.0,53.0,0.0,582
summer,2012,6,15,0,0,0,clear,23.02,25.0,50.0,15.0,463
summer,2012,6,16,0,0,0,clear,23.02,25.0,54.0,20.0,580
summer,2012,6,17,0,0,0,clear,22.08,25.0,57.0,15.0,593
summer,2012,6,18,0,0,0,clear,22.08,25.0,53.0,13.0,513
summer,2012,6,19,0,0,0,clear,22.08,25.0,53.0,11.0,390
summer,2012,6,20,0,0,0,clear,21.14,25.0,57.0,13.0,302
summer,2012,6,21,0,0,0,clear,21.14,25.0,57.0,13.0,246
summer,2012,6,22,0,0,0,clear,20.2,24.0,60.0,13.0,153
summer,2012,6,23,0,0,0,clear,19.26,20.0,64.0,13.0,108
summer,2012,6,0,0,1,1,clear,18.32,19.0,73.0,17.0,40
summer,2012,6,1,0,1,1,clear,17.38,18.0,77.0,15.0,14
summer,2012,6,2,0,1,1,clear,17.38,18.0,77.0,15.0,9
summer,2012,6,3,0,1,1,misty,16.44,17.0,83.0,15.0,4
summer,2012,6,4,0,1,1,misty,17.38,18.0,77.0,13.0,9
summer,2012,6,5,0,1,1,rain,16.44,17.0,83.0,9.0,23
summer,2012,6,6,0,1,1,rain,16.44,17.0,88.0,9.0,37
summer,2012,6,7,0,1,1,rain,16.44,17.0,94.0,15.0,145
summer,2012,6,8,0,1,1,misty,17.38,18.0,83.0,13.0,474
summer,2012,6,9,0,1,1,misty,17.38,18.0,83.0,15.0,250
summer,2012,6,10,0,1,1,rain,17.38,18.0,88.0,7.0,91
summer,2012,6,11,0,1,1,misty,17.38,18.0,88.0,11.0,121
summer,2012,6,12,0,1,1,rain,18.32,19.0,78.0,9.0,168
summer,2012,6,13,0,1,1,misty,19.26,20.0,73.0,9.0,225
summer,2012,6,14,0,1,1,misty,19.26,20.0,68.0,13.0,219
summer,2012,6,15,0,1,1,misty,20.2,23.0,69.0,13.0,237
summer,2012,6,16,0,1,1,misty,20.2,23.0,73.0,13.0,332
summer,2012,6,17,0,1,1,misty,20.2,23.0,73.0,13.0,723
summer,2012,6,18,0,1,1,misty,21.14,24.0,69.0,11.0,642
summer,2012,6,19,0,1,1,misty,21.14,23.0,73.0,6.0,463
summer,2012,6,20,0,1,1,misty,21.14,23.0,73.0,9.0,362
summer,2012,6,21,0,1,1,misty,21.14,23.0,73.0,7.0,273
summer,2012,6,22,0,1,1,misty,21.14,23.0,73.0,11.0,164
summer,2012,6,23,0,1,1,rain,20.2,22.0,78.0,13.0,74
summer,2012,6,0,0,2,1,misty,20.2,22.0,78.0,11.0,35
summer,2012,6,1,0,2,1,misty,20.2,22.0,78.0,11.0,14
summer,2012,6,2,0,2,1,misty,20.2,22.0,78.0,9.0,15
summer,2012,6,3,0,2,1,misty,20.2,22.0,78.0,7.0,8
summer,2012,6,4,0,2,1,misty,20.2,22.0,78.0,9.0,10
summer,2012,6,5,0,2,1,misty,20.2,22.0,78.0,13.0,37
summer,2012,6,6,0,2,1,misty,20.2,22.0,78.0,7.0,161
summer,2012,6,7,0,2,1,misty,20.2,22.0,78.0,9.0,480
summer,2012,6,8,0,2,1,misty,20.2,22.0,78.0,11.0,673
summer,2012,6,9,0,2,1,clear,22.08,24.0,73.0,6.0,328
summer,2012,6,10,0,2,1,clear,22.08,24.0,73.0,6.0,180
summer,2012,6,11,0,2,1,clear,23.02,25.0,69.0,9.0,230
summer,2012,6,12,0,2,1,clear,24.9,27.0,65.0,6.0,292
summer,2012,6,13,0,2,1,clear,26.78,29.0,58.0,9.0,272
summer,2012,6,14,0,2,1,clear,27.72,31.0,58.0,7.0,227
summer,2012,6,15,0,2,1,clear,28.66,33.0,59.0,11.0,259
summer,2012,6,16,0,2,1,clear,29.6,34.0,55.0,15.0,334
summer,2012,6,17,0,2,1,clear,29.6,34.0,55.0,13.0,811
summer,2012,6,18,0,2,1,clear,29.6,34.0,55.0,11.0,795
summer,2012,6,19,0,2,1,clear,29.6,35.0,59.0,15.0,514
summer,2012,6,20,0,2,1,clear,29.6,34.0,55.0,17.0,458
summer,2012,6,21,0,2,1,clear,27.72,31.0,62.0,11.0,276
summer,2012,6,22,0,2,1,clear,25.84,30.0,79.0,6.0,291
summer,2012,6,23,0,2,1,clear,25.84,30.0,79.0,9.0,125
summer,2012,6,0,0,3,1,clear,24.9,28.0,79.0,13.0,53
summer,2012,6,1,0,3,1,clear,23.96,26.0,79.0,13.0,27
summer,2012,6,2,0,3,1,clear,23.02,24.0,83.0,11.0,6
summer,2012,6,3,0,3,1,clear,23.02,24.0,83.0,9.0,8
summer,2012,6,4,0,3,1,clear,23.02,24.0,83.0,6.0,7
summer,2012,6,5,0,3,1,clear,23.02,24.0,83.0,6.0,39
summer,2012,6,6,0,3,1,misty,22.08,22.0,89.0,6.0,165
summer,2012,6,7,0,3,1,misty,23.02,23.0,89.0,0.0,464
summer,2012,6,8,0,3,1,misty,24.9,28.0,79.0,7.0,643
summer,2012,6,9,0,3,1,misty,25.84,30.0,74.0,0.0,316
summer,2012,6,10,0,3,1,clear,30.54,35.0,52.0,9.0,167
summer,2012,6,11,0,3,1,clear,31.48,36.0,49.0,13.0,188
summer,2012,6,12,0,3,1,clear,32.42,37.0,47.0,11.0,180
summer,2012,6,13,0,3,1,clear,32.42,36.0,44.0,7.0,211
summer,2012,6,14,0,3,1,clear,33.36,37.0,39.0,13.0,190
summer,2012,6,15,0,3,1,clear,34.3,38.0,35.0,0.0,179
summer,2012,6,16,0,3,1,clear,34.3,38.0,35.0,7.0,335
summer,2012,6,17,0,3,1,clear,34.3,38.0,37.0,0.0,691
summer,2012,6,18,0,3,1,clear,34.3,38.0,37.0,0.0,672
summer,2012,6,19,0,3,1,clear,33.36,36.0,37.0,17.0,539
summer,2012,6,20,0,3,1,clear,32.42,35.0,39.0,15.0,407
summer,2012,6,21,0,3,1,clear,31.48,34.0,44.0,6.0,344
summer,2012,6,22,0,3,1,clear,30.54,34.0,46.0,7.0,257
summer,2012,6,23,0,3,1,clear,28.66,33.0,59.0,7.0,123
fall,2012,6,0,0,4,1,clear,26.78,30.0,70.0,6.0,69
fall,2012,6,1,0,4,1,clear,25.84,30.0,79.0,9.0,18
fall,2012,6,2,0,4,1,clear,25.84,30.0,79.0,7.0,18
fall,2012,6,3,0,4,1,clear,25.84,30.0,74.0,0.0,11
fall,2012,6,4,0,4,1,clear,24.9,28.0,84.0,6.0,12
fall,2012,6,5,0,4,1,clear,24.9,28.0,84.0,7.0,40
fall,2012,6,6,0,4,1,misty,24.9,28.0,84.0,6.0,150
fall,2012,6,7,0,4,1,misty,24.9,28.0,84.0,6.0,463
fall,2012,6,8,0,4,1,clear,26.78,30.0,70.0,0.0,590
fall,2012,6,9,0,4,1,clear,29.6,34.0,55.0,13.0,256
fall,2012,6,10,0,4,1,clear,31.48,36.0,49.0,7.0,150
fall,2012,6,11,0,4,1,clear,32.42,36.0,41.0,9.0,161
fall,2012,6,12,0,4,1,clear,34.3,38.0,35.0,13.0,215
fall,2012,6,13,0,4,1,clear,34.3,38.0,35.0,0.0,172
fall,2012,6,14,0,4,1,clear,33.36,36.0,37.0,11.0,176
fall,2012,6,15,0,4,1,clear,35.24,39.0,33.0,11.0,194
fall,2012,6,16,0,4,1,clear,34.3,38.0,35.0,9.0,320
fall,2012,6,17,0,4,1,clear,33.36,36.0,37.0,0.0,615
fall,2012,6,18,0,4,1,clear,32.42,36.0,41.0,13.0,640
fall,2012,6,19,0,4,1,clear,33.36,37.0,39.0,15.0,499
fall,2012,6,20,0,4,1,clear,32.42,36.0,44.0,13.0,436
fall,2012,6,21,0,4,1,clear,30.54,35.0,52.0,13.0,311
fall,2012,6,22,0,4,1,clear,29.6,36.0,63.0,11.0,243
fall,2012,6,23,0,4,1,clear,29.6,35.0,59.0,6.0,146
fall,2012,6,0,0,5,1,misty,27.72,32.0,70.0,7.0,93
fall,2012,6,1,0,5,1,clear,27.72,33.0,75.0,11.0,31
fall,2012,6,2,0,5,1,clear,26.78,31.0,79.0,0.0,12
fall,2012,6,3,0,5,1,clear,26.78,31.0,79.0,0.0,7
fall,2012,6,4,0,5,1,misty,27.72,32.0,66.0,0.0,10
fall,2012,6,5,0,5,1,misty,26.78,30.0,66.0,6.0,38
fall,2012,6,6,0,5,1,misty,26.78,30.0,66.0,0.0,122
fall,2012,6,7,0,5,1,clear,26.78,29.0,58.0,11.0,359
fall,2012,6,8,0,5,1,clear,27.72,30.0,55.0,9.0,613
fall,2012,6,9,0,5,1,clear,27.72,31.0,58.0,15.0,333
fall,2012,6,10,0,5,1,clear,29.6,33.0,52.0,24.0,185
fall,2012,6,11,0,5,1,clear,29.6,33.0,49.0,11.0,236
fall,2012,6,12,0,5,1,clear,31.48,36.0,49.0,9.0,254
fall,2012,6,13,0,5,1,clear,33.36,37.0,39.0,15.0,300
fall,2012,6,14,0,5,1,clear,33.36,37.0,39.0,15.0,263
fall,2012,6,15,0,5,1,clear,34.3,38.0,35.0,24.0,284
fall,2012,6,16,0,5,1,clear,34.3,37.0,31.0,15.0,380
fall,2012,6,17,0,5,1,misty,30.54,32.0,38.0,11.0,646
fall,2012,6,18,0,5,1,misty,29.6,34.0,55.0,13.0,505
fall,2012,6,19,0,5,1,misty,27.72,30.0,55.0,35.0,362
fall,2012,6,20,0,5,1,misty,27.72,30.0,55.0,35.0,202
fall,2012,6,21,0,5,1,rain,23.96,26.0,65.0,19.0,217
fall,2012,6,22,0,5,1,clear,23.96,26.0,69.0,9.0,197
fall,2012,6,23,0,5,1,misty,23.02,25.0,74.0,0.0,174
fall,2012,6,0,0,6,0,clear,22.08,22.0,83.0,0.0,116
fall,2012,6,1,0,6,0,clear,23.02,24.0,78.0,9.0,123
fall,2012,6,2,0,6,0,misty,22.08,22.0,83.0,13.0,93
fall,2012,6,3,0,6,0,misty,22.08,22.0,83.0,6.0,42
fall,2012,6,4,0,6,0,misty,22.08,22.0,83.0,11.0,19
fall,2012,6,5,0,6,0,misty,22.08,22.0,83.0,13.0,12
fall,2012,6,6,0,6,0,clear,22.08,22.0,83.0,6.0,47
fall,2012,6,7,0,6,0,clear,22.08,22.0,83.0,11.0,78
fall,2012,6,8,0,6,0,clear,23.96,26.0,69.0,15.0,167
fall,2012,6,9,0,6,0,clear,25.84,29.0,62.0,13.0,332
fall,2012,6,10,0,6,0,clear,26.78,29.0,55.0,13.0,494
fall,2012,6,11,0,6,0,clear,27.72,29.0,48.0,15.0,516
fall,2012,6,12,0,6,0,clear,29.6,32.0,43.0,13.0,602
fall,2012,6,13,0,6,0,clear,30.54,32.0,34.0,13.0,564
fall,2012,6,14,0,6,0,clear,28.66,29.0,33.0,17.0,609
fall,2012,6,15,0,6,0,clear,31.48,32.0,30.0,22.0,483
fall,2012,6,16,0,6,0,clear,31.48,31.0,26.0,20.0,513
fall,2012,6,17,0,6,0,clear,30.54,31.0,26.0,17.0,530
fall,2012,6,18,0,6,0,clear,30.54,31.0,26.0,20.0,481
fall,2012,6,19,0,6,0,clear,29.6,30.0,27.0,13.0,425
fall,2012,6,20,0,6,0,clear,28.66,29.0,31.0,13.0,386
fall,2012,6,21,0,6,0,clear,27.72,28.0,33.0,9.0,322
fall,2012,6,22,0,6,0,clear,26.78,27.0,37.0,7.0,279
fall,2012,6,23,0,6,0,clear,25.84,27.0,44.0,0.0,225
fall,2012,6,0,0,0,0,clear,24.9,27.0,51.0,0.0,163
fall,2012,6,1,0,0,0,misty,23.96,26.0,54.0,6.0,127
fall,2012,6,2,0,0,0,misty,23.96,26.0,51.0,0.0,114
fall,2012,6,3,0,0,0,misty,23.02,25.0,65.0,6.0,60
fall,2012,6,4,0,0,0,misty,23.02,25.0,65.0,0.0,13
fall,2012,6,5,0,0,0,clear,21.14,24.0,69.0,9.0,8
fall,2012,6,6,0,0,0,clear,22.08,24.0,65.0,11.0,25
fall,2012,6,7,0,0,0,clear,22.08,24.0,69.0,7.0,71
fall,2012,6,8,0,0,0,clear,24.9,27.0,58.0,0.0,141
fall,2012,6,9,0,0,0,clear,25.84,28.0,51.0,0.0,232
fall,2012,6,10,0,0,0,clear,27.72,29.0,40.0,0.0,452
fall,2012,6,11,0,0,0,clear,27.72,29.0,40.0,9.0,506
fall,2012,6,12,0,0,0,clear,29.6,30.0,33.0,15.0,556
fall,2012,6,13,0,0,0,clear,29.6,30.0,33.0,19.0,585
fall,2012,6,14,0,0,0,clear,31.48,32.0,30.0,20.0,551
fall,2012,6,15,0,0,0,clear,32.42,33.0,28.0,15.0,487
fall,2012,6,16,0,0,0,clear,31.48,32.0,30.0,17.0,461
fall,2012,6,17,0,0,0,clear,31.48,32.0,32.0,17.0,532
fall,2012,6,18,0,0,0,clear,30.54,32.0,34.0,17.0,534
fall,2012,6,19,0,0,0,clear,29.6,31.0,38.0,20.0,423
fall,2012,6,20,0,0,0,clear,28.66,30.0,46.0,17.0,332
fall,2012,6,21,0,0,0,clear,27.72,30.0,55.0,15.0,253
fall,2012,6,22,0,0,0,clear,26.78,29.0,55.0,7.0,178
fall,2012,6,23,0,0,0,clear,26.78,29.0,58.0,7.0,87
fall,2012,6,0,0,1,1,clear,25.84,29.0,62.0,17.0,68
fall,2012,6,1,0,1,1,clear,24.9,27.0,65.0,15.0,31
fall,2012,6,2,0,1,1,clear,24.9,27.0,70.0,15.0,14
fall,2012,6,3,0,1,1,clear,23.96,26.0,69.0,17.0,5
fall,2012,6,4,0,1,1,clear,23.02,24.0,78.0,17.0,4
fall,2012,6,5,0,1,1,clear,23.02,25.0,74.0,11.0,43
fall,2012,6,6,0,1,1,clear,22.08,23.0,78.0,11.0,158
fall,2012,6,7,0,1,1,clear,23.02,25.0,74.0,15.0,485
fall,2012,6,8,0,1,1,clear,23.02,25.0,69.0,13.0,608
fall,2012,6,9,0,1,1,clear,24.9,27.0,65.0,13.0,268
fall,2012,6,10,0,1,1,clear,27.72,30.0,55.0,11.0,184
fall,2012,6,11,0,1,1,clear,29.6,32.0,43.0,22.0,181
fall,2012,6,12,0,1,1,misty,27.72,29.0,45.0,20.0,270
fall,2012,6,13,0,1,1,clear,25.84,28.0,51.0,20.0,260
fall,2012,6,14,0,1,1,clear,28.66,30.0,43.0,17.0,251
fall,2012,6,15,0,1,1,clear,28.66,29.0,38.0,31.0,233
fall,2012,6,16,0,1,1,clear,29.6,30.0,31.0,26.0,414
fall,2012,6,17,0,1,1,clear,29.6,29.0,24.0,31.0,833
fall,2012,6,18,0,1,1,clear,27.72,28.0,27.0,30.0,791
fall,2012,6,19,0,1,1,clear,26.78,27.0,27.0,31.0,582
fall,2012,6,20,0,1,1,clear,25.84,27.0,30.0,30.0,475
fall,2012,6,21,0,1,1,clear,23.96,25.0,30.0,22.0,331
fall,2012,6,22,0,1,1,clear,23.02,25.0,29.0,26.0,187
fall,2012,6,23,0,1,1,clear,22.08,25.0,33.0,22.0,103
fall,2012,6,0,0,2,1,clear,21.14,25.0,33.0,22.0,37
fall,2012,6,1,0,2,1,clear,20.2,25.0,35.0,26.0,30
fall,2012,6,2,0,2,1,clear,18.32,19.0,43.0,19.0,9
fall,2012,6,3,0,2,1,clear,17.38,18.0,45.0,19.0,9
fall,2012,6,4,0,2,1,clear,17.38,18.0,45.0,20.0,10
fall,2012,6,5,0,2,1,clear,16.44,17.0,48.0,26.0,39
fall,2012,6,6,0,2,1,clear,16.44,17.0,52.0,20.0,188
fall,2012,6,7,0,2,1,clear,16.44,17.0,52.0,24.0,552
fall,2012,6,8,0,2,1,clear,18.32,19.0,49.0,22.0,656
fall,2012,6,9,0,2,1,clear,19.26,20.0,46.0,28.0,328
fall,2012,6,10,0,2,1,clear,21.14,25.0,41.0,24.0,190
fall,2012,6,11,0,2,1,clear,22.08,25.0,36.0,28.0,235
fall,2012,6,12,0,2,1,clear,23.02,25.0,34.0,30.0,308
fall,2012,6,13,0,2,1,clear,24.9,26.0,30.0,31.0,306
fall,2012,6,14,0,2,1,clear,24.9,26.0,30.0,31.0,267
fall,2012,6,15,0,2,1,clear,25.84,27.0,28.0,31.0,317
fall,2012,6,16,0,2,1,clear,25.84,26.0,26.0,33.0,416
fall,2012,6,17,0,2,1,clear,25.84,27.0,28.0,28.0,900
fall,2012,6,18,0,2,1,clear,25.84,27.0,28.0,24.0,824
fall,2012,6,19,0,2,1,clear,25.84,27.0,28.0,15.0,612
fall,2012,6,20,0,2,1,clear,24.9,26.0,30.0,19.0,505
fall,2012,6,21,0,2,1,clear,23.96,26.0,34.0,13.0,328
fall,2012,6,22,0,2,1,clear,23.02,25.0,34.0,17.0,245
fall,2012,6,23,0,2,1,clear,21.14,25.0,41.0,9.0,131
fall,2012,6,0,0,3,1,clear,21.14,25.0,41.0,13.0,54
fall,2012,6,1,0,3,1,clear,20.2,25.0,43.0,11.0,23
fall,2012,6,2,0,3,1,clear,18.32,19.0,49.0,9.0,14
fall,2012,6,3,0,3,1,clear,19.26,20.0,46.0,6.0,8
fall,2012,6,4,0,3,1,clear,20.2,25.0,40.0,17.0,11
fall,2012,6,5,0,3,1,clear,20.2,25.0,43.0,19.0,36
fall,2012,6,6,0,3,1,clear,19.26,20.0,46.0,19.0,200
fall,2012,6,7,0,3,1,clear,20.2,25.0,43.0,24.0,527
fall,2012,6,8,0,3,1,clear,21.14,25.0,43.0,22.0,687
fall,2012,6,9,0,3,1,clear,23.02,25.0,41.0,24.0,282
fall,2012,6,10,0,3,1,clear,24.9,26.0,37.0,17.0,172
fall,2012,6,11,0,3,1,clear,26.78,27.0,30.0,22.0,209
fall,2012,6,12,0,3,1,clear,27.72,28.0,29.0,20.0,322
fall,2012,6,13,0,3,1,clear,29.6,30.0,27.0,22.0,321
fall,2012,6,14,0,3,1,clear,29.6,29.0,24.0,24.0,270
fall,2012,6,15,0,3,1,clear,29.6,30.0,26.0,31.0,249
fall,2012,6,16,0,3,1,clear,30.54,30.0,24.0,30.0,392
fall,2012,6,17,0,3,1,clear,30.54,30.0,24.0,26.0,843
fall,2012,6,18,0,3,1,clear,29.6,30.0,27.0,22.0,804
fall,2012,6,19,0,3,1,clear,28.66,29.0,29.0,22.0,643
fall,2012,6,20,0,3,1,clear,27.72,28.0,31.0,13.0,445
fall,2012,6,21,0,3,1,clear,26.78,27.0,35.0,9.0,367
fall,2012,6,22,0,3,1,clear,25.84,27.0,39.0,6.0,297
fall,2012,6,23,0,3,1,clear,23.96,26.0,47.0,9.0,159
fall,2012,6,0,0,4,1,clear,23.02,25.0,50.0,7.0,54
fall,2012,6,1,0,4,1,clear,23.02,25.0,54.0,0.0,25
fall,2012,6,2,0,4,1,clear,23.02,25.0,50.0,6.0,13
fall,2012,6,3,0,4,1,clear,23.02,25.0,50.0,6.0,7
fall,2012,6,4,0,4,1,clear,21.14,24.0,61.0,7.0,11
fall,2012,6,5,0,4,1,clear,21.14,25.0,57.0,6.0,47
fall,2012,6,6,0,4,1,clear,21.14,25.0,57.0,6.0,193
fall,2012,6,7,0,4,1,clear,21.14,24.0,61.0,7.0,508
fall,2012,6,8,0,4,1,clear,23.02,25.0,50.0,9.0,617
fall,2012,6,9,0,4,1,clear,24.9,27.0,54.0,11.0,351
fall,2012,6,10,0,4,1,clear,26.78,28.0,48.0,13.0,184
fall,2012,6,11,0,4,1,clear,29.6,30.0,31.0,13.0,211
fall,2012,6,12,0,4,1,clear,31.48,31.0,26.0,19.0,276
fall,2012,6,13,0,4,1,clear,32.42,33.0,26.0,15.0,236
fall,2012,6,14,0,4,1,clear,32.42,32.0,25.0,22.0,254
fall,2012,6,15,0,4,1,clear,32.42,32.0,25.0,22.0,219
fall,2012,6,16,0,4,1,clear,33.36,33.0,23.0,13.0,387
fall,2012,6,17,0,4,1,clear,33.36,33.0,22.0,13.0,705
fall,2012,6,18,0,4,1,clear,32.42,32.0,25.0,15.0,697
fall,2012,6,19,0,4,1,clear,31.48,32.0,30.0,20.0,571
fall,2012,6,20,0,4,1,clear,30.54,32.0,34.0,13.0,470
fall,2012,6,21,0,4,1,clear,27.72,30.0,55.0,13.0,398
fall,2012,6,22,0,4,1,clear,27.72,30.0,52.0,11.0,274
fall,2012,6,23,0,4,1,clear,26.78,28.0,48.0,9.0,171
fall,2012,6,0,0,5,1,clear,26.78,28.0,48.0,9.0,114
fall,2012,6,1,0,5,1,clear,26.78,28.0,51.0,11.0,42
fall,2012,6,2,0,5,1,clear,25.84,28.0,58.0,13.0,18
fall,2012,6,3,0,5,1,clear,25.84,28.0,58.0,13.0,8
fall,2012,6,4,0,5,1,clear,24.9,27.0,65.0,11.0,10
fall,2012,6,5,0,5,1,clear,24.9,27.0,61.0,7.0,45
fall,2012,6,6,0,5,1,misty,24.9,27.0,61.0,11.0,163
fall,2012,6,7,0,5,1,clear,24.9,27.0,61.0,7.0,380
fall,2012,6,8,0,5,1,misty,26.78,29.0,55.0,7.0,624
fall,2012,6,9,0,5,1,clear,27.72,30.0,55.0,11.0,300
fall,2012,6,10,0,5,1,clear,34.3,39.0,39.0,20.0,171
fall,2012,6,11,0,5,1,misty,34.3,40.0,42.0,19.0,188
fall,2012,6,12,0,5,1,misty,35.24,42.0,40.0,17.0,226
fall,2012,6,13,0,5,1,clear,36.18,42.0,38.0,13.0,239
fall,2012,6,14,0,5,1,clear,37.12,44.0,36.0,15.0,233
fall,2012,6,15,0,5,1,clear,37.12,44.0,36.0,0.0,230
fall,2012,6,16,0,5,1,clear,37.12,44.0,36.0,0.0,351
fall,2012,6,17,0,5,1,clear,38.06,45.0,34.0,13.0,539
fall,2012,6,18,0,5,1,clear,37.12,41.0,31.0,0.0,464
fall,2012,6,19,0,5,1,clear,34.3,42.0,47.0,13.0,363
fall,2012,6,20,0,5,1,clear,35.24,43.0,42.0,17.0,308
fall,2012,6,21,0,5,1,misty,32.42,39.0,53.0,13.0,236
fall,2012,6,22,0,5,1,rain,30.54,39.0,63.0,13.0,163
fall,2012,6,23,0,5,1,rain,30.54,39.0,63.0,13.0,48
fall,2012,6,0,0,6,0,rain,22.08,22.0,89.0,11.0,69
fall,2012,6,1,0,6,0,rain,22.08,22.0,89.0,15.0,58
fall,2012,6,2,0,6,0,misty,22.08,22.0,89.0,0.0,61
fall,2012,6,3,0,6,0,misty,22.08,22.0,89.0,0.0,23
fall,2012,6,4,0,6,0,misty,21.14,20.0,94.0,0.0,18
fall,2012,6,5,0,6,0,clear,22.08,22.0,89.0,11.0,10
fall,2012,6,6,0,6,0,clear,22.08,22.0,89.0,11.0,42
fall,2012,6,7,0,6,0,clear,22.08,22.0,89.0,11.0,92
fall,2012,6,8,0,6,0,clear,22.08,22.0,89.0,11.0,194
fall,2012,6,9,0,6,0,clear,22.08,22.0,89.0,11.0,275
fall,2012,6,10,0,6,0,clear,33.36,35.0,30.0,17.0,404
fall,2012,6,11,0,6,0,clear,33.36,35.0,30.0,17.0,452
fall,2012,6,12,0,6,0,clear,33.36,35.0,30.0,17.0,471
fall,2012,6,13,0,6,0,clear,33.36,35.0,30.0,17.0,428
fall,2012,6,14,0,6,0,clear,33.36,35.0,30.0,17.0,409
fall,2012,6,15,0,6,0,clear,33.36,35.0,30.0,17.0,404
fall,2012,6,16,0,6,0,clear,34.3,36.0,29.0,11.0,373
fall,2012,6,17,0,6,0,clear,33.36,35.0,32.0,9.0,362
fall,2012,6,18,0,6,0,clear,33.36,36.0,35.0,0.0,339
fall,2012,6,19,0,6,0,clear,31.48,34.0,44.0,17.0,374
fall,2012,6,20,0,6,0,clear,30.54,35.0,52.0,11.0,292
fall,2012,6,21,0,6,0,clear,30.54,35.0,52.0,11.0,213
fall,2012,6,22,0,6,0,clear,28.66,33.0,62.0,11.0,172
fall,2012,6,23,0,6,0,clear,28.66,33.0,62.0,6.0,152
fall,2012,7,0,0,0,0,clear,27.72,32.0,66.0,0.0,149
fall,2012,7,1,0,0,0,clear,26.78,30.0,70.0,9.0,93
fall,2012,7,2,0,0,0,clear,25.84,30.0,74.0,6.0,90
fall,2012,7,3,0,0,0,clear,25.84,31.0,84.0,9.0,33
fall,2012,7,4,0,0,0,clear,24.9,28.0,79.0,13.0,4
fall,2012,7,5,0,0,0,clear,23.96,26.0,79.0,7.0,10
fall,2012,7,6,0,0,0,clear,24.9,28.0,79.0,6.0,27
fall,2012,7,7,0,0,0,clear,26.78,30.0,70.0,0.0,50
fall,2012,7,8,0,0,0,clear,28.66,33.0,62.0,7.0,142
fall,2012,7,9,0,0,0,clear,30.54,36.0,56.0,0.0,219
fall,2012,7,10,0,0,0,clear,32.42,36.0,44.0,20.0,366
fall,2012,7,11,0,0,0,clear,33.36,37.0,39.0,15.0,377
fall,2012,7,12,0,0,0,clear,34.3,38.0,37.0,15.0,433
fall,2012,7,13,0,0,0,clear,35.24,39.0,33.0,17.0,420
fall,2012,7,14,0,0,0,clear,35.24,39.0,33.0,17.0,444
fall,2012,7,15,0,0,0,clear,34.3,38.0,37.0,19.0,345
fall,2012,7,16,0,0,0,clear,35.24,39.0,33.0,20.0,313
fall,2012,7,17,0,0,0,clear,35.24,37.0,26.0,20.0,413
fall,2012,7,18,0,0,0,clear,33.36,35.0,32.0,24.0,370
fall,2012,7,19,0,0,0,clear,31.48,33.0,39.0,9.0,382
fall,2012,7,20,0,0,0,clear,31.48,33.0,39.0,9.0,332
fall,2012,7,21,0,0,0,clear,31.48,33.0,39.0,9.0,258
fall,2012,7,22,0,0,0,clear,30.54,33.0,43.0,9.0,151
fall,2012,7,23,0,0,0,rain,28.66,31.0,52.0,11.0,110
fall,2012,7,0,0,1,1,misty,27.72,31.0,58.0,15.0,43
fall,2012,7,1,0,1,1,misty,27.72,31.0,58.0,13.0,17
fall,2012,7,2,0,1,1,misty,26.78,28.0,51.0,17.0,15
fall,2012,7,3,0,1,1,misty,25.84,28.0,54.0,28.0,5
fall,2012,7,4,0,1,1,misty,25.84,28.0,54.0,20.0,12
fall,2012,7,5,0,1,1,misty,25.84,28.0,51.0,0.0,40
fall,2012,7,6,0,1,1,clear,24.9,27.0,58.0,7.0,136
fall,2012,7,7,0,1,1,clear,26.78,28.0,51.0,7.0,398
fall,2012,7,8,0,1,1,clear,27.72,30.0,52.0,13.0,568
fall,2012,7,9,0,1,1,clear,28.66,30.0,46.0,17.0,295
fall,2012,7,10,0,1,1,clear,29.6,32.0,43.0,17.0,174
fall,2012,7,11,0,1,1,clear,31.48,32.0,28.0,20.0,201
fall,2012,7,12,0,1,1,clear,31.48,32.0,32.0,13.0,257
fall,2012,7,13,0,1,1,clear,32.42,34.0,34.0,15.0,236
fall,2012,7,14,0,1,1,clear,32.42,34.0,34.0,15.0,230
fall,2012,7,15,0,1,1,clear,31.48,33.0,36.0,13.0,234
fall,2012,7,16,0,1,1,clear,31.48,33.0,36.0,19.0,365
fall,2012,7,17,0,1,1,clear,31.48,32.0,32.0,9.0,747
fall,2012,7,18,0,1,1,clear,31.48,32.0,32.0,11.0,730
fall,2012,7,19,0,1,1,clear,28.66,30.0,43.0,9.0,581
fall,2012,7,20,0,1,1,clear,28.66,30.0,43.0,9.0,395
fall,2012,7,21,0,1,1,clear,27.72,29.0,45.0,9.0,258
fall,2012,7,22,0,1,1,clear,26.78,28.0,51.0,11.0,188
fall,2012,7,23,0,1,1,clear,26.78,28.0,51.0,7.0,102
fall,2012,7,0,0,2,1,clear,25.84,28.0,54.0,0.0,53
fall,2012,7,1,0,2,1,clear,25.84,28.0,58.0,0.0,14
fall,2012,7,2,0,2,1,clear,25.84,28.0,58.0,0.0,10
fall,2012,7,3,0,2,1,clear,24.9,27.0,65.0,9.0,2
fall,2012,7,4,0,2,1,clear,23.96,26.0,65.0,7.0,6
fall,2012,7,5,0,2,1,clear,24.9,27.0,61.0,0.0,35
fall,2012,7,6,0,2,1,clear,24.9,27.0,65.0,9.0,154
fall,2012,7,7,0,2,1,clear,26.78,29.0,58.0,0.0,483
fall,2012,7,8,0,2,1,clear,26.78,29.0,62.0,6.0,646
fall,2012,7,9,0,2,1,clear,29.6,33.0,49.0,11.0,272
fall,2012,7,10,0,2,1,clear,30.54,33.0,43.0,15.0,209
fall,2012,7,11,0,2,1,clear,32.42,34.0,34.0,13.0,217
fall,2012,7,12,0,2,1,clear,33.36,34.0,28.0,13.0,272
fall,2012,7,13,0,2,1,clear,34.3,35.0,25.0,9.0,283
fall,2012,7,14,0,2,1,clear,34.3,35.0,25.0,13.0,310
fall,2012,7,15,0,2,1,misty,34.3,35.0,24.0,0.0,401
fall,2012,7,16,0,2,1,misty,34.3,35.0,24.0,13.0,527
fall,2012,7,17,0,2,1,misty,32.42,33.0,30.0,11.0,722
fall,2012,7,18,0,2,1,misty,32.42,33.0,30.0,0.0,627
fall,2012,7,19,0,2,1,misty,31.48,33.0,36.0,9.0,497
fall,2012,7,20,0,2,1,rain,27.72,30.0,55.0,33.0,376
fall,2012,7,21,0,2,1,misty,24.9,27.0,70.0,19.0,196
fall,2012,7,22,0,2,1,clear,23.96,26.0,79.0,13.0,177
fall,2012,7,23,0,2,1,clear,23.02,24.0,83.0,0.0,171
fall,2012,7,0,1,3,0,clear,23.96,26.0,79.0,6.0,159
fall,2012,7,1,1,3,0,clear,23.96,26.0,74.0,0.0,123
fall,2012,7,2,1,3,0,clear,23.02,24.0,83.0,9.0,93
fall,2012,7,3,1,3,0,clear,23.96,26.0,74.0,13.0,32
fall,2012,7,4,1,3,0,clear,23.96,26.0,69.0,17.0,16
fall,2012,7,5,1,3,0,clear,23.02,25.0,69.0,0.0,19
fall,2012,7,6,1,3,0,clear,23.02,25.0,69.0,0.0,32
fall,2012,7,7,1,3,0,clear,23.96,26.0,65.0,0.0,72
fall,2012,7,8,1,3,0,clear,24.9,27.0,61.0,7.0,153
fall,2012,7,9,1,3,0,clear,27.72,30.0,52.0,0.0,293
fall,2012,7,10,1,3,0,clear,29.6,32.0,46.0,0.0,447
fall,2012,7,11,1,3,0,clear,30.54,34.0,46.0,9.0,485
fall,2012,7,12,1,3,0,clear,32.42,36.0,41.0,15.0,494
fall,2012,7,13,1,3,0,clear,34.3,38.0,35.0,0.0,499
fall,2012,7,14,1,3,0,clear,34.3,38.0,37.0,11.0,547
fall,2012,7,15,1,3,0,clear,35.24,40.0,35.0,20.0,454
fall,2012,7,16,1,3,0,clear,35.24,40.0,35.0,17.0,389
fall,2012,7,17,1,3,0,clear,35.24,40.0,35.0,20.0,414
fall,2012,7,18,1,3,0,clear,34.3,40.0,42.0,13.0,430
fall,2012,7,19,1,3,0,clear,32.42,37.0,47.0,15.0,432
fall,2012,7,20,1,3,0,clear,32.42,37.0,47.0,15.0,551
fall,2012,7,21,1,3,0,clear,31.48,37.0,53.0,9.0,584
fall,2012,7,22,1,3,0,clear,30.54,36.0,56.0,15.0,502
fall,2012,7,23,1,3,0,misty,28.66,30.0,43.0,6.0,183
fall,2012,7,0,0,4,1,clear,26.78,28.0,51.0,7.0,88
fall,2012,7,1,0,4,1,clear,26.78,28.0,51.0,19.0,30
fall,2012,7,2,0,4,1,clear,26.78,28.0,51.0,0.0,18
fall,2012,7,3,0,4,1,clear,25.84,28.0,54.0,13.0,7
fall,2012,7,4,0,4,1,clear,25.84,28.0,58.0,0.0,7
fall,2012,7,5,0,4,1,clear,25.84,29.0,62.0,0.0,29
fall,2012,7,6,0,4,1,clear,25.84,28.0,58.0,0.0,133
fall,2012,7,7,0,4,1,clear,27.72,30.0,55.0,0.0,343
fall,2012,7,8,0,4,1,clear,29.6,33.0,49.0,9.0,550
fall,2012,7,9,0,4,1,clear,31.48,36.0,49.0,20.0,293
fall,2012,7,10,0,4,1,clear,32.42,36.0,44.0,24.0,186
fall,2012,7,11,0,4,1,clear,34.3,38.0,35.0,20.0,244
fall,2012,7,12,0,4,1,clear,34.3,38.0,35.0,24.0,276
fall,2012,7,13,0,4,1,clear,35.24,39.0,33.0,15.0,310
fall,2012,7,14,0,4,1,clear,35.24,39.0,33.0,22.0,241
fall,2012,7,15,0,4,1,clear,35.24,39.0,33.0,24.0,254
fall,2012,7,16,0,4,1,clear,35.24,39.0,33.0,17.0,433
fall,2012,7,17,0,4,1,clear,35.24,40.0,35.0,11.0,689
fall,2012,7,18,0,4,1,misty,34.3,39.0,39.0,22.0,607
fall,2012,7,19,0,4,1,misty,33.36,37.0,39.0,17.0,503
fall,2012,7,20,0,4,1,misty,32.42,36.0,41.0,15.0,321
fall,2012,7,21,0,4,1,clear,31.48,35.0,47.0,13.0,323
fall,2012,7,22,0,4,1,clear,30.54,37.0,59.0,9.0,225
fall,2012,7,23,0,4,1,clear,29.6,34.0,55.0,11.0,131
fall,2012,7,0,0,5,1,clear,28.66,33.0,62.0,9.0,102
fall,2012,7,1,0,5,1,clear,28.66,32.0,55.0,15.0,29
fall,2012,7,2,0,5,1,clear,27.72,31.0,62.0,9.0,17
fall,2012,7,3,0,5,1,misty,26.78,30.0,70.0,13.0,7
fall,2012,7,4,0,5,1,clear,26.78,30.0,66.0,15.0,6
fall,2012,7,5,0,5,1,clear,26.78,30.0,66.0,13.0,35
fall,2012,7,6,0,5,1,clear,26.78,30.0,66.0,13.0,131
fall,2012,7,7,0,5,1,clear,28.66,30.0,46.0,9.0,353
fall,2012,7,8,0,5,1,clear,29.6,31.0,41.0,11.0,585
fall,2012,7,9,0,5,1,clear,30.54,32.0,36.0,9.0,304
fall,2012,7,10,0,5,1,clear,32.42,33.0,30.0,0.0,210
fall,2012,7,11,0,5,1,clear,31.48,32.0,32.0,6.0,233
fall,2012,7,12,0,5,1,clear,33.36,34.0,28.0,7.0,331
fall,2012,7,13,0,5,1,clear,34.3,36.0,27.0,7.0,293
fall,2012,7,14,0,5,1,clear,34.3,37.0,31.0,11.0,275
fall,2012,7,15,0,5,1,clear,35.24,38.0,29.0,13.0,285
fall,2012,7,16,0,5,1,clear,35.24,38.0,29.0,7.0,369
fall,2012,7,17,0,5,1,clear,35.24,38.0,29.0,0.0,576
fall,2012,7,18,0,5,1,clear,34.3,37.0,33.0,17.0,560
fall,2012,7,19,0,5,1,clear,33.36,36.0,35.0,15.0,418
fall,2012,7,20,0,5,1,clear,32.42,35.0,39.0,7.0,336
fall,2012,7,21,0,5,1,clear,30.54,35.0,52.0,9.0,300
fall,2012,7,22,0,5,1,clear,29.6,34.0,55.0,13.0,288
fall,2012,7,23,0,5,1,clear,29.6,36.0,63.0,7.0,164
fall,2012,7,0,0,6,0,clear,28.66,34.0,66.0,9.0,150
fall,2012,7,1,0,6,0,clear,27.72,32.0,70.0,11.0,71
fall,2012,7,2,0,6,0,clear,27.72,33.0,72.0,11.0,58
fall,2012,7,3,0,6,0,clear,26.78,31.0,74.0,9.0,31
fall,2012,7,4,0,6,0,clear,26.78,31.0,74.0,11.0,16
fall,2012,7,5,0,6,0,clear,26.78,31.0,74.0,13.0,14
fall,2012,7,6,0,6,0,clear,26.78,31.0,74.0,7.0,31
fall,2012,7,7,0,6,0,clear,28.66,34.0,66.0,7.0,71
fall,2012,7,8,0,6,0,clear,30.54,39.0,63.0,13.0,152
fall,2012,7,9,0,6,0,clear,31.48,39.0,59.0,11.0,256
fall,2012,7,10,0,6,0,clear,35.24,41.0,37.0,15.0,325
fall,2012,7,11,0,6,0,clear,36.18,42.0,38.0,13.0,367
fall,2012,7,12,0,6,0,clear,37.12,41.0,31.0,24.0,342
fall,2012,7,13,0,6,0,misty,37.12,41.0,31.0,17.0,360
fall,2012,7,14,0,6,0,misty,37.12,41.0,30.0,9.0,308
fall,2012,7,15,0,6,0,clear,37.12,40.0,26.0,0.0,306
fall,2012,7,16,0,6,0,clear,39.0,41.0,19.0,11.0,294
fall,2012,7,17,0,6,0,clear,37.12,40.0,26.0,9.0,279
fall,2012,7,18,0,6,0,clear,36.18,39.0,29.0,6.0,277
fall,2012,7,19,0,6,0,clear,35.24,39.0,33.0,9.0,287
fall,2012,7,20,0,6,0,clear,34.3,38.0,37.0,11.0,276
fall,2012,7,21,0,6,0,clear,33.36,36.0,37.0,13.0,201
fall,2012,7,22,0,6,0,clear,31.48,39.0,59.0,13.0,220
fall,2012,7,23,0,6,0,clear,31.48,38.0,56.0,11.0,148
fall,2012,7,0,0,0,0,clear,30.54,36.0,56.0,9.0,147
fall,2012,7,1,0,0,0,clear,30.54,36.0,56.0,7.0,124
fall,2012,7,2,0,0,0,clear,30.54,35.0,52.0,7.0,70
fall,2012,7,3,0,0,0,clear,29.6,35.0,59.0,7.0,35
fall,2012,7,4,0,0,0,clear,28.66,34.0,66.0,7.0,13
fall,2012,7,5,0,0,0,clear,28.66,33.0,62.0,0.0,6
fall,2012,7,6,0,0,0,clear,28.66,35.0,70.0,9.0,21
fall,2012,7,7,0,0,0,clear,29.6,37.0,66.0,0.0,52
fall,2012,7,8,0,0,0,clear,31.48,37.0,53.0,9.0,130
fall,2012,7,9,0,0,0,clear,32.42,38.0,50.0,7.0,242
fall,2012,7,10,0,0,0,clear,34.3,41.0,45.0,0.0,319
fall,2012,7,11,0,0,0,clear,35.24,43.0,42.0,20.0,389
fall,2012,7,12,0,0,0,clear,35.24,43.0,42.0,13.0,376
fall,2012,7,13,0,0,0,clear,36.18,42.0,38.0,17.0,337
fall,2012,7,14,0,0,0,clear,37.12,44.0,36.0,11.0,312
fall,2012,7,15,0,0,0,rain,35.24,43.0,42.0,19.0,298
fall,2012,7,16,0,0,0,misty,29.6,37.0,66.0,15.0,291
fall,2012,7,17,0,0,0,clear,28.66,33.0,59.0,0.0,270
fall,2012,7,18,0,0,0,clear,28.66,33.0,62.0,7.0,253
fall,2012,7,19,0,0,0,clear,28.66,33.0,62.0,11.0,250
fall,2012,7,20,0,0,0,clear,27.72,32.0,70.0,6.0,285
fall,2012,7,21,0,0,0,clear,27.72,32.0,70.0,9.0,207
fall,2012,7,22,0,0,0,rain,26.78,30.0,70.0,6.0,122
fall,2012,7,23,0,0,0,rain,23.96,26.0,83.0,6.0,123
fall,2012,7,0,0,1,1,misty,23.96,26.0,89.0,6.0,39
fall,2012,7,1,0,1,1,rain,24.9,28.0,89.0,7.0,18
fall,2012,7,2,0,1,1,rain,24.9,28.0,89.0,13.0,5
fall,2012,7,3,0,1,1,rain,24.9,28.0,89.0,13.0,5
fall,2012,7,4,0,1,1,rain,23.02,23.0,89.0,26.0,2
fall,2012,7,5,0,1,1,misty,23.02,24.0,83.0,15.0,28
fall,2012,7,6,0,1,1,rain,22.08,22.0,89.0,17.0,92
fall,2012,7,7,0,1,1,rain,23.02,24.0,83.0,15.0,230
fall,2012,7,8,0,1,1,misty,23.02,24.0,83.0,11.0,455
fall,2012,7,9,0,1,1,misty,23.02,24.0,83.0,11.0,363
fall,2012,7,10,0,1,1,misty,23.02,24.0,83.0,13.0,175
fall,2012,7,11,0,1,1,misty,25.84,29.0,62.0,9.0,216
fall,2012,7,12,0,1,1,misty,26.78,29.0,58.0,9.0,266
fall,2012,7,13,0,1,1,misty,27.72,30.0,55.0,17.0,255
fall,2012,7,14,0,1,1,misty,26.78,29.0,55.0,17.0,242
fall,2012,7,15,0,1,1,misty,27.72,29.0,45.0,15.0,280
fall,2012,7,16,0,1,1,clear,28.66,30.0,40.0,19.0,413
fall,2012,7,17,0,1,1,clear,28.66,30.0,40.0,11.0,849
fall,2012,7,18,0,1,1,clear,27.72,29.0,48.0,9.0,872
fall,2012,7,19,0,1,1,clear,26.78,29.0,55.0,11.0,631
fall,2012,7,20,0,1,1,misty,26.78,29.0,55.0,7.0,447
fall,2012,7,21,0,1,1,misty,26.78,29.0,55.0,6.0,331
fall,2012,7,22,0,1,1,misty,25.84,28.0,58.0,7.0,224
fall,2012,7,23,0,1,1,misty,24.9,27.0,65.0,7.0,131
fall,2012,7,0,0,2,1,clear,24.9,27.0,70.0,6.0,69
fall,2012,7,1,0,2,1,clear,24.9,28.0,74.0,9.0,15
fall,2012,7,2,0,2,1,clear,24.9,28.0,74.0,9.0,16
fall,2012,7,3,0,2,1,clear,23.96,26.0,79.0,0.0,3
fall,2012,7,4,0,2,1,clear,23.96,26.0,79.0,9.0,4
fall,2012,7,5,0,2,1,clear,23.02,24.0,83.0,9.0,42
fall,2012,7,6,0,2,1,misty,23.96,26.0,79.0,7.0,187
fall,2012,7,7,0,2,1,misty,24.9,28.0,74.0,7.0,520
fall,2012,7,8,0,2,1,clear,25.84,30.0,74.0,9.0,649
fall,2012,7,9,0,2,1,clear,26.78,30.0,66.0,9.0,331
fall,2012,7,10,0,2,1,clear,27.72,31.0,62.0,13.0,190
fall,2012,7,11,0,2,1,clear,29.6,32.0,46.0,13.0,249
fall,2012,7,12,0,2,1,clear,29.6,31.0,41.0,9.0,272
fall,2012,7,13,0,2,1,clear,30.54,32.0,38.0,13.0,280
fall,2012,7,14,0,2,1,clear,30.54,32.0,38.0,11.0,242
fall,2012,7,15,0,2,1,clear,29.6,31.0,41.0,15.0,265
fall,2012,7,16,0,2,1,clear,29.6,32.0,43.0,15.0,435
fall,2012,7,17,0,2,1,clear,28.66,31.0,49.0,13.0,872
fall,2012,7,18,0,2,1,rain,24.9,28.0,74.0,15.0,819
fall,2012,7,19,0,2,1,rain,24.9,28.0,74.0,15.0,414
fall,2012,7,20,0,2,1,rain,22.08,22.0,83.0,15.0,84
fall,2012,7,21,0,2,1,rain,22.08,22.0,89.0,7.0,90
fall,2012,7,22,0,2,1,misty,22.08,22.0,83.0,9.0,139
fall,2012,7,23,0,2,1,misty,22.08,22.0,89.0,7.0,103
fall,2012,7,0,0,3,1,misty,23.02,24.0,83.0,9.0,44
fall,2012,7,1,0,3,1,clear,22.08,22.0,89.0,0.0,14
fall,2012,7,2,0,3,1,clear,22.08,22.0,89.0,0.0,5
fall,2012,7,3,0,3,1,clear,22.08,22.0,89.0,9.0,5
fall,2012,7,4,0,3,1,clear,22.08,22.0,89.0,9.0,7
fall,2012,7,5,0,3,1,clear,22.08,22.0,89.0,0.0,41
fall,2012,7,6,0,3,1,clear,22.08,22.0,89.0,9.0,185
fall,2012,7,7,0,3,1,misty,23.02,24.0,83.0,7.0,497
fall,2012,7,8,0,3,1,misty,23.96,26.0,79.0,11.0,674
fall,2012,7,9,0,3,1,misty,24.9,28.0,74.0,9.0,328
fall,2012,7,10,0,3,1,misty,25.84,29.0,62.0,9.0,195
fall,2012,7,11,0,3,1,misty,27.72,31.0,58.0,9.0,229
fall,2012,7,12,0,3,1,misty,28.66,30.0,43.0,0.0,292
fall,2012,7,13,0,3,1,misty,29.6,31.0,42.0,11.0,273
fall,2012,7,14,0,3,1,clear,29.6,31.0,41.0,15.0,241
fall,2012,7,15,0,3,1,clear,29.6,31.0,41.0,17.0,276
fall,2012,7,16,0,3,1,clear,29.6,31.0,38.0,13.0,411
fall,2012,7,17,0,3,1,clear,29.6,30.0,31.0,15.0,830
fall,2012,7,18,0,3,1,clear,28.66,29.0,38.0,17.0,814
fall,2012,7,19,0,3,1,clear,26.78,28.0,48.0,15.0,633
fall,2012,7,20,0,3,1,clear,26.78,28.0,51.0,11.0,483
fall,2012,7,21,0,3,1,clear,25.84,28.0,58.0,15.0,391
fall,2012,7,22,0,3,1,clear,25.84,28.0,58.0,17.0,244
fall,2012,7,23,0,3,1,misty,24.9,27.0,58.0,17.0,152
fall,2012,7,0,0,4,1,misty,23.96,26.0,61.0,0.0,56
fall,2012,7,1,0,4,1,misty,23.02,25.0,61.0,0.0,21
fall,2012,7,2,0,4,1,misty,23.02,25.0,65.0,6.0,9
fall,2012,7,3,0,4,1,clear,22.08,24.0,69.0,7.0,10
fall,2012,7,4,0,4,1,clear,22.08,24.0,73.0,7.0,5
fall,2012,7,5,0,4,1,clear,21.14,23.0,73.0,7.0,44
fall,2012,7,6,0,4,1,clear,22.08,24.0,73.0,6.0,178
fall,2012,7,7,0,4,1,clear,22.08,24.0,73.0,9.0,512
fall,2012,7,8,0,4,1,clear,23.96,26.0,65.0,9.0,702
fall,2012,7,9,0,4,1,clear,25.84,28.0,58.0,7.0,327
fall,2012,7,10,0,4,1,clear,26.78,28.0,48.0,11.0,214
fall,2012,7,11,0,4,1,clear,27.72,29.0,45.0,7.0,215
fall,2012,7,12,0,4,1,clear,28.66,29.0,35.0,9.0,292
fall,2012,7,13,0,4,1,clear,29.6,30.0,33.0,15.0,277
fall,2012,7,14,0,4,1,clear,28.66,29.0,33.0,15.0,209
fall,2012,7,15,0,4,1,clear,29.6,31.0,36.0,13.0,271
fall,2012,7,16,0,4,1,clear,29.6,31.0,36.0,13.0,439
fall,2012,7,17,0,4,1,clear,27.72,29.0,43.0,15.0,795
fall,2012,7,18,0,4,1,clear,27.72,29.0,45.0,9.0,825
fall,2012,7,19,0,4,1,clear,26.78,28.0,48.0,15.0,629
fall,2012,7,20,0,4,1,clear,26.78,28.0,48.0,15.0,514
fall,2012,7,21,0,4,1,clear,25.84,28.0,48.0,15.0,373
fall,2012,7,22,0,4,1,clear,25.84,28.0,51.0,11.0,318
fall,2012,7,23,0,4,1,misty,24.9,27.0,51.0,15.0,211
fall,2012,7,0,0,5,1,misty,24.9,27.0,54.0,11.0,95
fall,2012,7,1,0,5,1,misty,23.96,26.0,54.0,7.0,59
fall,2012,7,2,0,5,1,misty,23.02,25.0,61.0,6.0,17
fall,2012,7,3,0,5,1,misty,23.96,26.0,61.0,0.0,9
fall,2012,7,4,0,5,1,misty,23.02,25.0,61.0,0.0,11
fall,2012,7,5,0,5,1,misty,23.02,26.0,56.0,6.0,34
fall,2012,7,6,0,5,1,misty,24.9,27.0,54.0,0.0,127
fall,2012,7,7,0,5,1,misty,24.9,27.0,54.0,0.0,380
fall,2012,7,8,0,5,1,misty,24.9,27.0,54.0,0.0,713
fall,2012,7,9,0,5,1,misty,25.84,28.0,51.0,0.0,414
fall,2012,7,10,0,5,1,misty,26.78,28.0,48.0,0.0,268
fall,2012,7,11,0,5,1,misty,27.72,29.0,45.0,9.0,288
fall,2012,7,12,0,5,1,misty,27.72,29.0,40.0,7.0,379
fall,2012,7,13,0,5,1,misty,29.6,31.0,38.0,9.0,374
fall,2012,7,14,0,5,1,misty,29.6,31.0,38.0,0.0,369
fall,2012,7,15,0,5,1,misty,29.6,31.0,36.0,7.0,353
fall,2012,7,16,0,5,1,misty,29.6,31.0,36.0,15.0,492
fall,2012,7,17,0,5,1,misty,29.6,31.0,36.0,11.0,835
fall,2012,7,18,0,5,1,clear,28.66,30.0,46.0,13.0,631
fall,2012,7,19,0,5,1,clear,26.78,28.0,51.0,11.0,488
fall,2012,7,20,0,5,1,clear,26.78,28.0,48.0,9.0,389
fall,2012,7,21,0,5,1,clear,25.84,28.0,54.0,0.0,299
fall,2012,7,22,0,5,1,clear,26.78,28.0,45.0,0.0,263
fall,2012,7,23,0,5,1,misty,25.84,27.0,45.0,9.0,212
fall,2012,7,0,0,6,0,misty,25.84,28.0,48.0,6.0,191
fall,2012,7,1,0,6,0,misty,24.9,27.0,51.0,7.0,118
fall,2012,7,2,0,6,0,misty,24.9,27.0,54.0,7.0,101
fall,2012,7,3,0,6,0,misty,24.9,27.0,54.0,7.0,40
fall,2012,7,4,0,6,0,rain,23.02,25.0,61.0,7.0,9
fall,2012,7,5,0,6,0,misty,22.08,24.0,73.0,7.0,5
fall,2012,7,6,0,6,0,misty,22.08,23.0,78.0,6.0,35
fall,2012,7,7,0,6,0,clear,22.08,23.0,78.0,19.0,48
fall,2012,7,8,0,6,0,clear,21.14,23.0,78.0,19.0,151
fall,2012,7,9,0,6,0,clear,23.02,25.0,74.0,13.0,282
fall,2012,7,10,0,6,0,misty,25.84,29.0,70.0,6.0,401
fall,2012,7,11,0,6,0,misty,25.84,29.0,70.0,7.0,439
fall,2012,7,12,0,6,0,misty,26.78,30.0,66.0,6.0,499
fall,2012,7,13,0,6,0,misty,27.72,31.0,62.0,6.0,591
fall,2012,7,14,0,6,0,clear,29.6,34.0,55.0,7.0,632
fall,2012,7,15,0,6,0,clear,29.6,34.0,55.0,11.0,560
fall,2012,7,16,0,6,0,misty,25.84,30.0,79.0,24.0,566
fall,2012,7,17,0,6,0,rain,24.9,28.0,79.0,11.0,458
fall,2012,7,18,0,6,0,clear,25.84,30.0,79.0,9.0,351
fall,2012,7,19,0,6,0,clear,25.84,31.0,84.0,6.0,431
fall,2012,7,20,0,6,0,clear,25.84,31.0,84.0,6.0,356
fall,2012,7,21,0,6,0,clear,24.9,28.0,84.0,15.0,269
fall,2012,7,22,0,6,0,clear,24.9,28.0,79.0,13.0,225
fall,2012,7,23,0,6,0,misty,23.96,26.0,83.0,6.0,211
fall,2012,7,0,0,0,0,clear,23.96,26.0,89.0,11.0,187
fall,2012,7,1,0,0,0,misty,23.96,26.0,89.0,9.0,168
fall,2012,7,2,0,0,0,misty,23.96,26.0,89.0,11.0,115
fall,2012,7,3,0,0,0,misty,23.96,26.0,89.0,11.0,57
fall,2012,7,4,0,0,0,misty,23.96,26.0,89.0,7.0,19
fall,2012,7,5,0,0,0,clear,23.96,26.0,89.0,9.0,9
fall,2012,7,6,0,0,0,clear,23.96,26.0,83.0,9.0,15
fall,2012,7,7,0,0,0,clear,24.9,28.0,79.0,6.0,47
fall,2012,7,8,0,0,0,misty,24.9,28.0,84.0,9.0,133
fall,2012,7,9,0,0,0,misty,25.84,30.0,79.0,0.0,221
fall,2012,7,10,0,0,0,clear,27.72,32.0,66.0,9.0,382
fall,2012,7,11,0,0,0,clear,30.54,35.0,52.0,11.0,451
fall,2012,7,12,0,0,0,clear,31.48,35.0,47.0,7.0,489
fall,2012,7,13,0,0,0,clear,32.42,36.0,41.0,7.0,480
fall,2012,7,14,0,0,0,clear,34.3,38.0,37.0,17.0,476
fall,2012,7,15,0,0,0,clear,32.42,37.0,47.0,9.0,489
fall,2012,7,16,0,0,0,clear,32.42,36.0,41.0,15.0,495
fall,2012,7,17,0,0,0,clear,29.6,35.0,59.0,33.0,436
fall,2012,7,18,0,0,0,rain,25.84,30.0,79.0,24.0,312
fall,2012,7,19,0,0,0,clear,25.84,31.0,84.0,15.0,312
fall,2012,7,20,0,0,0,clear,25.84,30.0,79.0,17.0,294
fall,2012,7,21,0,0,0,clear,25.84,30.0,79.0,6.0,223
fall,2012,7,22,0,0,0,clear,25.84,30.0,74.0,7.0,130
fall,2012,7,23,0,0,0,clear,25.84,30.0,79.0,9.0,91
fall,2012,7,0,0,1,1,rain,25.84,30.0,79.0,7.0,43
fall,2012,7,1,0,1,1,misty,24.9,28.0,74.0,13.0,11
fall,2012,7,2,0,1,1,clear,24.9,28.0,74.0,7.0,15
fall,2012,7,3,0,1,1,clear,23.96,26.0,79.0,6.0,6
fall,2012,7,4,0,1,1,clear,23.96,26.0,79.0,7.0,12
fall,2012,7,5,0,1,1,clear,23.02,24.0,78.0,7.0,50
fall,2012,7,6,0,1,1,clear,23.96,26.0,79.0,9.0,140
fall,2012,7,7,0,1,1,clear,25.84,29.0,70.0,6.0,483
fall,2012,7,8,0,1,1,clear,26.78,30.0,66.0,7.0,667
fall,2012,7,9,0,1,1,clear,27.72,31.0,62.0,11.0,348
fall,2012,7,10,0,1,1,clear,29.6,35.0,59.0,0.0,186
fall,2012,7,11,0,1,1,clear,31.48,37.0,53.0,15.0,182
fall,2012,7,12,0,1,1,clear,31.48,36.0,49.0,9.0,237
fall,2012,7,13,0,1,1,clear,31.48,36.0,49.0,19.0,239
fall,2012,7,14,0,1,1,clear,33.36,38.0,42.0,7.0,212
fall,2012,7,15,0,1,1,clear,32.42,37.0,47.0,17.0,237
fall,2012,7,16,0,1,1,rain,27.72,32.0,66.0,39.0,386
fall,2012,7,17,0,1,1,rain,27.72,32.0,66.0,39.0,755
fall,2012,7,18,0,1,1,clear,31.48,37.0,53.0,0.0,794
fall,2012,7,19,0,1,1,clear,29.6,36.0,63.0,9.0,595
fall,2012,7,20,0,1,1,clear,29.6,35.0,59.0,9.0,454
fall,2012,7,21,0,1,1,clear,27.72,32.0,66.0,9.0,328
fall,2012,7,22,0,1,1,clear,27.72,31.0,62.0,6.0,284
fall,2012,7,23,0,1,1,clear,26.78,31.0,74.0,6.0,166
fall,2012,7,0,0,2,1,clear,25.84,31.0,84.0,7.0,53
fall,2012,7,1,0,2,1,clear,26.78,30.0,70.0,0.0,25
fall,2012,7,2,0,2,1,clear,25.84,29.0,70.0,6.0,7
fall,2012,7,3,0,2,1,clear,25.84,29.0,66.0,0.0,3
fall,2012,7,4,0,2,1,clear,25.84,29.0,62.0,0.0,7
fall,2012,7,5,0,2,1,clear,23.96,26.0,74.0,6.0,38
fall,2012,7,6,0,2,1,clear,25.84,29.0,66.0,7.0,213
fall,2012,7,7,0,2,1,misty,26.78,30.0,70.0,0.0,526
fall,2012,7,8,0,2,1,misty,29.6,34.0,55.0,0.0,661
fall,2012,7,9,0,2,1,misty,30.54,35.0,49.0,15.0,320
fall,2012,7,10,0,2,1,misty,31.48,36.0,49.0,13.0,159
fall,2012,7,11,0,2,1,misty,32.42,37.0,47.0,0.0,206
fall,2012,7,12,0,2,1,misty,34.3,38.0,35.0,0.0,254
fall,2012,7,13,0,2,1,clear,35.24,38.0,31.0,13.0,221
fall,2012,7,14,0,2,1,clear,36.18,39.0,29.0,17.0,214
fall,2012,7,15,0,2,1,clear,35.24,38.0,31.0,11.0,244
fall,2012,7,16,0,2,1,clear,35.24,38.0,29.0,11.0,381
fall,2012,7,17,0,2,1,clear,35.24,38.0,29.0,0.0,770
fall,2012,7,18,0,2,1,clear,34.3,37.0,33.0,13.0,772
fall,2012,7,19,0,2,1,clear,33.36,36.0,35.0,17.0,547
fall,2012,7,20,0,2,1,clear,32.42,34.0,34.0,11.0,427
fall,2012,7,21,0,2,1,clear,30.54,35.0,52.0,9.0,333
fall,2012,7,22,0,2,1,clear,29.6,34.0,55.0,15.0,244
fall,2012,7,23,0,2,1,clear,28.66,33.0,59.0,13.0,161
fall,2012,7,0,0,3,1,clear,27.72,32.0,66.0,11.0,53
fall,2012,7,1,0,3,1,clear,27.72,32.0,66.0,7.0,16
fall,2012,7,2,0,3,1,clear,26.78,30.0,66.0,9.0,8
fall,2012,7,3,0,3,1,clear,26.78,30.0,66.0,9.0,4
fall,2012,7,4,0,3,1,clear,25.84,29.0,70.0,9.0,6
fall,2012,7,5,0,3,1,clear,25.84,29.0,70.0,11.0,46
fall,2012,7,6,0,3,1,clear,25.84,29.0,70.0,11.0,162
fall,2012,7,7,0,3,1,clear,26.78,30.0,66.0,11.0,495
fall,2012,7,8,0,3,1,clear,28.66,33.0,62.0,7.0,679
fall,2012,7,9,0,3,1,clear,30.54,36.0,56.0,0.0,297
fall,2012,7,10,0,3,1,clear,34.3,40.0,42.0,13.0,138
fall,2012,7,11,0,3,1,clear,34.3,40.0,42.0,0.0,183
fall,2012,7,12,0,3,1,clear,35.24,41.0,37.0,9.0,202
fall,2012,7,13,0,3,1,clear,36.18,40.0,33.0,0.0,203
fall,2012,7,14,0,3,1,clear,36.18,42.0,38.0,22.0,170
fall,2012,7,15,0,3,1,rain,35.24,40.0,35.0,24.0,194
fall,2012,7,16,0,3,1,clear,26.78,30.0,66.0,17.0,224
fall,2012,7,17,0,3,1,clear,26.78,30.0,70.0,17.0,370
fall,2012,7,18,0,3,1,misty,27.72,31.0,62.0,9.0,643
fall,2012,7,19,0,3,1,misty,27.72,31.0,62.0,7.0,516
fall,2012,7,20,0,3,1,clear,26.78,29.0,62.0,6.0,366
fall,2012,7,21,0,3,1,clear,27.72,31.0,62.0,0.0,319
fall,2012,7,22,0,3,1,clear,27.72,31.0,58.0,6.0,288
fall,2012,7,23,0,3,1,clear,27.72,31.0,58.0,6.0,131
fall,2012,7,0,0,4,1,clear,26.78,30.0,66.0,6.0,66
fall,2012,7,1,0,4,1,clear,26.78,30.0,66.0,6.0,25
fall,2012,7,2,0,4,1,clear,25.84,29.0,70.0,13.0,7
fall,2012,7,3,0,4,1,clear,25.84,29.0,70.0,7.0,5
fall,2012,7,4,0,4,1,clear,25.84,29.0,70.0,7.0,8
fall,2012,7,5,0,4,1,misty,25.84,29.0,70.0,7.0,40
fall,2012,7,6,0,4,1,clear,25.84,29.0,66.0,9.0,152
fall,2012,7,7,0,4,1,clear,26.78,29.0,58.0,19.0,473
fall,2012,7,8,0,4,1,clear,27.72,31.0,58.0,17.0,657
fall,2012,7,9,0,4,1,misty,27.72,31.0,58.0,19.0,318
fall,2012,7,10,0,4,1,clear,27.72,31.0,58.0,13.0,198
fall,2012,7,11,0,4,1,clear,29.6,34.0,55.0,7.0,216
fall,2012,7,12,0,4,1,clear,31.48,36.0,49.0,19.0,274
fall,2012,7,13,0,4,1,clear,31.48,35.0,47.0,9.0,254
fall,2012,7,14,0,4,1,clear,32.42,36.0,44.0,6.0,197
fall,2012,7,15,0,4,1,clear,31.48,35.0,47.0,6.0,292
fall,2012,7,16,0,4,1,clear,31.48,35.0,47.0,6.0,358
fall,2012,7,17,0,4,1,clear,32.42,36.0,41.0,0.0,771
fall,2012,7,18,0,4,1,clear,32.42,36.0,41.0,13.0,777
fall,2012,7,19,0,4,1,clear,31.48,34.0,44.0,17.0,533
fall,2012,7,20,0,4,1,clear,30.54,35.0,49.0,11.0,505
fall,2012,7,21,0,4,1,rain,23.02,23.0,89.0,17.0,332
fall,2012,7,22,0,4,1,rain,23.02,23.0,89.0,17.0,68
fall,2012,7,23,0,4,1,rain,23.02,23.0,89.0,15.0,65
fall,2012,7,0,0,5,1,rain,23.02,23.0,89.0,6.0,34
fall,2012,7,1,0,5,1,clear,23.02,23.0,89.0,9.0,11
fall,2012,7,2,0,5,1,misty,23.02,23.0,89.0,6.0,19
fall,2012,7,3,0,5,1,misty,23.02,23.0,89.0,7.0,36
fall,2012,7,4,0,5,1,misty,23.02,23.0,89.0,11.0,9
fall,2012,7,5,0,5,1,misty,23.02,23.0,89.0,9.0,42
fall,2012,7,6,0,5,1,misty,23.02,23.0,89.0,11.0,126
fall,2012,7,7,0,5,1,misty,23.02,23.0,89.0,13.0,360
fall,2012,7,8,0,5,1,misty,23.96,26.0,83.0,11.0,691
fall,2012,7,9,0,5,1,misty,24.9,28.0,79.0,9.0,373
fall,2012,7,10,0,5,1,misty,24.9,28.0,79.0,11.0,233
fall,2012,7,11,0,5,1,rain,25.84,30.0,74.0,13.0,212
fall,2012,7,12,0,5,1,rain,23.96,26.0,83.0,11.0,274
fall,2012,7,13,0,5,1,rain,23.96,26.0,83.0,7.0,156
fall,2012,7,14,0,5,1,rain,24.9,28.0,84.0,11.0,229
fall,2012,7,15,0,5,1,misty,24.9,28.0,84.0,20.0,216
fall,2012,7,16,0,5,1,misty,23.96,26.0,83.0,22.0,436
fall,2012,7,17,0,5,1,misty,23.02,23.0,89.0,28.0,715
fall,2012,7,18,0,5,1,misty,23.02,24.0,78.0,22.0,622
fall,2012,7,19,0,5,1,misty,22.08,22.0,83.0,19.0,402
fall,2012,7,20,0,5,1,rain,22.08,22.0,83.0,26.0,251
fall,2012,7,21,0,5,1,rain,21.14,22.0,83.0,22.0,122
fall,2012,7,22,0,5,1,misty,21.14,22.0,83.0,13.0,135
fall,2012,7,23,0,5,1,misty,21.14,22.0,83.0,19.0,166
fall,2012,7,0,0,6,0,rain,21.14,22.0,83.0,19.0,103
fall,2012,7,1,0,6,0,misty,21.14,22.0,83.0,17.0,72
fall,2012,7,2,0,6,0,rain,20.2,20.0,88.0,19.0,60
fall,2012,7,3,0,6,0,rain,20.2,20.0,88.0,17.0,25
fall,2012,7,4,0,6,0,rain,19.26,20.0,88.0,19.0,16
fall,2012,7,5,0,6,0,rain,19.26,20.0,88.0,17.0,17
fall,2012,7,6,0,6,0,rain,19.26,20.0,88.0,17.0,15
fall,2012,7,7,0,6,0,misty,19.26,20.0,88.0,17.0,37
fall,2012,7,8,0,6,0,misty,19.26,20.0,83.0,17.0,112
fall,2012,7,9,0,6,0,misty,19.26,20.0,83.0,13.0,207
fall,2012,7,10,0,6,0,rain,19.26,20.0,88.0,17.0,268
fall,2012,7,11,0,6,0,misty,20.2,21.0,83.0,17.0,305
fall,2012,7,12,0,6,0,rain,20.2,21.0,83.0,15.0,457
fall,2012,7,13,0,6,0,rain,20.2,21.0,83.0,11.0,354
fall,2012,7,14,0,6,0,misty,20.2,20.0,88.0,17.0,343
fall,2012,7,15,0,6,0,rain,20.2,20.0,88.0,17.0,380
fall,2012,7,16,0,6,0,rain,20.2,20.0,88.0,13.0,326
fall,2012,7,17,0,6,0,rain,20.2,20.0,88.0,11.0,241
fall,2012,7,18,0,6,0,misty,20.2,20.0,88.0,13.0,177
fall,2012,7,19,0,6,0,misty,20.2,20.0,88.0,11.0,238
fall,2012,7,20,0,6,0,rain,20.2,20.0,88.0,11.0,214
fall,2012,7,21,0,6,0,misty,20.2,20.0,88.0,11.0,163
fall,2012,7,22,0,6,0,misty,20.2,20.0,88.0,7.0,180
fall,2012,7,23,0,6,0,misty,20.2,20.0,88.0,0.0,149
fall,2012,7,0,0,0,0,misty,20.2,20.0,88.0,7.0,113
fall,2012,7,1,0,0,0,misty,20.2,20.0,88.0,11.0,130
fall,2012,7,2,0,0,0,misty,20.2,20.0,88.0,7.0,122
fall,2012,7,3,0,0,0,misty,20.2,20.0,88.0,7.0,43
fall,2012,7,4,0,0,0,clear,20.2,20.0,88.0,0.0,16
fall,2012,7,5,0,0,0,clear,20.2,20.0,88.0,0.0,6
fall,2012,7,6,0,0,0,misty,21.14,22.0,83.0,6.0,19
fall,2012,7,7,0,0,0,misty,21.14,22.0,83.0,0.0,38
fall,2012,7,8,0,0,0,misty,22.08,23.0,78.0,0.0,153
fall,2012,7,9,0,0,0,misty,23.02,25.0,69.0,0.0,258
fall,2012,7,10,0,0,0,misty,23.02,25.0,74.0,0.0,379
fall,2012,7,11,0,0,0,misty,23.02,25.0,74.0,0.0,505
fall,2012,7,12,0,0,0,misty,24.9,27.0,70.0,7.0,504
fall,2012,7,13,0,0,0,misty,24.9,27.0,65.0,6.0,626
fall,2012,7,14,0,0,0,clear,25.84,29.0,66.0,7.0,616
fall,2012,7,15,0,0,0,clear,25.84,29.0,66.0,7.0,624
fall,2012,7,16,0,0,0,clear,26.78,30.0,66.0,7.0,628
fall,2012,7,17,0,0,0,clear,26.78,30.0,66.0,15.0,556
fall,2012,7,18,0,0,0,clear,26.78,30.0,66.0,11.0,515
fall,2012,7,19,0,0,0,clear,25.84,29.0,70.0,11.0,522
fall,2012,7,20,0,0,0,clear,24.9,28.0,74.0,11.0,378
fall,2012,7,21,0,0,0,clear,24.9,28.0,79.0,7.0,345
fall,2012,7,22,0,0,0,clear,24.9,28.0,74.0,13.0,191
fall,2012,7,23,0,0,0,clear,23.96,26.0,79.0,11.0,123
fall,2012,7,0,0,1,1,clear,23.02,23.0,89.0,6.0,47
fall,2012,7,1,0,1,1,clear,23.02,23.0,89.0,13.0,27
fall,2012,7,2,0,1,1,misty,23.02,23.0,94.0,6.0,17
fall,2012,7,3,0,1,1,misty,23.02,23.0,94.0,6.0,2
fall,2012,7,4,0,1,1,misty,23.02,23.0,94.0,9.0,8
fall,2012,7,5,0,1,1,misty,23.02,23.0,94.0,9.0,51
fall,2012,7,6,0,1,1,misty,23.96,26.0,89.0,6.0,157
fall,2012,7,7,0,1,1,clear,24.9,28.0,84.0,9.0,421
fall,2012,7,8,0,1,1,clear,25.84,30.0,79.0,7.0,738
fall,2012,7,9,0,1,1,misty,26.78,31.0,74.0,9.0,345
fall,2012,7,10,0,1,1,misty,28.66,33.0,62.0,0.0,200
fall,2012,7,11,0,1,1,misty,29.6,33.0,52.0,11.0,198
fall,2012,7,12,0,1,1,misty,29.6,33.0,52.0,11.0,314
fall,2012,7,13,0,1,1,misty,29.6,33.0,52.0,7.0,240
fall,2012,7,14,0,1,1,misty,28.66,33.0,59.0,11.0,271
fall,2012,7,15,0,1,1,clear,29.6,34.0,55.0,13.0,281
fall,2012,7,16,0,1,1,clear,30.54,35.0,52.0,9.0,457
fall,2012,7,17,0,1,1,clear,30.54,35.0,52.0,9.0,847
fall,2012,7,18,0,1,1,clear,30.54,34.0,46.0,7.0,741
fall,2012,7,19,0,1,1,clear,29.6,33.0,52.0,17.0,582
fall,2012,7,20,0,1,1,clear,27.72,31.0,62.0,11.0,403
fall,2012,7,21,0,1,1,clear,27.72,31.0,62.0,13.0,296
fall,2012,7,22,0,1,1,clear,26.78,29.0,62.0,13.0,209
fall,2012,7,23,0,1,1,clear,25.84,29.0,66.0,11.0,114
fall,2012,7,0,0,2,1,clear,24.9,28.0,74.0,9.0,64
fall,2012,7,1,0,2,1,clear,23.96,26.0,79.0,11.0,17
fall,2012,7,2,0,2,1,clear,23.02,24.0,83.0,11.0,16
fall,2012,7,3,0,2,1,clear,23.02,24.0,83.0,11.0,6
fall,2012,7,4,0,2,1,clear,23.02,24.0,83.0,6.0,6
fall,2012,7,5,0,2,1,clear,23.02,24.0,83.0,7.0,50
fall,2012,7,6,0,2,1,clear,23.02,24.0,83.0,9.0,190
fall,2012,7,7,0,2,1,clear,24.9,28.0,74.0,11.0,516
fall,2012,7,8,0,2,1,clear,26.78,30.0,70.0,13.0,743
fall,2012,7,9,0,2,1,clear,31.48,37.0,53.0,0.0,339
fall,2012,7,10,0,2,1,clear,30.54,36.0,56.0,20.0,218
fall,2012,7,11,0,2,1,misty,31.48,37.0,53.0,22.0,201
fall,2012,7,12,0,2,1,misty,30.54,36.0,56.0,15.0,229
fall,2012,7,13,0,2,1,misty,31.48,37.0,53.0,20.0,273
fall,2012,7,14,0,2,1,misty,31.48,37.0,53.0,15.0,244
fall,2012,7,15,0,2,1,clear,30.54,35.0,49.0,20.0,285
fall,2012,7,16,0,2,1,clear,29.6,34.0,55.0,20.0,455
fall,2012,7,17,0,2,1,clear,29.6,33.0,52.0,22.0,869
fall,2012,7,18,0,2,1,clear,27.72,31.0,62.0,22.0,877
fall,2012,7,19,0,2,1,clear,27.72,31.0,62.0,11.0,632
fall,2012,7,20,0,2,1,clear,26.78,30.0,66.0,11.0,523
fall,2012,7,21,0,2,1,clear,26.78,30.0,66.0,15.0,378
fall,2012,7,22,0,2,1,clear,26.78,30.0,66.0,17.0,269
fall,2012,7,23,0,2,1,clear,26.78,29.0,58.0,22.0,192
fall,2012,7,0,0,3,1,clear,25.84,28.0,58.0,20.0,66
fall,2012,7,1,0,3,1,clear,24.9,27.0,58.0,13.0,28
fall,2012,7,2,0,3,1,clear,23.96,26.0,61.0,15.0,12
fall,2012,7,3,0,3,1,clear,23.02,25.0,65.0,15.0,12
fall,2012,7,4,0,3,1,clear,22.08,24.0,65.0,15.0,4
fall,2012,7,5,0,3,1,clear,22.08,24.0,65.0,11.0,59
fall,2012,7,6,0,3,1,clear,22.08,24.0,65.0,13.0,190
fall,2012,7,7,0,3,1,clear,23.02,25.0,50.0,22.0,507
fall,2012,7,8,0,3,1,clear,24.9,26.0,42.0,17.0,788
fall,2012,7,9,0,3,1,clear,25.84,27.0,37.0,20.0,342
fall,2012,7,10,0,3,1,clear,26.78,27.0,37.0,0.0,231
fall,2012,7,11,0,3,1,clear,27.72,28.0,33.0,0.0,281
fall,2012,7,12,0,3,1,clear,27.72,28.0,33.0,0.0,310
fall,2012,7,13,0,3,1,clear,28.66,29.0,31.0,11.0,312
fall,2012,7,14,0,3,1,clear,29.6,30.0,29.0,9.0,247
fall,2012,7,15,0,3,1,clear,28.66,29.0,31.0,6.0,317
fall,2012,7,16,0,3,1,clear,29.6,30.0,29.0,11.0,484
fall,2012,7,17,0,3,1,clear,29.6,30.0,31.0,0.0,913
fall,2012,7,18,0,3,1,clear,29.6,30.0,27.0,9.0,891
fall,2012,7,19,0,3,1,clear,27.72,28.0,33.0,9.0,698
fall,2012,7,20,0,3,1,clear,26.78,27.0,40.0,11.0,567
fall,2012,7,21,0,3,1,clear,25.84,27.0,45.0,9.0,397
fall,2012,7,22,0,3,1,clear,24.9,27.0,58.0,9.0,278
fall,2012,7,23,0,3,1,clear,23.96,26.0,57.0,20.0,239
fall,2012,7,0,0,4,1,clear,23.02,25.0,65.0,13.0,92
fall,2012,7,1,0,4,1,clear,23.02,25.0,65.0,15.0,29
fall,2012,7,2,0,4,1,clear,23.02,25.0,69.0,17.0,21
fall,2012,7,3,0,4,1,clear,23.02,25.0,69.0,15.0,8
fall,2012,7,4,0,4,1,clear,23.02,25.0,74.0,13.0,4
fall,2012,7,5,0,4,1,clear,23.02,25.0,74.0,13.0,42
fall,2012,7,6,0,4,1,clear,23.02,24.0,78.0,17.0,181
fall,2012,7,7,0,4,1,clear,24.9,28.0,74.0,17.0,495
fall,2012,7,8,0,4,1,misty,24.9,28.0,74.0,17.0,729
fall,2012,7,9,0,4,1,misty,25.84,29.0,70.0,9.0,344
fall,2012,7,10,0,4,1,clear,26.78,30.0,70.0,15.0,222
fall,2012,7,11,0,4,1,clear,29.6,37.0,66.0,15.0,212
fall,2012,7,12,0,4,1,clear,31.48,38.0,56.0,17.0,279
fall,2012,7,13,0,4,1,clear,32.42,39.0,53.0,20.0,242
fall,2012,7,14,0,4,1,clear,34.3,42.0,47.0,17.0,213
fall,2012,7,15,0,4,1,clear,35.24,43.0,42.0,20.0,238
fall,2012,7,16,0,4,1,clear,36.18,42.0,38.0,26.0,374
fall,2012,7,17,0,4,1,clear,34.3,41.0,45.0,28.0,738
fall,2012,7,18,0,4,1,clear,35.24,42.0,40.0,24.0,688
fall,2012,7,19,0,4,1,clear,34.3,41.0,45.0,22.0,614
fall,2012,7,20,0,4,1,clear,32.42,38.0,50.0,17.0,446
fall,2012,7,21,0,4,1,clear,29.6,33.0,49.0,41.0,271
fall,2012,7,22,0,4,1,clear,29.6,33.0,49.0,41.0,234
fall,2012,7,23,0,4,1,clear,25.84,29.0,70.0,9.0,145
fall,2012,7,0,0,5,1,clear,25.84,29.0,70.0,0.0,97
fall,2012,7,1,0,5,1,clear,25.84,29.0,70.0,7.0,54
fall,2012,7,2,0,5,1,clear,24.9,28.0,79.0,9.0,26
fall,2012,7,3,0,5,1,clear,24.9,28.0,74.0,11.0,12
fall,2012,7,4,0,5,1,clear,24.9,28.0,79.0,0.0,8
fall,2012,7,5,0,5,1,clear,24.9,28.0,84.0,0.0,37
fall,2012,7,6,0,5,1,clear,24.9,28.0,79.0,0.0,139
fall,2012,7,7,0,5,1,clear,25.84,29.0,70.0,13.0,410
fall,2012,7,8,0,5,1,clear,27.72,32.0,66.0,6.0,676
fall,2012,7,9,0,5,1,clear,30.54,35.0,49.0,19.0,363
fall,2012,7,10,0,5,1,clear,31.48,35.0,47.0,0.0,231
fall,2012,7,11,0,5,1,clear,31.48,35.0,47.0,22.0,251
fall,2012,7,12,0,5,1,clear,31.48,36.0,49.0,24.0,299
fall,2012,7,13,0,5,1,clear,31.48,35.0,47.0,19.0,314
fall,2012,7,14,0,5,1,clear,32.42,37.0,47.0,20.0,326
fall,2012,7,15,0,5,1,clear,32.42,36.0,41.0,15.0,323
fall,2012,7,16,0,5,1,clear,31.48,35.0,47.0,15.0,499
fall,2012,7,17,0,5,1,clear,32.42,36.0,41.0,19.0,699
fall,2012,7,18,0,5,1,clear,30.54,34.0,46.0,11.0,622
fall,2012,7,19,0,5,1,clear,30.54,35.0,52.0,13.0,516
fall,2012,7,20,0,5,1,clear,28.66,33.0,59.0,7.0,354
fall,2012,7,21,0,5,1,clear,28.66,33.0,59.0,7.0,260
fall,2012,7,22,0,5,1,clear,28.66,33.0,59.0,9.0,199
fall,2012,7,23,0,5,1,clear,27.72,32.0,66.0,0.0,189
fall,2012,7,0,0,6,0,clear,26.78,29.0,62.0,9.0,191
fall,2012,7,1,0,6,0,clear,25.84,29.0,70.0,6.0,80
fall,2012,7,2,0,6,0,clear,25.84,29.0,70.0,0.0,90
fall,2012,7,3,0,6,0,clear,25.84,29.0,70.0,0.0,43
fall,2012,7,4,0,6,0,clear,24.9,28.0,79.0,13.0,11
fall,2012,7,5,0,6,0,clear,23.96,26.0,79.0,11.0,14
fall,2012,7,6,0,6,0,clear,24.9,27.0,70.0,7.0,50
fall,2012,7,7,0,6,0,clear,25.84,29.0,70.0,9.0,76
fall,2012,7,8,0,6,0,clear,26.78,30.0,66.0,11.0,163
fall,2012,7,9,0,6,0,clear,28.66,33.0,59.0,7.0,337
fall,2012,7,10,0,6,0,clear,30.54,35.0,52.0,15.0,395
fall,2012,7,11,0,6,0,clear,31.48,33.0,39.0,15.0,457
fall,2012,7,12,0,6,0,clear,31.48,34.0,41.0,15.0,487
fall,2012,7,13,0,6,0,clear,32.42,36.0,41.0,19.0,498
fall,2012,7,14,0,6,0,clear,32.42,35.0,39.0,17.0,494
fall,2012,7,15,0,6,0,clear,33.36,35.0,32.0,19.0,497
fall,2012,7,16,0,6,0,clear,32.42,35.0,39.0,15.0,487
fall,2012,7,17,0,6,0,clear,30.54,34.0,46.0,13.0,479
fall,2012,7,18,0,6,0,clear,30.54,33.0,43.0,19.0,481
fall,2012,7,19,0,6,0,clear,23.96,26.0,83.0,0.0,338
fall,2012,7,20,0,6,0,clear,23.02,24.0,83.0,15.0,233
fall,2012,7,21,0,6,0,clear,23.02,24.0,78.0,6.0,300
fall,2012,7,22,0,6,0,clear,23.02,24.0,78.0,6.0,276
fall,2012,7,23,0,6,0,clear,23.02,24.0,83.0,6.0,208
fall,2012,7,0,0,0,0,clear,23.02,23.0,89.0,9.0,188
fall,2012,7,1,0,0,0,clear,23.02,24.0,83.0,7.0,158
fall,2012,7,2,0,0,0,clear,23.02,25.0,74.0,9.0,112
fall,2012,7,3,0,0,0,clear,23.02,25.0,69.0,15.0,55
fall,2012,7,4,0,0,0,clear,22.08,24.0,69.0,13.0,13
fall,2012,7,5,0,0,0,clear,21.14,23.0,78.0,13.0,17
fall,2012,7,6,0,0,0,clear,22.08,24.0,73.0,11.0,18
fall,2012,7,7,0,0,0,clear,23.02,25.0,69.0,17.0,40
fall,2012,7,8,0,0,0,clear,24.9,27.0,65.0,15.0,127
fall,2012,7,9,0,0,0,clear,25.84,29.0,62.0,17.0,226
fall,2012,7,10,0,0,0,clear,26.78,29.0,62.0,0.0,381
fall,2012,7,11,0,0,0,clear,27.72,30.0,55.0,15.0,509
fall,2012,7,12,0,0,0,clear,27.72,30.0,55.0,22.0,511
fall,2012,7,13,0,0,0,clear,29.6,33.0,49.0,15.0,483
fall,2012,7,14,0,0,0,clear,29.6,32.0,46.0,13.0,522
fall,2012,7,15,0,0,0,clear,29.6,32.0,43.0,9.0,501
fall,2012,7,16,0,0,0,clear,29.6,32.0,43.0,9.0,521
fall,2012,7,17,0,0,0,clear,30.54,33.0,41.0,11.0,531
fall,2012,7,18,0,0,0,clear,29.6,31.0,41.0,20.0,419
fall,2012,7,19,0,0,0,clear,27.72,30.0,55.0,11.0,443
fall,2012,7,20,0,0,0,clear,26.78,30.0,66.0,7.0,303
fall,2012,7,21,0,0,0,clear,25.84,29.0,70.0,9.0,271
fall,2012,7,22,0,0,0,clear,24.9,27.0,70.0,7.0,148
fall,2012,7,23,0,0,0,clear,24.9,27.0,70.0,0.0,100
fall,2012,7,0,0,1,1,clear,24.9,28.0,74.0,6.0,58
fall,2012,7,1,0,1,1,clear,24.9,28.0,74.0,0.0,19
fall,2012,7,2,0,1,1,clear,23.96,26.0,74.0,0.0,8
fall,2012,7,3,0,1,1,clear,23.02,24.0,83.0,0.0,3
fall,2012,7,4,0,1,1,clear,23.02,24.0,83.0,0.0,5
fall,2012,7,5,0,1,1,clear,23.02,24.0,83.0,7.0,47
fall,2012,7,6,0,1,1,clear,23.02,24.0,83.0,11.0,161
fall,2012,7,7,0,1,1,clear,24.9,28.0,79.0,6.0,469
fall,2012,7,8,0,1,1,misty,25.84,30.0,74.0,7.0,751
fall,2012,7,9,0,1,1,misty,26.78,30.0,70.0,0.0,293
fall,2012,7,10,0,1,1,misty,26.78,30.0,66.0,15.0,189
fall,2012,7,11,0,1,1,misty,28.66,32.0,55.0,9.0,215
fall,2012,7,12,0,1,1,misty,27.72,31.0,58.0,7.0,278
fall,2012,7,13,0,1,1,clear,29.6,33.0,49.0,11.0,226
fall,2012,7,14,0,1,1,clear,29.6,33.0,49.0,15.0,254
fall,2012,7,15,0,1,1,clear,29.6,33.0,49.0,17.0,236
fall,2012,7,16,0,1,1,clear,29.6,33.0,49.0,19.0,425
fall,2012,7,17,0,1,1,clear,27.72,30.0,55.0,22.0,827
fall,2012,7,18,0,1,1,clear,27.72,31.0,58.0,28.0,812
fall,2012,7,19,0,1,1,clear,30.54,35.0,52.0,11.0,665
fall,2012,7,20,0,1,1,clear,25.84,29.0,70.0,15.0,462
fall,2012,7,21,0,1,1,clear,25.84,29.0,70.0,13.0,322
fall,2012,7,22,0,1,1,misty,24.9,28.0,74.0,15.0,230
fall,2012,7,23,0,1,1,clear,24.9,28.0,74.0,13.0,150
fall,2012,7,0,0,2,1,clear,23.96,26.0,79.0,9.0,38
fall,2012,7,1,0,2,1,clear,23.02,24.0,83.0,9.0,21
fall,2012,7,2,0,2,1,clear,23.02,24.0,83.0,9.0,8
fall,2012,7,3,0,2,1,clear,23.02,24.0,83.0,6.0,6
fall,2012,7,4,0,2,1,clear,23.02,24.0,83.0,6.0,6
fall,2012,7,5,0,2,1,clear,23.02,24.0,83.0,11.0,45
fall,2012,7,6,0,2,1,clear,22.08,22.0,89.0,11.0,194
fall,2012,7,7,0,2,1,clear,23.96,26.0,83.0,15.0,513
fall,2012,7,8,0,2,1,clear,24.9,28.0,79.0,9.0,760
fall,2012,7,9,0,2,1,clear,25.84,29.0,70.0,7.0,333
fall,2012,7,10,0,2,1,clear,25.84,29.0,66.0,0.0,227
fall,2012,7,11,0,2,1,clear,27.72,31.0,58.0,0.0,224
fall,2012,7,12,0,2,1,clear,29.6,32.0,46.0,0.0,248
fall,2012,7,13,0,2,1,clear,29.6,34.0,55.0,19.0,288
fall,2012,7,14,0,2,1,clear,29.6,34.0,55.0,19.0,260
fall,2012,7,15,0,2,1,clear,27.72,31.0,62.0,9.0,144
fall,2012,7,16,0,2,1,clear,27.72,31.0,58.0,15.0,402
fall,2012,7,17,0,2,1,clear,28.66,31.0,52.0,15.0,820
fall,2012,7,18,0,2,1,clear,27.72,30.0,55.0,19.0,857
fall,2012,7,19,0,2,1,rain,26.78,29.0,62.0,24.0,614
fall,2012,7,20,0,2,1,rain,24.9,27.0,70.0,13.0,452
fall,2012,7,21,0,2,1,clear,23.96,26.0,79.0,13.0,352
fall,2012,7,22,0,2,1,clear,23.96,26.0,74.0,17.0,257
fall,2012,7,23,0,2,1,misty,23.02,24.0,83.0,11.0,147
fall,2012,8,0,0,3,1,clear,23.96,26.0,79.0,11.0,47
fall,2012,8,1,0,3,1,clear,23.02,24.0,83.0,6.0,33
fall,2012,8,2,0,3,1,clear,22.08,22.0,83.0,7.0,13
fall,2012,8,3,0,3,1,clear,22.08,22.0,83.0,7.0,7
fall,2012,8,4,0,3,1,misty,22.08,23.0,78.0,9.0,4
fall,2012,8,5,0,3,1,misty,22.08,23.0,78.0,9.0,49
fall,2012,8,6,0,3,1,clear,22.08,23.0,78.0,9.0,185
fall,2012,8,7,0,3,1,misty,22.08,22.0,83.0,9.0,487
fall,2012,8,8,0,3,1,misty,23.02,24.0,78.0,13.0,681
fall,2012,8,9,0,3,1,misty,23.96,26.0,74.0,6.0,350
fall,2012,8,10,0,3,1,clear,25.84,29.0,66.0,6.0,236
fall,2012,8,11,0,3,1,clear,27.72,31.0,58.0,6.0,234
fall,2012,8,12,0,3,1,clear,29.6,33.0,49.0,7.0,284
fall,2012,8,13,0,3,1,clear,29.6,33.0,52.0,11.0,280
fall,2012,8,14,0,3,1,clear,30.54,34.0,46.0,11.0,263
fall,2012,8,15,0,3,1,clear,30.54,34.0,46.0,11.0,295
fall,2012,8,16,0,3,1,clear,29.6,34.0,55.0,19.0,479
fall,2012,8,17,0,3,1,clear,29.6,33.0,49.0,11.0,837
fall,2012,8,18,0,3,1,rain,27.72,31.0,62.0,15.0,891
fall,2012,8,19,0,3,1,clear,26.78,30.0,66.0,17.0,652
fall,2012,8,20,0,3,1,clear,26.78,30.0,66.0,11.0,513
fall,2012,8,21,0,3,1,clear,25.84,29.0,70.0,9.0,320
fall,2012,8,22,0,3,1,clear,25.84,29.0,70.0,7.0,288
fall,2012,8,23,0,3,1,clear,24.9,28.0,74.0,0.0,152
fall,2012,8,0,0,4,1,clear,24.9,28.0,74.0,0.0,63
fall,2012,8,1,0,4,1,clear,23.96,26.0,79.0,7.0,42
fall,2012,8,2,0,4,1,clear,23.02,24.0,83.0,6.0,11
fall,2012,8,3,0,4,1,clear,23.02,24.0,83.0,0.0,6
fall,2012,8,4,0,4,1,clear,23.02,24.0,83.0,0.0,9
fall,2012,8,5,0,4,1,clear,23.02,23.0,89.0,9.0,41
fall,2012,8,6,0,4,1,clear,23.02,24.0,83.0,0.0,183
fall,2012,8,7,0,4,1,clear,24.9,28.0,79.0,0.0,473
fall,2012,8,8,0,4,1,clear,25.84,30.0,74.0,7.0,739
fall,2012,8,9,0,4,1,clear,27.72,32.0,66.0,7.0,343
fall,2012,8,10,0,4,1,clear,29.6,34.0,55.0,0.0,181
fall,2012,8,11,0,4,1,clear,30.54,35.0,52.0,7.0,226
fall,2012,8,12,0,4,1,clear,31.48,34.0,44.0,9.0,286
fall,2012,8,13,0,4,1,clear,32.42,36.0,44.0,15.0,310
fall,2012,8,14,0,4,1,clear,32.42,36.0,41.0,9.0,225
fall,2012,8,15,0,4,1,clear,28.66,33.0,62.0,31.0,270
fall,2012,8,16,0,4,1,clear,30.54,34.0,46.0,13.0,406
fall,2012,8,17,0,4,1,clear,30.54,35.0,52.0,17.0,865
fall,2012,8,18,0,4,1,clear,29.6,35.0,59.0,15.0,767
fall,2012,8,19,0,4,1,clear,29.6,36.0,63.0,11.0,607
fall,2012,8,20,0,4,1,clear,28.66,34.0,66.0,0.0,427
fall,2012,8,21,0,4,1,clear,27.72,32.0,66.0,15.0,342
fall,2012,8,22,0,4,1,clear,26.78,30.0,70.0,13.0,262
fall,2012,8,23,0,4,1,clear,25.84,29.0,70.0,17.0,177
fall,2012,8,0,0,5,1,clear,25.84,29.0,70.0,13.0,71
fall,2012,8,1,0,5,1,clear,24.9,28.0,74.0,13.0,43
fall,2012,8,2,0,5,1,clear,23.96,26.0,79.0,15.0,14
fall,2012,8,3,0,5,1,clear,23.96,26.0,79.0,15.0,6
fall,2012,8,4,0,5,1,clear,23.02,24.0,83.0,17.0,12
fall,2012,8,5,0,5,1,clear,23.02,24.0,83.0,11.0,37
fall,2012,8,6,0,5,1,clear,23.02,24.0,83.0,15.0,163
fall,2012,8,7,0,5,1,clear,24.9,28.0,74.0,7.0,421
fall,2012,8,8,0,5,1,clear,25.84,29.0,70.0,9.0,668
fall,2012,8,9,0,5,1,misty,26.78,30.0,66.0,7.0,396
fall,2012,8,10,0,5,1,misty,29.6,33.0,52.0,13.0,249
fall,2012,8,11,0,5,1,misty,31.48,36.0,49.0,19.0,263
fall,2012,8,12,0,5,1,misty,32.42,38.0,50.0,20.0,338
fall,2012,8,13,0,5,1,misty,32.42,37.0,47.0,19.0,345
fall,2012,8,14,0,5,1,misty,32.42,36.0,44.0,17.0,331
fall,2012,8,15,0,5,1,clear,33.36,38.0,42.0,17.0,380
fall,2012,8,16,0,5,1,misty,32.42,36.0,41.0,15.0,492
fall,2012,8,17,0,5,1,misty,31.48,37.0,53.0,19.0,741
fall,2012,8,18,0,5,1,misty,30.54,37.0,59.0,17.0,671
fall,2012,8,19,0,5,1,misty,29.6,36.0,63.0,15.0,469
fall,2012,8,20,0,5,1,misty,28.66,34.0,66.0,15.0,389
fall,2012,8,21,0,5,1,misty,27.72,32.0,66.0,13.0,278
fall,2012,8,22,0,5,1,clear,27.72,32.0,70.0,17.0,202
fall,2012,8,23,0,5,1,clear,26.78,31.0,79.0,9.0,196
fall,2012,8,0,0,6,0,clear,26.78,31.0,79.0,11.0,161
fall,2012,8,1,0,6,0,clear,25.84,31.0,84.0,13.0,122
fall,2012,8,2,0,6,0,clear,25.84,31.0,84.0,9.0,84
fall,2012,8,3,0,6,0,clear,25.84,31.0,84.0,9.0,30
fall,2012,8,4,0,6,0,clear,25.84,30.0,79.0,13.0,13
fall,2012,8,5,0,6,0,clear,24.9,28.0,84.0,15.0,17
fall,2012,8,6,0,6,0,clear,24.9,28.0,84.0,15.0,49
fall,2012,8,7,0,6,0,clear,25.84,30.0,77.0,11.0,67
fall,2012,8,8,0,6,0,clear,26.78,32.0,72.0,13.0,181
fall,2012,8,9,0,6,0,clear,28.66,34.0,65.0,15.0,278
fall,2012,8,10,0,6,0,clear,30.54,35.0,57.0,13.0,396
fall,2012,8,11,0,6,0,clear,32.42,37.0,47.0,17.0,470
fall,2012,8,12,0,6,0,clear,32.42,36.0,40.0,24.0,547
fall,2012,8,13,0,6,0,clear,33.36,38.0,42.0,20.0,527
fall,2012,8,14,0,6,0,clear,33.36,37.0,40.0,26.0,472
fall,2012,8,15,0,6,0,clear,33.36,38.0,42.0,28.0,489
fall,2012,8,16,0,6,0,clear,34.3,38.0,39.0,20.0,450
fall,2012,8,17,0,6,0,clear,33.36,36.0,37.0,20.0,492
fall,2012,8,18,0,6,0,clear,32.42,36.0,41.0,22.0,490
fall,2012,8,19,0,6,0,clear,30.54,35.0,52.0,24.0,397
fall,2012,8,20,0,6,0,clear,30.54,35.0,52.0,20.0,312
fall,2012,8,21,0,6,0,clear,29.6,35.0,59.0,17.0,289
fall,2012,8,22,0,6,0,clear,27.72,32.0,66.0,19.0,269
fall,2012,8,23,0,6,0,clear,27.72,32.0,66.0,20.0,222
fall,2012,8,0,0,0,0,clear,26.78,30.0,70.0,19.0,153
fall,2012,8,1,0,0,0,clear,26.78,30.0,70.0,17.0,87
fall,2012,8,2,0,0,0,clear,26.78,30.0,70.0,20.0,73
fall,2012,8,3,0,0,0,clear,25.84,30.0,74.0,17.0,41
fall,2012,8,4,0,0,0,clear,25.84,30.0,74.0,17.0,14
fall,2012,8,5,0,0,0,clear,25.84,30.0,74.0,17.0,19
fall,2012,8,6,0,0,0,clear,25.84,30.0,79.0,17.0,19
fall,2012,8,7,0,0,0,clear,26.78,31.0,74.0,20.0,68
fall,2012,8,8,0,0,0,clear,27.72,32.0,66.0,22.0,108
fall,2012,8,9,0,0,0,clear,29.6,35.0,59.0,24.0,229
fall,2012,8,10,0,0,0,clear,29.6,35.0,59.0,28.0,364
fall,2012,8,11,0,0,0,clear,30.54,36.0,56.0,28.0,437
fall,2012,8,12,0,0,0,clear,32.42,37.0,47.0,35.0,491
fall,2012,8,13,0,0,0,clear,33.36,38.0,44.0,31.0,523
fall,2012,8,14,0,0,0,clear,34.3,40.0,42.0,31.0,526
fall,2012,8,15,0,0,0,clear,34.3,38.0,37.0,35.0,450
fall,2012,8,16,0,0,0,clear,30.54,34.0,46.0,17.0,421
fall,2012,8,17,0,0,0,clear,30.54,34.0,46.0,17.0,382
fall,2012,8,18,0,0,0,rain,24.9,28.0,74.0,9.0,229
fall,2012,8,19,0,0,0,clear,24.9,28.0,84.0,15.0,185
fall,2012,8,20,0,0,0,clear,24.9,28.0,84.0,7.0,193
fall,2012,8,21,0,0,0,clear,25.84,30.0,79.0,7.0,208
fall,2012,8,22,0,0,0,clear,25.84,30.0,79.0,6.0,157
fall,2012,8,23,0,0,0,misty,25.84,30.0,79.0,11.0,87
fall,2012,8,0,0,1,1,misty,25.84,30.0,79.0,0.0,33
fall,2012,8,1,0,1,1,clear,25.84,30.0,79.0,6.0,11
fall,2012,8,2,0,1,1,misty,25.84,30.0,79.0,9.0,5
fall,2012,8,3,0,1,1,rain,25.84,30.0,79.0,6.0,5
fall,2012,8,4,0,1,1,misty,25.84,30.0,74.0,9.0,11
fall,2012,8,5,0,1,1,clear,24.9,28.0,79.0,13.0,25
fall,2012,8,6,0,1,1,misty,24.9,28.0,79.0,15.0,141
fall,2012,8,7,0,1,1,rain,25.84,29.0,70.0,13.0,407
fall,2012,8,8,0,1,1,misty,24.9,28.0,79.0,0.0,605
fall,2012,8,9,0,1,1,rain,24.9,28.0,79.0,11.0,276
fall,2012,8,10,0,1,1,clear,26.78,30.0,70.0,15.0,213
fall,2012,8,11,0,1,1,clear,27.72,32.0,66.0,9.0,260
fall,2012,8,12,0,1,1,misty,28.66,32.0,55.0,6.0,285
fall,2012,8,13,0,1,1,clear,29.6,33.0,49.0,15.0,289
fall,2012,8,14,0,1,1,clear,30.54,34.0,46.0,0.0,287
fall,2012,8,15,0,1,1,clear,30.54,34.0,46.0,9.0,274
fall,2012,8,16,0,1,1,clear,31.48,34.0,41.0,7.0,451
fall,2012,8,17,0,1,1,clear,30.54,33.0,41.0,0.0,858
fall,2012,8,18,0,1,1,clear,30.54,33.0,41.0,9.0,843
fall,2012,8,19,0,1,1,clear,28.66,33.0,59.0,13.0,640
fall,2012,8,20,0,1,1,clear,27.72,32.0,66.0,11.0,457
fall,2012,8,21,0,1,1,clear,26.78,30.0,70.0,13.0,317
fall,2012,8,22,0,1,1,clear,26.78,30.0,70.0,6.0,207
fall,2012,8,23,0,1,1,clear,25.84,30.0,74.0,13.0,113
fall,2012,8,0,0,2,1,clear,24.9,28.0,84.0,13.0,47
fall,2012,8,1,0,2,1,clear,24.9,28.0,84.0,9.0,18
fall,2012,8,2,0,2,1,clear,24.9,28.0,84.0,9.0,13
fall,2012,8,3,0,2,1,clear,24.9,28.0,84.0,0.0,6
fall,2012,8,4,0,2,1,clear,23.96,26.0,83.0,9.0,9
fall,2012,8,5,0,2,1,clear,24.9,28.0,79.0,7.0,36
fall,2012,8,6,0,2,1,misty,24.9,28.0,79.0,13.0,179
fall,2012,8,7,0,2,1,misty,24.9,28.0,74.0,9.0,502
fall,2012,8,8,0,2,1,misty,24.9,27.0,70.0,11.0,705
fall,2012,8,9,0,2,1,misty,24.9,28.0,74.0,9.0,327
fall,2012,8,10,0,2,1,misty,26.78,30.0,70.0,9.0,250
fall,2012,8,11,0,2,1,misty,27.72,32.0,66.0,6.0,214
fall,2012,8,12,0,2,1,misty,29.6,34.0,55.0,9.0,283
fall,2012,8,13,0,2,1,misty,29.6,33.0,52.0,13.0,253
fall,2012,8,14,0,2,1,misty,30.54,34.0,46.0,0.0,261
fall,2012,8,15,0,2,1,clear,29.6,33.0,52.0,0.0,306
fall,2012,8,16,0,2,1,rain,27.72,32.0,66.0,19.0,445
fall,2012,8,17,0,2,1,misty,28.66,33.0,62.0,9.0,868
fall,2012,8,18,0,2,1,misty,27.72,31.0,62.0,11.0,814
fall,2012,8,19,0,2,1,misty,27.72,32.0,66.0,7.0,610
fall,2012,8,20,0,2,1,misty,26.78,30.0,70.0,9.0,448
fall,2012,8,21,0,2,1,misty,25.84,30.0,74.0,0.0,317
fall,2012,8,22,0,2,1,clear,25.84,30.0,74.0,7.0,224
fall,2012,8,23,0,2,1,clear,25.84,30.0,79.0,0.0,138
fall,2012,8,0,0,3,1,clear,24.9,28.0,84.0,0.0,58
fall,2012,8,1,0,3,1,clear,25.84,30.0,79.0,0.0,23
fall,2012,8,2,0,3,1,clear,24.9,28.0,84.0,0.0,6
fall,2012,8,3,0,3,1,clear,24.9,28.0,84.0,0.0,7
fall,2012,8,4,0,3,1,clear,24.9,28.0,84.0,0.0,7
fall,2012,8,5,0,3,1,misty,23.96,26.0,89.0,11.0,43
fall,2012,8,6,0,3,1,misty,24.9,28.0,84.0,11.0,173
fall,2012,8,7,0,3,1,misty,24.9,28.0,84.0,11.0,482
fall,2012,8,8,0,3,1,misty,26.78,32.0,72.0,6.0,737
fall,2012,8,9,0,3,1,misty,27.72,32.0,66.0,0.0,341
fall,2012,8,10,0,3,1,misty,29.6,33.0,52.0,9.0,214
fall,2012,8,11,0,3,1,misty,29.6,33.0,52.0,0.0,239
fall,2012,8,12,0,3,1,misty,29.6,33.0,52.0,0.0,280
fall,2012,8,13,0,3,1,misty,29.6,33.0,52.0,0.0,313
fall,2012,8,14,0,3,1,misty,29.6,33.0,52.0,17.0,236
fall,2012,8,15,0,3,1,misty,31.48,34.0,44.0,13.0,278
fall,2012,8,16,0,3,1,misty,29.6,33.0,49.0,19.0,441
fall,2012,8,17,0,3,1,misty,29.6,34.0,55.0,19.0,858
fall,2012,8,18,0,3,1,misty,28.66,32.0,55.0,11.0,862
fall,2012,8,19,0,3,1,clear,27.72,32.0,66.0,15.0,686
fall,2012,8,20,0,3,1,clear,26.78,30.0,66.0,13.0,500
fall,2012,8,21,0,3,1,clear,26.78,30.0,66.0,7.0,381
fall,2012,8,22,0,3,1,clear,25.84,30.0,74.0,7.0,233
fall,2012,8,23,0,3,1,clear,25.84,29.0,70.0,9.0,136
fall,2012,8,0,0,4,1,clear,25.84,30.0,74.0,13.0,67
fall,2012,8,1,0,4,1,clear,24.9,28.0,79.0,9.0,28
fall,2012,8,2,0,4,1,clear,24.9,28.0,84.0,6.0,14
fall,2012,8,3,0,4,1,clear,23.96,26.0,83.0,6.0,6
fall,2012,8,4,0,4,1,misty,23.96,26.0,89.0,9.0,10
fall,2012,8,5,0,4,1,misty,23.02,23.0,94.0,0.0,41
fall,2012,8,6,0,4,1,clear,23.02,24.0,83.0,11.0,167
fall,2012,8,7,0,4,1,misty,24.9,28.0,84.0,11.0,475
fall,2012,8,8,0,4,1,clear,25.84,30.0,74.0,7.0,698
fall,2012,8,9,0,4,1,clear,27.72,32.0,66.0,11.0,353
fall,2012,8,10,0,4,1,clear,29.6,34.0,55.0,15.0,205
fall,2012,8,11,0,4,1,clear,31.48,34.0,44.0,0.0,260
fall,2012,8,12,0,4,1,clear,31.48,34.0,44.0,7.0,277
fall,2012,8,13,0,4,1,clear,32.42,36.0,41.0,7.0,281
fall,2012,8,14,0,4,1,clear,33.36,35.0,32.0,15.0,247
fall,2012,8,15,0,4,1,clear,33.36,35.0,32.0,15.0,267
fall,2012,8,16,0,4,1,clear,32.42,35.0,39.0,17.0,417
fall,2012,8,17,0,4,1,clear,32.42,34.0,36.0,17.0,810
fall,2012,8,18,0,4,1,misty,30.54,34.0,46.0,17.0,811
fall,2012,8,19,0,4,1,clear,29.6,34.0,55.0,13.0,623
fall,2012,8,20,0,4,1,clear,24.9,27.0,54.0,19.0,478
fall,2012,8,21,0,4,1,misty,24.9,27.0,58.0,11.0,336
fall,2012,8,22,0,4,1,misty,23.02,25.0,69.0,15.0,259
fall,2012,8,23,0,4,1,clear,23.02,25.0,74.0,0.0,156
fall,2012,8,0,0,5,1,clear,24.9,27.0,65.0,6.0,85
fall,2012,8,1,0,5,1,clear,24.9,27.0,65.0,7.0,41
fall,2012,8,2,0,5,1,clear,24.9,28.0,74.0,11.0,20
fall,2012,8,3,0,5,1,misty,25.84,30.0,79.0,13.0,9
fall,2012,8,4,0,5,1,rain,24.9,28.0,84.0,19.0,7
fall,2012,8,5,0,5,1,rain,24.9,28.0,84.0,19.0,33
fall,2012,8,6,0,5,1,rain,22.08,22.0,89.0,20.0,44
fall,2012,8,7,0,5,1,rain,22.08,22.0,89.0,7.0,133
fall,2012,8,8,0,5,1,rain,21.14,20.0,91.0,11.0,119
fall,2012,8,9,0,5,1,misty,22.08,22.0,89.0,0.0,220
fall,2012,8,10,0,5,1,clear,23.02,23.0,89.0,7.0,193
fall,2012,8,11,0,5,1,rain,23.96,26.0,79.0,9.0,251
fall,2012,8,12,0,5,1,misty,26.78,30.0,66.0,24.0,315
fall,2012,8,13,0,5,1,misty,27.72,31.0,58.0,24.0,290
fall,2012,8,14,0,5,1,clear,27.72,31.0,58.0,24.0,307
fall,2012,8,15,0,5,1,clear,29.6,33.0,52.0,30.0,324
fall,2012,8,16,0,5,1,clear,28.66,32.0,55.0,20.0,467
fall,2012,8,17,0,5,1,clear,29.6,33.0,52.0,19.0,730
fall,2012,8,18,0,5,1,clear,27.72,31.0,62.0,20.0,640
fall,2012,8,19,0,5,1,clear,27.72,31.0,62.0,19.0,492
fall,2012,8,20,0,5,1,clear,26.78,30.0,66.0,20.0,370
fall,2012,8,21,0,5,1,clear,26.78,30.0,66.0,17.0,286
fall,2012,8,22,0,5,1,clear,25.84,30.0,74.0,19.0,218
fall,2012,8,23,0,5,1,clear,25.84,29.0,70.0,19.0,192
fall,2012,8,0,0,6,0,clear,24.9,27.0,70.0,19.0,180
fall,2012,8,1,0,6,0,clear,23.02,25.0,74.0,15.0,116
fall,2012,8,2,0,6,0,rain,22.08,23.0,78.0,13.0,85
fall,2012,8,3,0,6,0,rain,21.14,22.0,83.0,11.0,21
fall,2012,8,4,0,6,0,clear,21.14,22.0,83.0,7.0,10
fall,2012,8,5,0,6,0,clear,21.14,21.0,88.0,7.0,11
fall,2012,8,6,0,6,0,misty,21.14,21.0,88.0,7.0,23
fall,2012,8,7,0,6,0,clear,22.08,22.0,83.0,6.0,62
fall,2012,8,8,0,6,0,clear,23.02,24.0,83.0,7.0,162
fall,2012,8,9,0,6,0,clear,23.96,26.0,79.0,13.0,271
fall,2012,8,10,0,6,0,clear,25.84,29.0,62.0,6.0,407
fall,2012,8,11,0,6,0,clear,26.78,30.0,66.0,11.0,499
fall,2012,8,12,0,6,0,clear,27.72,31.0,58.0,15.0,546
fall,2012,8,13,0,6,0,clear,29.6,33.0,49.0,24.0,569
fall,2012,8,14,0,6,0,clear,29.6,33.0,49.0,20.0,538
fall,2012,8,15,0,6,0,clear,29.6,32.0,46.0,19.0,562
fall,2012,8,16,0,6,0,clear,29.6,32.0,46.0,20.0,531
fall,2012,8,17,0,6,0,rain,26.78,30.0,66.0,24.0,512
fall,2012,8,18,0,6,0,misty,24.9,28.0,74.0,20.0,300
fall,2012,8,19,0,6,0,misty,23.02,23.0,89.0,7.0,275
fall,2012,8,20,0,6,0,rain,23.02,23.0,89.0,28.0,160
fall,2012,8,21,0,6,0,misty,23.02,23.0,89.0,11.0,128
fall,2012,8,22,0,6,0,misty,23.02,23.0,89.0,11.0,168
fall,2012,8,23,0,6,0,rain,23.02,24.0,78.0,11.0,163
fall,2012,8,0,0,0,0,misty,22.08,24.0,73.0,9.0,120
fall,2012,8,1,0,0,0,clear,21.14,23.0,78.0,9.0,113
fall,2012,8,2,0,0,0,clear,22.08,24.0,69.0,9.0,86
fall,2012,8,3,0,0,0,clear,21.14,23.0,73.0,6.0,48
fall,2012,8,4,0,0,0,clear,22.08,24.0,69.0,6.0,10
fall,2012,8,5,0,0,0,clear,22.08,25.0,61.0,13.0,10
fall,2012,8,6,0,0,0,clear,22.08,24.0,65.0,11.0,16
fall,2012,8,7,0,0,0,clear,22.08,24.0,65.0,9.0,39
fall,2012,8,8,0,0,0,clear,23.02,25.0,54.0,15.0,119
fall,2012,8,9,0,0,0,clear,24.9,27.0,48.0,15.0,217
fall,2012,8,10,0,0,0,clear,24.9,27.0,51.0,11.0,328
fall,2012,8,11,0,0,0,clear,26.78,28.0,42.0,11.0,449
fall,2012,8,12,0,0,0,clear,26.78,28.0,42.0,13.0,505
fall,2012,8,13,0,0,0,clear,28.66,30.0,40.0,0.0,543
fall,2012,8,14,0,0,0,clear,27.72,29.0,40.0,13.0,579
fall,2012,8,15,0,0,0,clear,27.72,29.0,40.0,9.0,577
fall,2012,8,16,0,0,0,clear,27.72,29.0,40.0,7.0,513
fall,2012,8,17,0,0,0,clear,29.6,30.0,33.0,0.0,505
fall,2012,8,18,0,0,0,clear,28.66,29.0,35.0,7.0,491
fall,2012,8,19,0,0,0,clear,26.78,27.0,40.0,9.0,465
fall,2012,8,20,0,0,0,clear,25.84,27.0,45.0,0.0,300
fall,2012,8,21,0,0,0,clear,25.84,28.0,51.0,6.0,220
fall,2012,8,22,0,0,0,clear,24.9,27.0,58.0,9.0,181
fall,2012,8,23,0,0,0,clear,23.96,26.0,61.0,0.0,110
fall,2012,8,0,0,1,1,clear,23.02,25.0,65.0,7.0,47
fall,2012,8,1,0,1,1,clear,23.02,25.0,65.0,6.0,14
fall,2012,8,2,0,1,1,clear,22.08,24.0,69.0,7.0,9
fall,2012,8,3,0,1,1,clear,22.08,24.0,69.0,0.0,6
fall,2012,8,4,0,1,1,clear,22.08,24.0,69.0,7.0,11
fall,2012,8,5,0,1,1,clear,22.08,24.0,69.0,7.0,36
fall,2012,8,6,0,1,1,clear,21.14,23.0,73.0,6.0,159
fall,2012,8,7,0,1,1,clear,23.02,25.0,65.0,9.0,436
fall,2012,8,8,0,1,1,misty,25.84,28.0,51.0,6.0,673
fall,2012,8,9,0,1,1,misty,26.78,28.0,45.0,0.0,305
fall,2012,8,10,0,1,1,misty,27.72,29.0,40.0,0.0,199
fall,2012,8,11,0,1,1,clear,27.72,29.0,40.0,6.0,245
fall,2012,8,12,0,1,1,clear,28.66,30.0,40.0,13.0,276
fall,2012,8,13,0,1,1,clear,28.66,30.0,40.0,11.0,254
fall,2012,8,14,0,1,1,clear,29.6,30.0,33.0,7.0,248
fall,2012,8,15,0,1,1,clear,30.54,32.0,34.0,15.0,274
fall,2012,8,16,0,1,1,clear,29.6,31.0,36.0,6.0,464
fall,2012,8,17,0,1,1,clear,29.6,31.0,36.0,11.0,818
fall,2012,8,18,0,1,1,clear,27.72,30.0,52.0,19.0,812
fall,2012,8,19,0,1,1,clear,26.78,29.0,58.0,11.0,555
fall,2012,8,20,0,1,1,clear,26.78,29.0,62.0,15.0,432
fall,2012,8,21,0,1,1,clear,25.84,29.0,66.0,13.0,290
fall,2012,8,22,0,1,1,clear,25.84,29.0,62.0,22.0,192
fall,2012,8,23,0,1,1,clear,24.9,27.0,70.0,15.0,128
fall,2012,8,0,0,2,1,clear,24.9,28.0,74.0,15.0,60
fall,2012,8,1,0,2,1,clear,23.96,26.0,79.0,17.0,27
fall,2012,8,2,0,2,1,misty,23.96,26.0,83.0,13.0,11
fall,2012,8,3,0,2,1,misty,23.96,26.0,83.0,13.0,3
fall,2012,8,4,0,2,1,misty,23.96,26.0,83.0,13.0,5
fall,2012,8,5,0,2,1,misty,23.96,26.0,89.0,13.0,36
fall,2012,8,6,0,2,1,rain,22.08,22.0,83.0,13.0,64
fall,2012,8,7,0,2,1,misty,23.02,24.0,83.0,6.0,179
fall,2012,8,8,0,2,1,misty,23.02,23.0,89.0,6.0,618
fall,2012,8,9,0,2,1,misty,24.9,28.0,74.0,0.0,402
fall,2012,8,10,0,2,1,clear,24.9,28.0,79.0,7.0,208
fall,2012,8,11,0,2,1,clear,26.78,29.0,62.0,0.0,196
fall,2012,8,12,0,2,1,clear,28.66,31.0,49.0,9.0,300
fall,2012,8,13,0,2,1,clear,29.6,32.0,46.0,6.0,286
fall,2012,8,14,0,2,1,clear,30.54,33.0,41.0,15.0,255
fall,2012,8,15,0,2,1,clear,30.54,34.0,46.0,15.0,283
fall,2012,8,16,0,2,1,clear,30.54,33.0,43.0,15.0,458
fall,2012,8,17,0,2,1,rain,27.72,32.0,66.0,17.0,812
fall,2012,8,18,0,2,1,clear,27.72,31.0,62.0,19.0,854
fall,2012,8,19,0,2,1,clear,27.72,32.0,66.0,13.0,627
fall,2012,8,20,0,2,1,clear,26.78,31.0,74.0,15.0,436
fall,2012,8,21,0,2,1,clear,26.78,29.0,62.0,15.0,308
fall,2012,8,22,0,2,1,clear,25.84,29.0,66.0,6.0,189
fall,2012,8,23,0,2,1,clear,25.84,29.0,66.0,11.0,167
fall,2012,8,0,0,3,1,clear,24.9,27.0,61.0,13.0,60
fall,2012,8,1,0,3,1,clear,24.9,27.0,61.0,0.0,37
fall,2012,8,2,0,3,1,clear,23.96,26.0,65.0,0.0,8
fall,2012,8,3,0,3,1,clear,23.02,25.0,74.0,7.0,11
fall,2012,8,4,0,3,1,clear,22.08,22.0,83.0,7.0,4
fall,2012,8,5,0,3,1,clear,22.08,23.0,78.0,7.0,39
fall,2012,8,6,0,3,1,clear,22.08,23.0,78.0,7.0,172
fall,2012,8,7,0,3,1,misty,23.02,25.0,69.0,13.0,492
fall,2012,8,8,0,3,1,misty,24.9,27.0,65.0,19.0,682
fall,2012,8,9,0,3,1,misty,25.84,29.0,62.0,13.0,367
fall,2012,8,10,0,3,1,misty,25.84,29.0,62.0,13.0,233
fall,2012,8,11,0,3,1,misty,26.78,29.0,58.0,13.0,235
fall,2012,8,12,0,3,1,clear,26.78,29.0,55.0,15.0,307
fall,2012,8,13,0,3,1,misty,28.66,31.0,49.0,13.0,294
fall,2012,8,14,0,3,1,misty,27.72,30.0,52.0,20.0,255
fall,2012,8,15,0,3,1,clear,27.72,30.0,52.0,17.0,266
fall,2012,8,16,0,3,1,clear,27.72,29.0,48.0,13.0,431
fall,2012,8,17,0,3,1,clear,26.78,29.0,55.0,19.0,851
fall,2012,8,18,0,3,1,clear,26.78,28.0,51.0,15.0,848
fall,2012,8,19,0,3,1,clear,24.9,27.0,61.0,9.0,649
fall,2012,8,20,0,3,1,clear,24.9,27.0,61.0,9.0,427
fall,2012,8,21,0,3,1,clear,24.9,27.0,61.0,13.0,315
fall,2012,8,22,0,3,1,clear,24.9,27.0,61.0,11.0,226
fall,2012,8,23,0,3,1,clear,23.96,26.0,65.0,7.0,138
fall,2012,8,0,0,4,1,clear,23.02,25.0,69.0,0.0,76
fall,2012,8,1,0,4,1,clear,22.08,24.0,73.0,0.0,21
fall,2012,8,2,0,4,1,clear,22.08,24.0,69.0,13.0,15
fall,2012,8,3,0,4,1,clear,21.14,23.0,73.0,17.0,4
fall,2012,8,4,0,4,1,clear,21.14,23.0,73.0,15.0,5
fall,2012,8,5,0,4,1,clear,20.2,22.0,78.0,11.0,37
fall,2012,8,6,0,4,1,clear,20.2,22.0,78.0,11.0,165
fall,2012,8,7,0,4,1,clear,22.08,24.0,69.0,15.0,464
fall,2012,8,8,0,4,1,clear,23.96,26.0,61.0,13.0,682
fall,2012,8,9,0,4,1,clear,25.84,28.0,54.0,7.0,337
fall,2012,8,10,0,4,1,clear,26.78,28.0,48.0,9.0,199
fall,2012,8,11,0,4,1,clear,27.72,28.0,37.0,6.0,274
fall,2012,8,12,0,4,1,clear,29.6,30.0,33.0,7.0,343
fall,2012,8,13,0,4,1,clear,29.6,30.0,31.0,15.0,300
fall,2012,8,14,0,4,1,clear,30.54,31.0,32.0,0.0,248
fall,2012,8,15,0,4,1,clear,29.6,30.0,33.0,17.0,260
fall,2012,8,16,0,4,1,clear,30.54,31.0,32.0,15.0,419
fall,2012,8,17,0,4,1,clear,30.54,32.0,34.0,13.0,897
fall,2012,8,18,0,4,1,clear,29.6,31.0,36.0,0.0,832
fall,2012,8,19,0,4,1,clear,27.72,29.0,40.0,7.0,677
fall,2012,8,20,0,4,1,clear,27.72,29.0,40.0,6.0,514
fall,2012,8,21,0,4,1,clear,26.78,28.0,48.0,13.0,356
fall,2012,8,22,0,4,1,clear,25.84,28.0,51.0,11.0,254
fall,2012,8,23,0,4,1,clear,24.9,27.0,54.0,7.0,226
fall,2012,8,0,0,5,1,clear,23.96,-0.0,57.0,11.0,88
fall,2012,8,1,0,5,1,clear,23.02,-0.0,65.0,7.0,54
fall,2012,8,2,0,5,1,clear,23.02,-0.0,61.0,9.0,19
fall,2012,8,3,0,5,1,clear,22.08,-0.0,65.0,7.0,6
fall,2012,8,4,0,5,1,clear,22.08,-0.0,73.0,11.0,9
fall,2012,8,5,0,5,1,clear,22.08,-0.0,73.0,7.0,36
fall,2012,8,6,0,5,1,clear,21.14,-0.0,78.0,9.0,157
fall,2012,8,7,0,5,1,clear,22.08,-0.0,73.0,7.0,379
fall,2012,8,8,0,5,1,clear,23.96,-0.0,65.0,9.0,668
fall,2012,8,9,0,5,1,clear,24.9,-0.0,58.0,7.0,378
fall,2012,8,10,0,5,1,clear,26.78,-0.0,55.0,11.0,231
fall,2012,8,11,0,5,1,clear,27.72,-0.0,52.0,19.0,303
fall,2012,8,12,0,5,1,clear,30.54,-0.0,41.0,15.0,365
fall,2012,8,13,0,5,1,clear,31.48,-0.0,36.0,26.0,357
fall,2012,8,14,0,5,1,clear,32.42,-0.0,34.0,28.0,328
fall,2012,8,15,0,5,1,clear,32.42,-0.0,30.0,31.0,383
fall,2012,8,16,0,5,1,misty,31.48,-0.0,32.0,30.0,488
fall,2012,8,17,0,5,1,clear,30.54,-0.0,36.0,22.0,791
fall,2012,8,18,0,5,1,misty,30.54,-0.0,38.0,17.0,669
fall,2012,8,19,0,5,1,misty,26.78,-0.0,55.0,26.0,491
fall,2012,8,20,0,5,1,misty,25.84,-0.0,58.0,15.0,359
fall,2012,8,21,0,5,1,misty,23.96,-0.0,69.0,20.0,255
fall,2012,8,22,0,5,1,rain,23.02,-0.0,83.0,13.0,213
fall,2012,8,23,0,5,1,rain,22.08,-0.0,83.0,15.0,121
fall,2012,8,0,0,6,0,misty,22.08,22.0,83.0,15.0,105
fall,2012,8,1,0,6,0,rain,21.14,20.0,94.0,11.0,92
fall,2012,8,2,0,6,0,rain,21.14,21.0,88.0,11.0,43
fall,2012,8,3,0,6,0,clear,21.14,21.0,88.0,13.0,30
fall,2012,8,4,0,6,0,clear,21.14,23.0,73.0,15.0,13
fall,2012,8,5,0,6,0,clear,20.2,22.0,78.0,17.0,9
fall,2012,8,6,0,6,0,clear,20.2,21.0,83.0,15.0,27
fall,2012,8,7,0,6,0,clear,20.2,21.0,83.0,15.0,64
fall,2012,8,8,0,6,0,clear,22.08,24.0,69.0,17.0,189
fall,2012,8,9,0,6,0,clear,23.02,25.0,65.0,19.0,292
fall,2012,8,10,0,6,0,clear,24.9,27.0,54.0,11.0,480
fall,2012,8,11,0,6,0,clear,25.84,28.0,51.0,0.0,536
fall,2012,8,12,0,6,0,clear,27.72,28.0,37.0,13.0,654
fall,2012,8,13,0,6,0,clear,26.78,27.0,40.0,13.0,644
fall,2012,8,14,0,6,0,clear,27.72,28.0,37.0,19.0,598
fall,2012,8,15,0,6,0,clear,27.72,28.0,37.0,15.0,596
fall,2012,8,16,0,6,0,clear,27.72,28.0,37.0,17.0,641
fall,2012,8,17,0,6,0,clear,27.72,28.0,37.0,15.0,635
fall,2012,8,18,0,6,0,clear,26.78,27.0,37.0,11.0,554
fall,2012,8,19,0,6,0,clear,24.9,26.0,45.0,11.0,488
fall,2012,8,20,0,6,0,clear,24.9,26.0,45.0,7.0,341
fall,2012,8,21,0,6,0,clear,23.02,25.0,61.0,0.0,338
fall,2012,8,22,0,6,0,clear,23.02,25.0,61.0,0.0,261
fall,2012,8,23,0,6,0,clear,22.08,24.0,65.0,6.0,235
fall,2012,8,0,0,0,0,clear,23.02,25.0,57.0,6.0,187
fall,2012,8,1,0,0,0,clear,22.08,24.0,65.0,0.0,131
fall,2012,8,2,0,0,0,misty,21.14,24.0,69.0,6.0,119
fall,2012,8,3,0,0,0,misty,21.14,24.0,61.0,11.0,55
fall,2012,8,4,0,0,0,misty,21.14,24.0,65.0,11.0,26
fall,2012,8,5,0,0,0,misty,20.2,23.0,73.0,9.0,11
fall,2012,8,6,0,0,0,misty,21.14,24.0,69.0,7.0,20
fall,2012,8,7,0,0,0,misty,21.14,24.0,69.0,9.0,41
fall,2012,8,8,0,0,0,misty,22.08,24.0,69.0,7.0,124
fall,2012,8,9,0,0,0,misty,23.02,25.0,74.0,0.0,270
fall,2012,8,10,0,0,0,misty,23.96,26.0,69.0,0.0,425
fall,2012,8,11,0,0,0,rain,22.08,23.0,78.0,11.0,272
fall,2012,8,12,0,0,0,rain,22.08,24.0,73.0,0.0,298
fall,2012,8,13,0,0,0,rain,22.08,22.0,83.0,9.0,162
fall,2012,8,14,0,0,0,rain,22.08,24.0,73.0,0.0,149
fall,2012,8,15,0,0,0,misty,22.08,24.0,65.0,0.0,276
fall,2012,8,16,0,0,0,misty,23.02,25.0,65.0,0.0,356
fall,2012,8,17,0,0,0,misty,22.08,23.0,78.0,7.0,343
fall,2012,8,18,0,0,0,misty,22.08,23.0,78.0,7.0,377
fall,2012,8,19,0,0,0,misty,22.08,24.0,73.0,9.0,341
fall,2012,8,20,0,0,0,misty,22.08,24.0,73.0,13.0,274
fall,2012,8,21,0,0,0,rain,21.14,23.0,78.0,6.0,190
fall,2012,8,22,0,0,0,misty,21.14,23.0,78.0,11.0,56
fall,2012,8,23,0,0,0,misty,21.14,23.0,73.0,0.0,46
fall,2012,8,0,0,1,1,misty,20.2,21.0,83.0,7.0,26
fall,2012,8,1,0,1,1,clear,20.2,21.0,83.0,11.0,10
fall,2012,8,2,0,1,1,clear,20.2,21.0,83.0,11.0,5
fall,2012,8,3,0,1,1,clear,20.2,20.0,88.0,7.0,3
fall,2012,8,4,0,1,1,misty,20.2,21.0,83.0,6.0,7
fall,2012,8,5,0,1,1,misty,20.2,21.0,83.0,0.0,37
fall,2012,8,6,0,1,1,misty,20.2,22.0,78.0,9.0,161
fall,2012,8,7,0,1,1,misty,21.14,23.0,78.0,9.0,442
fall,2012,8,8,0,1,1,misty,21.14,23.0,73.0,7.0,655
fall,2012,8,9,0,1,1,misty,22.08,24.0,69.0,0.0,357
fall,2012,8,10,0,1,1,misty,22.08,24.0,69.0,6.0,193
fall,2012,8,11,0,1,1,clear,23.02,25.0,65.0,7.0,241
fall,2012,8,12,0,1,1,misty,23.02,25.0,61.0,7.0,282
fall,2012,8,13,0,1,1,clear,24.9,27.0,58.0,9.0,291
fall,2012,8,14,0,1,1,clear,25.84,28.0,54.0,11.0,275
fall,2012,8,15,0,1,1,clear,25.84,28.0,54.0,17.0,309
fall,2012,8,16,0,1,1,clear,25.84,28.0,54.0,17.0,460
fall,2012,8,17,0,1,1,clear,24.9,27.0,58.0,19.0,893
fall,2012,8,18,0,1,1,misty,21.14,23.0,78.0,17.0,815
fall,2012,8,19,0,1,1,misty,21.14,23.0,78.0,13.0,299
fall,2012,8,20,0,1,1,misty,21.14,22.0,83.0,19.0,261
fall,2012,8,21,0,1,1,clear,20.2,21.0,83.0,0.0,245
fall,2012,8,22,0,1,1,misty,20.2,21.0,83.0,0.0,161
fall,2012,8,23,0,1,1,misty,20.2,21.0,83.0,0.0,102
fall,2012,8,0,0,2,1,misty,20.2,21.0,83.0,6.0,59
fall,2012,8,1,0,2,1,misty,20.2,21.0,83.0,9.0,33
fall,2012,8,2,0,2,1,misty,19.26,20.0,88.0,19.0,8
fall,2012,8,3,0,2,1,clear,18.32,19.0,88.0,0.0,3
fall,2012,8,4,0,2,1,clear,18.32,19.0,88.0,0.0,4
fall,2012,8,5,0,2,1,clear,18.32,19.0,83.0,6.0,34
fall,2012,8,6,0,2,1,clear,18.32,19.0,83.0,7.0,169
fall,2012,8,7,0,2,1,clear,20.2,22.0,78.0,7.0,519
fall,2012,8,8,0,2,1,clear,20.2,22.0,78.0,9.0,723
fall,2012,8,9,0,2,1,clear,22.08,24.0,69.0,0.0,328
fall,2012,8,10,0,2,1,clear,23.02,25.0,61.0,7.0,178
fall,2012,8,11,0,2,1,clear,24.9,27.0,54.0,0.0,256
fall,2012,8,12,0,2,1,clear,25.84,27.0,45.0,0.0,305
fall,2012,8,13,0,2,1,clear,26.78,27.0,40.0,0.0,331
fall,2012,8,14,0,2,1,clear,27.72,28.0,37.0,6.0,302
fall,2012,8,15,0,2,1,clear,27.72,28.0,37.0,0.0,302
fall,2012,8,16,0,2,1,clear,27.72,28.0,37.0,0.0,467
fall,2012,8,17,0,2,1,clear,26.78,28.0,51.0,19.0,878
fall,2012,8,18,0,2,1,clear,25.84,28.0,54.0,15.0,625
fall,2012,8,19,0,2,1,rain,21.14,23.0,73.0,7.0,476
fall,2012,8,20,0,2,1,clear,22.08,24.0,73.0,0.0,358
fall,2012,8,21,0,2,1,clear,22.08,24.0,73.0,0.0,280
fall,2012,8,22,0,2,1,clear,22.08,23.0,78.0,0.0,232
fall,2012,8,23,0,2,1,clear,21.14,22.0,83.0,0.0,136
fall,2012,8,0,0,3,1,clear,21.14,22.0,83.0,7.0,55
fall,2012,8,1,0,3,1,clear,21.14,23.0,78.0,0.0,21
fall,2012,8,2,0,3,1,clear,21.14,23.0,78.0,0.0,17
fall,2012,8,3,0,3,1,clear,21.14,23.0,78.0,0.0,7
fall,2012,8,4,0,3,1,clear,19.26,20.0,83.0,7.0,8
fall,2012,8,5,0,3,1,clear,20.2,22.0,78.0,0.0,40
fall,2012,8,6,0,3,1,clear,21.14,23.0,73.0,0.0,187
fall,2012,8,7,0,3,1,clear,21.14,23.0,78.0,0.0,553
fall,2012,8,8,0,3,1,clear,22.08,24.0,73.0,6.0,740
fall,2012,8,9,0,3,1,clear,23.96,26.0,65.0,0.0,376
fall,2012,8,10,0,3,1,clear,24.9,27.0,61.0,6.0,225
fall,2012,8,11,0,3,1,clear,25.84,28.0,58.0,6.0,267
fall,2012,8,12,0,3,1,clear,26.78,28.0,51.0,0.0,312
fall,2012,8,13,0,3,1,clear,27.72,29.0,48.0,7.0,316
fall,2012,8,14,0,3,1,clear,27.72,29.0,45.0,7.0,266
fall,2012,8,15,0,3,1,clear,27.72,29.0,48.0,9.0,316
fall,2012,8,16,0,3,1,rain,26.78,29.0,55.0,15.0,460
fall,2012,8,17,0,3,1,rain,26.78,29.0,55.0,15.0,783
fall,2012,8,18,0,3,1,rain,23.02,25.0,61.0,15.0,683
fall,2012,8,19,0,3,1,misty,23.02,25.0,74.0,0.0,580
fall,2012,8,20,0,3,1,clear,22.08,24.0,73.0,13.0,391
fall,2012,8,21,0,3,1,clear,22.08,24.0,73.0,0.0,351
fall,2012,8,22,0,3,1,clear,22.08,24.0,73.0,0.0,281
fall,2012,8,23,0,3,1,clear,22.08,22.0,83.0,0.0,140
fall,2012,8,0,0,4,1,clear,22.08,23.0,78.0,0.0,60
fall,2012,8,1,0,4,1,clear,21.14,22.0,83.0,0.0,25
fall,2012,8,2,0,4,1,clear,21.14,22.0,83.0,0.0,20
fall,2012,8,3,0,4,1,clear,21.14,22.0,83.0,6.0,9
fall,2012,8,4,0,4,1,clear,21.14,22.0,83.0,0.0,6
fall,2012,8,5,0,4,1,clear,21.14,22.0,83.0,0.0,37
fall,2012,8,6,0,4,1,misty,20.2,20.0,88.0,6.0,192
fall,2012,8,7,0,4,1,misty,21.14,22.0,83.0,6.0,481
fall,2012,8,8,0,4,1,misty,23.02,25.0,74.0,6.0,707
fall,2012,8,9,0,4,1,misty,24.9,27.0,70.0,0.0,412
fall,2012,8,10,0,4,1,clear,26.78,29.0,58.0,6.0,233
fall,2012,8,11,0,4,1,clear,27.72,29.0,48.0,6.0,278
fall,2012,8,12,0,4,1,clear,28.66,29.0,38.0,0.0,332
fall,2012,8,13,0,4,1,clear,30.54,32.0,38.0,6.0,346
fall,2012,8,14,0,4,1,clear,28.66,30.0,46.0,15.0,305
fall,2012,8,15,0,4,1,clear,28.66,30.0,46.0,9.0,305
fall,2012,8,16,0,4,1,clear,27.72,29.0,48.0,11.0,465
fall,2012,8,17,0,4,1,clear,27.72,29.0,45.0,15.0,820
fall,2012,8,18,0,4,1,clear,26.78,28.0,48.0,15.0,941
fall,2012,8,19,0,4,1,clear,25.84,28.0,51.0,6.0,633
fall,2012,8,20,0,4,1,clear,24.9,27.0,61.0,7.0,474
fall,2012,8,21,0,4,1,clear,24.9,27.0,61.0,9.0,329
fall,2012,8,22,0,4,1,misty,23.96,26.0,61.0,7.0,198
fall,2012,8,23,0,4,1,misty,23.02,25.0,69.0,0.0,157
fall,2012,8,0,0,5,1,misty,23.02,25.0,69.0,0.0,111
fall,2012,8,1,0,5,1,misty,22.08,24.0,73.0,0.0,42
fall,2012,8,2,0,5,1,clear,23.02,25.0,69.0,0.0,16
fall,2012,8,3,0,5,1,clear,22.08,24.0,73.0,0.0,8
fall,2012,8,4,0,5,1,misty,22.08,24.0,73.0,0.0,8
fall,2012,8,5,0,5,1,clear,22.08,23.0,78.0,0.0,38
fall,2012,8,6,0,5,1,misty,21.14,22.0,83.0,0.0,151
fall,2012,8,7,0,5,1,misty,22.08,23.0,78.0,0.0,425
fall,2012,8,8,0,5,1,misty,23.02,25.0,74.0,0.0,744
fall,2012,8,9,0,5,1,misty,25.84,28.0,58.0,0.0,389
fall,2012,8,10,0,5,1,misty,27.72,29.0,48.0,0.0,262
fall,2012,8,11,0,5,1,misty,27.72,29.0,48.0,7.0,281
fall,2012,8,12,0,5,1,misty,27.72,29.0,45.0,6.0,371
fall,2012,8,13,0,5,1,misty,29.6,31.0,41.0,7.0,351
fall,2012,8,14,0,5,1,clear,28.66,30.0,43.0,7.0,338
fall,2012,8,15,0,5,1,misty,27.72,29.0,48.0,9.0,350
fall,2012,8,16,0,5,1,misty,27.72,29.0,48.0,9.0,515
fall,2012,8,17,0,5,1,misty,26.78,28.0,51.0,15.0,812
fall,2012,8,18,0,5,1,misty,25.84,29.0,62.0,13.0,736
fall,2012,8,19,0,5,1,misty,25.84,28.0,58.0,11.0,536
fall,2012,8,20,0,5,1,misty,24.9,27.0,65.0,15.0,363
fall,2012,8,21,0,5,1,misty,24.9,27.0,61.0,11.0,306
fall,2012,8,22,0,5,1,misty,24.9,27.0,61.0,0.0,251
fall,2012,8,23,0,5,1,misty,23.96,26.0,69.0,6.0,178
fall,2012,8,0,0,6,0,misty,24.9,27.0,61.0,0.0,135
fall,2012,8,1,0,6,0,misty,23.96,26.0,69.0,0.0,115
fall,2012,8,2,0,6,0,misty,23.02,25.0,74.0,6.0,79
fall,2012,8,3,0,6,0,clear,23.02,25.0,69.0,6.0,38
fall,2012,8,4,0,6,0,misty,23.02,25.0,69.0,7.0,12
fall,2012,8,5,0,6,0,misty,22.08,24.0,73.0,11.0,14
fall,2012,8,6,0,6,0,misty,22.08,23.0,78.0,11.0,30
fall,2012,8,7,0,6,0,misty,22.08,23.0,78.0,13.0,102
fall,2012,8,8,0,6,0,misty,23.02,25.0,74.0,17.0,162
fall,2012,8,9,0,6,0,misty,23.96,26.0,69.0,19.0,288
fall,2012,8,10,0,6,0,misty,24.9,27.0,65.0,20.0,442
fall,2012,8,11,0,6,0,misty,25.84,29.0,62.0,19.0,457
fall,2012,8,12,0,6,0,rain,25.84,28.0,54.0,26.0,584
fall,2012,8,13,0,6,0,misty,25.84,28.0,51.0,24.0,517
fall,2012,8,14,0,6,0,rain,23.02,25.0,65.0,17.0,482
fall,2012,8,15,0,6,0,misty,22.08,24.0,73.0,22.0,233
fall,2012,8,16,0,6,0,misty,23.02,25.0,74.0,20.0,434
fall,2012,8,17,0,6,0,misty,23.02,25.0,74.0,22.0,403
fall,2012,8,18,0,6,0,misty,23.02,25.0,69.0,31.0,383
fall,2012,8,19,0,6,0,misty,22.08,23.0,78.0,20.0,354
fall,2012,8,20,0,6,0,rain,21.14,22.0,83.0,17.0,241
fall,2012,8,21,0,6,0,clear,21.14,22.0,83.0,24.0,208
fall,2012,8,22,0,6,0,clear,21.14,22.0,83.0,24.0,182
fall,2012,8,23,0,6,0,misty,21.14,22.0,83.0,17.0,158
fall,2012,8,0,0,0,0,clear,22.08,22.0,89.0,17.0,134
fall,2012,8,1,0,0,0,clear,22.08,22.0,89.0,13.0,134
fall,2012,8,2,0,0,0,misty,22.08,22.0,89.0,15.0,116
fall,2012,8,3,0,0,0,misty,22.08,22.0,89.0,17.0,53
fall,2012,8,4,0,0,0,misty,22.08,22.0,89.0,13.0,16
fall,2012,8,5,0,0,0,clear,22.08,22.0,89.0,13.0,16
fall,2012,8,6,0,0,0,clear,21.14,21.0,88.0,20.0,21
fall,2012,8,7,0,0,0,clear,22.08,22.0,89.0,13.0,34
fall,2012,8,8,0,0,0,clear,23.96,26.0,79.0,19.0,133
fall,2012,8,9,0,0,0,clear,23.96,26.0,79.0,17.0,263
fall,2012,8,10,0,0,0,clear,26.78,30.0,66.0,26.0,385
fall,2012,8,11,0,0,0,clear,26.78,30.0,66.0,24.0,482
fall,2012,8,12,0,0,0,rain,25.84,30.0,74.0,24.0,626
fall,2012,8,13,0,0,0,rain,23.02,24.0,78.0,28.0,541
fall,2012,8,14,0,0,0,clear,22.08,22.0,89.0,7.0,377
fall,2012,8,15,0,0,0,rain,22.08,22.0,89.0,19.0,391
fall,2012,8,16,0,0,0,rain,22.08,22.0,89.0,19.0,173
fall,2012,8,17,0,0,0,clear,22.08,22.0,89.0,15.0,233
fall,2012,8,18,0,0,0,misty,22.08,22.0,89.0,6.0,264
fall,2012,8,19,0,0,0,misty,22.08,22.0,89.0,11.0,292
fall,2012,8,20,0,0,0,clear,22.08,22.0,89.0,11.0,211
fall,2012,8,21,0,0,0,clear,22.08,22.0,83.0,9.0,166
fall,2012,8,22,0,0,0,clear,21.14,21.0,88.0,6.0,114
fall,2012,8,23,0,0,0,clear,21.14,22.0,83.0,6.0,80
fall,2012,8,0,0,1,1,clear,21.14,22.0,83.0,0.0,32
fall,2012,8,1,0,1,1,clear,21.14,21.0,88.0,6.0,7
fall,2012,8,2,0,1,1,clear,21.14,21.0,88.0,9.0,8
fall,2012,8,3,0,1,1,clear,21.14,21.0,88.0,6.0,4
fall,2012,8,4,0,1,1,clear,21.14,22.0,83.0,0.0,12
fall,2012,8,5,0,1,1,clear,21.14,21.0,88.0,0.0,36
fall,2012,8,6,0,1,1,clear,21.14,21.0,88.0,0.0,145
fall,2012,8,7,0,1,1,clear,23.02,24.0,83.0,0.0,433
fall,2012,8,8,0,1,1,clear,23.02,24.0,83.0,6.0,699
fall,2012,8,9,0,1,1,clear,23.02,24.0,83.0,7.0,342
fall,2012,8,10,0,1,1,clear,25.84,30.0,74.0,9.0,206
fall,2012,8,11,0,1,1,clear,26.78,30.0,66.0,13.0,229
fall,2012,8,12,0,1,1,clear,27.72,31.0,62.0,0.0,283
fall,2012,8,13,0,1,1,clear,27.72,31.0,57.0,11.0,288
fall,2012,8,14,0,1,1,clear,29.6,33.0,49.0,6.0,246
fall,2012,8,15,0,1,1,clear,29.6,34.0,55.0,20.0,282
fall,2012,8,16,0,1,1,clear,29.6,34.0,55.0,17.0,444
fall,2012,8,17,0,1,1,clear,29.6,32.0,46.0,15.0,845
fall,2012,8,18,0,1,1,clear,28.66,31.0,52.0,17.0,834
fall,2012,8,19,0,1,1,clear,26.78,30.0,70.0,15.0,573
fall,2012,8,20,0,1,1,clear,26.78,30.0,70.0,13.0,416
fall,2012,8,21,0,1,1,clear,25.84,30.0,74.0,13.0,278
fall,2012,8,22,0,1,1,clear,24.9,28.0,84.0,13.0,161
fall,2012,8,23,0,1,1,clear,24.9,28.0,84.0,11.0,114
fall,2012,8,0,0,2,1,clear,24.9,28.0,84.0,17.0,38
fall,2012,8,1,0,2,1,clear,23.96,26.0,89.0,13.0,21
fall,2012,8,2,0,2,1,clear,23.96,26.0,83.0,17.0,15
fall,2012,8,3,0,2,1,clear,23.02,23.0,89.0,9.0,4
fall,2012,8,4,0,2,1,clear,23.02,24.0,83.0,9.0,8
fall,2012,8,5,0,2,1,misty,23.02,24.0,83.0,6.0,42
fall,2012,8,6,0,2,1,misty,23.02,23.0,89.0,7.0,147
fall,2012,8,7,0,2,1,misty,23.02,24.0,83.0,7.0,269
fall,2012,8,8,0,2,1,misty,23.02,25.0,85.0,7.0,693
fall,2012,8,9,0,2,1,misty,24.9,28.0,79.0,11.0,395
fall,2012,8,10,0,2,1,clear,26.78,29.0,62.0,17.0,204
fall,2012,8,11,0,2,1,clear,28.66,32.0,55.0,17.0,218
fall,2012,8,12,0,2,1,clear,29.6,33.0,49.0,19.0,297
fall,2012,8,13,0,2,1,clear,30.54,33.0,43.0,20.0,288
fall,2012,8,14,0,2,1,clear,31.48,33.0,38.0,22.0,251
fall,2012,8,15,0,2,1,clear,30.54,32.0,34.0,20.0,317
fall,2012,8,16,0,2,1,clear,30.54,31.0,33.0,22.0,480
fall,2012,8,17,0,2,1,clear,29.6,30.0,35.0,26.0,864
fall,2012,8,18,0,2,1,clear,28.66,30.0,40.0,17.0,818
fall,2012,8,19,0,2,1,clear,26.78,28.0,45.0,11.0,597
fall,2012,8,20,0,2,1,clear,25.84,28.0,48.0,7.0,435
fall,2012,8,21,0,2,1,clear,25.84,28.0,48.0,6.0,314
fall,2012,8,22,0,2,1,clear,24.9,27.0,54.0,0.0,216
fall,2012,8,23,0,2,1,clear,23.96,26.0,57.0,0.0,109
fall,2012,8,0,0,3,1,clear,23.02,25.0,69.0,0.0,47
fall,2012,8,1,0,3,1,clear,22.08,24.0,69.0,9.0,14
fall,2012,8,2,0,3,1,clear,21.14,23.0,73.0,9.0,6
fall,2012,8,3,0,3,1,clear,21.14,23.0,73.0,7.0,9
fall,2012,8,4,0,3,1,clear,20.2,23.0,73.0,15.0,10
fall,2012,8,5,0,3,1,clear,20.2,23.0,73.0,13.0,40
fall,2012,8,6,0,3,1,clear,20.2,23.0,73.0,13.0,181
fall,2012,8,7,0,3,1,clear,22.08,24.0,65.0,6.0,554
fall,2012,8,8,0,3,1,clear,23.02,25.0,61.0,11.0,808
fall,2012,8,9,0,3,1,clear,24.9,27.0,51.0,13.0,348
fall,2012,8,10,0,3,1,clear,25.84,28.0,48.0,11.0,178
fall,2012,8,11,0,3,1,clear,25.84,27.0,45.0,0.0,253
fall,2012,8,12,0,3,1,clear,27.72,29.0,40.0,0.0,360
fall,2012,8,13,0,3,1,clear,26.78,28.0,42.0,0.0,300
fall,2012,8,14,0,3,1,clear,27.72,29.0,40.0,6.0,301
fall,2012,8,15,0,3,1,clear,27.72,29.0,40.0,13.0,338
fall,2012,8,16,0,3,1,clear,27.72,28.0,37.0,9.0,493
fall,2012,8,17,0,3,1,clear,28.66,29.0,35.0,15.0,870
fall,2012,8,18,0,3,1,clear,26.78,28.0,42.0,11.0,812
fall,2012,8,19,0,3,1,clear,24.9,27.0,54.0,13.0,643
fall,2012,8,20,0,3,1,clear,23.96,26.0,57.0,0.0,427
fall,2012,8,21,0,3,1,clear,23.02,25.0,54.0,7.0,313
fall,2012,8,22,0,3,1,clear,23.02,25.0,54.0,0.0,235
fall,2012,8,23,0,3,1,clear,23.02,25.0,57.0,0.0,157
fall,2012,8,0,0,4,1,clear,22.08,24.0,69.0,0.0,65
fall,2012,8,1,0,4,1,clear,22.08,24.0,65.0,0.0,23
fall,2012,8,2,0,4,1,clear,21.14,23.0,73.0,0.0,17
fall,2012,8,3,0,4,1,clear,21.14,23.0,73.0,0.0,5
fall,2012,8,4,0,4,1,clear,21.14,23.0,73.0,0.0,8
fall,2012,8,5,0,4,1,clear,21.14,23.0,73.0,0.0,35
fall,2012,8,6,0,4,1,clear,20.2,21.0,83.0,11.0,163
fall,2012,8,7,0,4,1,clear,22.08,24.0,73.0,0.0,532
fall,2012,8,8,0,4,1,clear,23.02,25.0,65.0,0.0,754
fall,2012,8,9,0,4,1,clear,24.9,27.0,58.0,0.0,396
fall,2012,8,10,0,4,1,clear,25.84,28.0,54.0,0.0,234
fall,2012,8,11,0,4,1,clear,27.72,29.0,40.0,6.0,276
fall,2012,8,12,0,4,1,clear,27.72,29.0,45.0,9.0,294
fall,2012,8,13,0,4,1,clear,27.72,29.0,48.0,7.0,290
fall,2012,8,14,0,4,1,clear,27.72,29.0,48.0,9.0,273
fall,2012,8,15,0,4,1,clear,29.6,32.0,46.0,11.0,338
fall,2012,8,16,0,4,1,clear,29.6,32.0,43.0,11.0,482
fall,2012,8,17,0,4,1,clear,30.54,32.0,34.0,15.0,844
fall,2012,8,18,0,4,1,clear,29.6,31.0,38.0,9.0,853
fall,2012,8,19,0,4,1,clear,27.72,29.0,48.0,9.0,610
fall,2012,8,20,0,4,1,clear,26.78,29.0,58.0,11.0,471
fall,2012,8,21,0,4,1,clear,25.84,29.0,66.0,9.0,307
fall,2012,8,22,0,4,1,clear,24.9,27.0,70.0,0.0,291
fall,2012,8,23,0,4,1,clear,24.9,28.0,74.0,7.0,152
fall,2012,8,0,0,5,1,clear,23.96,26.0,83.0,11.0,82
fall,2012,8,1,0,5,1,clear,23.96,26.0,83.0,11.0,32
fall,2012,8,2,0,5,1,clear,23.02,23.0,89.0,9.0,20
fall,2012,8,3,0,5,1,clear,23.02,23.0,89.0,7.0,5
fall,2012,8,4,0,5,1,clear,22.08,22.0,89.0,9.0,7
fall,2012,8,5,0,5,1,clear,22.08,22.0,89.0,11.0,29
fall,2012,8,6,0,5,1,misty,22.08,22.0,89.0,11.0,108
fall,2012,8,7,0,5,1,misty,22.08,22.0,89.0,6.0,421
fall,2012,8,8,0,5,1,misty,24.9,28.0,74.0,0.0,690
fall,2012,8,9,0,5,1,clear,26.78,30.0,70.0,0.0,398
fall,2012,8,10,0,5,1,clear,27.72,31.0,62.0,6.0,256
fall,2012,8,11,0,5,1,clear,32.42,33.0,28.0,20.0,309
fall,2012,8,12,0,5,1,clear,32.42,33.0,26.0,17.0,410
fall,2012,8,13,0,5,1,clear,33.36,34.0,27.0,22.0,368
fall,2012,8,14,0,5,1,clear,34.3,35.0,25.0,15.0,436
fall,2012,8,15,0,5,1,clear,34.3,36.0,27.0,20.0,526
fall,2012,8,16,0,5,1,clear,34.3,36.0,27.0,17.0,528
fall,2012,8,17,0,5,1,clear,33.36,35.0,32.0,11.0,617
fall,2012,8,18,0,5,1,clear,32.42,34.0,36.0,17.0,546
fall,2012,8,19,0,5,1,clear,29.6,33.0,49.0,9.0,452
fall,2012,8,20,0,5,1,clear,29.6,33.0,49.0,9.0,356
fall,2012,8,21,0,5,1,clear,27.72,31.0,58.0,13.0,303
fall,2012,8,22,0,5,1,clear,27.72,31.0,58.0,13.0,277
fall,2012,8,23,0,5,1,clear,26.78,29.0,62.0,7.0,174
fall,2012,9,0,0,6,0,clear,26.78,29.0,62.0,7.0,168
fall,2012,9,1,0,6,0,clear,25.84,30.0,74.0,9.0,79
fall,2012,9,2,0,6,0,clear,24.9,27.0,70.0,11.0,69
fall,2012,9,3,0,6,0,clear,24.9,27.0,70.0,7.0,35
fall,2012,9,4,0,6,0,clear,24.9,27.0,70.0,0.0,12
fall,2012,9,5,0,6,0,clear,23.96,26.0,79.0,0.0,22
fall,2012,9,6,0,6,0,clear,23.96,26.0,79.0,0.0,36
fall,2012,9,7,0,6,0,misty,26.78,29.0,58.0,9.0,66
fall,2012,9,8,0,6,0,misty,27.72,31.0,58.0,17.0,162
fall,2012,9,9,0,6,0,misty,27.72,31.0,58.0,13.0,237
fall,2012,9,10,0,6,0,misty,28.66,32.0,55.0,13.0,417
fall,2012,9,11,0,6,0,misty,29.6,34.0,55.0,15.0,492
fall,2012,9,12,0,6,0,misty,29.6,34.0,55.0,11.0,471
fall,2012,9,13,0,6,0,misty,30.54,35.0,52.0,6.0,504
fall,2012,9,14,0,6,0,misty,32.42,36.0,44.0,11.0,514
fall,2012,9,15,0,6,0,misty,32.42,36.0,44.0,19.0,563
fall,2012,9,16,0,6,0,misty,31.48,36.0,49.0,11.0,462
fall,2012,9,17,0,6,0,misty,30.54,35.0,52.0,0.0,463
fall,2012,9,18,0,6,0,misty,30.54,35.0,52.0,0.0,442
fall,2012,9,19,0,6,0,rain,28.66,33.0,62.0,0.0,392
fall,2012,9,20,0,6,0,rain,27.72,32.0,67.0,17.0,207
fall,2012,9,21,0,6,0,rain,22.08,22.0,89.0,0.0,104
fall,2012,9,22,0,6,0,misty,23.02,23.0,89.0,0.0,78
fall,2012,9,23,0,6,0,clear,23.02,23.0,89.0,6.0,145
fall,2012,9,0,0,0,0,misty,23.02,23.0,89.0,6.0,99
fall,2012,9,1,0,0,0,clear,23.02,23.0,89.0,0.0,73
fall,2012,9,2,0,0,0,clear,23.02,23.0,89.0,0.0,84
fall,2012,9,3,0,0,0,clear,23.02,23.0,89.0,6.0,42
fall,2012,9,4,0,0,0,clear,23.02,23.0,89.0,0.0,22
fall,2012,9,5,0,0,0,clear,23.02,23.0,89.0,0.0,12
fall,2012,9,6,0,0,0,misty,23.02,23.0,89.0,0.0,15
fall,2012,9,7,0,0,0,clear,23.02,23.0,94.0,6.0,42
fall,2012,9,8,0,0,0,clear,23.96,26.0,89.0,6.0,129
fall,2012,9,9,0,0,0,misty,24.9,28.0,84.0,0.0,232
fall,2012,9,10,0,0,0,misty,25.84,30.0,79.0,0.0,388
fall,2012,9,11,0,0,0,misty,26.78,30.0,70.0,0.0,489
fall,2012,9,12,0,0,0,rain,26.78,30.0,70.0,0.0,545
fall,2012,9,13,0,0,0,rain,25.84,30.0,74.0,6.0,493
fall,2012,9,14,0,0,0,rain,25.84,30.0,79.0,6.0,457
fall,2012,9,15,0,0,0,rain,26.78,31.0,74.0,9.0,355
fall,2012,9,16,0,0,0,clear,26.78,30.0,70.0,0.0,474
fall,2012,9,17,0,0,0,clear,27.72,32.0,66.0,6.0,503
fall,2012,9,18,0,0,0,clear,26.78,31.0,74.0,0.0,500
fall,2012,9,19,0,0,0,misty,24.9,28.0,84.0,15.0,292
fall,2012,9,20,0,0,0,misty,24.9,28.0,84.0,11.0,104
fall,2012,9,21,0,0,0,clear,24.9,27.0,70.0,11.0,171
fall,2012,9,22,0,0,0,rain,23.96,26.0,83.0,9.0,166
fall,2012,9,23,0,0,0,rain,23.02,23.0,89.0,6.0,123
fall,2012,9,0,1,1,0,misty,23.02,23.0,94.0,0.0,104
fall,2012,9,1,1,1,0,misty,23.96,26.0,89.0,11.0,55
fall,2012,9,2,1,1,0,clear,23.02,23.0,89.0,7.0,40
fall,2012,9,3,1,1,0,clear,23.02,23.0,89.0,9.0,28
fall,2012,9,4,1,1,0,clear,23.02,23.0,89.0,6.0,11
fall,2012,9,5,1,1,0,clear,23.02,23.0,89.0,0.0,4
fall,2012,9,6,1,1,0,clear,23.02,23.0,94.0,0.0,15
fall,2012,9,7,1,1,0,clear,23.96,26.0,85.0,0.0,43
fall,2012,9,8,1,1,0,misty,24.9,28.0,84.0,7.0,127
fall,2012,9,9,1,1,0,misty,24.9,28.0,84.0,9.0,229
fall,2012,9,10,1,1,0,misty,26.78,31.0,74.0,15.0,359
fall,2012,9,11,1,1,0,misty,26.78,30.0,70.0,19.0,459
fall,2012,9,12,1,1,0,misty,27.72,31.0,62.0,20.0,543
fall,2012,9,13,1,1,0,misty,27.72,32.0,66.0,17.0,566
fall,2012,9,14,1,1,0,clear,26.78,30.0,70.0,20.0,512
fall,2012,9,15,1,1,0,clear,26.78,30.0,70.0,15.0,449
fall,2012,9,16,1,1,0,clear,26.78,30.0,70.0,15.0,500
fall,2012,9,17,1,1,0,clear,26.78,30.0,70.0,9.0,498
fall,2012,9,18,1,1,0,clear,26.78,30.0,66.0,11.0,482
fall,2012,9,19,1,1,0,clear,25.84,30.0,74.0,13.0,374
fall,2012,9,20,1,1,0,clear,25.84,29.0,76.0,7.0,261
fall,2012,9,21,1,1,0,clear,25.84,29.0,76.0,7.0,184
fall,2012,9,22,1,1,0,misty,24.9,28.0,84.0,9.0,121
fall,2012,9,23,1,1,0,misty,24.9,28.0,84.0,17.0,70
fall,2012,9,0,0,2,1,misty,24.9,28.0,84.0,17.0,29
fall,2012,9,1,0,2,1,clear,23.96,26.0,82.0,9.0,24
fall,2012,9,2,0,2,1,clear,23.96,26.0,82.0,9.0,5
fall,2012,9,3,0,2,1,misty,23.02,23.0,89.0,6.0,10
fall,2012,9,4,0,2,1,misty,23.02,23.0,89.0,0.0,8
fall,2012,9,5,0,2,1,misty,23.02,23.0,89.0,0.0,38
fall,2012,9,6,0,2,1,misty,23.96,26.0,89.0,7.0,172
fall,2012,9,7,0,2,1,misty,23.96,26.0,89.0,7.0,493
fall,2012,9,8,0,2,1,clear,24.9,28.0,84.0,11.0,632
fall,2012,9,9,0,2,1,misty,25.84,30.0,79.0,15.0,323
fall,2012,9,10,0,2,1,misty,25.84,30.0,74.0,17.0,172
fall,2012,9,11,0,2,1,misty,26.78,30.0,70.0,19.0,198
fall,2012,9,12,0,2,1,clear,27.72,32.0,70.0,19.0,287
fall,2012,9,13,0,2,1,clear,29.6,34.0,55.0,30.0,275
fall,2012,9,14,0,2,1,clear,29.6,34.0,55.0,28.0,274
fall,2012,9,15,0,2,1,clear,29.6,35.0,59.0,31.0,292
fall,2012,9,16,0,2,1,clear,27.72,32.0,70.0,28.0,458
fall,2012,9,17,0,2,1,clear,27.72,32.0,70.0,24.0,856
fall,2012,9,18,0,2,1,clear,27.72,33.0,75.0,15.0,839
fall,2012,9,19,0,2,1,clear,27.72,32.0,70.0,15.0,552
fall,2012,9,20,0,2,1,clear,26.78,30.0,70.0,17.0,385
fall,2012,9,21,0,2,1,clear,26.78,31.0,74.0,17.0,268
fall,2012,9,22,0,2,1,clear,26.78,30.0,70.0,19.0,179
fall,2012,9,23,0,2,1,clear,25.84,30.0,74.0,20.0,95
fall,2012,9,0,0,3,1,clear,25.84,30.0,74.0,17.0,37
fall,2012,9,1,0,3,1,clear,24.9,28.0,84.0,13.0,13
fall,2012,9,2,0,3,1,clear,24.9,28.0,84.0,13.0,9
fall,2012,9,3,0,3,1,clear,24.9,28.0,79.0,19.0,4
fall,2012,9,4,0,3,1,clear,24.9,28.0,79.0,19.0,5
fall,2012,9,5,0,3,1,misty,24.9,28.0,79.0,20.0,40
fall,2012,9,6,0,3,1,clear,24.9,28.0,79.0,19.0,210
fall,2012,9,7,0,3,1,misty,24.9,28.0,79.0,17.0,500
fall,2012,9,8,0,3,1,clear,25.84,30.0,74.0,13.0,725
fall,2012,9,9,0,3,1,clear,26.78,30.0,70.0,17.0,290
fall,2012,9,10,0,3,1,misty,27.72,32.0,70.0,11.0,235
fall,2012,9,11,0,3,1,misty,28.66,33.0,62.0,11.0,217
fall,2012,9,12,0,3,1,clear,28.66,35.0,70.0,7.0,266
fall,2012,9,13,0,3,1,clear,29.6,36.0,63.0,11.0,234
fall,2012,9,14,0,3,1,clear,30.54,36.0,56.0,7.0,211
fall,2012,9,15,0,3,1,clear,28.66,35.0,70.0,13.0,245
fall,2012,9,16,0,3,1,clear,27.72,32.0,70.0,17.0,430
fall,2012,9,17,0,3,1,clear,27.72,32.0,66.0,17.0,863
fall,2012,9,18,0,3,1,clear,27.72,33.0,75.0,13.0,839
fall,2012,9,19,0,3,1,clear,26.78,30.0,70.0,11.0,662
fall,2012,9,20,0,3,1,clear,25.84,31.0,84.0,11.0,412
fall,2012,9,21,0,3,1,clear,25.84,30.0,79.0,0.0,296
fall,2012,9,22,0,3,1,clear,25.84,30.0,79.0,0.0,219
fall,2012,9,23,0,3,1,clear,24.9,28.0,84.0,6.0,150
fall,2012,9,0,0,4,1,misty,24.9,28.0,84.0,6.0,65
fall,2012,9,1,0,4,1,misty,24.9,28.0,84.0,0.0,18
fall,2012,9,2,0,4,1,clear,25.84,30.0,79.0,0.0,8
fall,2012,9,3,0,4,1,clear,24.9,28.0,84.0,7.0,9
fall,2012,9,4,0,4,1,misty,24.9,28.0,84.0,6.0,8
fall,2012,9,5,0,4,1,misty,24.9,28.0,84.0,13.0,38
fall,2012,9,6,0,4,1,misty,24.9,28.0,84.0,6.0,200
fall,2012,9,7,0,4,1,misty,24.9,28.0,84.0,7.0,482
fall,2012,9,8,0,4,1,rain,24.9,28.0,79.0,0.0,646
fall,2012,9,9,0,4,1,rain,23.02,23.0,94.0,9.0,123
fall,2012,9,10,0,4,1,rain,23.02,23.0,94.0,9.0,49
fall,2012,9,11,0,4,1,rain,24.9,28.0,84.0,11.0,62
fall,2012,9,12,0,4,1,misty,25.84,30.0,79.0,15.0,137
fall,2012,9,13,0,4,1,misty,25.84,30.0,79.0,7.0,191
fall,2012,9,14,0,4,1,clear,26.78,31.0,74.0,6.0,216
fall,2012,9,15,0,4,1,clear,26.78,30.0,66.0,13.0,270
fall,2012,9,16,0,4,1,clear,26.78,30.0,70.0,15.0,416
fall,2012,9,17,0,4,1,clear,26.78,30.0,70.0,17.0,808
fall,2012,9,18,0,4,1,clear,25.84,29.0,70.0,17.0,835
fall,2012,9,19,0,4,1,clear,23.96,26.0,74.0,17.0,558
fall,2012,9,20,0,4,1,clear,23.02,24.0,78.0,15.0,406
fall,2012,9,21,0,4,1,clear,22.08,22.0,89.0,11.0,272
fall,2012,9,22,0,4,1,clear,22.08,22.0,89.0,11.0,217
fall,2012,9,23,0,4,1,clear,22.08,22.0,89.0,11.0,169
fall,2012,9,0,0,5,1,clear,22.08,22.0,89.0,9.0,96
fall,2012,9,1,0,5,1,clear,21.14,21.0,88.0,7.0,29
fall,2012,9,2,0,5,1,clear,21.14,22.0,83.0,6.0,11
fall,2012,9,3,0,5,1,clear,21.14,22.0,83.0,6.0,9
fall,2012,9,4,0,5,1,clear,21.14,21.0,88.0,0.0,8
fall,2012,9,5,0,5,1,clear,21.14,21.0,88.0,0.0,40
fall,2012,9,6,0,5,1,clear,21.14,21.0,88.0,7.0,140
fall,2012,9,7,0,5,1,clear,22.08,22.0,89.0,7.0,486
fall,2012,9,8,0,5,1,clear,23.02,24.0,83.0,7.0,719
fall,2012,9,9,0,5,1,clear,24.9,28.0,79.0,9.0,344
fall,2012,9,10,0,5,1,clear,25.84,30.0,74.0,9.0,224
fall,2012,9,11,0,5,1,clear,27.72,31.0,62.0,9.0,296
fall,2012,9,12,0,5,1,clear,28.66,33.0,59.0,11.0,323
fall,2012,9,13,0,5,1,clear,29.6,35.0,59.0,17.0,354
fall,2012,9,14,0,5,1,clear,29.6,35.0,59.0,17.0,253
fall,2012,9,15,0,5,1,clear,29.6,34.0,55.0,17.0,331
fall,2012,9,16,0,5,1,clear,29.6,34.0,55.0,19.0,470
fall,2012,9,17,0,5,1,clear,28.66,33.0,59.0,22.0,772
fall,2012,9,18,0,5,1,clear,27.72,31.0,62.0,20.0,792
fall,2012,9,19,0,5,1,clear,26.78,29.0,62.0,19.0,568
fall,2012,9,20,0,5,1,clear,25.84,29.0,66.0,15.0,391
fall,2012,9,21,0,5,1,clear,24.9,28.0,74.0,11.0,301
fall,2012,9,22,0,5,1,clear,24.9,28.0,74.0,15.0,299
fall,2012,9,23,0,5,1,clear,23.02,23.0,89.0,17.0,248
fall,2012,9,0,0,6,0,clear,23.02,23.0,89.0,17.0,150
fall,2012,9,1,0,6,0,misty,23.02,23.0,89.0,19.0,117
fall,2012,9,2,0,6,0,clear,23.02,23.0,89.0,22.0,77
fall,2012,9,3,0,6,0,misty,23.02,23.0,89.0,15.0,43
fall,2012,9,4,0,6,0,misty,23.02,23.0,94.0,15.0,11
fall,2012,9,5,0,6,0,misty,23.02,23.0,94.0,17.0,15
fall,2012,9,6,0,6,0,misty,23.02,23.0,89.0,19.0,34
fall,2012,9,7,0,6,0,clear,23.02,23.0,89.0,19.0,82
fall,2012,9,8,0,6,0,clear,24.9,28.0,79.0,22.0,230
fall,2012,9,9,0,6,0,clear,24.9,28.0,74.0,26.0,348
fall,2012,9,10,0,6,0,clear,26.78,30.0,70.0,26.0,422
fall,2012,9,11,0,6,0,clear,27.72,31.0,62.0,30.0,578
fall,2012,9,12,0,6,0,clear,29.6,34.0,55.0,33.0,694
fall,2012,9,13,0,6,0,clear,30.54,35.0,52.0,35.0,668
fall,2012,9,14,0,6,0,clear,30.54,35.0,52.0,30.0,626
fall,2012,9,15,0,6,0,rain,18.32,19.0,88.0,17.0,512
fall,2012,9,16,0,6,0,rain,18.32,19.0,88.0,13.0,114
fall,2012,9,17,0,6,0,rain,19.26,20.0,83.0,13.0,171
fall,2012,9,18,0,6,0,rain,19.26,20.0,83.0,9.0,167
fall,2012,9,19,0,6,0,rain,19.26,20.0,88.0,7.0,215
fall,2012,9,20,0,6,0,misty,19.26,20.0,88.0,6.0,194
fall,2012,9,21,0,6,0,misty,20.2,21.0,83.0,11.0,181
fall,2012,9,22,0,6,0,misty,19.26,20.0,78.0,20.0,194
fall,2012,9,23,0,6,0,misty,19.26,20.0,73.0,11.0,133
fall,2012,9,0,0,0,0,misty,18.32,19.0,73.0,13.0,124
fall,2012,9,1,0,0,0,clear,18.32,19.0,73.0,15.0,124
fall,2012,9,2,0,0,0,clear,17.38,18.0,77.0,19.0,96
fall,2012,9,3,0,0,0,clear,17.38,18.0,73.0,15.0,46
fall,2012,9,4,0,0,0,clear,16.44,17.0,77.0,17.0,28
fall,2012,9,5,0,0,0,clear,16.44,17.0,77.0,13.0,55
fall,2012,9,6,0,0,0,clear,16.44,17.0,77.0,13.0,35
fall,2012,9,7,0,0,0,clear,17.38,18.0,73.0,11.0,70
fall,2012,9,8,0,0,0,clear,19.26,20.0,68.0,15.0,170
fall,2012,9,9,0,0,0,clear,21.14,24.0,61.0,17.0,299
fall,2012,9,10,0,0,0,clear,22.08,25.0,57.0,20.0,495
fall,2012,9,11,0,0,0,clear,23.02,25.0,47.0,17.0,585
fall,2012,9,12,0,0,0,clear,23.02,25.0,47.0,0.0,757
fall,2012,9,13,0,0,0,clear,23.96,26.0,39.0,0.0,729
fall,2012,9,14,0,0,0,clear,25.84,27.0,30.0,19.0,647
fall,2012,9,15,0,0,0,clear,25.84,27.0,32.0,17.0,696
fall,2012,9,16,0,0,0,clear,23.96,26.0,36.0,19.0,701
fall,2012,9,17,0,0,0,clear,24.9,26.0,37.0,17.0,671
fall,2012,9,18,0,0,0,clear,23.02,25.0,36.0,17.0,560
fall,2012,9,19,0,0,0,clear,23.02,25.0,36.0,17.0,496
fall,2012,9,20,0,0,0,clear,21.14,25.0,41.0,19.0,356
fall,2012,9,21,0,0,0,clear,20.2,25.0,46.0,15.0,206
fall,2012,9,22,0,0,0,clear,19.26,20.0,49.0,17.0,189
fall,2012,9,23,0,0,0,clear,18.32,19.0,52.0,19.0,92
fall,2012,9,0,0,1,1,clear,18.32,19.0,52.0,19.0,41
fall,2012,9,1,0,1,1,clear,17.38,18.0,60.0,13.0,18
fall,2012,9,2,0,1,1,clear,17.38,18.0,60.0,24.0,17
fall,2012,9,3,0,1,1,clear,16.44,17.0,68.0,19.0,12
fall,2012,9,4,0,1,1,clear,16.44,17.0,68.0,19.0,5
fall,2012,9,5,0,1,1,clear,15.5,16.0,72.0,17.0,40
fall,2012,9,6,0,1,1,clear,15.5,16.0,72.0,9.0,180
fall,2012,9,7,0,1,1,clear,16.44,17.0,68.0,15.0,447
fall,2012,9,8,0,1,1,clear,18.32,19.0,60.0,19.0,730
fall,2012,9,9,0,1,1,clear,20.2,25.0,53.0,20.0,361
fall,2012,9,10,0,1,1,clear,21.14,25.0,50.0,19.0,210
fall,2012,9,11,0,1,1,clear,21.14,25.0,43.0,20.0,236
fall,2012,9,12,0,1,1,clear,22.08,25.0,44.0,26.0,332
fall,2012,9,13,0,1,1,clear,22.08,25.0,38.0,15.0,323
fall,2012,9,14,0,1,1,clear,23.02,25.0,36.0,19.0,340
fall,2012,9,15,0,1,1,clear,23.02,25.0,31.0,26.0,346
fall,2012,9,16,0,1,1,clear,23.02,25.0,34.0,22.0,488
fall,2012,9,17,0,1,1,clear,23.02,25.0,34.0,22.0,871
fall,2012,9,18,0,1,1,clear,21.14,25.0,35.0,20.0,968
fall,2012,9,19,0,1,1,clear,21.14,25.0,38.0,20.0,633
fall,2012,9,20,0,1,1,clear,20.2,25.0,40.0,13.0,390
fall,2012,9,21,0,1,1,clear,18.32,19.0,49.0,11.0,285
fall,2012,9,22,0,1,1,clear,17.38,18.0,52.0,9.0,159
fall,2012,9,23,0,1,1,clear,17.38,18.0,52.0,0.0,93
fall,2012,9,0,0,2,1,clear,16.44,17.0,59.0,7.0,32
fall,2012,9,1,0,2,1,clear,15.5,16.0,63.0,0.0,10
fall,2012,9,2,0,2,1,clear,14.56,15.0,77.0,11.0,6
fall,2012,9,3,0,2,1,clear,14.56,15.0,67.0,9.0,8
fall,2012,9,4,0,2,1,clear,14.56,15.0,72.0,7.0,9
fall,2012,9,5,0,2,1,clear,13.62,14.0,72.0,6.0,44
fall,2012,9,6,0,2,1,clear,13.62,14.0,77.0,7.0,211
fall,2012,9,7,0,2,1,clear,15.5,16.0,72.0,7.0,596
fall,2012,9,8,0,2,1,clear,17.38,18.0,68.0,6.0,750
fall,2012,9,9,0,2,1,clear,20.2,25.0,49.0,0.0,358
fall,2012,9,10,0,2,1,clear,21.14,25.0,38.0,0.0,196
fall,2012,9,11,0,2,1,clear,22.08,25.0,33.0,6.0,247
fall,2012,9,12,0,2,1,clear,22.08,25.0,33.0,0.0,316
fall,2012,9,13,0,2,1,clear,23.02,25.0,29.0,6.0,328
fall,2012,9,14,0,2,1,clear,23.96,25.0,30.0,6.0,255
fall,2012,9,15,0,2,1,clear,24.9,26.0,28.0,7.0,326
fall,2012,9,16,0,2,1,clear,24.9,26.0,28.0,9.0,536
fall,2012,9,17,0,2,1,clear,24.9,26.0,28.0,0.0,970
fall,2012,9,18,0,2,1,clear,22.08,25.0,36.0,11.0,877
fall,2012,9,19,0,2,1,clear,21.14,25.0,41.0,13.0,596
fall,2012,9,20,0,2,1,clear,19.26,20.0,56.0,9.0,461
fall,2012,9,21,0,2,1,clear,18.32,19.0,60.0,7.0,310
fall,2012,9,22,0,2,1,clear,18.32,19.0,64.0,7.0,216
fall,2012,9,23,0,2,1,clear,17.38,18.0,68.0,7.0,109
fall,2012,9,0,0,3,1,clear,16.44,17.0,72.0,7.0,49
fall,2012,9,1,0,3,1,clear,16.44,17.0,72.0,7.0,21
fall,2012,9,2,0,3,1,clear,16.44,17.0,72.0,6.0,11
fall,2012,9,3,0,3,1,clear,15.5,16.0,77.0,6.0,7
fall,2012,9,4,0,3,1,clear,15.5,16.0,72.0,6.0,5
fall,2012,9,5,0,3,1,clear,15.5,16.0,72.0,6.0,48
fall,2012,9,6,0,3,1,clear,15.5,16.0,72.0,6.0,205
fall,2012,9,7,0,3,1,clear,16.44,17.0,72.0,0.0,557
fall,2012,9,8,0,3,1,clear,18.32,19.0,64.0,7.0,770
fall,2012,9,9,0,3,1,clear,20.2,24.0,64.0,9.0,328
fall,2012,9,10,0,3,1,clear,21.14,24.0,61.0,9.0,205
fall,2012,9,11,0,3,1,clear,23.02,25.0,50.0,13.0,232
fall,2012,9,12,0,3,1,clear,23.96,26.0,36.0,9.0,352
fall,2012,9,13,0,3,1,clear,24.9,26.0,34.0,9.0,323
fall,2012,9,14,0,3,1,clear,24.9,26.0,37.0,11.0,278
fall,2012,9,15,0,3,1,clear,25.84,27.0,37.0,9.0,318
fall,2012,9,16,0,3,1,clear,25.84,27.0,37.0,11.0,509
fall,2012,9,17,0,3,1,clear,24.9,26.0,41.0,20.0,925
fall,2012,9,18,0,3,1,clear,23.02,25.0,44.0,17.0,977
fall,2012,9,19,0,3,1,clear,22.08,25.0,50.0,13.0,635
fall,2012,9,20,0,3,1,clear,21.14,25.0,57.0,9.0,470
fall,2012,9,21,0,3,1,clear,20.2,24.0,60.0,9.0,306
fall,2012,9,22,0,3,1,clear,18.32,19.0,64.0,6.0,212
fall,2012,9,23,0,3,1,clear,18.32,19.0,68.0,7.0,127
fall,2012,9,0,0,4,1,clear,18.32,19.0,73.0,6.0,57
fall,2012,9,1,0,4,1,clear,17.38,18.0,77.0,6.0,28
fall,2012,9,2,0,4,1,clear,17.38,18.0,77.0,0.0,9
fall,2012,9,3,0,4,1,clear,16.44,17.0,83.0,0.0,11
fall,2012,9,4,0,4,1,clear,16.44,17.0,83.0,0.0,6
fall,2012,9,5,0,4,1,clear,16.44,17.0,83.0,0.0,57
fall,2012,9,6,0,4,1,clear,15.5,16.0,82.0,0.0,195
fall,2012,9,7,0,4,1,clear,17.38,18.0,77.0,0.0,571
fall,2012,9,8,0,4,1,clear,18.32,19.0,73.0,0.0,758
fall,2012,9,9,0,4,1,clear,20.2,24.0,64.0,6.0,338
fall,2012,9,10,0,4,1,clear,22.08,25.0,61.0,6.0,212
fall,2012,9,11,0,4,1,clear,23.02,25.0,50.0,11.0,254
fall,2012,9,12,0,4,1,clear,23.96,26.0,44.0,7.0,297
fall,2012,9,13,0,4,1,clear,24.9,26.0,42.0,0.0,283
fall,2012,9,14,0,4,1,clear,25.84,27.0,39.0,9.0,274
fall,2012,9,15,0,4,1,clear,25.84,27.0,42.0,7.0,352
fall,2012,9,16,0,4,1,clear,25.84,27.0,39.0,6.0,491
fall,2012,9,17,0,4,1,clear,25.84,27.0,42.0,13.0,884
fall,2012,9,18,0,4,1,clear,23.96,26.0,57.0,17.0,852
fall,2012,9,19,0,4,1,clear,22.08,24.0,65.0,9.0,674
fall,2012,9,20,0,4,1,clear,21.14,24.0,69.0,7.0,463
fall,2012,9,21,0,4,1,clear,21.14,24.0,65.0,7.0,317
fall,2012,9,22,0,4,1,clear,20.2,23.0,69.0,9.0,251
fall,2012,9,23,0,4,1,clear,19.26,20.0,73.0,7.0,170
fall,2012,9,0,0,5,1,clear,18.32,19.0,73.0,6.0,87
fall,2012,9,1,0,5,1,clear,18.32,19.0,73.0,6.0,41
fall,2012,9,2,0,5,1,clear,18.32,19.0,73.0,0.0,30
fall,2012,9,3,0,5,1,clear,17.38,18.0,77.0,0.0,14
fall,2012,9,4,0,5,1,clear,17.38,18.0,77.0,0.0,12
fall,2012,9,5,0,5,1,clear,17.38,18.0,83.0,0.0,41
fall,2012,9,6,0,5,1,clear,17.38,18.0,88.0,0.0,152
fall,2012,9,7,0,5,1,misty,18.32,19.0,88.0,0.0,454
fall,2012,9,8,0,5,1,misty,20.2,22.0,78.0,11.0,766
fall,2012,9,9,0,5,1,misty,21.14,23.0,78.0,11.0,347
fall,2012,9,10,0,5,1,misty,23.96,26.0,65.0,0.0,246
fall,2012,9,11,0,5,1,misty,23.96,26.0,61.0,7.0,280
fall,2012,9,12,0,5,1,misty,24.9,27.0,54.0,13.0,409
fall,2012,9,13,0,5,1,misty,24.9,27.0,54.0,13.0,408
fall,2012,9,14,0,5,1,misty,25.84,27.0,45.0,11.0,371
fall,2012,9,15,0,5,1,misty,25.84,28.0,48.0,9.0,367
fall,2012,9,16,0,5,1,misty,25.84,28.0,51.0,0.0,563
fall,2012,9,17,0,5,1,clear,25.84,28.0,51.0,13.0,894
fall,2012,9,18,0,5,1,clear,25.84,27.0,45.0,15.0,808
fall,2012,9,19,0,5,1,clear,23.96,26.0,57.0,11.0,579
fall,2012,9,20,0,5,1,clear,23.02,25.0,61.0,7.0,404
fall,2012,9,21,0,5,1,clear,22.08,24.0,73.0,15.0,312
fall,2012,9,22,0,5,1,clear,21.14,22.0,83.0,13.0,229
fall,2012,9,23,0,5,1,clear,21.14,23.0,78.0,6.0,195
fall,2012,9,0,0,6,0,clear,20.2,21.0,83.0,7.0,207
fall,2012,9,1,0,6,0,clear,20.2,23.0,73.0,0.0,109
fall,2012,9,2,0,6,0,clear,19.26,20.0,78.0,7.0,93
fall,2012,9,3,0,6,0,clear,20.2,23.0,73.0,17.0,37
fall,2012,9,4,0,6,0,misty,20.2,23.0,69.0,24.0,6
fall,2012,9,5,0,6,0,clear,19.26,20.0,60.0,35.0,16
fall,2012,9,6,0,6,0,clear,17.38,18.0,49.0,28.0,33
fall,2012,9,7,0,6,0,clear,17.38,18.0,52.0,19.0,73
fall,2012,9,8,0,6,0,clear,18.32,19.0,49.0,28.0,212
fall,2012,9,9,0,6,0,clear,20.2,25.0,43.0,28.0,342
fall,2012,9,10,0,6,0,clear,21.14,25.0,41.0,26.0,442
fall,2012,9,11,0,6,0,clear,22.08,25.0,38.0,26.0,627
fall,2012,9,12,0,6,0,clear,23.02,25.0,36.0,24.0,706
fall,2012,9,13,0,6,0,clear,23.96,26.0,36.0,13.0,704
fall,2012,9,14,0,6,0,clear,23.96,26.0,34.0,22.0,715
fall,2012,9,15,0,6,0,misty,23.96,26.0,34.0,19.0,654
fall,2012,9,16,0,6,0,misty,23.02,25.0,36.0,15.0,783
fall,2012,9,17,0,6,0,misty,23.02,25.0,36.0,17.0,729
fall,2012,9,18,0,6,0,misty,22.08,25.0,36.0,19.0,614
fall,2012,9,19,0,6,0,clear,21.14,25.0,41.0,11.0,478
fall,2012,9,20,0,6,0,clear,20.2,25.0,43.0,6.0,330
fall,2012,9,21,0,6,0,clear,18.32,19.0,52.0,7.0,296
fall,2012,9,22,0,6,0,clear,18.32,19.0,52.0,0.0,279
fall,2012,9,23,0,6,0,clear,17.38,18.0,60.0,0.0,229
fall,2012,9,0,0,0,0,clear,17.38,18.0,64.0,0.0,151
fall,2012,9,1,0,0,0,clear,17.38,18.0,64.0,0.0,117
fall,2012,9,2,0,0,0,clear,16.44,17.0,63.0,0.0,89
fall,2012,9,3,0,0,0,clear,15.5,16.0,68.0,0.0,48
fall,2012,9,4,0,0,0,clear,15.5,16.0,72.0,0.0,8
fall,2012,9,5,0,0,0,clear,15.5,16.0,72.0,0.0,13
fall,2012,9,6,0,0,0,clear,15.5,16.0,72.0,0.0,35
fall,2012,9,7,0,0,0,clear,15.5,16.0,77.0,7.0,71
fall,2012,9,8,0,0,0,clear,17.38,18.0,64.0,11.0,128
fall,2012,9,9,0,0,0,clear,19.26,20.0,60.0,9.0,296
fall,2012,9,10,0,0,0,clear,21.14,25.0,50.0,7.0,490
fall,2012,9,11,0,0,0,clear,22.08,25.0,47.0,11.0,559
fall,2012,9,12,0,0,0,clear,23.02,25.0,44.0,11.0,656
fall,2012,9,13,0,0,0,clear,22.08,25.0,41.0,11.0,694
fall,2012,9,14,0,0,0,clear,23.02,25.0,39.0,9.0,635
fall,2012,9,15,0,0,0,clear,22.08,25.0,41.0,11.0,557
fall,2012,9,16,0,0,0,clear,22.08,25.0,44.0,11.0,596
fall,2012,9,17,0,0,0,clear,23.02,25.0,41.0,0.0,570
fall,2012,9,18,0,0,0,clear,21.14,25.0,50.0,11.0,481
fall,2012,9,19,0,0,0,clear,21.14,25.0,50.0,9.0,403
fall,2012,9,20,0,0,0,clear,20.2,25.0,53.0,7.0,324
fall,2012,9,21,0,0,0,clear,20.2,25.0,56.0,7.0,191
fall,2012,9,22,0,0,0,clear,18.32,19.0,68.0,6.0,127
fall,2012,9,23,0,0,0,clear,17.38,18.0,68.0,7.0,94
fall,2012,9,0,0,1,1,clear,17.38,18.0,68.0,11.0,45
fall,2012,9,1,0,1,1,clear,16.44,17.0,72.0,6.0,21
fall,2012,9,2,0,1,1,clear,16.44,17.0,72.0,0.0,13
fall,2012,9,3,0,1,1,clear,15.5,16.0,77.0,6.0,7
fall,2012,9,4,0,1,1,clear,15.5,16.0,77.0,0.0,11
fall,2012,9,5,0,1,1,clear,14.56,15.0,82.0,6.0,45
fall,2012,9,6,0,1,1,clear,14.56,15.0,82.0,0.0,164
fall,2012,9,7,0,1,1,clear,16.44,17.0,77.0,0.0,492
fall,2012,9,8,0,1,1,clear,17.38,18.0,77.0,6.0,683
fall,2012,9,9,0,1,1,clear,19.26,20.0,68.0,9.0,299
fall,2012,9,10,0,1,1,misty,21.14,24.0,65.0,13.0,202
fall,2012,9,11,0,1,1,misty,21.14,24.0,69.0,15.0,252
fall,2012,9,12,0,1,1,misty,21.14,24.0,69.0,13.0,295
fall,2012,9,13,0,1,1,clear,22.08,24.0,65.0,17.0,343
fall,2012,9,14,0,1,1,misty,22.08,24.0,65.0,17.0,332
fall,2012,9,15,0,1,1,misty,22.08,24.0,65.0,17.0,338
fall,2012,9,16,0,1,1,misty,22.08,24.0,69.0,17.0,453
fall,2012,9,17,0,1,1,misty,22.08,24.0,65.0,15.0,842
fall,2012,9,18,0,1,1,misty,21.14,23.0,73.0,11.0,774
fall,2012,9,19,0,1,1,misty,21.14,23.0,73.0,7.0,486
fall,2012,9,20,0,1,1,misty,21.14,23.0,73.0,9.0,340
fall,2012,9,21,0,1,1,rain,21.14,22.0,83.0,15.0,233
fall,2012,9,22,0,1,1,rain,21.14,22.0,83.0,17.0,129
fall,2012,9,23,0,1,1,rain,20.2,18.0,94.0,17.0,70
fall,2012,9,0,0,2,1,rain,20.2,18.0,94.0,17.0,13
fall,2012,9,1,0,2,1,rain,20.2,18.0,94.0,13.0,5
fall,2012,9,2,0,2,1,rain,20.2,18.0,94.0,13.0,4
fall,2012,9,3,0,2,1,misty,21.14,20.0,94.0,19.0,6
fall,2012,9,4,0,2,1,misty,21.14,20.0,94.0,24.0,7
fall,2012,9,5,0,2,1,misty,22.08,22.0,89.0,22.0,48
fall,2012,9,6,0,2,1,misty,22.08,22.0,89.0,22.0,167
fall,2012,9,7,0,2,1,misty,22.08,22.0,89.0,30.0,356
fall,2012,9,8,0,2,1,misty,23.02,24.0,83.0,37.0,672
fall,2012,9,9,0,2,1,misty,23.02,24.0,83.0,39.0,293
fall,2012,9,10,0,2,1,rain,23.96,26.0,79.0,43.0,160
fall,2012,9,11,0,2,1,misty,23.96,26.0,79.0,43.0,151
fall,2012,9,12,0,2,1,rain,23.96,26.0,83.0,30.0,88
fall,2012,9,13,0,2,1,misty,24.9,28.0,74.0,39.0,114
fall,2012,9,14,0,2,1,rain,20.2,18.0,94.0,31.0,143
fall,2012,9,15,0,2,1,rain,20.2,20.0,88.0,17.0,36
fall,2012,9,16,0,2,1,rain,20.2,20.0,88.0,20.0,141
fall,2012,9,17,0,2,1,rain,20.2,20.0,88.0,13.0,338
fall,2012,9,18,0,2,1,misty,20.2,20.0,88.0,11.0,281
fall,2012,9,19,0,2,1,misty,20.2,20.0,88.0,20.0,324
fall,2012,9,20,0,2,1,misty,20.2,20.0,88.0,13.0,290
fall,2012,9,21,0,2,1,misty,20.2,20.0,88.0,13.0,207
fall,2012,9,22,0,2,1,rain,19.26,20.0,83.0,31.0,151
fall,2012,9,23,0,2,1,misty,18.32,19.0,83.0,15.0,78
fall,2012,9,0,0,3,1,misty,18.32,19.0,68.0,19.0,26
fall,2012,9,1,0,3,1,misty,17.38,18.0,68.0,17.0,12
fall,2012,9,2,0,3,1,misty,17.38,18.0,64.0,22.0,3
fall,2012,9,3,0,3,1,misty,16.44,17.0,63.0,17.0,5
fall,2012,9,4,0,3,1,misty,16.44,17.0,68.0,24.0,10
fall,2012,9,5,0,3,1,misty,16.44,17.0,68.0,19.0,56
fall,2012,9,6,0,3,1,clear,16.44,17.0,63.0,17.0,172
fall,2012,9,7,0,3,1,clear,16.44,17.0,63.0,15.0,545
fall,2012,9,8,0,3,1,clear,16.44,17.0,59.0,15.0,797
fall,2012,9,9,0,3,1,clear,17.38,18.0,60.0,17.0,362
fall,2012,9,10,0,3,1,clear,18.32,19.0,52.0,13.0,192
fall,2012,9,11,0,3,1,clear,20.2,25.0,43.0,17.0,247
fall,2012,9,12,0,3,1,clear,20.2,25.0,43.0,17.0,313
fall,2012,9,13,0,3,1,clear,20.2,25.0,40.0,17.0,289
fall,2012,9,14,0,3,1,clear,21.14,25.0,38.0,17.0,286
fall,2012,9,15,0,3,1,clear,21.14,25.0,35.0,0.0,311
fall,2012,9,16,0,3,1,clear,21.14,25.0,35.0,0.0,466
fall,2012,9,17,0,3,1,clear,20.2,25.0,38.0,15.0,886
fall,2012,9,18,0,3,1,clear,19.26,20.0,40.0,19.0,892
fall,2012,9,19,0,3,1,clear,18.32,19.0,43.0,15.0,611
fall,2012,9,20,0,3,1,clear,16.44,17.0,48.0,11.0,409
fall,2012,9,21,0,3,1,clear,15.5,16.0,59.0,11.0,349
fall,2012,9,22,0,3,1,clear,15.5,16.0,63.0,6.0,229
fall,2012,9,23,0,3,1,clear,14.56,15.0,67.0,6.0,123
fall,2012,9,0,0,4,1,clear,15.5,16.0,63.0,0.0,58
fall,2012,9,1,0,4,1,clear,13.62,14.0,72.0,7.0,18
fall,2012,9,2,0,4,1,clear,13.62,14.0,72.0,6.0,11
fall,2012,9,3,0,4,1,clear,12.68,13.0,77.0,0.0,6
fall,2012,9,4,0,4,1,clear,12.68,13.0,77.0,7.0,6
fall,2012,9,5,0,4,1,clear,12.68,13.0,77.0,7.0,56
fall,2012,9,6,0,4,1,clear,12.68,13.0,77.0,0.0,170
fall,2012,9,7,0,4,1,clear,13.62,14.0,82.0,7.0,534
fall,2012,9,8,0,4,1,clear,15.5,16.0,68.0,6.0,790
fall,2012,9,9,0,4,1,clear,18.32,19.0,60.0,6.0,355
fall,2012,9,10,0,4,1,clear,19.26,20.0,53.0,6.0,190
fall,2012,9,11,0,4,1,clear,21.14,25.0,43.0,0.0,243
fall,2012,9,12,0,4,1,clear,21.14,25.0,43.0,9.0,290
fall,2012,9,13,0,4,1,clear,22.08,25.0,44.0,9.0,336
fall,2012,9,14,0,4,1,clear,22.08,25.0,47.0,13.0,298
fall,2012,9,15,0,4,1,clear,23.02,25.0,47.0,13.0,291
fall,2012,9,16,0,4,1,clear,22.08,25.0,47.0,11.0,457
fall,2012,9,17,0,4,1,clear,22.08,25.0,50.0,15.0,976
fall,2012,9,18,0,4,1,clear,20.2,25.0,56.0,17.0,900
fall,2012,9,19,0,4,1,clear,19.26,20.0,60.0,15.0,603
fall,2012,9,20,0,4,1,clear,18.32,19.0,64.0,9.0,417
fall,2012,9,21,0,4,1,clear,18.32,19.0,64.0,13.0,274
fall,2012,9,22,0,4,1,clear,17.38,18.0,73.0,7.0,287
fall,2012,9,23,0,4,1,clear,17.38,18.0,68.0,7.0,154
fall,2012,9,0,0,5,1,clear,17.38,18.0,68.0,0.0,66
fall,2012,9,1,0,5,1,clear,16.44,17.0,72.0,0.0,49
fall,2012,9,2,0,5,1,clear,16.44,17.0,72.0,0.0,14
fall,2012,9,3,0,5,1,clear,15.5,16.0,77.0,6.0,12
fall,2012,9,4,0,5,1,clear,15.5,16.0,77.0,0.0,10
fall,2012,9,5,0,5,1,clear,15.5,16.0,82.0,0.0,49
fall,2012,9,6,0,5,1,clear,15.5,16.0,77.0,6.0,165
fall,2012,9,7,0,5,1,clear,16.44,17.0,77.0,0.0,503
fall,2012,9,8,0,5,1,clear,17.38,18.0,73.0,9.0,757
fall,2012,9,9,0,5,1,clear,19.26,20.0,68.0,9.0,383
fall,2012,9,10,0,5,1,clear,21.14,24.0,61.0,15.0,225
fall,2012,9,11,0,5,1,clear,23.02,25.0,57.0,15.0,321
fall,2012,9,12,0,5,1,clear,23.96,26.0,57.0,11.0,389
fall,2012,9,13,0,5,1,clear,24.9,27.0,54.0,11.0,421
fall,2012,9,14,0,5,1,clear,24.9,27.0,54.0,20.0,412
fall,2012,9,15,0,5,1,clear,24.9,27.0,54.0,15.0,423
fall,2012,9,16,0,5,1,clear,24.9,27.0,54.0,13.0,567
fall,2012,9,17,0,5,1,clear,23.96,26.0,57.0,19.0,846
fall,2012,9,18,0,5,1,clear,23.02,25.0,61.0,17.0,805
fall,2012,9,19,0,5,1,clear,22.08,24.0,65.0,17.0,588
fall,2012,9,20,0,5,1,clear,21.14,24.0,69.0,13.0,369
fall,2012,9,21,0,5,1,clear,20.2,23.0,73.0,17.0,312
fall,2012,9,22,0,5,1,clear,20.2,23.0,73.0,13.0,295
fall,2012,9,23,0,5,1,clear,20.2,23.0,73.0,22.0,186
fall,2012,9,0,0,6,0,clear,20.2,23.0,73.0,19.0,172
fall,2012,9,1,0,6,0,clear,19.26,20.0,83.0,20.0,124
fall,2012,9,2,0,6,0,clear,18.32,19.0,88.0,17.0,83
fall,2012,9,3,0,6,0,clear,18.32,19.0,83.0,19.0,45
fall,2012,9,4,0,6,0,clear,18.32,19.0,83.0,19.0,15
fall,2012,9,5,0,6,0,clear,18.32,19.0,83.0,22.0,17
fall,2012,9,6,0,6,0,clear,18.32,19.0,83.0,20.0,41
fall,2012,9,7,0,6,0,clear,19.26,20.0,78.0,17.0,77
fall,2012,9,8,0,6,0,clear,20.2,23.0,73.0,20.0,218
fall,2012,9,9,0,6,0,clear,22.08,24.0,69.0,17.0,377
fall,2012,9,10,0,6,0,clear,23.02,25.0,65.0,22.0,474
fall,2012,9,11,0,6,0,clear,24.9,27.0,58.0,19.0,626
fall,2012,9,12,0,6,0,clear,25.84,28.0,54.0,20.0,688
fall,2012,9,13,0,6,0,clear,26.78,28.0,51.0,24.0,707
fall,2012,9,14,0,6,0,clear,27.72,29.0,48.0,19.0,654
fall,2012,9,15,0,6,0,clear,26.78,28.0,48.0,26.0,750
fall,2012,9,16,0,6,0,clear,26.78,28.0,51.0,22.0,680
fall,2012,9,17,0,6,0,clear,26.78,28.0,51.0,22.0,646
fall,2012,9,18,0,6,0,clear,25.84,28.0,54.0,19.0,598
fall,2012,9,19,0,6,0,clear,24.9,27.0,58.0,13.0,407
fall,2012,9,20,0,6,0,clear,24.9,27.0,54.0,17.0,325
fall,2012,9,21,0,6,0,clear,22.08,25.0,57.0,17.0,261
fall,2012,9,22,0,6,0,clear,21.14,25.0,57.0,13.0,239
fall,2012,9,23,0,6,0,clear,21.14,25.0,50.0,13.0,171
winter,2012,9,0,0,0,0,clear,21.14,25.0,38.0,17.0,180
winter,2012,9,1,0,0,0,clear,17.38,18.0,52.0,24.0,142
winter,2012,9,2,0,0,0,clear,16.44,17.0,48.0,17.0,95
winter,2012,9,3,0,0,0,clear,14.56,15.0,55.0,20.0,54
winter,2012,9,4,0,0,0,clear,13.62,14.0,55.0,15.0,10
winter,2012,9,5,0,0,0,clear,13.62,14.0,59.0,17.0,6
winter,2012,9,6,0,0,0,clear,12.68,13.0,62.0,17.0,16
winter,2012,9,7,0,0,0,clear,13.62,14.0,59.0,15.0,57
winter,2012,9,8,0,0,0,clear,14.56,15.0,55.0,24.0,175
winter,2012,9,9,0,0,0,clear,15.5,16.0,51.0,22.0,276
winter,2012,9,10,0,0,0,clear,17.38,18.0,45.0,17.0,489
winter,2012,9,11,0,0,0,clear,18.32,19.0,46.0,17.0,570
winter,2012,9,12,0,0,0,clear,18.32,19.0,43.0,7.0,776
winter,2012,9,13,0,0,0,clear,20.2,25.0,38.0,11.0,702
winter,2012,9,14,0,0,0,clear,20.2,25.0,38.0,13.0,666
winter,2012,9,15,0,0,0,clear,20.2,25.0,33.0,15.0,640
winter,2012,9,16,0,0,0,clear,20.2,25.0,33.0,22.0,691
winter,2012,9,17,0,0,0,clear,18.32,19.0,35.0,20.0,723
winter,2012,9,18,0,0,0,clear,17.38,18.0,37.0,13.0,540
winter,2012,9,19,0,0,0,clear,16.44,17.0,42.0,11.0,413
winter,2012,9,20,0,0,0,clear,16.44,17.0,42.0,11.0,252
winter,2012,9,21,0,0,0,misty,16.44,17.0,48.0,7.0,196
winter,2012,9,22,0,0,0,clear,16.44,17.0,48.0,0.0,138
winter,2012,9,23,0,0,0,misty,15.5,16.0,59.0,7.0,100
winter,2012,9,0,0,1,1,clear,13.62,14.0,63.0,13.0,64
winter,2012,9,1,0,1,1,clear,13.62,14.0,67.0,9.0,18
winter,2012,9,2,0,1,1,misty,13.62,14.0,63.0,9.0,8
winter,2012,9,3,0,1,1,clear,13.62,14.0,63.0,11.0,5
winter,2012,9,4,0,1,1,clear,12.68,13.0,67.0,7.0,8
winter,2012,9,5,0,1,1,clear,13.62,14.0,63.0,0.0,37
winter,2012,9,6,0,1,1,clear,13.62,14.0,59.0,0.0,168
winter,2012,9,7,0,1,1,clear,13.62,14.0,67.0,9.0,530
winter,2012,9,8,0,1,1,clear,15.5,16.0,55.0,13.0,750
winter,2012,9,9,0,1,1,clear,16.44,17.0,52.0,13.0,328
winter,2012,9,10,0,1,1,clear,17.38,18.0,49.0,15.0,198
winter,2012,9,11,0,1,1,clear,18.32,19.0,37.0,13.0,238
winter,2012,9,12,0,1,1,clear,18.32,19.0,35.0,20.0,342
winter,2012,9,13,0,1,1,clear,20.2,25.0,31.0,20.0,328
winter,2012,9,14,0,1,1,clear,20.2,24.0,28.0,0.0,303
winter,2012,9,15,0,1,1,clear,20.2,25.0,31.0,0.0,300
winter,2012,9,16,0,1,1,clear,19.26,20.0,30.0,17.0,516
winter,2012,9,17,0,1,1,clear,19.26,20.0,30.0,0.0,898
winter,2012,9,18,0,1,1,clear,17.38,18.0,37.0,11.0,853
winter,2012,9,19,0,1,1,clear,16.44,17.0,39.0,9.0,590
winter,2012,9,20,0,1,1,clear,16.44,17.0,52.0,7.0,432
winter,2012,9,21,0,1,1,clear,15.5,16.0,51.0,9.0,256
winter,2012,9,22,0,1,1,clear,15.5,16.0,51.0,15.0,172
winter,2012,9,23,0,1,1,clear,13.62,14.0,63.0,9.0,94
winter,2012,9,0,0,2,1,clear,13.62,14.0,67.0,11.0,64
winter,2012,9,1,0,2,1,clear,12.68,13.0,72.0,9.0,13
winter,2012,9,2,0,2,1,clear,11.74,12.0,77.0,9.0,14
winter,2012,9,3,0,2,1,clear,11.74,12.0,71.0,6.0,5
winter,2012,9,4,0,2,1,clear,11.74,12.0,71.0,9.0,9
winter,2012,9,5,0,2,1,clear,11.74,12.0,77.0,6.0,47
winter,2012,9,6,0,2,1,clear,12.68,13.0,77.0,15.0,194
winter,2012,9,7,0,2,1,clear,12.68,13.0,77.0,13.0,556
winter,2012,9,8,0,2,1,clear,14.56,15.0,67.0,13.0,805
winter,2012,9,9,0,2,1,clear,17.38,18.0,56.0,17.0,409
winter,2012,9,10,0,2,1,clear,18.32,19.0,52.0,20.0,170
winter,2012,9,11,0,2,1,clear,20.2,25.0,46.0,20.0,218
winter,2012,9,12,0,2,1,clear,21.14,25.0,43.0,19.0,302
winter,2012,9,13,0,2,1,clear,22.08,25.0,47.0,17.0,305
winter,2012,9,14,0,2,1,clear,23.02,25.0,39.0,22.0,293
winter,2012,9,15,0,2,1,clear,23.02,25.0,36.0,22.0,303
winter,2012,9,16,0,2,1,clear,23.02,25.0,39.0,20.0,495
winter,2012,9,17,0,2,1,clear,23.02,25.0,39.0,19.0,967
winter,2012,9,18,0,2,1,clear,22.08,25.0,41.0,15.0,822
winter,2012,9,19,0,2,1,clear,21.14,25.0,50.0,17.0,539
winter,2012,9,20,0,2,1,clear,20.2,25.0,56.0,20.0,425
winter,2012,9,21,0,2,1,clear,20.2,25.0,56.0,20.0,297
winter,2012,9,22,0,2,1,clear,20.2,25.0,56.0,19.0,188
winter,2012,9,23,0,2,1,clear,20.2,25.0,56.0,22.0,98
winter,2012,9,0,0,3,1,clear,19.26,20.0,64.0,20.0,40
winter,2012,9,1,0,3,1,clear,19.26,20.0,64.0,22.0,29
winter,2012,9,2,0,3,1,misty,19.26,20.0,64.0,19.0,17
winter,2012,9,3,0,3,1,misty,19.26,20.0,64.0,19.0,10
winter,2012,9,4,0,3,1,clear,18.32,19.0,73.0,17.0,14
winter,2012,9,5,0,3,1,clear,18.32,19.0,73.0,15.0,36
winter,2012,9,6,0,3,1,clear,17.38,18.0,73.0,13.0,182
winter,2012,9,7,0,3,1,clear,17.38,18.0,77.0,9.0,532
winter,2012,9,8,0,3,1,clear,18.32,19.0,73.0,20.0,838
winter,2012,9,9,0,3,1,clear,20.2,24.0,64.0,13.0,334
winter,2012,9,10,0,3,1,clear,20.2,23.0,73.0,19.0,185
winter,2012,9,11,0,3,1,clear,22.08,25.0,61.0,17.0,227
winter,2012,9,12,0,3,1,clear,23.96,26.0,61.0,15.0,316
winter,2012,9,13,0,3,1,clear,24.9,27.0,58.0,15.0,340
winter,2012,9,14,0,3,1,clear,26.78,28.0,48.0,19.0,277
winter,2012,9,15,0,3,1,clear,26.78,28.0,48.0,20.0,300
winter,2012,9,16,0,3,1,clear,26.78,28.0,45.0,19.0,468
winter,2012,9,17,0,3,1,clear,26.78,28.0,48.0,20.0,953
winter,2012,9,18,0,3,1,clear,26.78,28.0,48.0,15.0,884
winter,2012,9,19,0,3,1,clear,24.9,27.0,54.0,11.0,627
winter,2012,9,20,0,3,1,clear,23.02,25.0,69.0,13.0,434
winter,2012,9,21,0,3,1,clear,23.02,25.0,65.0,13.0,360
winter,2012,9,22,0,3,1,rain,21.14,24.0,69.0,13.0,215
winter,2012,9,23,0,3,1,misty,20.2,22.0,78.0,17.0,115
winter,2012,9,0,0,4,1,clear,20.2,22.0,78.0,6.0,65
winter,2012,9,1,0,4,1,clear,20.2,22.0,78.0,6.0,21
winter,2012,9,2,0,4,1,clear,20.2,22.0,78.0,6.0,16
winter,2012,9,3,0,4,1,clear,20.2,22.0,78.0,0.0,7
winter,2012,9,4,0,4,1,clear,18.32,19.0,94.0,9.0,8
winter,2012,9,5,0,4,1,clear,19.26,20.0,83.0,0.0,66
winter,2012,9,6,0,4,1,clear,18.32,19.0,88.0,6.0,169
winter,2012,9,7,0,4,1,clear,20.2,22.0,78.0,0.0,558
winter,2012,9,8,0,4,1,clear,21.14,24.0,71.0,6.0,794
winter,2012,9,9,0,4,1,clear,23.02,25.0,65.0,0.0,335
winter,2012,9,10,0,4,1,misty,24.9,27.0,51.0,19.0,208
winter,2012,9,11,0,4,1,misty,25.84,28.0,51.0,11.0,294
winter,2012,9,12,0,4,1,misty,26.78,28.0,48.0,9.0,335
winter,2012,9,13,0,4,1,misty,26.78,28.0,48.0,0.0,326
winter,2012,9,14,0,4,1,misty,27.72,29.0,45.0,6.0,258
winter,2012,9,15,0,4,1,misty,27.72,29.0,45.0,0.0,296
winter,2012,9,16,0,4,1,misty,25.84,28.0,58.0,22.0,472
winter,2012,9,17,0,4,1,misty,23.02,25.0,69.0,20.0,905
winter,2012,9,18,0,4,1,misty,23.02,25.0,69.0,15.0,899
winter,2012,9,19,0,4,1,clear,23.02,25.0,65.0,9.0,559
winter,2012,9,20,0,4,1,misty,22.08,24.0,69.0,15.0,457
winter,2012,9,21,0,4,1,rain,21.14,22.0,83.0,20.0,253
winter,2012,9,22,0,4,1,rain,21.14,22.0,83.0,20.0,47
winter,2012,9,23,0,4,1,rain,21.14,22.0,83.0,11.0,45
winter,2012,9,0,0,5,1,rain,20.2,20.0,88.0,11.0,17
winter,2012,9,1,0,5,1,rain,20.2,20.0,88.0,0.0,13
winter,2012,9,2,0,5,1,rain,20.2,20.0,88.0,20.0,10
winter,2012,9,3,0,5,1,misty,20.2,21.0,83.0,9.0,7
winter,2012,9,4,0,5,1,rain,18.32,19.0,88.0,7.0,12
winter,2012,9,5,0,5,1,clear,18.32,19.0,88.0,0.0,38
winter,2012,9,6,0,5,1,misty,18.32,19.0,94.0,6.0,138
winter,2012,9,7,0,5,1,misty,18.32,19.0,94.0,0.0,394
winter,2012,9,8,0,5,1,clear,20.2,21.0,83.0,6.0,705
winter,2012,9,9,0,5,1,misty,21.14,22.0,83.0,7.0,426
winter,2012,9,10,0,5,1,misty,22.08,23.0,78.0,9.0,245
winter,2012,9,11,0,5,1,misty,23.02,25.0,69.0,0.0,361
winter,2012,9,12,0,5,1,misty,24.9,27.0,54.0,17.0,380
winter,2012,9,13,0,5,1,misty,24.9,27.0,51.0,17.0,410
winter,2012,9,14,0,5,1,misty,24.9,27.0,54.0,17.0,399
winter,2012,9,15,0,5,1,misty,23.96,26.0,54.0,19.0,392
winter,2012,9,16,0,5,1,misty,23.02,25.0,50.0,15.0,502
winter,2012,9,17,0,5,1,misty,23.02,25.0,54.0,20.0,808
winter,2012,9,18,0,5,1,misty,22.08,25.0,50.0,15.0,667
winter,2012,9,19,0,5,1,rain,21.14,25.0,50.0,17.0,508
winter,2012,9,20,0,5,1,rain,20.2,25.0,53.0,11.0,336
winter,2012,9,21,0,5,1,rain,20.2,25.0,53.0,13.0,237
winter,2012,9,22,0,5,1,misty,19.26,20.0,53.0,15.0,220
winter,2012,9,23,0,5,1,misty,18.32,19.0,56.0,13.0,190
winter,2012,9,0,0,6,0,clear,17.38,18.0,60.0,15.0,149
winter,2012,9,1,0,6,0,clear,17.38,18.0,60.0,15.0,101
winter,2012,9,2,0,6,0,misty,17.38,18.0,56.0,15.0,92
winter,2012,9,3,0,6,0,misty,16.44,17.0,59.0,13.0,29
winter,2012,9,4,0,6,0,clear,16.44,17.0,59.0,17.0,14
winter,2012,9,5,0,6,0,clear,15.5,16.0,63.0,13.0,15
winter,2012,9,6,0,6,0,clear,15.5,16.0,63.0,17.0,37
winter,2012,9,7,0,6,0,clear,14.56,15.0,67.0,19.0,73
winter,2012,9,8,0,6,0,clear,15.5,16.0,68.0,19.0,211
winter,2012,9,9,0,6,0,clear,15.5,16.0,63.0,13.0,332
winter,2012,9,10,0,6,0,clear,17.38,18.0,56.0,17.0,472
winter,2012,9,11,0,6,0,clear,18.32,19.0,52.0,19.0,663
winter,2012,9,12,0,6,0,clear,21.14,25.0,41.0,20.0,682
winter,2012,9,13,0,6,0,clear,21.14,25.0,41.0,20.0,686
winter,2012,9,14,0,6,0,clear,20.2,25.0,40.0,17.0,750
winter,2012,9,15,0,6,0,clear,20.2,25.0,43.0,17.0,727
winter,2012,9,16,0,6,0,clear,21.14,25.0,41.0,17.0,722
winter,2012,9,17,0,6,0,clear,20.2,25.0,38.0,24.0,712
winter,2012,9,18,0,6,0,clear,18.32,19.0,46.0,13.0,594
winter,2012,9,19,0,6,0,clear,16.44,17.0,55.0,11.0,470
winter,2012,9,20,0,6,0,clear,16.44,17.0,55.0,13.0,315
winter,2012,9,21,0,6,0,clear,16.44,17.0,55.0,9.0,292
winter,2012,9,22,0,6,0,clear,15.5,16.0,63.0,7.0,221
winter,2012,9,23,0,6,0,clear,15.5,16.0,59.0,6.0,196
winter,2012,9,0,0,0,0,clear,15.5,16.0,59.0,0.0,147
winter,2012,9,1,0,0,0,clear,15.5,16.0,59.0,0.0,116
winter,2012,9,2,0,0,0,clear,14.56,15.0,63.0,0.0,92
winter,2012,9,3,0,0,0,clear,13.62,14.0,67.0,6.0,58
winter,2012,9,4,0,0,0,clear,13.62,14.0,67.0,6.0,7
winter,2012,9,5,0,0,0,clear,12.68,13.0,72.0,0.0,10
winter,2012,9,6,0,0,0,clear,12.68,13.0,72.0,6.0,22
winter,2012,9,7,0,0,0,clear,12.68,13.0,77.0,0.0,57
winter,2012,9,8,0,0,0,clear,14.56,15.0,67.0,7.0,144
winter,2012,9,9,0,0,0,clear,16.44,17.0,63.0,7.0,285
winter,2012,9,10,0,0,0,clear,19.26,20.0,46.0,11.0,479
winter,2012,9,11,0,0,0,clear,20.2,25.0,43.0,15.0,591
winter,2012,9,12,0,0,0,clear,21.14,25.0,41.0,20.0,680
winter,2012,9,13,0,0,0,clear,21.14,25.0,41.0,17.0,594
winter,2012,9,14,0,0,0,clear,21.14,25.0,41.0,17.0,612
winter,2012,9,15,0,0,0,clear,22.08,25.0,36.0,17.0,649
winter,2012,9,16,0,0,0,clear,22.08,25.0,36.0,15.0,648
winter,2012,9,17,0,0,0,clear,21.14,25.0,35.0,19.0,575
winter,2012,9,18,0,0,0,clear,16.44,17.0,59.0,30.0,401
winter,2012,9,19,0,0,0,rain,15.5,16.0,72.0,9.0,257
winter,2012,9,20,0,0,0,rain,15.5,16.0,72.0,9.0,194
winter,2012,9,21,0,0,0,clear,15.5,16.0,68.0,0.0,123
winter,2012,9,22,0,0,0,clear,14.56,15.0,72.0,0.0,91
winter,2012,9,23,0,0,0,clear,14.56,15.0,72.0,6.0,57
winter,2012,10,0,0,1,1,clear,13.62,14.0,72.0,7.0,45
winter,2012,10,1,0,1,1,clear,12.68,13.0,77.0,6.0,18
winter,2012,10,2,0,1,1,clear,13.62,14.0,72.0,0.0,12
winter,2012,10,3,0,1,1,clear,12.68,13.0,77.0,0.0,7
winter,2012,10,4,0,1,1,clear,11.74,12.0,82.0,7.0,10
winter,2012,10,5,0,1,1,clear,12.68,13.0,77.0,0.0,36
winter,2012,10,6,0,1,1,clear,12.68,13.0,77.0,7.0,155
winter,2012,10,7,0,1,1,clear,12.68,13.0,77.0,11.0,483
winter,2012,10,8,0,1,1,misty,13.62,14.0,77.0,7.0,784
winter,2012,10,9,0,1,1,misty,16.44,17.0,63.0,0.0,340
winter,2012,10,10,0,1,1,clear,17.38,18.0,56.0,0.0,179
winter,2012,10,11,0,1,1,clear,19.26,20.0,46.0,0.0,272
winter,2012,10,12,0,1,1,misty,20.2,25.0,43.0,11.0,323
winter,2012,10,13,0,1,1,misty,20.2,25.0,43.0,11.0,305
winter,2012,10,14,0,1,1,misty,20.2,25.0,43.0,7.0,244
winter,2012,10,15,0,1,1,misty,21.14,25.0,43.0,9.0,329
winter,2012,10,16,0,1,1,misty,21.14,25.0,46.0,17.0,459
winter,2012,10,17,0,1,1,rain,18.32,19.0,60.0,17.0,856
winter,2012,10,18,0,1,1,rain,18.32,19.0,64.0,7.0,613
winter,2012,10,19,0,1,1,misty,17.38,18.0,68.0,7.0,516
winter,2012,10,20,0,1,1,rain,17.38,18.0,68.0,0.0,262
winter,2012,10,21,0,1,1,misty,17.38,18.0,73.0,9.0,218
winter,2012,10,22,0,1,1,rain,17.38,18.0,77.0,6.0,207
winter,2012,10,23,0,1,1,rain,17.38,18.0,77.0,0.0,105
winter,2012,10,0,0,2,1,misty,18.32,19.0,73.0,0.0,31
winter,2012,10,1,0,2,1,misty,17.38,18.0,77.0,7.0,11
winter,2012,10,2,0,2,1,misty,17.38,18.0,77.0,7.0,2
winter,2012,10,3,0,2,1,misty,17.38,18.0,88.0,13.0,5
winter,2012,10,4,0,2,1,misty,18.32,19.0,83.0,6.0,10
winter,2012,10,5,0,2,1,misty,18.32,19.0,83.0,9.0,43
winter,2012,10,6,0,2,1,rain,19.26,20.0,83.0,7.0,179
winter,2012,10,7,0,2,1,rain,19.26,20.0,83.0,7.0,260
winter,2012,10,8,0,2,1,rain,20.2,20.0,88.0,0.0,134
winter,2012,10,9,0,2,1,rain,19.26,20.0,88.0,9.0,86
winter,2012,10,10,0,2,1,rain,19.26,20.0,88.0,9.0,45
winter,2012,10,11,0,2,1,rain,19.26,20.0,94.0,9.0,99
winter,2012,10,12,0,2,1,misty,20.2,20.0,88.0,13.0,104
winter,2012,10,13,0,2,1,misty,20.2,20.0,88.0,9.0,154
winter,2012,10,14,0,2,1,rain,20.2,20.0,88.0,9.0,163
winter,2012,10,15,0,2,1,rain,21.14,22.0,83.0,9.0,209
winter,2012,10,16,0,2,1,rain,21.14,21.0,88.0,9.0,374
winter,2012,10,17,0,2,1,rain,21.14,21.0,88.0,7.0,715
winter,2012,10,18,0,2,1,rain,21.14,20.0,94.0,6.0,687
winter,2012,10,19,0,2,1,rain,21.14,20.0,94.0,0.0,395
winter,2012,10,20,0,2,1,rain,21.14,20.0,94.0,9.0,306
winter,2012,10,21,0,2,1,rain,21.14,20.0,94.0,7.0,289
winter,2012,10,22,0,2,1,misty,21.14,20.0,94.0,7.0,240
winter,2012,10,23,0,2,1,misty,21.14,20.0,94.0,0.0,98
winter,2012,10,0,0,3,1,rain,21.14,20.0,94.0,0.0,52
winter,2012,10,1,0,3,1,misty,21.14,20.0,94.0,0.0,19
winter,2012,10,2,0,3,1,misty,21.14,20.0,94.0,0.0,9
winter,2012,10,3,0,3,1,misty,20.2,18.0,94.0,0.0,7
winter,2012,10,4,0,3,1,misty,20.2,17.0,100.0,0.0,11
winter,2012,10,5,0,3,1,misty,21.14,20.0,94.0,7.0,34
winter,2012,10,6,0,3,1,misty,20.2,18.0,94.0,9.0,177
winter,2012,10,7,0,3,1,misty,20.2,18.0,94.0,13.0,515
winter,2012,10,8,0,3,1,misty,21.14,21.0,88.0,7.0,809
winter,2012,10,9,0,3,1,misty,21.14,22.0,83.0,13.0,362
winter,2012,10,10,0,3,1,clear,23.02,24.0,78.0,11.0,175
winter,2012,10,11,0,3,1,clear,23.02,24.0,78.0,11.0,230
winter,2012,10,12,0,3,1,misty,24.9,27.0,70.0,7.0,358
winter,2012,10,13,0,3,1,misty,24.9,28.0,74.0,7.0,279
winter,2012,10,14,0,3,1,misty,25.84,29.0,70.0,11.0,251
winter,2012,10,15,0,3,1,misty,25.84,29.0,62.0,11.0,319
winter,2012,10,16,0,3,1,misty,25.84,28.0,58.0,0.0,478
winter,2012,10,17,0,3,1,clear,24.9,27.0,65.0,0.0,917
winter,2012,10,18,0,3,1,clear,24.9,27.0,65.0,0.0,810
winter,2012,10,19,0,3,1,clear,24.9,27.0,65.0,0.0,593
winter,2012,10,20,0,3,1,clear,24.9,27.0,65.0,0.0,497
winter,2012,10,21,0,3,1,misty,23.02,25.0,74.0,0.0,209
winter,2012,10,22,0,3,1,clear,23.02,25.0,74.0,0.0,241
winter,2012,10,23,0,3,1,misty,23.02,24.0,78.0,0.0,220
winter,2012,10,0,0,4,1,rain,22.08,22.0,89.0,0.0,76
winter,2012,10,1,0,4,1,misty,21.14,20.0,94.0,0.0,25
winter,2012,10,2,0,4,1,clear,22.08,22.0,89.0,0.0,13
winter,2012,10,3,0,4,1,misty,21.14,21.0,88.0,0.0,11
winter,2012,10,4,0,4,1,misty,22.08,22.0,89.0,0.0,10
winter,2012,10,5,0,4,1,rain,22.08,22.0,89.0,7.0,39
winter,2012,10,6,0,4,1,rain,21.14,20.0,94.0,6.0,133
winter,2012,10,7,0,4,1,misty,22.08,22.0,89.0,6.0,391
winter,2012,10,8,0,4,1,clear,22.08,22.0,89.0,0.0,738
winter,2012,10,9,0,4,1,misty,22.08,22.0,89.0,13.0,359
winter,2012,10,10,0,4,1,misty,23.02,24.0,83.0,9.0,177
winter,2012,10,11,0,4,1,misty,24.9,27.0,70.0,7.0,214
winter,2012,10,12,0,4,1,misty,25.84,28.0,54.0,13.0,288
winter,2012,10,13,0,4,1,misty,25.84,28.0,58.0,22.0,294
winter,2012,10,14,0,4,1,clear,24.9,27.0,61.0,17.0,267
winter,2012,10,15,0,4,1,clear,25.84,28.0,54.0,19.0,325
winter,2012,10,16,0,4,1,clear,24.9,27.0,54.0,19.0,497
winter,2012,10,17,0,4,1,clear,24.9,27.0,51.0,15.0,901
winter,2012,10,18,0,4,1,clear,23.02,25.0,57.0,7.0,887
winter,2012,10,19,0,4,1,clear,23.02,25.0,57.0,7.0,534
winter,2012,10,20,0,4,1,clear,22.08,24.0,65.0,7.0,441
winter,2012,10,21,0,4,1,clear,21.14,24.0,69.0,0.0,321
winter,2012,10,22,0,4,1,clear,22.08,25.0,47.0,9.0,232
winter,2012,10,23,0,4,1,clear,20.2,25.0,56.0,6.0,155
winter,2012,10,0,0,5,1,clear,18.32,19.0,73.0,0.0,102
winter,2012,10,1,0,5,1,clear,17.38,18.0,68.0,7.0,46
winter,2012,10,2,0,5,1,clear,17.38,18.0,73.0,6.0,11
winter,2012,10,3,0,5,1,clear,17.38,18.0,73.0,0.0,16
winter,2012,10,4,0,5,1,clear,17.38,18.0,77.0,0.0,11
winter,2012,10,5,0,5,1,clear,16.44,17.0,77.0,0.0,41
winter,2012,10,6,0,5,1,clear,16.44,17.0,83.0,0.0,137
winter,2012,10,7,0,5,1,clear,16.44,17.0,83.0,7.0,428
winter,2012,10,8,0,5,1,clear,19.26,20.0,64.0,0.0,785
winter,2012,10,9,0,5,1,clear,20.2,24.0,60.0,6.0,384
winter,2012,10,10,0,5,1,clear,23.02,25.0,54.0,0.0,260
winter,2012,10,11,0,5,1,clear,24.9,27.0,48.0,13.0,304
winter,2012,10,12,0,5,1,clear,25.84,27.0,42.0,11.0,468
winter,2012,10,13,0,5,1,clear,24.9,27.0,48.0,0.0,424
winter,2012,10,14,0,5,1,clear,26.78,27.0,37.0,15.0,400
winter,2012,10,15,0,5,1,clear,25.84,27.0,39.0,17.0,470
winter,2012,10,16,0,5,1,clear,25.84,27.0,37.0,0.0,634
winter,2012,10,17,0,5,1,clear,24.9,26.0,42.0,11.0,900
winter,2012,10,18,0,5,1,clear,22.08,25.0,57.0,9.0,761
winter,2012,10,19,0,5,1,clear,21.14,23.0,73.0,11.0,500
winter,2012,10,20,0,5,1,clear,20.2,22.0,78.0,9.0,372
winter,2012,10,21,0,5,1,clear,20.2,23.0,69.0,15.0,267
winter,2012,10,22,0,5,1,clear,20.2,23.0,73.0,19.0,264
winter,2012,10,23,0,5,1,clear,19.26,20.0,78.0,15.0,171
winter,2012,10,0,0,6,0,clear,18.32,19.0,83.0,11.0,191
winter,2012,10,1,0,6,0,clear,18.32,19.0,83.0,17.0,141
winter,2012,10,2,0,6,0,clear,18.32,19.0,78.0,13.0,75
winter,2012,10,3,0,6,0,clear,17.38,18.0,77.0,15.0,56
winter,2012,10,4,0,6,0,clear,17.38,18.0,83.0,17.0,11
winter,2012,10,5,0,6,0,clear,17.38,18.0,83.0,13.0,10
winter,2012,10,6,0,6,0,clear,17.38,18.0,88.0,17.0,30
winter,2012,10,7,0,6,0,clear,17.38,18.0,83.0,20.0,84
winter,2012,10,8,0,6,0,clear,18.32,19.0,83.0,13.0,206
winter,2012,10,9,0,6,0,clear,20.2,23.0,73.0,13.0,395
winter,2012,10,10,0,6,0,clear,21.14,24.0,69.0,19.0,539
winter,2012,10,11,0,6,0,clear,22.08,24.0,65.0,17.0,647
winter,2012,10,12,0,6,0,clear,24.9,27.0,54.0,7.0,743
winter,2012,10,13,0,6,0,misty,22.08,25.0,57.0,35.0,710
winter,2012,10,14,0,6,0,misty,20.2,25.0,56.0,28.0,576
winter,2012,10,15,0,6,0,clear,20.2,25.0,46.0,28.0,620
winter,2012,10,16,0,6,0,clear,20.2,25.0,43.0,35.0,659
winter,2012,10,17,0,6,0,clear,17.38,18.0,49.0,26.0,610
winter,2012,10,18,0,6,0,clear,16.44,17.0,48.0,28.0,495
winter,2012,10,19,0,6,0,clear,14.56,15.0,55.0,15.0,341
winter,2012,10,20,0,6,0,clear,14.56,15.0,55.0,17.0,247
winter,2012,10,21,0,6,0,clear,13.62,14.0,59.0,9.0,215
winter,2012,10,22,0,6,0,clear,12.68,13.0,62.0,9.0,185
winter,2012,10,23,0,6,0,clear,12.68,13.0,62.0,9.0,179
winter,2012,10,0,0,0,0,clear,12.68,13.0,62.0,11.0,127
winter,2012,10,1,0,0,0,clear,12.68,13.0,54.0,15.0,109
winter,2012,10,2,0,0,0,clear,11.74,12.0,62.0,9.0,74
winter,2012,10,3,0,0,0,misty,12.68,13.0,62.0,9.0,22
winter,2012,10,4,0,0,0,misty,12.68,13.0,54.0,17.0,11
winter,2012,10,5,0,0,0,misty,12.68,13.0,54.0,9.0,10
winter,2012,10,6,0,0,0,misty,12.68,13.0,54.0,13.0,23
winter,2012,10,7,0,0,0,rain,11.74,12.0,58.0,11.0,35
winter,2012,10,8,0,0,0,rain,11.74,12.0,67.0,9.0,62
winter,2012,10,9,0,0,0,rain,10.8,11.0,71.0,9.0,86
winter,2012,10,10,0,0,0,misty,11.74,12.0,67.0,13.0,185
winter,2012,10,11,0,0,0,misty,11.74,12.0,71.0,7.0,336
winter,2012,10,12,0,0,0,misty,11.74,12.0,71.0,0.0,392
winter,2012,10,13,0,0,0,misty,12.68,13.0,72.0,6.0,320
winter,2012,10,14,0,0,0,misty,12.68,13.0,67.0,0.0,314
winter,2012,10,15,0,0,0,rain,11.74,12.0,77.0,9.0,306
winter,2012,10,16,0,0,0,rain,10.8,11.0,82.0,11.0,333
winter,2012,10,17,0,0,0,rain,10.8,11.0,82.0,15.0,157
winter,2012,10,18,0,0,0,rain,10.8,11.0,82.0,13.0,106
winter,2012,10,19,0,0,0,misty,10.8,11.0,82.0,7.0,114
winter,2012,10,20,0,0,0,clear,10.8,11.0,82.0,9.0,116
winter,2012,10,21,0,0,0,clear,9.86,10.0,87.0,7.0,113
winter,2012,10,22,0,0,0,clear,9.86,10.0,87.0,9.0,79
winter,2012,10,23,0,0,0,clear,8.92,7.0,93.0,9.0,80
winter,2012,10,0,1,1,0,clear,9.86,10.0,76.0,19.0,51
winter,2012,10,1,1,1,0,clear,7.98,6.0,87.0,11.0,37
winter,2012,10,2,1,1,0,clear,7.98,6.0,81.0,13.0,15
winter,2012,10,3,1,1,0,clear,7.98,7.0,81.0,7.0,10
winter,2012,10,4,1,1,0,clear,7.04,6.0,87.0,9.0,7
winter,2012,10,5,1,1,0,clear,7.98,5.0,76.0,15.0,19
winter,2012,10,6,1,1,0,clear,7.98,7.0,76.0,7.0,59
winter,2012,10,7,1,1,0,misty,7.98,6.0,76.0,11.0,154
winter,2012,10,8,1,1,0,misty,8.92,7.0,71.0,15.0,397
winter,2012,10,9,1,1,0,misty,9.86,10.0,66.0,11.0,332
winter,2012,10,10,1,1,0,misty,9.86,10.0,68.0,9.0,298
winter,2012,10,11,1,1,0,misty,10.8,11.0,62.0,6.0,308
winter,2012,10,12,1,1,0,misty,11.74,12.0,63.0,11.0,341
winter,2012,10,13,1,1,0,misty,11.74,12.0,62.0,13.0,405
winter,2012,10,14,1,1,0,misty,11.74,12.0,58.0,7.0,420
winter,2012,10,15,1,1,0,rain,11.74,12.0,58.0,13.0,370
winter,2012,10,16,1,1,0,rain,11.74,12.0,58.0,13.0,377
winter,2012,10,17,1,1,0,misty,11.74,12.0,66.0,17.0,497
winter,2012,10,18,1,1,0,misty,11.74,12.0,66.0,19.0,456
winter,2012,10,19,1,1,0,misty,10.8,11.0,71.0,17.0,371
winter,2012,10,20,1,1,0,rain,10.8,11.0,71.0,15.0,227
winter,2012,10,21,1,1,0,misty,10.8,11.0,76.0,15.0,151
winter,2012,10,22,1,1,0,rain,10.8,11.0,76.0,17.0,107
winter,2012,10,23,1,1,0,misty,10.8,11.0,71.0,15.0,69
winter,2012,10,0,0,2,1,misty,9.86,10.0,82.0,15.0,31
winter,2012,10,1,0,2,1,rain,8.92,7.0,87.0,15.0,13
winter,2012,10,2,0,2,1,rain,8.92,6.0,87.0,17.0,7
winter,2012,10,3,0,2,1,rain,8.92,6.0,87.0,19.0,3
winter,2012,10,4,0,2,1,rain,8.92,7.0,87.0,11.0,7
winter,2012,10,5,0,2,1,misty,9.86,10.0,82.0,13.0,19
winter,2012,10,6,0,2,1,misty,9.86,10.0,82.0,17.0,143
winter,2012,10,7,0,2,1,clear,9.86,10.0,83.0,17.0,362
winter,2012,10,8,0,2,1,misty,11.74,12.0,80.0,13.0,713
winter,2012,10,9,0,2,1,misty,11.74,12.0,77.0,15.0,382
winter,2012,10,10,0,2,1,misty,12.68,13.0,75.0,15.0,164
winter,2012,10,11,0,2,1,misty,14.56,15.0,69.0,13.0,193
winter,2012,10,12,0,2,1,misty,14.56,15.0,69.0,13.0,260
winter,2012,10,13,0,2,1,misty,15.5,16.0,67.0,9.0,238
winter,2012,10,14,0,2,1,misty,17.38,18.0,64.0,13.0,244
winter,2012,10,15,0,2,1,misty,16.44,17.0,63.0,11.0,254
winter,2012,10,16,0,2,1,misty,15.5,16.0,72.0,11.0,424
winter,2012,10,17,0,2,1,misty,16.44,17.0,68.0,11.0,806
winter,2012,10,18,0,2,1,misty,15.5,16.0,72.0,15.0,784
winter,2012,10,19,0,2,1,misty,15.5,16.0,72.0,11.0,514
winter,2012,10,20,0,2,1,misty,15.5,16.0,72.0,11.0,360
winter,2012,10,21,0,2,1,misty,14.56,15.0,77.0,9.0,225
winter,2012,10,22,0,2,1,misty,14.56,15.0,77.0,6.0,162
winter,2012,10,23,0,2,1,misty,14.56,15.0,77.0,6.0,84
winter,2012,10,0,0,3,1,misty,13.62,14.0,88.0,6.0,33
winter,2012,10,1,0,3,1,misty,13.62,14.0,88.0,0.0,8
winter,2012,10,2,0,3,1,misty,13.62,14.0,88.0,0.0,8
winter,2012,10,3,0,3,1,misty,13.62,14.0,88.0,0.0,6
winter,2012,10,4,0,3,1,misty,13.62,14.0,88.0,7.0,6
winter,2012,10,5,0,3,1,misty,13.62,14.0,88.0,6.0,40
winter,2012,10,6,0,3,1,misty,13.62,14.0,88.0,6.0,175
winter,2012,10,7,0,3,1,clear,13.62,14.0,82.0,7.0,507
winter,2012,10,8,0,3,1,clear,15.5,16.0,77.0,11.0,839
winter,2012,10,9,0,3,1,clear,17.38,18.0,60.0,19.0,366
winter,2012,10,10,0,3,1,clear,18.32,19.0,52.0,20.0,217
winter,2012,10,11,0,3,1,clear,17.38,18.0,52.0,13.0,291
winter,2012,10,12,0,3,1,clear,17.38,18.0,56.0,15.0,390
winter,2012,10,13,0,3,1,clear,18.32,19.0,49.0,0.0,297
winter,2012,10,14,0,3,1,clear,20.2,25.0,40.0,11.0,271
winter,2012,10,15,0,3,1,clear,20.2,25.0,40.0,11.0,319
winter,2012,10,16,0,3,1,clear,20.2,25.0,40.0,15.0,566
winter,2012,10,17,0,3,1,clear,19.26,20.0,43.0,15.0,948
winter,2012,10,18,0,3,1,misty,18.32,19.0,49.0,11.0,844
winter,2012,10,19,0,3,1,misty,18.32,19.0,46.0,39.0,566
winter,2012,10,20,0,3,1,clear,16.44,17.0,48.0,33.0,392
winter,2012,10,21,0,3,1,clear,15.5,16.0,51.0,24.0,269
winter,2012,10,22,0,3,1,clear,13.62,14.0,55.0,20.0,197
winter,2012,10,23,0,3,1,clear,12.68,13.0,58.0,13.0,136
winter,2012,10,0,0,4,1,clear,12.68,13.0,51.0,9.0,42
winter,2012,10,1,0,4,1,clear,12.68,13.0,47.0,13.0,11
winter,2012,10,2,0,4,1,clear,11.74,12.0,50.0,9.0,11
winter,2012,10,3,0,4,1,clear,11.74,12.0,47.0,20.0,3
winter,2012,10,4,0,4,1,clear,10.8,11.0,50.0,17.0,10
winter,2012,10,5,0,4,1,clear,8.92,7.0,50.0,11.0,42
winter,2012,10,6,0,4,1,clear,8.92,7.0,50.0,11.0,159
winter,2012,10,7,0,4,1,clear,8.92,6.0,50.0,17.0,478
winter,2012,10,8,0,4,1,clear,9.86,10.0,46.0,26.0,798
winter,2012,10,9,0,4,1,clear,10.8,11.0,43.0,26.0,355
winter,2012,10,10,0,4,1,clear,12.68,13.0,41.0,24.0,204
winter,2012,10,11,0,4,1,clear,13.62,14.0,36.0,0.0,251
winter,2012,10,12,0,4,1,clear,13.62,14.0,36.0,0.0,326
winter,2012,10,13,0,4,1,clear,15.5,16.0,31.0,7.0,291
winter,2012,10,14,0,4,1,clear,16.44,17.0,32.0,6.0,348
winter,2012,10,15,0,4,1,clear,16.44,17.0,34.0,11.0,460
winter,2012,10,16,0,4,1,clear,15.5,16.0,36.0,9.0,481
winter,2012,10,17,0,4,1,clear,15.5,16.0,39.0,19.0,827
winter,2012,10,18,0,4,1,clear,13.62,14.0,44.0,11.0,692
winter,2012,10,19,0,4,1,clear,12.68,13.0,51.0,9.0,743
winter,2012,10,20,0,4,1,clear,11.74,12.0,62.0,11.0,415
winter,2012,10,21,0,4,1,clear,11.74,12.0,62.0,9.0,260
winter,2012,10,22,0,4,1,clear,10.8,11.0,66.0,11.0,177
winter,2012,10,23,0,4,1,clear,11.74,12.0,58.0,6.0,186
winter,2012,10,0,0,5,1,clear,10.8,11.0,66.0,7.0,68
winter,2012,10,1,0,5,1,clear,10.8,11.0,66.0,6.0,37
winter,2012,10,2,0,5,1,clear,10.8,11.0,66.0,6.0,16
winter,2012,10,3,0,5,1,clear,8.92,8.0,76.0,6.0,6
winter,2012,10,4,0,5,1,clear,8.92,8.0,76.0,7.0,8
winter,2012,10,5,0,5,1,clear,8.92,8.0,81.0,6.0,35
winter,2012,10,6,0,5,1,clear,7.98,7.0,81.0,6.0,143
winter,2012,10,7,0,5,1,clear,8.92,8.0,81.0,6.0,392
winter,2012,10,8,0,5,1,clear,11.74,12.0,71.0,6.0,745
winter,2012,10,9,0,5,1,clear,15.5,16.0,39.0,20.0,400
winter,2012,10,10,0,5,1,clear,16.44,17.0,36.0,20.0,275
winter,2012,10,11,0,5,1,clear,17.38,18.0,37.0,24.0,313
winter,2012,10,12,0,5,1,clear,17.38,18.0,39.0,31.0,387
winter,2012,10,13,0,5,1,clear,18.32,19.0,37.0,26.0,381
winter,2012,10,14,0,5,1,clear,18.32,19.0,37.0,31.0,371
winter,2012,10,15,0,5,1,clear,16.44,17.0,42.0,30.0,455
winter,2012,10,16,0,5,1,clear,13.62,14.0,41.0,24.0,520
winter,2012,10,17,0,5,1,clear,13.62,14.0,38.0,26.0,837
winter,2012,10,18,0,5,1,clear,12.68,13.0,38.0,20.0,642
winter,2012,10,19,0,5,1,clear,11.74,12.0,41.0,15.0,493
winter,2012,10,20,0,5,1,clear,11.74,12.0,47.0,9.0,308
winter,2012,10,21,0,5,1,clear,10.8,11.0,54.0,13.0,190
winter,2012,10,22,0,5,1,clear,10.8,11.0,47.0,20.0,160
winter,2012,10,23,0,5,1,clear,8.92,7.0,57.0,13.0,100
winter,2012,10,0,0,6,0,clear,8.92,8.0,57.0,6.0,249
winter,2012,10,1,0,6,0,clear,7.98,6.0,53.0,9.0,146
winter,2012,10,2,0,6,0,clear,7.98,6.0,53.0,13.0,67
winter,2012,10,3,0,6,0,clear,7.04,4.0,66.0,15.0,15
winter,2012,10,4,0,6,0,clear,6.1,4.0,65.0,11.0,11
winter,2012,10,5,0,6,0,clear,6.1,3.0,61.0,13.0,11
winter,2012,10,6,0,6,0,clear,6.1,3.0,61.0,13.0,28
winter,2012,10,7,0,6,0,clear,6.1,4.0,61.0,11.0,70
winter,2012,10,8,0,6,0,clear,7.98,7.0,53.0,7.0,174
winter,2012,10,9,0,6,0,clear,8.92,8.0,50.0,6.0,266
winter,2012,10,10,0,6,0,clear,10.8,11.0,43.0,0.0,347
winter,2012,10,11,0,6,0,clear,11.74,12.0,35.0,9.0,527
winter,2012,10,12,0,6,0,clear,12.68,13.0,35.0,0.0,573
winter,2012,10,13,0,6,0,clear,13.62,14.0,36.0,13.0,670
winter,2012,10,14,0,6,0,clear,14.56,15.0,33.0,13.0,597
winter,2012,10,15,0,6,0,clear,15.5,16.0,36.0,13.0,615
winter,2012,10,16,0,6,0,clear,15.5,16.0,31.0,13.0,637
winter,2012,10,17,0,6,0,clear,13.62,14.0,38.0,11.0,528
winter,2012,10,18,0,6,0,clear,13.62,14.0,44.0,9.0,473
winter,2012,10,19,0,6,0,clear,12.68,13.0,44.0,11.0,332
winter,2012,10,20,0,6,0,clear,10.8,11.0,54.0,6.0,255
winter,2012,10,21,0,6,0,clear,10.8,11.0,58.0,13.0,204
winter,2012,10,22,0,6,0,clear,10.8,11.0,62.0,0.0,189
winter,2012,10,23,0,6,0,clear,11.74,12.0,58.0,20.0,125
winter,2012,10,0,0,0,0,clear,10.8,11.0,71.0,17.0,111
winter,2012,10,1,0,0,0,clear,11.74,12.0,77.0,19.0,112
winter,2012,10,2,0,0,0,clear,10.8,11.0,76.0,6.0,66
winter,2012,10,3,0,0,0,clear,11.74,12.0,77.0,20.0,28
winter,2012,10,4,0,0,0,clear,11.74,12.0,77.0,19.0,12
winter,2012,10,5,0,0,0,clear,10.8,11.0,82.0,13.0,11
winter,2012,10,6,0,0,0,clear,10.8,11.0,82.0,11.0,24
winter,2012,10,7,0,0,0,clear,11.74,12.0,82.0,15.0,51
winter,2012,10,8,0,0,0,clear,12.68,13.0,77.0,13.0,132
winter,2012,10,9,0,0,0,misty,14.56,15.0,67.0,19.0,223
winter,2012,10,10,0,0,0,clear,17.38,18.0,56.0,13.0,428
winter,2012,10,11,0,0,0,clear,18.32,19.0,52.0,20.0,494
winter,2012,10,12,0,0,0,clear,21.14,25.0,46.0,22.0,562
winter,2012,10,13,0,0,0,clear,22.08,25.0,41.0,30.0,619
winter,2012,10,14,0,0,0,clear,23.02,25.0,39.0,28.0,617
winter,2012,10,15,0,0,0,clear,23.02,25.0,39.0,28.0,568
winter,2012,10,16,0,0,0,clear,22.08,25.0,41.0,20.0,581
winter,2012,10,17,0,0,0,clear,22.08,25.0,44.0,13.0,539
winter,2012,10,18,0,0,0,clear,19.26,20.0,60.0,17.0,453
winter,2012,10,19,0,0,0,clear,18.32,19.0,64.0,15.0,336
winter,2012,10,20,0,0,0,clear,17.38,18.0,73.0,15.0,246
winter,2012,10,21,0,0,0,clear,18.32,19.0,73.0,30.0,196
winter,2012,10,22,0,0,0,clear,18.32,19.0,73.0,26.0,125
winter,2012,10,23,0,0,0,misty,18.32,19.0,68.0,19.0,105
winter,2012,10,0,0,1,1,misty,18.32,19.0,73.0,17.0,48
winter,2012,10,1,0,1,1,misty,19.26,20.0,64.0,26.0,29
winter,2012,10,2,0,1,1,misty,19.26,20.0,64.0,24.0,6
winter,2012,10,3,0,1,1,misty,18.32,19.0,73.0,17.0,4
winter,2012,10,4,0,1,1,misty,18.32,19.0,68.0,15.0,10
winter,2012,10,5,0,1,1,misty,18.32,19.0,73.0,19.0,40
winter,2012,10,6,0,1,1,misty,18.32,19.0,73.0,20.0,147
winter,2012,10,7,0,1,1,misty,19.26,20.0,68.0,22.0,476
winter,2012,10,8,0,1,1,misty,20.2,24.0,64.0,26.0,737
winter,2012,10,9,0,1,1,rain,20.2,23.0,69.0,26.0,359
winter,2012,10,10,0,1,1,misty,20.2,23.0,73.0,26.0,168
winter,2012,10,11,0,1,1,misty,20.2,23.0,73.0,26.0,263
winter,2012,10,12,0,1,1,rain,20.2,22.0,78.0,22.0,284
winter,2012,10,13,0,1,1,misty,18.32,19.0,88.0,15.0,146
winter,2012,10,14,0,1,1,misty,20.2,22.0,78.0,19.0,185
winter,2012,10,15,0,1,1,clear,20.2,22.0,78.0,22.0,260
winter,2012,10,16,0,1,1,clear,18.32,19.0,64.0,20.0,447
winter,2012,10,17,0,1,1,clear,18.32,19.0,64.0,17.0,766
winter,2012,10,18,0,1,1,rain,17.38,18.0,77.0,9.0,592
winter,2012,10,19,0,1,1,rain,16.44,17.0,83.0,6.0,239
winter,2012,10,20,0,1,1,misty,16.44,17.0,72.0,26.0,256
winter,2012,10,21,0,1,1,clear,16.44,17.0,59.0,22.0,206
winter,2012,10,22,0,1,1,clear,15.5,16.0,59.0,19.0,126
winter,2012,10,23,0,1,1,clear,13.62,14.0,63.0,15.0,81
winter,2012,10,0,0,2,1,clear,13.62,14.0,63.0,26.0,48
winter,2012,10,1,0,2,1,clear,12.68,13.0,67.0,13.0,13
winter,2012,10,2,0,2,1,clear,12.68,13.0,67.0,9.0,3
winter,2012,10,3,0,2,1,clear,11.74,12.0,67.0,7.0,2
winter,2012,10,4,0,2,1,clear,11.74,12.0,67.0,11.0,7
winter,2012,10,5,0,2,1,clear,11.74,12.0,67.0,17.0,52
winter,2012,10,6,0,2,1,clear,11.74,12.0,67.0,11.0,172
winter,2012,10,7,0,2,1,clear,11.74,12.0,67.0,6.0,525
winter,2012,10,8,0,2,1,clear,12.68,13.0,62.0,0.0,835
winter,2012,10,9,0,2,1,clear,14.56,15.0,55.0,17.0,355
winter,2012,10,10,0,2,1,clear,15.5,16.0,48.0,19.0,222
winter,2012,10,11,0,2,1,clear,15.5,16.0,45.0,28.0,228
winter,2012,10,12,0,2,1,misty,16.44,17.0,45.0,22.0,325
winter,2012,10,13,0,2,1,clear,16.44,17.0,45.0,19.0,328
winter,2012,10,14,0,2,1,clear,17.38,18.0,39.0,17.0,308
winter,2012,10,15,0,2,1,clear,17.38,18.0,41.0,22.0,346
winter,2012,10,16,0,2,1,clear,17.38,18.0,39.0,19.0,446
winter,2012,10,17,0,2,1,clear,16.44,17.0,39.0,13.0,943
winter,2012,10,18,0,2,1,clear,15.5,16.0,42.0,11.0,838
winter,2012,10,19,0,2,1,clear,14.56,15.0,48.0,0.0,531
winter,2012,10,20,0,2,1,clear,13.62,14.0,55.0,0.0,432
winter,2012,10,21,0,2,1,clear,13.62,14.0,63.0,0.0,195
winter,2012,10,22,0,2,1,clear,10.8,11.0,71.0,6.0,181
winter,2012,10,23,0,2,1,clear,10.8,11.0,71.0,0.0,199
winter,2012,10,0,0,3,1,clear,9.86,10.0,76.0,0.0,49
winter,2012,10,1,0,3,1,clear,9.86,10.0,76.0,0.0,17
winter,2012,10,2,0,3,1,clear,9.86,10.0,76.0,0.0,16
winter,2012,10,3,0,3,1,clear,8.92,9.0,87.0,0.0,7
winter,2012,10,4,0,3,1,clear,8.92,8.0,81.0,6.0,4
winter,2012,10,5,0,3,1,misty,8.92,9.0,81.0,0.0,41
winter,2012,10,6,0,3,1,clear,9.86,10.0,82.0,0.0,178
winter,2012,10,7,0,3,1,clear,8.92,8.0,81.0,7.0,464
winter,2012,10,8,0,3,1,misty,10.8,11.0,76.0,0.0,817
winter,2012,10,9,0,3,1,misty,11.74,12.0,77.0,0.0,382
winter,2012,10,10,0,3,1,misty,13.62,14.0,67.0,0.0,228
winter,2012,10,11,0,3,1,misty,15.5,16.0,51.0,6.0,234
winter,2012,10,12,0,3,1,misty,16.44,17.0,48.0,11.0,332
winter,2012,10,13,0,3,1,misty,17.38,18.0,49.0,9.0,310
winter,2012,10,14,0,3,1,misty,18.32,19.0,43.0,11.0,270
winter,2012,10,15,0,3,1,misty,19.26,20.0,43.0,15.0,301
winter,2012,10,16,0,3,1,clear,18.32,19.0,52.0,13.0,466
winter,2012,10,17,0,3,1,clear,17.38,18.0,56.0,7.0,888
winter,2012,10,18,0,3,1,clear,16.44,17.0,59.0,11.0,884
winter,2012,10,19,0,3,1,clear,15.5,16.0,72.0,13.0,516
winter,2012,10,20,0,3,1,clear,15.5,16.0,72.0,9.0,414
winter,2012,10,21,0,3,1,clear,13.62,14.0,82.0,13.0,329
winter,2012,10,22,0,3,1,clear,13.62,14.0,88.0,17.0,215
winter,2012,10,23,0,3,1,clear,13.62,14.0,88.0,15.0,99
winter,2012,10,0,0,4,1,clear,13.62,14.0,88.0,13.0,57
winter,2012,10,1,0,4,1,clear,13.62,14.0,82.0,15.0,14
winter,2012,10,2,0,4,1,clear,13.62,14.0,82.0,13.0,14
winter,2012,10,3,0,4,1,clear,12.68,13.0,88.0,15.0,5
winter,2012,10,4,0,4,1,clear,12.68,13.0,88.0,15.0,5
winter,2012,10,5,0,4,1,clear,12.68,13.0,82.0,15.0,42
winter,2012,10,6,0,4,1,clear,12.68,13.0,88.0,20.0,153
winter,2012,10,7,0,4,1,clear,12.68,13.0,88.0,17.0,508
winter,2012,10,8,0,4,1,clear,13.62,14.0,82.0,17.0,834
winter,2012,10,9,0,4,1,misty,15.5,16.0,77.0,11.0,387
winter,2012,10,10,0,4,1,misty,16.44,17.0,68.0,15.0,218
winter,2012,10,11,0,4,1,misty,18.32,19.0,56.0,15.0,268
winter,2012,10,12,0,4,1,misty,20.2,25.0,53.0,17.0,377
winter,2012,10,13,0,4,1,clear,21.14,25.0,53.0,24.0,332
winter,2012,10,14,0,4,1,misty,21.14,25.0,50.0,20.0,285
winter,2012,10,15,0,4,1,misty,20.2,24.0,60.0,13.0,353
winter,2012,10,16,0,4,1,clear,20.2,25.0,56.0,19.0,450
winter,2012,10,17,0,4,1,misty,19.26,20.0,64.0,22.0,890
winter,2012,10,18,0,4,1,misty,18.32,19.0,64.0,22.0,788
winter,2012,10,19,0,4,1,misty,18.32,19.0,68.0,20.0,513
winter,2012,10,20,0,4,1,misty,18.32,19.0,68.0,17.0,387
winter,2012,10,21,0,4,1,misty,17.38,18.0,77.0,13.0,283
winter,2012,10,22,0,4,1,misty,17.38,18.0,83.0,13.0,229
winter,2012,10,23,0,4,1,misty,17.38,18.0,83.0,0.0,117
winter,2012,10,0,0,5,1,misty,18.32,19.0,83.0,7.0,56
winter,2012,10,1,0,5,1,rain,17.38,18.0,88.0,0.0,16
winter,2012,10,2,0,5,1,misty,17.38,18.0,88.0,0.0,10
winter,2012,10,3,0,5,1,misty,18.32,19.0,83.0,0.0,5
winter,2012,10,4,0,5,1,misty,18.32,19.0,83.0,0.0,6
winter,2012,10,5,0,5,1,misty,17.38,18.0,88.0,0.0,36
winter,2012,10,6,0,5,1,rain,17.38,18.0,94.0,11.0,131
winter,2012,10,7,0,5,1,rain,17.38,18.0,94.0,0.0,154
winter,2012,10,8,0,5,1,misty,17.38,18.0,94.0,7.0,467
winter,2012,10,9,0,5,1,misty,17.38,18.0,94.0,7.0,389
winter,2012,10,10,0,5,1,misty,19.26,20.0,88.0,13.0,224
winter,2012,10,11,0,5,1,clear,20.2,21.0,83.0,13.0,252
winter,2012,10,12,0,5,1,clear,22.08,24.0,69.0,15.0,332
winter,2012,10,13,0,5,1,clear,21.14,23.0,73.0,15.0,375
winter,2012,10,14,0,5,1,clear,23.02,25.0,61.0,17.0,365
winter,2012,10,15,0,5,1,clear,22.08,24.0,65.0,20.0,395
winter,2012,10,16,0,5,1,rain,21.14,24.0,69.0,24.0,565
winter,2012,10,17,0,5,1,rain,21.14,24.0,69.0,24.0,425
winter,2012,10,18,0,5,1,clear,18.32,19.0,83.0,7.0,233
winter,2012,10,19,0,5,1,clear,17.38,18.0,88.0,11.0,232
winter,2012,10,20,0,5,1,clear,16.44,17.0,77.0,13.0,229
winter,2012,10,21,0,5,1,clear,15.5,16.0,77.0,0.0,206
winter,2012,10,22,0,5,1,clear,15.5,16.0,77.0,6.0,190
winter,2012,10,23,0,5,1,clear,13.62,14.0,88.0,7.0,131
winter,2012,10,0,0,6,0,clear,13.62,14.0,82.0,9.0,123
winter,2012,10,1,0,6,0,clear,13.62,14.0,72.0,9.0,95
winter,2012,10,2,0,6,0,clear,12.68,13.0,77.0,7.0,78
winter,2012,10,3,0,6,0,clear,11.74,12.0,77.0,9.0,29
winter,2012,10,4,0,6,0,clear,12.68,13.0,72.0,0.0,18
winter,2012,10,5,0,6,0,clear,10.8,11.0,82.0,0.0,13
winter,2012,10,6,0,6,0,clear,11.74,12.0,71.0,0.0,31
winter,2012,10,7,0,6,0,clear,10.8,11.0,82.0,0.0,65
winter,2012,10,8,0,6,0,clear,13.62,14.0,67.0,9.0,193
winter,2012,10,9,0,6,0,clear,15.5,16.0,59.0,9.0,363
winter,2012,10,10,0,6,0,clear,16.44,17.0,52.0,9.0,423
winter,2012,10,11,0,6,0,clear,17.38,18.0,52.0,15.0,612
winter,2012,10,12,0,6,0,clear,18.32,19.0,46.0,7.0,703
winter,2012,10,13,0,6,0,clear,18.32,19.0,43.0,11.0,714
winter,2012,10,14,0,6,0,clear,18.32,19.0,40.0,0.0,711
winter,2012,10,15,0,6,0,clear,18.32,19.0,43.0,0.0,711
winter,2012,10,16,0,6,0,clear,17.38,18.0,42.0,19.0,691
winter,2012,10,17,0,6,0,clear,17.38,18.0,37.0,15.0,731
winter,2012,10,18,0,6,0,clear,16.44,17.0,39.0,15.0,521
winter,2012,10,19,0,6,0,clear,15.5,16.0,45.0,9.0,345
winter,2012,10,20,0,6,0,clear,15.5,16.0,39.0,15.0,259
winter,2012,10,21,0,6,0,clear,13.62,14.0,47.0,15.0,296
winter,2012,10,22,0,6,0,clear,12.68,13.0,51.0,7.0,202
winter,2012,10,23,0,6,0,clear,11.74,12.0,58.0,0.0,163
winter,2012,10,0,0,0,0,clear,12.68,13.0,54.0,11.0,154
winter,2012,10,1,0,0,0,clear,11.74,12.0,58.0,15.0,117
winter,2012,10,2,0,0,0,clear,10.8,11.0,62.0,11.0,132
winter,2012,10,3,0,0,0,clear,9.86,10.0,66.0,6.0,41
winter,2012,10,4,0,0,0,clear,8.92,7.0,71.0,11.0,21
winter,2012,10,5,0,0,0,clear,9.86,10.0,66.0,6.0,10
winter,2012,10,6,0,0,0,clear,10.8,11.0,62.0,0.0,26
winter,2012,10,7,0,0,0,clear,10.8,11.0,62.0,0.0,56
winter,2012,10,8,0,0,0,clear,11.74,12.0,67.0,0.0,143
winter,2012,10,9,0,0,0,clear,13.62,14.0,55.0,11.0,269
winter,2012,10,10,0,0,0,clear,15.5,16.0,48.0,20.0,443
winter,2012,10,11,0,0,0,clear,16.44,17.0,44.0,22.0,547
winter,2012,10,12,0,0,0,clear,17.38,18.0,39.0,22.0,675
winter,2012,10,13,0,0,0,clear,18.32,19.0,37.0,17.0,626
winter,2012,10,14,0,0,0,clear,18.32,19.0,35.0,13.0,640
winter,2012,10,15,0,0,0,clear,18.32,19.0,35.0,22.0,623
winter,2012,10,16,0,0,0,clear,17.38,18.0,37.0,15.0,591
winter,2012,10,17,0,0,0,clear,16.44,17.0,39.0,17.0,491
winter,2012,10,18,0,0,0,clear,16.44,17.0,39.0,13.0,413
winter,2012,10,19,0,0,0,clear,15.5,16.0,42.0,11.0,266
winter,2012,10,20,0,0,0,clear,14.56,15.0,44.0,13.0,195
winter,2012,10,21,0,0,0,clear,11.74,12.0,54.0,11.0,166
winter,2012,10,22,0,0,0,clear,11.74,12.0,54.0,0.0,113
winter,2012,10,23,0,0,0,clear,12.68,13.0,54.0,0.0,66
winter,2012,10,0,0,1,1,clear,10.8,11.0,62.0,0.0,31
winter,2012,10,1,0,1,1,clear,10.8,11.0,71.0,0.0,11
winter,2012,10,2,0,1,1,clear,9.86,10.0,71.0,0.0,5
winter,2012,10,3,0,1,1,clear,10.8,11.0,62.0,0.0,6
winter,2012,10,4,0,1,1,clear,9.86,10.0,66.0,0.0,7
winter,2012,10,5,0,1,1,clear,9.86,10.0,76.0,6.0,46
winter,2012,10,6,0,1,1,clear,8.92,8.0,76.0,6.0,144
winter,2012,10,7,0,1,1,clear,9.86,10.0,66.0,6.0,452
winter,2012,10,8,0,1,1,clear,12.68,13.0,67.0,0.0,728
winter,2012,10,9,0,1,1,clear,13.62,14.0,63.0,6.0,360
winter,2012,10,10,0,1,1,clear,15.5,16.0,55.0,0.0,212
winter,2012,10,11,0,1,1,clear,18.32,19.0,37.0,11.0,211
winter,2012,10,12,0,1,1,clear,19.26,20.0,35.0,0.0,283
winter,2012,10,13,0,1,1,clear,21.14,25.0,29.0,11.0,315
winter,2012,10,14,0,1,1,clear,21.14,24.0,27.0,13.0,282
winter,2012,10,15,0,1,1,clear,22.08,25.0,29.0,11.0,296
winter,2012,10,16,0,1,1,clear,21.14,25.0,33.0,11.0,524
winter,2012,10,17,0,1,1,clear,21.14,25.0,33.0,7.0,922
winter,2012,10,18,0,1,1,clear,17.38,18.0,64.0,7.0,786
winter,2012,10,19,0,1,1,clear,16.44,17.0,52.0,7.0,514
winter,2012,10,20,0,1,1,clear,15.5,16.0,59.0,7.0,403
winter,2012,10,21,0,1,1,clear,14.56,15.0,67.0,6.0,174
winter,2012,10,22,0,1,1,clear,13.62,14.0,82.0,9.0,183
winter,2012,10,23,0,1,1,clear,13.62,14.0,82.0,7.0,163
winter,2012,10,0,0,2,1,clear,13.62,14.0,88.0,11.0,37
winter,2012,10,1,0,2,1,clear,13.62,14.0,77.0,11.0,17
winter,2012,10,2,0,2,1,clear,12.68,13.0,88.0,9.0,7
winter,2012,10,3,0,2,1,clear,12.68,13.0,77.0,9.0,1
winter,2012,10,4,0,2,1,clear,11.74,12.0,77.0,7.0,7
winter,2012,10,5,0,2,1,clear,12.68,13.0,77.0,6.0,50
winter,2012,10,6,0,2,1,clear,10.8,11.0,82.0,6.0,158
winter,2012,10,7,0,2,1,misty,12.68,13.0,77.0,7.0,531
winter,2012,10,8,0,2,1,misty,13.62,14.0,72.0,6.0,761
winter,2012,10,9,0,2,1,misty,15.5,16.0,72.0,7.0,334
winter,2012,10,10,0,2,1,clear,17.38,18.0,60.0,0.0,221
winter,2012,10,11,0,2,1,clear,20.2,25.0,53.0,0.0,253
winter,2012,10,12,0,2,1,misty,21.14,25.0,46.0,6.0,378
winter,2012,10,13,0,2,1,misty,22.08,25.0,44.0,0.0,303
winter,2012,10,14,0,2,1,clear,23.96,26.0,41.0,11.0,296
winter,2012,10,15,0,2,1,clear,23.96,26.0,41.0,15.0,346
winter,2012,10,16,0,2,1,clear,23.96,26.0,44.0,6.0,541
winter,2012,10,17,0,2,1,clear,23.96,26.0,41.0,0.0,938
winter,2012,10,18,0,2,1,clear,21.14,25.0,53.0,6.0,826
winter,2012,10,19,0,2,1,clear,21.14,25.0,57.0,6.0,482
winter,2012,10,20,0,2,1,clear,19.26,20.0,64.0,9.0,379
winter,2012,10,21,0,2,1,clear,18.32,19.0,68.0,0.0,295
winter,2012,10,22,0,2,1,clear,18.32,19.0,68.0,7.0,194
winter,2012,10,23,0,2,1,clear,17.38,18.0,73.0,7.0,111
winter,2012,10,0,0,3,1,clear,17.38,18.0,73.0,6.0,46
winter,2012,10,1,0,3,1,clear,17.38,18.0,68.0,0.0,27
winter,2012,10,2,0,3,1,clear,17.38,18.0,68.0,0.0,6
winter,2012,10,3,0,3,1,clear,15.5,16.0,77.0,6.0,4
winter,2012,10,4,0,3,1,clear,15.5,16.0,77.0,6.0,6
winter,2012,10,5,0,3,1,clear,15.5,16.0,82.0,0.0,53
winter,2012,10,6,0,3,1,clear,14.56,15.0,82.0,7.0,173
winter,2012,10,7,0,3,1,clear,15.5,16.0,88.0,6.0,526
winter,2012,10,8,0,3,1,misty,16.44,17.0,83.0,7.0,801
winter,2012,10,9,0,3,1,misty,16.44,17.0,77.0,6.0,373
winter,2012,10,10,0,3,1,misty,17.38,18.0,73.0,0.0,171
winter,2012,10,11,0,3,1,clear,19.26,20.0,64.0,0.0,236
winter,2012,10,12,0,3,1,clear,21.14,24.0,61.0,6.0,316
winter,2012,10,13,0,3,1,clear,23.02,25.0,54.0,0.0,306
winter,2012,10,14,0,3,1,clear,26.78,27.0,30.0,17.0,301
winter,2012,10,15,0,3,1,clear,24.9,26.0,39.0,7.0,308
winter,2012,10,16,0,3,1,clear,26.78,27.0,33.0,9.0,532
winter,2012,10,17,0,3,1,clear,23.02,25.0,47.0,0.0,963
winter,2012,10,18,0,3,1,clear,23.02,25.0,44.0,0.0,858
winter,2012,10,19,0,3,1,misty,22.08,25.0,53.0,6.0,572
winter,2012,10,20,0,3,1,misty,21.14,24.0,61.0,6.0,441
winter,2012,10,21,0,3,1,misty,21.14,24.0,61.0,7.0,313
winter,2012,10,22,0,3,1,misty,20.2,24.0,64.0,9.0,238
winter,2012,10,23,0,3,1,misty,19.26,20.0,68.0,6.0,123
winter,2012,10,0,0,4,1,misty,20.2,24.0,64.0,7.0,76
winter,2012,10,1,0,4,1,clear,19.26,20.0,68.0,0.0,28
winter,2012,10,2,0,4,1,clear,17.38,18.0,77.0,0.0,18
winter,2012,10,3,0,4,1,misty,16.44,17.0,88.0,9.0,8
winter,2012,10,4,0,4,1,misty,16.44,17.0,88.0,7.0,5
winter,2012,10,5,0,4,1,misty,16.44,17.0,88.0,11.0,55
winter,2012,10,6,0,4,1,misty,16.44,17.0,88.0,13.0,171
winter,2012,10,7,0,4,1,misty,16.44,17.0,88.0,13.0,495
winter,2012,10,8,0,4,1,misty,16.44,17.0,83.0,11.0,779
winter,2012,10,9,0,4,1,misty,16.44,17.0,83.0,13.0,343
winter,2012,10,10,0,4,1,misty,17.38,18.0,83.0,9.0,225
winter,2012,10,11,0,4,1,misty,17.38,18.0,83.0,7.0,238
winter,2012,10,12,0,4,1,misty,18.32,19.0,78.0,7.0,319
winter,2012,10,13,0,4,1,misty,18.32,19.0,78.0,0.0,313
winter,2012,10,14,0,4,1,clear,20.2,23.0,73.0,9.0,285
winter,2012,10,15,0,4,1,clear,21.14,24.0,65.0,9.0,305
winter,2012,10,16,0,4,1,clear,20.2,23.0,69.0,11.0,499
winter,2012,10,17,0,4,1,clear,20.2,23.0,69.0,11.0,886
winter,2012,10,18,0,4,1,clear,18.32,19.0,83.0,7.0,809
winter,2012,10,19,0,4,1,clear,17.38,18.0,83.0,13.0,542
winter,2012,10,20,0,4,1,misty,16.44,17.0,88.0,9.0,347
winter,2012,10,21,0,4,1,misty,16.44,17.0,88.0,9.0,271
winter,2012,10,22,0,4,1,misty,17.38,18.0,83.0,6.0,207
winter,2012,10,23,0,4,1,misty,17.38,18.0,83.0,9.0,135
winter,2012,10,0,0,5,1,misty,17.38,18.0,77.0,0.0,71
winter,2012,10,1,0,5,1,misty,16.44,17.0,88.0,6.0,36
winter,2012,10,2,0,5,1,misty,16.44,17.0,88.0,7.0,19
winter,2012,10,3,0,5,1,misty,16.44,17.0,88.0,11.0,13
winter,2012,10,4,0,5,1,misty,16.44,17.0,88.0,11.0,5
winter,2012,10,5,0,5,1,misty,16.44,17.0,88.0,7.0,50
winter,2012,10,6,0,5,1,misty,16.44,17.0,88.0,6.0,144
winter,2012,10,7,0,5,1,misty,16.44,17.0,88.0,7.0,421
winter,2012,10,8,0,5,1,misty,17.38,18.0,88.0,9.0,734
winter,2012,10,9,0,5,1,misty,17.38,18.0,88.0,9.0,403
winter,2012,10,10,0,5,1,misty,17.38,18.0,88.0,7.0,197
winter,2012,10,11,0,5,1,misty,18.32,19.0,78.0,11.0,290
winter,2012,10,12,0,5,1,misty,19.26,20.0,73.0,13.0,392
winter,2012,10,13,0,5,1,misty,19.26,20.0,68.0,9.0,337
winter,2012,10,14,0,5,1,misty,20.2,24.0,64.0,9.0,351
winter,2012,10,15,0,5,1,misty,21.14,24.0,61.0,7.0,448
winter,2012,10,16,0,5,1,misty,19.26,20.0,73.0,11.0,582
winter,2012,10,17,0,5,1,misty,18.32,19.0,76.0,13.0,817
winter,2012,10,18,0,5,1,misty,18.32,19.0,78.0,9.0,665
winter,2012,10,19,0,5,1,misty,17.38,18.0,83.0,11.0,471
winter,2012,10,20,0,5,1,misty,17.38,18.0,83.0,11.0,311
winter,2012,10,21,0,5,1,misty,17.38,18.0,77.0,9.0,292
winter,2012,10,22,0,5,1,misty,16.44,17.0,83.0,9.0,217
winter,2012,10,23,0,5,1,clear,16.44,17.0,83.0,11.0,178
winter,2012,10,0,0,6,0,clear,15.5,16.0,88.0,9.0,142
winter,2012,10,1,0,6,0,misty,15.5,16.0,88.0,9.0,146
winter,2012,10,2,0,6,0,misty,15.5,16.0,88.0,13.0,90
winter,2012,10,3,0,6,0,clear,15.5,16.0,88.0,11.0,26
winter,2012,10,4,0,6,0,misty,15.5,16.0,88.0,11.0,13
winter,2012,10,5,0,6,0,misty,15.5,16.0,82.0,13.0,9
winter,2012,10,6,0,6,0,misty,15.5,16.0,82.0,13.0,31
winter,2012,10,7,0,6,0,clear,14.56,15.0,83.0,13.0,86
winter,2012,10,8,0,6,0,clear,15.5,16.0,77.0,17.0,213
winter,2012,10,9,0,6,0,clear,15.5,16.0,77.0,17.0,328
winter,2012,10,10,0,6,0,clear,17.38,18.0,73.0,19.0,479
winter,2012,10,11,0,6,0,clear,18.32,19.0,64.0,19.0,585
winter,2012,10,12,0,6,0,clear,20.2,25.0,53.0,17.0,668
winter,2012,10,13,0,6,0,clear,20.2,25.0,43.0,17.0,760
winter,2012,10,14,0,6,0,clear,20.2,25.0,46.0,17.0,750
winter,2012,10,15,0,6,0,misty,18.32,19.0,60.0,19.0,711
winter,2012,10,16,0,6,0,misty,18.32,19.0,64.0,19.0,612
winter,2012,10,17,0,6,0,misty,18.32,19.0,64.0,19.0,618
winter,2012,10,18,0,6,0,misty,18.32,19.0,64.0,19.0,456
winter,2012,10,19,0,6,0,misty,16.44,17.0,72.0,15.0,300
winter,2012,10,20,0,6,0,misty,16.44,17.0,72.0,15.0,296
winter,2012,10,21,0,6,0,misty,16.44,17.0,72.0,15.0,209
winter,2012,10,22,0,6,0,misty,16.44,17.0,72.0,17.0,157
winter,2012,10,23,0,6,0,misty,16.44,17.0,68.0,26.0,167
winter,2012,10,0,0,0,0,rain,16.44,17.0,68.0,20.0,117
winter,2012,10,1,0,0,0,misty,15.5,16.0,72.0,19.0,133
winter,2012,10,2,0,0,0,misty,15.5,16.0,68.0,20.0,116
winter,2012,10,3,0,0,0,misty,15.5,16.0,63.0,22.0,79
winter,2012,10,4,0,0,0,misty,15.5,16.0,63.0,24.0,20
winter,2012,10,5,0,0,0,misty,15.5,16.0,63.0,20.0,28
winter,2012,10,6,0,0,0,misty,15.5,16.0,59.0,22.0,39
winter,2012,10,7,0,0,0,misty,15.5,16.0,59.0,20.0,65
winter,2012,10,8,0,0,0,misty,15.5,16.0,59.0,37.0,173
winter,2012,10,9,0,0,0,misty,15.5,16.0,55.0,28.0,330
winter,2012,10,10,0,0,0,misty,14.56,15.0,51.0,28.0,434
winter,2012,10,11,0,0,0,misty,15.5,16.0,51.0,26.0,462
winter,2012,10,12,0,0,0,misty,14.56,15.0,59.0,33.0,491
winter,2012,10,13,0,0,0,misty,14.56,15.0,59.0,28.0,391
winter,2012,10,14,0,0,0,misty,15.5,16.0,59.0,30.0,402
winter,2012,10,15,0,0,0,misty,15.5,16.0,63.0,33.0,301
winter,2012,10,16,0,0,0,rain,14.56,15.0,67.0,31.0,293
winter,2012,10,17,0,0,0,rain,13.62,14.0,77.0,35.0,225
winter,2012,10,18,0,0,0,rain,11.74,12.0,94.0,33.0,154
winter,2012,10,19,0,0,0,rain,11.74,12.0,94.0,24.0,54
winter,2012,10,20,0,0,0,rain,11.74,12.0,94.0,31.0,55
winter,2012,10,21,0,0,0,rain,12.68,13.0,88.0,28.0,46
winter,2012,10,22,0,0,0,rain,12.68,13.0,88.0,24.0,37
winter,2012,10,23,0,0,0,rain,11.74,12.0,94.0,24.0,14
winter,2012,10,0,0,1,1,rain,12.68,13.0,88.0,24.0,22
winter,2012,10,13,0,2,1,rain,6.1,2.0,81.0,24.0,116
winter,2012,10,14,0,2,1,rain,6.1,2.0,81.0,24.0,126
winter,2012,10,15,0,2,1,rain,6.1,3.0,87.0,17.0,124
winter,2012,10,16,0,2,1,rain,6.1,3.0,87.0,17.0,98
winter,2012,10,17,0,2,1,rain,6.1,3.0,87.0,15.0,124
winter,2012,10,18,0,2,1,rain,6.1,4.0,87.0,9.0,143
winter,2012,10,19,0,2,1,misty,15.5,16.0,68.0,13.0,115
winter,2012,10,20,0,2,1,misty,6.1,3.0,81.0,13.0,81
winter,2012,10,21,0,2,1,misty,6.1,5.0,87.0,7.0,64
winter,2012,10,22,0,2,1,clear,6.1,4.0,81.0,9.0,66
winter,2012,10,23,0,2,1,clear,6.1,4.0,81.0,9.0,39
winter,2012,10,0,0,3,1,misty,6.1,5.0,81.0,7.0,16
winter,2012,10,1,0,3,1,misty,6.1,5.0,81.0,6.0,8
winter,2012,10,2,0,3,1,misty,6.1,4.0,81.0,9.0,7
winter,2012,10,3,0,3,1,misty,6.1,5.0,81.0,7.0,3
winter,2012,10,4,0,3,1,misty,6.1,3.0,87.0,13.0,5
winter,2012,10,5,0,3,1,misty,6.1,4.0,81.0,9.0,24
winter,2012,10,6,0,3,1,clear,6.1,4.0,81.0,11.0,116
winter,2012,10,7,0,3,1,misty,6.1,4.0,87.0,9.0,337
winter,2012,10,8,0,3,1,clear,7.04,6.0,81.0,9.0,621
winter,2012,10,9,0,3,1,clear,7.98,6.0,76.0,9.0,297
winter,2012,10,10,0,3,1,clear,8.92,6.0,71.0,19.0,168
winter,2012,10,11,0,3,1,misty,8.92,7.0,66.0,15.0,189
winter,2012,10,12,0,3,1,clear,10.8,11.0,58.0,13.0,241
winter,2012,10,13,0,3,1,clear,11.74,12.0,50.0,15.0,213
winter,2012,10,14,0,3,1,misty,11.74,12.0,50.0,15.0,224
winter,2012,10,15,0,3,1,clear,11.74,12.0,54.0,11.0,230
winter,2012,10,16,0,3,1,misty,11.74,12.0,54.0,15.0,424
winter,2012,10,17,0,3,1,misty,10.8,11.0,58.0,11.0,723
winter,2012,10,18,0,3,1,misty,10.8,11.0,58.0,11.0,584
winter,2012,10,19,0,3,1,misty,10.8,11.0,50.0,13.0,410
winter,2012,10,20,0,3,1,misty,10.8,11.0,50.0,13.0,268
winter,2012,10,21,0,3,1,misty,10.8,11.0,50.0,13.0,192
winter,2012,10,22,0,3,1,clear,8.92,7.0,57.0,9.0,165
winter,2012,10,23,0,3,1,clear,8.92,8.0,57.0,6.0,101
winter,2012,11,0,0,4,1,clear,8.92,8.0,57.0,6.0,60
winter,2012,11,1,0,4,1,clear,6.1,5.0,75.0,7.0,30
winter,2012,11,2,0,4,1,clear,7.04,6.0,66.0,9.0,20
winter,2012,11,3,0,4,1,clear,7.98,6.0,61.0,9.0,15
winter,2012,11,4,0,4,1,misty,7.98,7.0,66.0,7.0,10
winter,2012,11,5,0,4,1,clear,7.98,6.0,66.0,9.0,40
winter,2012,11,6,0,4,1,clear,7.98,6.0,61.0,11.0,148
winter,2012,11,7,0,4,1,misty,8.92,7.0,57.0,11.0,420
winter,2012,11,8,0,4,1,misty,8.92,9.0,56.0,7.0,680
winter,2012,11,9,0,4,1,rain,8.92,8.0,57.0,7.0,331
winter,2012,11,10,0,4,1,rain,8.92,7.0,62.0,13.0,146
winter,2012,11,11,0,4,1,rain,8.92,7.0,62.0,13.0,170
winter,2012,11,12,0,4,1,rain,9.86,10.0,62.0,11.0,221
winter,2012,11,13,0,4,1,misty,10.8,11.0,58.0,11.0,248
winter,2012,11,14,0,4,1,misty,10.8,11.0,50.0,15.0,185
winter,2012,11,15,0,4,1,misty,10.8,11.0,54.0,11.0,214
winter,2012,11,16,0,4,1,misty,10.8,11.0,54.0,11.0,344
winter,2012,11,17,0,4,1,rain,10.8,11.0,50.0,15.0,689
winter,2012,11,18,0,4,1,misty,10.8,11.0,50.0,11.0,678
winter,2012,11,19,0,4,1,misty,10.8,11.0,50.0,11.0,452
winter,2012,11,20,0,4,1,misty,9.86,10.0,54.0,17.0,296
winter,2012,11,21,0,4,1,misty,9.86,10.0,54.0,9.0,267
winter,2012,11,22,0,4,1,clear,8.92,7.0,57.0,11.0,202
winter,2012,11,23,0,4,1,clear,7.98,6.0,57.0,11.0,120
winter,2012,11,0,0,5,1,clear,7.98,6.0,57.0,11.0,50
winter,2012,11,1,0,5,1,clear,7.04,5.0,66.0,11.0,24
winter,2012,11,2,0,5,1,clear,7.04,5.0,66.0,11.0,10
winter,2012,11,3,0,5,1,clear,6.1,4.0,70.0,11.0,3
winter,2012,11,4,0,5,1,clear,6.1,5.0,70.0,7.0,7
winter,2012,11,5,0,5,1,misty,7.04,5.0,66.0,11.0,26
winter,2012,11,6,0,5,1,clear,6.1,4.0,70.0,11.0,122
winter,2012,11,7,0,5,1,misty,6.1,4.0,70.0,9.0,357
winter,2012,11,8,0,5,1,clear,7.04,6.0,57.0,7.0,687
winter,2012,11,9,0,5,1,clear,7.98,7.0,53.0,7.0,382
winter,2012,11,10,0,5,1,clear,9.86,10.0,46.0,20.0,204
winter,2012,11,11,0,5,1,clear,11.74,12.0,41.0,28.0,221
winter,2012,11,12,0,5,1,clear,11.74,12.0,41.0,24.0,292
winter,2012,11,13,0,5,1,clear,10.8,11.0,43.0,24.0,294
winter,2012,11,14,0,5,1,misty,10.8,11.0,40.0,33.0,262
winter,2012,11,15,0,5,1,misty,10.8,11.0,40.0,28.0,306
winter,2012,11,16,0,5,1,clear,9.86,10.0,40.0,22.0,421
winter,2012,11,17,0,5,1,clear,9.86,10.0,40.0,22.0,638
winter,2012,11,18,0,5,1,misty,9.86,10.0,43.0,22.0,522
winter,2012,11,19,0,5,1,misty,9.86,10.0,43.0,20.0,374
winter,2012,11,20,0,5,1,misty,8.92,6.0,46.0,28.0,221
winter,2012,11,21,0,5,1,misty,8.92,6.0,46.0,24.0,156
winter,2012,11,22,0,5,1,clear,8.92,6.0,46.0,17.0,149
winter,2012,11,23,0,5,1,clear,7.98,4.0,53.0,20.0,119
winter,2012,11,0,0,6,0,clear,7.98,6.0,53.0,11.0,108
winter,2012,11,1,0,6,0,misty,7.98,4.0,49.0,22.0,89
winter,2012,11,2,0,6,0,misty,7.98,5.0,49.0,17.0,46
winter,2012,11,3,0,6,0,misty,7.98,5.0,49.0,17.0,28
winter,2012,11,4,0,6,0,misty,7.04,4.0,49.0,20.0,16
winter,2012,11,5,0,6,0,misty,7.04,4.0,49.0,17.0,9
winter,2012,11,6,0,6,0,misty,7.04,5.0,49.0,13.0,21
winter,2012,11,7,0,6,0,misty,7.04,4.0,49.0,17.0,59
winter,2012,11,8,0,6,0,misty,7.98,4.0,46.0,20.0,142
winter,2012,11,9,0,6,0,misty,7.98,4.0,49.0,20.0,219
winter,2012,11,10,0,6,0,clear,8.92,6.0,46.0,26.0,328
winter,2012,11,11,0,6,0,misty,8.92,6.0,46.0,26.0,340
winter,2012,11,12,0,6,0,misty,8.92,5.0,46.0,31.0,394
winter,2012,11,13,0,6,0,misty,8.92,6.0,46.0,24.0,449
winter,2012,11,14,0,6,0,misty,8.92,6.0,50.0,22.0,455
winter,2012,11,15,0,6,0,misty,8.92,5.0,46.0,30.0,448
winter,2012,11,16,0,6,0,misty,8.92,6.0,46.0,22.0,400
winter,2012,11,17,0,6,0,misty,8.92,6.0,46.0,20.0,410
winter,2012,11,18,0,6,0,misty,8.92,6.0,46.0,19.0,297
winter,2012,11,19,0,6,0,clear,8.92,7.0,50.0,11.0,239
winter,2012,11,20,0,6,0,clear,7.98,6.0,53.0,9.0,181
winter,2012,11,21,0,6,0,clear,7.98,7.0,53.0,7.0,166
winter,2012,11,22,0,6,0,clear,7.04,6.0,57.0,7.0,146
winter,2012,11,23,0,6,0,clear,7.04,6.0,57.0,7.0,148
winter,2012,11,0,0,0,0,clear,6.1,5.0,61.0,7.0,102
winter,2012,11,1,0,0,0,clear,4.22,3.0,81.0,6.0,165
winter,2012,11,2,0,0,0,clear,6.1,6.0,65.0,0.0,37
winter,2012,11,3,0,0,0,clear,5.16,3.0,61.0,7.0,11
winter,2012,11,4,0,0,0,clear,4.22,2.0,65.0,9.0,9
winter,2012,11,5,0,0,0,clear,4.22,2.0,65.0,7.0,5
winter,2012,11,6,0,0,0,clear,5.16,3.0,61.0,9.0,16
winter,2012,11,7,0,0,0,clear,4.22,2.0,65.0,7.0,50
winter,2012,11,8,0,0,0,clear,6.1,4.0,56.0,9.0,149
winter,2012,11,9,0,0,0,clear,7.04,6.0,53.0,0.0,217
winter,2012,11,10,0,0,0,clear,7.98,6.0,49.0,13.0,360
winter,2012,11,11,0,0,0,clear,9.86,10.0,46.0,15.0,445
winter,2012,11,12,0,0,0,clear,9.86,10.0,46.0,15.0,504
winter,2012,11,13,0,0,0,clear,10.8,11.0,43.0,15.0,493
winter,2012,11,14,0,0,0,clear,10.8,11.0,40.0,13.0,509
winter,2012,11,15,0,0,0,clear,10.8,11.0,40.0,15.0,449
winter,2012,11,16,0,0,0,clear,10.8,11.0,40.0,22.0,435
winter,2012,11,17,0,0,0,clear,8.92,7.0,43.0,13.0,327
winter,2012,11,18,0,0,0,clear,8.92,7.0,43.0,15.0,237
winter,2012,11,19,0,0,0,clear,8.92,6.0,43.0,17.0,227
winter,2012,11,20,0,0,0,clear,7.04,3.0,53.0,24.0,141
winter,2012,11,21,0,0,0,clear,6.1,2.0,52.0,20.0,87
winter,2012,11,22,0,0,0,clear,6.1,3.0,52.0,19.0,79
winter,2012,11,23,0,0,0,misty,6.1,4.0,56.0,11.0,53
winter,2012,11,0,0,1,1,misty,6.1,3.0,56.0,13.0,23
winter,2012,11,1,0,1,1,misty,6.1,4.0,56.0,11.0,8
winter,2012,11,2,0,1,1,misty,6.1,4.0,56.0,11.0,6
winter,2012,11,3,0,1,1,misty,6.1,3.0,56.0,15.0,4
winter,2012,11,4,0,1,1,misty,6.1,3.0,52.0,17.0,16
winter,2012,11,5,0,1,1,misty,6.1,2.0,52.0,22.0,39
winter,2012,11,6,0,1,1,misty,6.1,3.0,49.0,19.0,139
winter,2012,11,7,0,1,1,misty,6.1,3.0,49.0,17.0,461
winter,2012,11,8,0,1,1,misty,6.1,3.0,49.0,15.0,648
winter,2012,11,9,0,1,1,misty,6.1,3.0,52.0,19.0,257
winter,2012,11,10,0,1,1,clear,7.04,4.0,49.0,19.0,142
winter,2012,11,11,0,1,1,clear,7.98,5.0,46.0,15.0,150
winter,2012,11,12,0,1,1,clear,8.92,6.0,43.0,22.0,244
winter,2012,11,13,0,1,1,clear,8.92,6.0,40.0,17.0,222
winter,2012,11,14,0,1,1,clear,9.86,10.0,40.0,11.0,196
winter,2012,11,15,0,1,1,clear,9.86,10.0,40.0,19.0,231
winter,2012,11,16,0,1,1,clear,8.92,6.0,43.0,19.0,360
winter,2012,11,17,0,1,1,clear,7.98,5.0,46.0,15.0,638
winter,2012,11,18,0,1,1,clear,7.98,5.0,46.0,15.0,542
winter,2012,11,19,0,1,1,clear,7.04,5.0,49.0,11.0,372
winter,2012,11,20,0,1,1,clear,7.04,4.0,49.0,17.0,241
winter,2012,11,21,0,1,1,clear,6.1,3.0,52.0,19.0,152
winter,2012,11,22,0,1,1,clear,5.16,2.0,56.0,13.0,115
winter,2012,11,23,0,1,1,clear,4.22,2.0,60.0,9.0,53
winter,2012,11,0,0,2,1,clear,3.28,1.0,60.0,7.0,19
winter,2012,11,1,0,2,1,clear,3.28,-0.0,60.0,11.0,8
winter,2012,11,2,0,2,1,clear,3.28,1.0,65.0,6.0,2
winter,2012,11,3,0,2,1,clear,2.34,-0.0,64.0,7.0,4
winter,2012,11,4,0,2,1,clear,2.34,1.0,69.0,6.0,7
winter,2012,11,5,0,2,1,misty,2.34,-1.0,64.0,13.0,41
winter,2012,11,6,0,2,1,clear,2.34,-1.0,69.0,9.0,149
winter,2012,11,7,0,2,1,clear,1.4,-2.0,69.0,11.0,387
winter,2012,11,8,0,2,1,clear,2.34,-1.0,69.0,11.0,588
winter,2012,11,9,0,2,1,clear,4.22,1.0,60.0,11.0,363
winter,2012,11,10,0,2,1,clear,6.1,3.0,49.0,13.0,230
winter,2012,11,11,0,2,1,clear,7.04,6.0,45.0,9.0,216
winter,2012,11,12,0,2,1,clear,7.04,6.0,45.0,9.0,248
winter,2012,11,13,0,2,1,clear,7.98,6.0,46.0,9.0,278
winter,2012,11,14,0,2,1,clear,8.92,8.0,40.0,7.0,240
winter,2012,11,15,0,2,1,clear,7.98,5.0,46.0,17.0,272
winter,2012,11,16,0,2,1,clear,7.98,6.0,46.0,11.0,402
winter,2012,11,17,0,2,1,clear,7.04,4.0,53.0,15.0,627
winter,2012,11,18,0,2,1,clear,7.04,4.0,57.0,20.0,497
winter,2012,11,19,0,2,1,clear,6.1,3.0,56.0,15.0,371
winter,2012,11,20,0,2,1,clear,6.1,3.0,61.0,15.0,228
winter,2012,11,21,0,2,1,misty,6.1,3.0,56.0,17.0,151
winter,2012,11,22,0,2,1,misty,6.1,3.0,56.0,15.0,153
winter,2012,11,23,0,2,1,clear,6.1,3.0,56.0,15.0,205
winter,2012,11,0,0,3,1,misty,6.1,3.0,56.0,19.0,283
winter,2012,11,1,0,3,1,misty,5.16,2.0,61.0,17.0,92
winter,2012,11,2,0,3,1,misty,5.16,1.0,56.0,20.0,74
winter,2012,11,3,0,3,1,misty,5.16,1.0,52.0,22.0,11
winter,2012,11,4,0,3,1,misty,5.16,1.0,52.0,20.0,9
winter,2012,11,5,0,3,1,misty,5.16,1.0,52.0,22.0,27
winter,2012,11,6,0,3,1,misty,4.22,-0.0,56.0,19.0,118
winter,2012,11,7,0,3,1,misty,4.22,-1.0,56.0,20.0,319
winter,2012,11,8,0,3,1,misty,4.22,-0.0,60.0,19.0,601
winter,2012,11,9,0,3,1,misty,4.22,-0.0,60.0,19.0,368
winter,2012,11,10,0,3,1,misty,5.16,1.0,56.0,20.0,178
winter,2012,11,11,0,3,1,misty,7.04,3.0,51.0,24.0,147
winter,2012,11,12,0,3,1,misty,7.04,4.0,53.0,19.0,212
winter,2012,11,13,0,3,1,misty,7.04,4.0,53.0,17.0,181
winter,2012,11,14,0,3,1,misty,7.04,3.0,53.0,24.0,161
winter,2012,11,15,0,3,1,misty,7.04,4.0,53.0,20.0,198
winter,2012,11,16,0,3,1,misty,7.04,3.0,53.0,24.0,273
winter,2012,11,17,0,3,1,misty,7.04,3.0,53.0,26.0,517
winter,2012,11,18,0,3,1,misty,7.04,3.0,53.0,24.0,465
winter,2012,11,19,0,3,1,misty,6.1,2.0,56.0,20.0,319
winter,2012,11,20,0,3,1,misty,7.04,4.0,49.0,22.0,256
winter,2012,11,21,0,3,1,misty,7.04,4.0,49.0,20.0,126
winter,2012,11,22,0,3,1,rain,6.1,3.0,56.0,17.0,60
winter,2012,11,23,0,3,1,rain,5.16,2.0,65.0,15.0,40
winter,2012,11,0,0,4,1,rain,5.16,2.0,61.0,15.0,15
winter,2012,11,1,0,4,1,rain,6.1,2.0,52.0,24.0,12
winter,2012,11,2,0,4,1,misty,6.1,3.0,49.0,15.0,6
winter,2012,11,4,0,4,1,misty,6.1,3.0,45.0,19.0,10
winter,2012,11,5,0,4,1,misty,6.1,3.0,42.0,15.0,35
winter,2012,11,6,0,4,1,clear,6.1,3.0,39.0,15.0,124
winter,2012,11,7,0,4,1,clear,5.16,1.0,36.0,26.0,423
winter,2012,11,8,0,4,1,clear,6.1,3.0,33.0,19.0,668
winter,2012,11,9,0,4,1,clear,7.04,3.0,31.0,24.0,275
winter,2012,11,10,0,4,1,clear,7.04,4.0,31.0,22.0,161
winter,2012,11,11,0,4,1,clear,8.92,6.0,29.0,26.0,171
winter,2012,11,12,0,4,1,clear,10.8,11.0,24.0,33.0,235
winter,2012,11,13,0,4,1,clear,12.68,13.0,18.0,28.0,228
winter,2012,11,14,0,4,1,clear,12.68,13.0,18.0,28.0,182
winter,2012,11,15,0,4,1,clear,12.68,13.0,18.0,28.0,233
winter,2012,11,16,0,4,1,clear,11.74,12.0,16.0,26.0,339
winter,2012,11,17,0,4,1,clear,10.8,11.0,20.0,20.0,592
winter,2012,11,18,0,4,1,clear,10.8,11.0,24.0,28.0,507
winter,2012,11,19,0,4,1,clear,9.86,10.0,27.0,24.0,373
winter,2012,11,20,0,4,1,clear,9.86,10.0,29.0,31.0,245
winter,2012,11,21,0,4,1,clear,8.92,6.0,37.0,26.0,233
winter,2012,11,22,0,4,1,clear,7.98,4.0,42.0,20.0,161
winter,2012,11,23,0,4,1,clear,7.98,4.0,46.0,24.0,87
winter,2012,11,0,0,5,1,clear,7.98,4.0,49.0,22.0,55
winter,2012,11,1,0,5,1,clear,7.04,4.0,53.0,19.0,20
winter,2012,11,2,0,5,1,clear,7.04,4.0,53.0,17.0,12
winter,2012,11,3,0,5,1,clear,7.04,3.0,53.0,28.0,9
winter,2012,11,4,0,5,1,clear,7.04,3.0,53.0,24.0,14
winter,2012,11,5,0,5,1,clear,6.1,3.0,56.0,13.0,27
winter,2012,11,6,0,5,1,clear,4.22,2.0,65.0,7.0,131
winter,2012,11,7,0,5,1,clear,4.22,2.0,65.0,9.0,341
winter,2012,11,8,0,5,1,clear,7.04,5.0,57.0,11.0,693
winter,2012,11,9,0,5,1,clear,7.98,4.0,53.0,28.0,327
winter,2012,11,10,0,5,1,clear,8.92,6.0,50.0,22.0,197
winter,2012,11,11,0,5,1,clear,10.8,11.0,47.0,20.0,251
winter,2012,11,12,0,5,1,clear,12.68,13.0,41.0,22.0,262
winter,2012,11,13,0,5,1,clear,13.62,14.0,38.0,20.0,299
winter,2012,11,14,0,5,1,clear,13.62,14.0,38.0,13.0,274
winter,2012,11,15,0,5,1,clear,13.62,14.0,36.0,15.0,356
winter,2012,11,16,0,5,1,clear,13.62,14.0,38.0,11.0,434
winter,2012,11,17,0,5,1,clear,11.74,12.0,44.0,9.0,654
winter,2012,11,18,0,5,1,clear,11.74,12.0,44.0,7.0,496
winter,2012,11,19,0,5,1,clear,7.98,7.0,71.0,6.0,361
winter,2012,11,20,0,5,1,clear,8.92,7.0,66.0,9.0,255
winter,2012,11,21,0,5,1,clear,7.98,8.0,76.0,0.0,199
winter,2012,11,22,0,5,1,clear,7.98,7.0,71.0,7.0,163
winter,2012,11,23,0,5,1,clear,7.04,6.0,81.0,6.0,162
winter,2012,11,0,0,6,0,clear,7.04,6.0,76.0,6.0,122
winter,2012,11,1,0,6,0,clear,6.1,5.0,81.0,6.0,76
winter,2012,11,2,0,6,0,clear,7.04,7.0,81.0,0.0,44
winter,2012,11,3,0,6,0,clear,6.1,6.0,81.0,0.0,20
winter,2012,11,4,0,6,0,clear,4.22,2.0,87.0,7.0,6
winter,2012,11,5,0,6,0,clear,5.16,5.0,87.0,0.0,10
winter,2012,11,6,0,6,0,clear,3.28,1.0,93.0,6.0,16
winter,2012,11,7,0,6,0,clear,4.22,2.0,87.0,7.0,71
winter,2012,11,8,0,6,0,clear,7.04,7.0,76.0,0.0,146
winter,2012,11,9,0,6,0,clear,8.92,7.0,66.0,13.0,259
winter,2012,11,10,0,6,0,clear,10.8,11.0,58.0,0.0,350
winter,2012,11,11,0,6,0,clear,10.8,11.0,58.0,7.0,466
winter,2012,11,12,0,6,0,clear,14.56,15.0,48.0,0.0,606
winter,2012,11,13,0,6,0,clear,16.44,17.0,39.0,0.0,651
winter,2012,11,14,0,6,0,clear,17.38,18.0,37.0,0.0,627
winter,2012,11,15,0,6,0,clear,16.44,17.0,45.0,0.0,567
winter,2012,11,16,0,6,0,clear,17.38,18.0,37.0,0.0,605
winter,2012,11,17,0,6,0,clear,15.5,16.0,45.0,13.0,501
winter,2012,11,18,0,6,0,clear,12.68,13.0,54.0,9.0,359
winter,2012,11,19,0,6,0,clear,13.62,14.0,51.0,6.0,283
winter,2012,11,20,0,6,0,clear,12.68,13.0,54.0,0.0,192
winter,2012,11,21,0,6,0,clear,10.8,11.0,66.0,0.0,220
winter,2012,11,22,0,6,0,clear,9.86,10.0,71.0,6.0,193
winter,2012,11,23,0,6,0,clear,8.92,8.0,71.0,7.0,146
winter,2012,11,0,0,0,0,clear,7.98,7.0,81.0,6.0,124
winter,2012,11,1,0,0,0,clear,7.98,7.0,76.0,6.0,108
winter,2012,11,2,0,0,0,clear,7.04,6.0,87.0,7.0,70
winter,2012,11,3,0,0,0,clear,7.98,8.0,81.0,0.0,48
winter,2012,11,4,0,0,0,clear,7.04,6.0,81.0,7.0,11
winter,2012,11,5,0,0,0,clear,6.1,4.0,87.0,9.0,12
winter,2012,11,6,0,0,0,clear,6.1,5.0,87.0,6.0,19
winter,2012,11,7,0,0,0,clear,6.1,5.0,89.0,6.0,68
winter,2012,11,8,0,0,0,clear,7.04,6.0,87.0,7.0,119
winter,2012,11,9,0,0,0,clear,8.92,9.0,77.0,0.0,273
winter,2012,11,10,0,0,0,clear,10.8,11.0,69.0,7.0,405
winter,2012,11,11,0,0,0,clear,13.62,14.0,59.0,9.0,504
winter,2012,11,12,0,0,0,clear,15.5,16.0,48.0,6.0,585
winter,2012,11,13,0,0,0,clear,17.38,18.0,45.0,7.0,686
winter,2012,11,14,0,0,0,clear,20.2,25.0,33.0,11.0,654
winter,2012,11,15,0,0,0,clear,18.32,19.0,37.0,15.0,724
winter,2012,11,16,0,0,0,clear,17.38,18.0,42.0,15.0,653
winter,2012,11,17,0,0,0,clear,17.38,18.0,45.0,11.0,493
winter,2012,11,18,0,0,0,clear,16.44,17.0,45.0,9.0,405
winter,2012,11,19,0,0,0,clear,14.56,15.0,55.0,9.0,277
winter,2012,11,20,0,0,0,clear,12.68,13.0,62.0,11.0,200
winter,2012,11,21,0,0,0,clear,12.68,13.0,67.0,15.0,171
winter,2012,11,22,0,0,0,clear,11.74,12.0,71.0,13.0,134
winter,2012,11,23,0,0,0,clear,11.74,12.0,71.0,13.0,109
winter,2012,11,0,1,1,0,clear,11.74,12.0,71.0,7.0,49
winter,2012,11,1,1,1,0,clear,10.8,11.0,76.0,11.0,30
winter,2012,11,2,1,1,0,clear,10.8,11.0,76.0,9.0,20
winter,2012,11,3,1,1,0,clear,10.8,11.0,76.0,9.0,4
winter,2012,11,4,1,1,0,clear,10.8,11.0,76.0,6.0,4
winter,2012,11,5,1,1,0,clear,9.86,10.0,87.0,0.0,24
winter,2012,11,6,1,1,0,clear,9.86,10.0,87.0,7.0,71
winter,2012,11,7,1,1,0,clear,10.8,11.0,87.0,0.0,264
winter,2012,11,8,1,1,0,clear,11.74,12.0,82.0,11.0,540
winter,2012,11,9,1,1,0,clear,12.68,13.0,88.0,7.0,397
winter,2012,11,10,1,1,0,clear,14.56,15.0,77.0,11.0,266
winter,2012,11,11,1,1,0,clear,16.44,17.0,72.0,11.0,367
winter,2012,11,12,1,1,0,clear,18.32,19.0,64.0,15.0,419
winter,2012,11,13,1,1,0,clear,20.2,24.0,60.0,15.0,420
winter,2012,11,14,1,1,0,clear,19.26,20.0,60.0,19.0,444
winter,2012,11,15,1,1,0,clear,18.32,19.0,64.0,17.0,382
winter,2012,11,16,1,1,0,clear,18.32,19.0,64.0,11.0,434
winter,2012,11,17,1,1,0,clear,18.32,19.0,64.0,19.0,596
winter,2012,11,18,1,1,0,clear,16.44,17.0,72.0,9.0,551
winter,2012,11,19,1,1,0,clear,17.38,18.0,73.0,19.0,353
winter,2012,11,20,1,1,0,misty,16.44,17.0,77.0,19.0,304
winter,2012,11,21,1,1,0,rain,17.38,18.0,73.0,15.0,155
winter,2012,11,22,1,1,0,clear,16.44,17.0,77.0,17.0,112
winter,2012,11,23,1,1,0,misty,17.38,18.0,77.0,15.0,63
winter,2012,11,0,0,2,1,misty,16.44,17.0,83.0,19.0,23
winter,2012,11,1,0,2,1,rain,12.68,13.0,88.0,43.0,5
winter,2012,11,2,0,2,1,rain,8.92,5.0,87.0,30.0,11
winter,2012,11,3,0,2,1,rain,8.92,6.0,87.0,24.0,5
winter,2012,11,4,0,2,1,misty,8.92,6.0,81.0,26.0,9
winter,2012,11,5,0,2,1,misty,7.98,5.0,87.0,19.0,18
winter,2012,11,6,0,2,1,rain,7.04,3.0,81.0,31.0,50
winter,2012,11,7,0,2,1,rain,7.04,4.0,87.0,17.0,107
winter,2012,11,8,0,2,1,rain,7.04,4.0,87.0,17.0,211
winter,2012,11,9,0,2,1,rain,7.04,4.0,81.0,22.0,110
winter,2012,11,10,0,2,1,rain,6.1,2.0,75.0,26.0,94
winter,2012,11,11,0,2,1,clear,7.04,4.0,70.0,17.0,155
winter,2012,11,12,0,2,1,clear,7.98,5.0,61.0,19.0,196
winter,2012,11,13,0,2,1,clear,7.98,5.0,53.0,17.0,218
winter,2012,11,14,0,2,1,clear,9.86,10.0,46.0,26.0,203
winter,2012,11,15,0,2,1,clear,10.8,11.0,40.0,20.0,217
winter,2012,11,16,0,2,1,clear,9.86,10.0,40.0,20.0,310
winter,2012,11,17,0,2,1,clear,7.98,4.0,49.0,24.0,608
winter,2012,11,18,0,2,1,clear,7.98,5.0,49.0,19.0,559
winter,2012,11,19,0,2,1,clear,7.04,3.0,49.0,24.0,356
winter,2012,11,20,0,2,1,clear,6.1,2.0,49.0,24.0,223
winter,2012,11,21,0,2,1,clear,6.1,2.0,49.0,24.0,187
winter,2012,11,22,0,2,1,clear,4.22,-1.0,56.0,22.0,135
winter,2012,11,23,0,2,1,clear,4.22,-1.0,56.0,20.0,84
winter,2012,11,0,0,3,1,clear,4.22,-0.0,56.0,19.0,24
winter,2012,11,1,0,3,1,clear,3.28,-2.0,60.0,20.0,12
winter,2012,11,2,0,3,1,clear,3.28,-2.0,60.0,20.0,1
winter,2012,11,3,0,3,1,clear,3.28,-1.0,65.0,15.0,5
winter,2012,11,4,0,3,1,clear,2.34,-1.0,69.0,13.0,6
winter,2012,11,5,0,3,1,clear,2.34,-1.0,69.0,13.0,39
winter,2012,11,6,0,3,1,clear,3.28,-1.0,65.0,13.0,146
winter,2012,11,7,0,3,1,clear,3.28,-2.0,65.0,19.0,415
winter,2012,11,8,0,3,1,clear,5.16,1.0,56.0,20.0,691
winter,2012,11,9,0,3,1,clear,6.1,2.0,52.0,26.0,332
winter,2012,11,10,0,3,1,clear,7.04,3.0,45.0,24.0,171
winter,2012,11,11,0,3,1,clear,7.04,4.0,49.0,17.0,151
winter,2012,11,12,0,3,1,clear,7.98,6.0,46.0,0.0,240
winter,2012,11,13,0,3,1,clear,8.92,6.0,43.0,17.0,214
winter,2012,11,14,0,3,1,clear,8.92,7.0,43.0,9.0,181
winter,2012,11,15,0,3,1,clear,8.92,6.0,43.0,19.0,260
winter,2012,11,16,0,3,1,clear,7.98,7.0,46.0,7.0,321
winter,2012,11,17,0,3,1,clear,7.04,5.0,49.0,13.0,583
winter,2012,11,18,0,3,1,clear,7.04,5.0,53.0,11.0,567
winter,2012,11,19,0,3,1,clear,6.1,4.0,52.0,11.0,396
winter,2012,11,20,0,3,1,clear,6.1,5.0,52.0,6.0,267
winter,2012,11,21,0,3,1,clear,6.1,6.0,56.0,0.0,213
winter,2012,11,22,0,3,1,clear,5.16,5.0,61.0,0.0,173
winter,2012,11,23,0,3,1,clear,3.28,-0.0,70.0,9.0,87
winter,2012,11,0,0,4,1,misty,4.22,4.0,65.0,0.0,34
winter,2012,11,1,0,4,1,misty,4.22,2.0,65.0,7.0,16
winter,2012,11,2,0,4,1,misty,4.22,1.0,70.0,11.0,7
winter,2012,11,3,0,4,1,misty,4.22,3.0,70.0,6.0,2
winter,2012,11,4,0,4,1,misty,5.16,3.0,65.0,9.0,5
winter,2012,11,5,0,4,1,misty,6.1,3.0,61.0,15.0,37
winter,2012,11,6,0,4,1,misty,6.1,3.0,65.0,17.0,147
winter,2012,11,7,0,4,1,misty,6.1,3.0,65.0,13.0,410
winter,2012,11,8,0,4,1,misty,6.1,3.0,61.0,15.0,646
winter,2012,11,9,0,4,1,misty,7.04,5.0,61.0,13.0,323
winter,2012,11,10,0,4,1,misty,7.04,6.0,66.0,9.0,153
winter,2012,11,11,0,4,1,misty,7.98,6.0,61.0,9.0,166
winter,2012,11,12,0,4,1,misty,8.92,8.0,62.0,7.0,213
winter,2012,11,13,0,4,1,misty,9.86,10.0,54.0,7.0,217
winter,2012,11,14,0,4,1,misty,9.86,10.0,54.0,11.0,201
winter,2012,11,15,0,4,1,misty,9.86,10.0,58.0,11.0,217
winter,2012,11,16,0,4,1,misty,8.92,7.0,57.0,13.0,342
winter,2012,11,17,0,4,1,misty,8.92,7.0,57.0,15.0,563
winter,2012,11,18,0,4,1,misty,8.92,7.0,57.0,13.0,573
winter,2012,11,19,0,4,1,misty,7.98,6.0,61.0,9.0,386
winter,2012,11,20,0,4,1,clear,7.98,7.0,61.0,7.0,285
winter,2012,11,21,0,4,1,misty,7.04,6.0,66.0,7.0,224
winter,2012,11,22,0,4,1,misty,7.04,5.0,66.0,11.0,153
winter,2012,11,23,0,4,1,misty,7.04,5.0,61.0,11.0,125
winter,2012,11,0,0,5,1,misty,7.04,6.0,66.0,7.0,65
winter,2012,11,1,0,5,1,misty,6.1,5.0,65.0,6.0,21
winter,2012,11,2,0,5,1,misty,6.1,4.0,70.0,11.0,9
winter,2012,11,3,0,5,1,misty,6.1,4.0,65.0,9.0,6
winter,2012,11,4,0,5,1,misty,6.1,5.0,65.0,7.0,5
winter,2012,11,5,0,5,1,misty,6.1,5.0,65.0,6.0,36
winter,2012,11,6,0,5,1,misty,6.1,5.0,61.0,6.0,130
winter,2012,11,7,0,5,1,misty,6.1,4.0,61.0,11.0,367
winter,2012,11,8,0,5,1,misty,7.04,6.0,57.0,9.0,711
winter,2012,11,9,0,5,1,clear,7.98,7.0,53.0,7.0,351
winter,2012,11,10,0,5,1,clear,7.98,6.0,53.0,13.0,198
winter,2012,11,11,0,5,1,clear,9.86,10.0,43.0,15.0,218
winter,2012,11,12,0,5,1,clear,10.8,11.0,43.0,19.0,290
winter,2012,11,13,0,5,1,clear,11.74,12.0,38.0,13.0,278
winter,2012,11,14,0,5,1,clear,11.74,12.0,35.0,7.0,251
winter,2012,11,15,0,5,1,clear,11.74,12.0,38.0,9.0,267
winter,2012,11,16,0,5,1,clear,11.74,12.0,35.0,19.0,383
winter,2012,11,17,0,5,1,clear,8.92,7.0,46.0,13.0,580
winter,2012,11,18,0,5,1,clear,7.98,6.0,53.0,11.0,505
winter,2012,11,19,0,5,1,clear,8.92,7.0,46.0,15.0,332
winter,2012,11,20,0,5,1,clear,8.92,6.0,46.0,17.0,227
winter,2012,11,21,0,5,1,clear,7.98,6.0,49.0,13.0,178
winter,2012,11,22,0,5,1,clear,7.04,4.0,53.0,17.0,162
winter,2012,11,23,0,5,1,clear,7.04,4.0,53.0,15.0,128
winter,2012,11,0,0,6,0,clear,6.1,4.0,52.0,11.0,106
winter,2012,11,1,0,6,0,clear,4.22,1.0,60.0,13.0,87
winter,2012,11,2,0,6,0,clear,4.22,1.0,65.0,13.0,49
winter,2012,11,3,0,6,0,clear,4.22,1.0,65.0,13.0,21
winter,2012,11,4,0,6,0,clear,3.28,-1.0,70.0,13.0,7
winter,2012,11,5,0,6,0,clear,3.28,-0.0,70.0,11.0,11
winter,2012,11,6,0,6,0,clear,3.28,-1.0,70.0,15.0,21
winter,2012,11,7,0,6,0,clear,3.28,-1.0,70.0,13.0,78
winter,2012,11,8,0,6,0,clear,4.22,1.0,65.0,15.0,168
winter,2012,11,9,0,6,0,clear,7.98,5.0,49.0,15.0,248
winter,2012,11,10,0,6,0,clear,8.92,6.0,46.0,17.0,320
winter,2012,11,11,0,6,0,clear,9.86,10.0,43.0,13.0,423
winter,2012,11,12,0,6,0,clear,10.8,11.0,40.0,11.0,476
winter,2012,11,13,0,6,0,clear,11.74,12.0,38.0,17.0,525
winter,2012,11,14,0,6,0,clear,11.74,12.0,38.0,13.0,555
winter,2012,11,15,0,6,0,clear,11.74,12.0,35.0,20.0,549
winter,2012,11,16,0,6,0,clear,10.8,11.0,40.0,15.0,469
winter,2012,11,17,0,6,0,clear,9.86,10.0,40.0,11.0,403
winter,2012,11,18,0,6,0,clear,8.92,8.0,50.0,7.0,271
winter,2012,11,19,0,6,0,clear,7.98,7.0,53.0,6.0,253
winter,2012,11,20,0,6,0,misty,7.98,7.0,66.0,6.0,172
winter,2012,11,21,0,6,0,misty,7.04,6.0,57.0,7.0,139
winter,2012,11,22,0,6,0,misty,7.04,6.0,57.0,7.0,145
winter,2012,11,23,0,6,0,misty,6.1,5.0,70.0,7.0,133
winter,2012,11,0,0,0,0,misty,6.1,4.0,70.0,11.0,129
winter,2012,11,1,0,0,0,clear,6.1,3.0,70.0,13.0,95
winter,2012,11,2,0,0,0,clear,5.16,3.0,81.0,7.0,73
winter,2012,11,3,0,0,0,misty,6.1,4.0,81.0,11.0,46
winter,2012,11,4,0,0,0,misty,6.1,3.0,81.0,13.0,12
winter,2012,11,5,0,0,0,clear,5.16,3.0,81.0,9.0,12
winter,2012,11,6,0,0,0,clear,5.16,2.0,81.0,11.0,15
winter,2012,11,7,0,0,0,clear,5.16,2.0,81.0,13.0,42
winter,2012,11,8,0,0,0,clear,6.1,3.0,75.0,17.0,119
winter,2012,11,9,0,0,0,clear,7.04,4.0,70.0,17.0,204
winter,2012,11,10,0,0,0,clear,7.98,4.0,66.0,20.0,329
winter,2012,11,11,0,0,0,clear,9.86,10.0,62.0,19.0,359
winter,2012,11,12,0,0,0,clear,10.8,11.0,62.0,19.0,442
winter,2012,11,13,0,0,0,clear,10.8,11.0,62.0,22.0,447
winter,2012,11,14,0,0,0,clear,10.8,11.0,62.0,20.0,428
winter,2012,11,15,0,0,0,clear,11.74,12.0,54.0,19.0,407
winter,2012,11,16,0,0,0,misty,10.8,11.0,62.0,22.0,372
winter,2012,11,17,0,0,0,misty,9.86,10.0,66.0,17.0,280
winter,2012,11,18,0,0,0,clear,8.92,7.0,66.0,15.0,276
winter,2012,11,19,0,0,0,clear,8.92,7.0,66.0,11.0,210
winter,2012,11,20,0,0,0,clear,8.92,7.0,66.0,11.0,129
winter,2012,11,21,0,0,0,clear,8.92,6.0,66.0,17.0,110
winter,2012,11,22,0,0,0,misty,8.92,6.0,66.0,17.0,74
winter,2012,11,23,0,0,0,clear,8.92,7.0,66.0,15.0,59
winter,2012,11,0,0,1,1,clear,8.92,7.0,66.0,15.0,27
winter,2012,11,1,0,1,1,misty,8.92,7.0,66.0,15.0,19
winter,2012,11,2,0,1,1,misty,8.92,6.0,66.0,17.0,5
winter,2012,11,3,0,1,1,misty,8.92,7.0,66.0,15.0,2
winter,2012,11,4,0,1,1,misty,8.92,7.0,66.0,15.0,12
winter,2012,11,5,0,1,1,misty,8.92,7.0,66.0,15.0,39
winter,2012,11,6,0,1,1,misty,8.92,6.0,66.0,17.0,131
winter,2012,11,7,0,1,1,misty,8.92,6.0,66.0,20.0,386
winter,2012,11,8,0,1,1,misty,8.92,6.0,66.0,20.0,663
winter,2012,11,9,0,1,1,misty,8.92,6.0,66.0,17.0,278
winter,2012,11,10,0,1,1,misty,8.92,6.0,66.0,17.0,139
winter,2012,11,11,0,1,1,misty,9.86,10.0,66.0,17.0,197
winter,2012,11,12,0,1,1,misty,10.8,11.0,62.0,19.0,242
winter,2012,11,13,0,1,1,clear,12.68,13.0,54.0,17.0,251
winter,2012,11,14,0,1,1,clear,12.68,13.0,54.0,17.0,217
winter,2012,11,15,0,1,1,clear,12.68,13.0,54.0,13.0,257
winter,2012,11,16,0,1,1,clear,11.74,12.0,58.0,17.0,380
winter,2012,11,17,0,1,1,misty,11.74,12.0,58.0,13.0,619
winter,2012,11,18,0,1,1,misty,10.8,11.0,58.0,17.0,580
winter,2012,11,19,0,1,1,misty,10.8,11.0,58.0,19.0,406
winter,2012,11,20,0,1,1,misty,9.86,10.0,62.0,17.0,259
winter,2012,11,21,0,1,1,misty,9.86,10.0,54.0,15.0,203
winter,2012,11,22,0,1,1,clear,7.98,7.0,66.0,7.0,113
winter,2012,11,23,0,1,1,clear,7.98,7.0,66.0,7.0,74
winter,2012,11,0,0,2,1,clear,7.04,6.0,70.0,9.0,29
winter,2012,11,1,0,2,1,clear,7.98,7.0,66.0,7.0,13
winter,2012,11,2,0,2,1,misty,7.04,6.0,76.0,6.0,5
winter,2012,11,3,0,2,1,misty,7.98,7.0,71.0,7.0,2
winter,2012,11,4,0,2,1,misty,7.98,6.0,66.0,13.0,6
winter,2012,11,5,0,2,1,misty,7.98,6.0,66.0,9.0,34
winter,2012,11,6,0,2,1,misty,7.98,6.0,71.0,11.0,148
winter,2012,11,7,0,2,1,clear,7.04,6.0,76.0,6.0,418
winter,2012,11,8,0,2,1,clear,7.98,6.0,71.0,9.0,665
winter,2012,11,9,0,2,1,misty,8.92,9.0,71.0,0.0,326
winter,2012,11,10,0,2,1,misty,10.8,11.0,66.0,6.0,176
winter,2012,11,11,0,2,1,misty,11.74,12.0,67.0,6.0,205
winter,2012,11,12,0,2,1,misty,11.74,12.0,67.0,0.0,313
winter,2012,11,13,0,2,1,misty,12.68,13.0,58.0,0.0,267
winter,2012,11,14,0,2,1,misty,12.68,13.0,58.0,7.0,224
winter,2012,11,15,0,2,1,misty,13.62,14.0,55.0,7.0,287
winter,2012,11,16,0,2,1,misty,11.74,12.0,62.0,6.0,395
winter,2012,11,17,0,2,1,misty,10.8,11.0,71.0,11.0,590
winter,2012,11,18,0,2,1,misty,10.8,11.0,66.0,6.0,550
winter,2012,11,19,0,2,1,misty,10.8,11.0,71.0,0.0,384
winter,2012,11,20,0,2,1,misty,9.86,10.0,76.0,0.0,235
winter,2012,11,21,0,2,1,clear,8.92,9.0,71.0,0.0,157
winter,2012,11,22,0,2,1,clear,8.92,9.0,71.0,0.0,122
winter,2012,11,23,0,2,1,clear,7.04,6.0,81.0,7.0,83
winter,2012,11,0,0,3,1,clear,7.98,8.0,81.0,0.0,26
winter,2012,11,1,0,3,1,clear,7.04,6.0,81.0,7.0,14
winter,2012,11,2,0,3,1,clear,5.16,3.0,87.0,7.0,8
winter,2012,11,3,0,3,1,clear,5.16,3.0,87.0,7.0,2
winter,2012,11,4,0,3,1,clear,5.16,3.0,87.0,7.0,10
winter,2012,11,5,0,3,1,clear,5.16,3.0,87.0,7.0,29
winter,2012,11,6,0,3,1,clear,5.16,4.0,87.0,6.0,101
winter,2012,11,7,0,3,1,clear,4.22,3.0,87.0,6.0,273
winter,2012,11,8,0,3,1,misty,5.16,4.0,81.0,6.0,551
winter,2012,11,9,0,3,1,clear,7.04,6.0,76.0,6.0,365
winter,2012,11,10,0,3,1,clear,8.92,9.0,62.0,0.0,172
winter,2012,11,11,0,3,1,clear,10.8,11.0,50.0,13.0,241
winter,2012,11,12,0,3,1,clear,12.68,13.0,41.0,13.0,344
winter,2012,11,13,0,3,1,clear,12.68,13.0,35.0,15.0,365
winter,2012,11,14,0,3,1,clear,13.62,14.0,33.0,13.0,413
winter,2012,11,15,0,3,1,clear,13.62,14.0,36.0,6.0,449
winter,2012,11,16,0,3,1,clear,12.68,13.0,33.0,9.0,469
winter,2012,11,17,0,3,1,clear,10.8,11.0,40.0,11.0,374
winter,2012,11,18,0,3,1,clear,11.74,12.0,38.0,7.0,311
winter,2012,11,19,0,3,1,clear,9.86,10.0,43.0,13.0,243
winter,2012,11,20,0,3,1,clear,7.98,7.0,61.0,7.0,136
winter,2012,11,21,0,3,1,clear,8.92,9.0,50.0,0.0,105
winter,2012,11,22,0,3,1,clear,7.98,8.0,49.0,0.0,88
winter,2012,11,23,0,3,1,clear,7.04,7.0,61.0,0.0,57
winter,2012,11,0,1,4,0,clear,7.04,6.0,66.0,6.0,46
winter,2012,11,1,1,4,0,clear,5.16,4.0,65.0,6.0,42
winter,2012,11,2,1,4,0,clear,3.28,1.0,75.0,6.0,18
winter,2012,11,3,1,4,0,clear,3.28,1.0,75.0,7.0,6
winter,2012,11,4,1,4,0,clear,2.34,-1.0,80.0,9.0,3
winter,2012,11,5,1,4,0,clear,3.28,1.0,75.0,7.0,8
winter,2012,11,6,1,4,0,clear,4.22,2.0,70.0,7.0,17
winter,2012,11,7,1,4,0,clear,2.34,-1.0,75.0,9.0,56
winter,2012,11,8,1,4,0,clear,3.28,-0.0,75.0,9.0,97
winter,2012,11,9,1,4,0,clear,6.1,6.0,65.0,0.0,119
winter,2012,11,10,1,4,0,clear,8.92,8.0,57.0,7.0,219
winter,2012,11,11,1,4,0,clear,11.74,12.0,41.0,6.0,232
winter,2012,11,12,1,4,0,clear,12.68,13.0,35.0,0.0,262
winter,2012,11,13,1,4,0,clear,13.62,14.0,31.0,0.0,269
winter,2012,11,14,1,4,0,clear,14.56,15.0,29.0,0.0,220
winter,2012,11,15,1,4,0,clear,14.56,15.0,29.0,0.0,228
winter,2012,11,16,1,4,0,clear,13.62,14.0,33.0,0.0,182
winter,2012,11,17,1,4,0,clear,12.68,13.0,35.0,0.0,109
winter,2012,11,18,1,4,0,clear,10.8,11.0,43.0,0.0,70
winter,2012,11,19,1,4,0,clear,8.92,9.0,76.0,0.0,44
winter,2012,11,20,1,4,0,clear,7.98,8.0,71.0,0.0,52
winter,2012,11,21,1,4,0,clear,7.98,7.0,61.0,6.0,46
winter,2012,11,22,1,4,0,clear,7.04,7.0,61.0,0.0,44
winter,2012,11,23,1,4,0,clear,6.1,6.0,70.0,0.0,36
winter,2012,11,0,0,5,1,clear,5.16,5.0,65.0,0.0,32
winter,2012,11,1,0,5,1,clear,5.16,4.0,81.0,6.0,13
winter,2012,11,2,0,5,1,clear,4.22,3.0,75.0,6.0,5
winter,2012,11,3,0,5,1,clear,4.22,4.0,70.0,0.0,1
winter,2012,11,4,0,5,1,clear,3.28,1.0,75.0,7.0,4
winter,2012,11,5,0,5,1,clear,3.28,3.0,81.0,0.0,10
winter,2012,11,6,0,5,1,clear,3.28,3.0,81.0,0.0,20
winter,2012,11,7,0,5,1,clear,3.28,3.0,81.0,0.0,77
winter,2012,11,8,0,5,1,clear,3.28,1.0,87.0,6.0,94
winter,2012,11,9,0,5,1,clear,5.16,3.0,75.0,7.0,112
winter,2012,11,10,0,5,1,clear,7.98,6.0,61.0,11.0,201
winter,2012,11,11,0,5,1,clear,10.8,11.0,50.0,13.0,251
winter,2012,11,12,0,5,1,clear,12.68,13.0,38.0,17.0,379
winter,2012,11,13,0,5,1,clear,13.62,14.0,38.0,19.0,424
winter,2012,11,14,0,5,1,clear,15.5,16.0,36.0,17.0,435
winter,2012,11,15,0,5,1,clear,14.56,15.0,41.0,17.0,447
winter,2012,11,16,0,5,1,misty,14.56,15.0,41.0,7.0,357
winter,2012,11,17,0,5,1,misty,14.56,15.0,39.0,6.0,300
winter,2012,11,18,0,5,1,misty,13.62,14.0,44.0,0.0,208
winter,2012,11,19,0,5,1,misty,13.62,14.0,47.0,11.0,154
winter,2012,11,20,0,5,1,clear,13.62,14.0,41.0,6.0,142
winter,2012,11,21,0,5,1,clear,13.62,14.0,47.0,17.0,98
winter,2012,11,22,0,5,1,clear,12.68,13.0,33.0,35.0,79
winter,2012,11,23,0,5,1,clear,11.74,12.0,38.0,30.0,67
winter,2012,11,0,0,6,0,clear,10.8,11.0,37.0,28.0,42
winter,2012,11,1,0,6,0,clear,7.98,3.0,42.0,33.0,20
winter,2012,11,2,0,6,0,clear,7.04,2.0,39.0,41.0,32
winter,2012,11,3,0,6,0,clear,5.16,1.0,41.0,24.0,11
winter,2012,11,4,0,6,0,clear,4.22,-2.0,41.0,30.0,3
winter,2012,11,5,0,6,0,clear,4.22,-1.0,41.0,22.0,3
winter,2012,11,6,0,6,0,clear,3.28,-2.0,44.0,19.0,10
winter,2012,11,7,0,6,0,misty,4.22,-1.0,41.0,22.0,25
winter,2012,11,8,0,6,0,misty,4.22,-2.0,44.0,31.0,62
winter,2012,11,9,0,6,0,misty,4.22,-2.0,41.0,30.0,122
winter,2012,11,10,0,6,0,misty,4.22,-1.0,44.0,20.0,142
winter,2012,11,11,0,6,0,misty,5.16,1.0,41.0,20.0,186
winter,2012,11,12,0,6,0,misty,6.1,1.0,36.0,41.0,199
winter,2012,11,13,0,6,0,clear,7.04,4.0,36.0,22.0,225
winter,2012,11,14,0,6,0,clear,7.04,3.0,33.0,31.0,207
winter,2012,11,15,0,6,0,clear,6.1,2.0,36.0,31.0,198
winter,2012,11,16,0,6,0,clear,5.16,-0.0,38.0,30.0,170
winter,2012,11,17,0,6,0,clear,4.22,-1.0,41.0,26.0,126
winter,2012,11,18,0,6,0,clear,4.22,-1.0,38.0,26.0,145
winter,2012,11,19,0,6,0,clear,4.22,-0.0,41.0,17.0,83
winter,2012,11,20,0,6,0,clear,3.28,-2.0,44.0,19.0,58
winter,2012,11,21,0,6,0,clear,3.28,-1.0,44.0,13.0,75
winter,2012,11,22,0,6,0,clear,3.28,-1.0,44.0,17.0,76
winter,2012,11,23,0,6,0,clear,3.28,-1.0,44.0,13.0,57
winter,2012,11,0,0,0,0,clear,2.34,-2.0,47.0,17.0,34
winter,2012,11,1,0,0,0,clear,2.34,-1.0,44.0,13.0,36
winter,2012,11,2,0,0,0,clear,2.34,-3.0,44.0,24.0,28
winter,2012,11,3,0,0,0,clear,2.34,2.0,44.0,0.0,8
winter,2012,11,4,0,0,0,clear,2.34,2.0,44.0,0.0,2
winter,2012,11,5,0,0,0,misty,2.34,-1.0,47.0,11.0,3
winter,2012,11,6,0,0,0,misty,2.34,-0.0,47.0,7.0,11
winter,2012,11,7,0,0,0,misty,2.34,-0.0,51.0,7.0,21
winter,2012,11,8,0,0,0,misty,2.34,-1.0,51.0,13.0,34
winter,2012,11,9,0,0,0,misty,3.28,-1.0,48.0,15.0,96
winter,2012,11,10,0,0,0,clear,3.28,-1.0,48.0,17.0,139
winter,2012,11,11,0,0,0,misty,4.22,1.0,41.0,15.0,204
winter,2012,11,12,0,0,0,misty,4.22,1.0,41.0,15.0,202
winter,2012,11,13,0,0,0,misty,4.22,1.0,41.0,11.0,195
winter,2012,11,14,0,0,0,misty,6.1,3.0,42.0,17.0,203
winter,2012,11,15,0,0,0,clear,6.1,3.0,42.0,17.0,245
winter,2012,11,16,0,0,0,clear,6.1,3.0,39.0,15.0,228
winter,2012,11,17,0,0,0,clear,5.16,2.0,41.0,11.0,181
winter,2012,11,18,0,0,0,clear,4.22,1.0,44.0,11.0,141
winter,2012,11,19,0,0,0,clear,4.22,4.0,41.0,0.0,127
winter,2012,11,20,0,0,0,clear,3.28,3.0,60.0,0.0,119
winter,2012,11,21,0,0,0,clear,4.22,4.0,48.0,0.0,64
winter,2012,11,22,0,0,0,clear,3.28,3.0,60.0,0.0,62
winter,2012,11,23,0,0,0,clear,2.34,1.0,69.0,6.0,41
winter,2012,11,0,0,1,1,clear,2.34,2.0,69.0,0.0,23
winter,2012,11,1,0,1,1,clear,1.4,1.0,69.0,0.0,10
winter,2012,11,2,0,1,1,clear,1.4,1.0,69.0,0.0,5
winter,2012,11,3,0,1,1,clear,1.4,1.0,69.0,0.0,5
winter,2012,11,4,0,1,1,clear,2.34,2.0,69.0,0.0,10
winter,2012,11,5,0,1,1,clear,2.34,-1.0,69.0,11.0,41
winter,2012,11,6,0,1,1,clear,2.34,2.0,69.0,0.0,124
winter,2012,11,7,0,1,1,clear,3.28,3.0,65.0,0.0,365
winter,2012,11,8,0,1,1,clear,3.28,3.0,65.0,0.0,638
winter,2012,11,9,0,1,1,clear,5.16,4.0,56.0,6.0,286
winter,2012,11,10,0,1,1,clear,7.04,7.0,49.0,0.0,147
winter,2012,11,11,0,1,1,clear,10.8,11.0,37.0,20.0,130
winter,2012,11,12,0,1,1,clear,11.74,12.0,35.0,7.0,210
winter,2012,11,13,0,1,1,clear,11.74,12.0,35.0,7.0,217
winter,2012,11,14,0,1,1,clear,11.74,12.0,35.0,0.0,228
winter,2012,11,15,0,1,1,clear,11.74,12.0,35.0,6.0,230
winter,2012,11,16,0,1,1,clear,12.68,13.0,30.0,0.0,346
winter,2012,11,17,0,1,1,clear,11.74,12.0,32.0,0.0,553
winter,2012,11,18,0,1,1,clear,8.92,7.0,50.0,11.0,521
winter,2012,11,19,0,1,1,clear,7.98,8.0,53.0,0.0,371
winter,2012,11,20,0,1,1,clear,7.98,8.0,49.0,0.0,277
winter,2012,11,21,0,1,1,clear,7.98,8.0,49.0,0.0,181
winter,2012,11,22,0,1,1,clear,7.04,7.0,61.0,0.0,104
winter,2012,11,23,0,1,1,misty,7.04,6.0,66.0,7.0,65
winter,2012,11,0,0,2,1,misty,7.04,6.0,66.0,6.0,26
winter,2012,11,1,0,2,1,misty,7.04,6.0,70.0,9.0,6
winter,2012,11,2,0,2,1,misty,7.04,5.0,70.0,11.0,5
winter,2012,11,3,0,2,1,rain,7.04,6.0,70.0,9.0,4
winter,2012,11,4,0,2,1,rain,6.1,3.0,81.0,13.0,5
winter,2012,11,5,0,2,1,misty,6.1,3.0,81.0,15.0,31
winter,2012,11,6,0,2,1,misty,6.1,4.0,81.0,11.0,100
winter,2012,11,7,0,2,1,rain,6.1,4.0,81.0,9.0,293
winter,2012,11,8,0,2,1,rain,7.04,5.0,81.0,11.0,500
winter,2012,11,9,0,2,1,misty,7.04,6.0,81.0,9.0,268
winter,2012,11,10,0,2,1,rain,7.04,5.0,81.0,13.0,57
winter,2012,11,11,0,2,1,rain,6.1,2.0,87.0,20.0,65
winter,2012,11,12,0,2,1,rain,5.16,1.0,87.0,26.0,76
winter,2012,11,13,0,2,1,rain,5.16,2.0,87.0,17.0,77
winter,2012,11,14,0,2,1,rain,5.16,1.0,87.0,24.0,94
winter,2012,11,15,0,2,1,misty,6.1,2.0,75.0,20.0,155
winter,2012,11,16,0,2,1,misty,6.1,2.0,75.0,20.0,257
winter,2012,11,17,0,2,1,misty,6.1,2.0,75.0,26.0,527
winter,2012,11,18,0,2,1,clear,4.22,-1.0,81.0,24.0,482
winter,2012,11,19,0,2,1,clear,4.22,1.0,73.0,20.0,350
winter,2012,11,20,0,2,1,clear,4.22,-1.0,75.0,22.0,232
winter,2012,11,21,0,2,1,clear,3.28,-2.0,81.0,19.0,185
winter,2012,11,22,0,2,1,clear,3.28,-0.0,81.0,11.0,97
winter,2012,11,23,0,2,1,misty,4.22,-0.0,81.0,17.0,67
winter,2012,11,0,0,3,1,misty,4.22,-0.0,75.0,17.0,23
winter,2012,11,1,0,3,1,misty,4.22,1.0,75.0,15.0,12
winter,2012,11,2,0,3,1,misty,4.22,1.0,75.0,15.0,1
winter,2012,11,3,0,3,1,misty,4.22,1.0,70.0,15.0,3
winter,2012,11,4,0,3,1,misty,4.22,1.0,70.0,13.0,4
winter,2012,11,5,0,3,1,misty,4.22,2.0,70.0,9.0,39
winter,2012,11,6,0,3,1,misty,4.22,1.0,65.0,15.0,136
winter,2012,11,7,0,3,1,misty,4.22,1.0,56.0,13.0,409
winter,2012,11,8,0,3,1,clear,3.28,-2.0,60.0,19.0,692
winter,2012,11,9,0,3,1,clear,5.16,2.0,52.0,13.0,322
winter,2012,11,10,0,3,1,clear,6.1,5.0,49.0,7.0,161
winter,2012,11,11,0,3,1,clear,7.04,5.0,45.0,11.0,146
winter,2012,11,12,0,3,1,clear,7.98,4.0,42.0,26.0,208
winter,2012,11,13,0,3,1,clear,7.98,6.0,42.0,13.0,214
winter,2012,11,14,0,3,1,clear,8.92,6.0,40.0,20.0,176
winter,2012,11,15,0,3,1,clear,8.92,6.0,32.0,22.0,179
winter,2012,11,16,0,3,1,clear,8.92,6.0,29.0,17.0,325
winter,2012,11,17,0,3,1,clear,7.98,6.0,31.0,9.0,563
winter,2012,11,18,0,3,1,clear,7.04,4.0,33.0,19.0,542
winter,2012,11,19,0,3,1,clear,7.04,5.0,36.0,11.0,387
winter,2012,11,20,0,3,1,clear,7.04,6.0,36.0,9.0,263
winter,2012,11,21,0,3,1,clear,6.1,4.0,39.0,11.0,223
winter,2012,11,22,0,3,1,clear,5.16,2.0,45.0,11.0,154
winter,2012,11,23,0,3,1,clear,4.22,2.0,48.0,9.0,78
winter,2012,11,0,0,4,1,clear,3.28,1.0,56.0,6.0,29
winter,2012,11,1,0,4,1,clear,2.34,1.0,64.0,6.0,16
winter,2012,11,2,0,4,1,clear,2.34,2.0,64.0,0.0,7
winter,2012,11,4,0,4,1,clear,1.4,-1.0,75.0,6.0,7
winter,2012,11,5,0,4,1,clear,1.4,1.0,69.0,0.0,42
winter,2012,11,6,0,4,1,clear,2.34,2.0,69.0,0.0,121
winter,2012,11,7,0,4,1,clear,1.4,1.0,64.0,0.0,362
winter,2012,11,8,0,4,1,clear,1.4,-1.0,69.0,7.0,679
winter,2012,11,9,0,4,1,clear,3.28,3.0,60.0,0.0,299
winter,2012,11,10,0,4,1,clear,5.16,4.0,65.0,6.0,178
winter,2012,11,11,0,4,1,clear,8.92,7.0,37.0,15.0,163
winter,2012,11,12,0,4,1,clear,8.92,7.0,40.0,11.0,236
winter,2012,11,13,0,4,1,clear,9.86,10.0,32.0,9.0,224
winter,2012,11,14,0,4,1,clear,8.92,7.0,43.0,15.0,187
winter,2012,11,15,0,4,1,clear,8.92,6.0,43.0,19.0,220
winter,2012,11,16,0,4,1,clear,8.92,7.0,40.0,15.0,370
winter,2012,11,17,0,4,1,clear,7.98,6.0,39.0,13.0,561
winter,2012,11,18,0,4,1,clear,7.04,5.0,49.0,11.0,537
winter,2012,11,19,0,4,1,clear,6.1,3.0,52.0,13.0,344
winter,2012,11,20,0,4,1,clear,6.1,4.0,52.0,11.0,252
winter,2012,11,21,0,4,1,clear,4.22,2.0,65.0,9.0,208
winter,2012,11,22,0,4,1,clear,4.22,3.0,70.0,6.0,151
winter,2012,11,23,0,4,1,clear,5.16,5.0,61.0,0.0,130
winter,2012,11,0,0,5,1,clear,4.22,1.0,70.0,11.0,52
winter,2012,11,1,0,5,1,clear,3.28,1.0,70.0,6.0,19
winter,2012,11,2,0,5,1,clear,3.28,3.0,75.0,0.0,12
winter,2012,11,3,0,5,1,clear,3.28,3.0,75.0,0.0,4
winter,2012,11,4,0,5,1,clear,2.34,2.0,75.0,0.0,3
winter,2012,11,5,0,5,1,clear,1.4,1.0,80.0,0.0,40
winter,2012,11,6,0,5,1,clear,1.4,1.0,86.0,0.0,106
winter,2012,11,7,0,5,1,clear,2.34,2.0,80.0,0.0,352
winter,2012,11,8,0,5,1,misty,2.34,1.0,80.0,6.0,729
winter,2012,11,9,0,5,1,clear,3.28,1.0,75.0,6.0,330
winter,2012,11,10,0,5,1,misty,6.1,6.0,65.0,0.0,169
winter,2012,11,11,0,5,1,misty,7.98,7.0,53.0,6.0,201
winter,2012,11,12,0,5,1,misty,9.86,10.0,46.0,0.0,268
winter,2012,11,13,0,5,1,misty,10.8,11.0,40.0,11.0,262
winter,2012,11,14,0,5,1,misty,10.8,11.0,40.0,7.0,251
winter,2012,11,15,0,5,1,misty,11.74,12.0,38.0,7.0,296
winter,2012,11,16,0,5,1,clear,10.8,11.0,43.0,9.0,405
winter,2012,11,17,0,5,1,clear,8.92,7.0,50.0,13.0,582
winter,2012,11,18,0,5,1,misty,7.98,8.0,61.0,0.0,509
winter,2012,11,19,0,5,1,clear,7.04,7.0,66.0,0.0,377
winter,2012,11,20,0,5,1,clear,7.04,7.0,66.0,0.0,245
winter,2012,11,21,0,5,1,clear,6.1,5.0,75.0,6.0,183
winter,2012,11,22,0,5,1,clear,6.1,6.0,75.0,0.0,163
winter,2012,11,23,0,5,1,misty,6.1,5.0,75.0,6.0,110
winter,2012,12,0,0,6,0,clear,4.22,4.0,81.0,0.0,108
winter,2012,12,1,0,6,0,clear,4.22,4.0,81.0,0.0,69
winter,2012,12,2,0,6,0,misty,4.22,4.0,81.0,0.0,50
winter,2012,12,3,0,6,0,misty,4.22,2.0,81.0,9.0,15
winter,2012,12,4,0,6,0,clear,4.22,3.0,81.0,6.0,5
winter,2012,12,5,0,6,0,clear,3.28,1.0,87.0,6.0,13
winter,2012,12,6,0,6,0,clear,3.28,-0.0,87.0,9.0,27
winter,2012,12,7,0,6,0,misty,3.28,-0.0,87.0,9.0,63
winter,2012,12,8,0,6,0,misty,3.28,-0.0,87.0,9.0,144
winter,2012,12,9,0,6,0,misty,4.22,-0.0,93.0,17.0,193
winter,2012,12,10,0,6,0,misty,5.16,2.0,89.0,11.0,256
winter,2012,12,11,0,6,0,misty,7.04,6.0,76.0,7.0,392
winter,2012,12,12,0,6,0,misty,7.04,6.0,81.0,6.0,446
winter,2012,12,13,0,6,0,misty,7.98,8.0,76.0,0.0,509
winter,2012,12,14,0,6,0,misty,8.92,9.0,71.0,0.0,479
winter,2012,12,15,0,6,0,misty,10.8,11.0,62.0,0.0,484
winter,2012,12,16,0,6,0,misty,9.86,10.0,66.0,0.0,443
winter,2012,12,17,0,6,0,misty,7.98,7.0,76.0,7.0,320
winter,2012,12,18,0,6,0,misty,7.98,8.0,76.0,0.0,297
winter,2012,12,19,0,6,0,misty,7.04,7.0,81.0,0.0,249
winter,2012,12,20,0,6,0,clear,7.04,7.0,81.0,0.0,198
winter,2012,12,21,0,6,0,misty,6.1,6.0,87.0,0.0,158
winter,2012,12,22,0,6,0,misty,6.1,6.0,87.0,0.0,147
winter,2012,12,23,0,6,0,misty,7.04,7.0,81.0,0.0,126
winter,2012,12,0,0,0,0,misty,6.1,5.0,87.0,6.0,117
winter,2012,12,1,0,0,0,misty,6.1,5.0,87.0,6.0,94
winter,2012,12,2,0,0,0,misty,6.1,6.0,87.0,0.0,74
winter,2012,12,3,0,0,0,misty,4.22,4.0,93.0,0.0,25
winter,2012,12,4,0,0,0,misty,4.22,4.0,93.0,0.0,7
winter,2012,12,5,0,0,0,misty,4.22,4.0,93.0,0.0,8
winter,2012,12,6,0,0,0,misty,3.28,-0.0,93.0,9.0,16
winter,2012,12,7,0,0,0,misty,3.28,-0.0,93.0,9.0,31
winter,2012,12,8,0,0,0,misty,4.22,3.0,93.0,6.0,93
winter,2012,12,9,0,0,0,misty,5.16,2.0,93.0,11.0,172
winter,2012,12,10,0,0,0,misty,6.1,6.0,87.0,0.0,293
winter,2012,12,11,0,0,0,misty,7.04,5.0,81.0,11.0,355
winter,2012,12,12,0,0,0,misty,7.98,6.0,81.0,11.0,520
winter,2012,12,13,0,0,0,clear,10.8,11.0,71.0,15.0,431
winter,2012,12,14,0,0,0,clear,12.68,13.0,62.0,17.0,473
winter,2012,12,15,0,0,0,clear,12.68,13.0,67.0,9.0,417
winter,2012,12,16,0,0,0,misty,12.68,13.0,67.0,7.0,443
winter,2012,12,17,0,0,0,rain,10.8,11.0,76.0,13.0,303
winter,2012,12,18,0,0,0,misty,12.68,13.0,72.0,7.0,203
winter,2012,12,19,0,0,0,misty,10.8,11.0,82.0,13.0,174
winter,2012,12,20,0,0,0,misty,11.74,12.0,82.0,13.0,154
winter,2012,12,21,0,0,0,misty,12.68,13.0,77.0,15.0,99
winter,2012,12,22,0,0,0,misty,12.68,13.0,77.0,13.0,96
winter,2012,12,23,0,0,0,misty,11.74,12.0,82.0,9.0,51
winter,2012,12,0,0,1,1,misty,11.74,12.0,82.0,11.0,21
winter,2012,12,1,0,1,1,clear,10.8,11.0,82.0,9.0,13
winter,2012,12,2,0,1,1,clear,11.74,12.0,77.0,11.0,10
winter,2012,12,3,0,1,1,clear,9.86,10.0,87.0,0.0,8
winter,2012,12,4,0,1,1,clear,8.92,9.0,93.0,0.0,5
winter,2012,12,5,0,1,1,clear,7.98,7.0,93.0,6.0,38
winter,2012,12,6,0,1,1,clear,8.92,9.0,93.0,0.0,138
winter,2012,12,7,0,1,1,misty,7.98,8.0,93.0,0.0,396
winter,2012,12,8,0,1,1,clear,8.92,9.0,93.0,0.0,731
winter,2012,12,9,0,1,1,clear,10.8,11.0,87.0,6.0,308
winter,2012,12,10,0,1,1,clear,12.68,13.0,77.0,9.0,136
winter,2012,12,11,0,1,1,clear,14.56,15.0,77.0,9.0,233
winter,2012,12,12,0,1,1,clear,16.44,17.0,68.0,11.0,268
winter,2012,12,13,0,1,1,clear,19.26,20.0,56.0,6.0,321
winter,2012,12,14,0,1,1,clear,20.2,25.0,53.0,0.0,260
winter,2012,12,15,0,1,1,clear,20.2,25.0,56.0,0.0,268
winter,2012,12,16,0,1,1,clear,20.2,25.0,53.0,9.0,442
winter,2012,12,17,0,1,1,clear,16.44,17.0,63.0,7.0,708
winter,2012,12,18,0,1,1,clear,15.5,16.0,68.0,6.0,692
winter,2012,12,19,0,1,1,clear,15.5,16.0,68.0,6.0,471
winter,2012,12,20,0,1,1,misty,13.62,14.0,77.0,0.0,300
winter,2012,12,21,0,1,1,clear,12.68,13.0,82.0,13.0,221
winter,2012,12,22,0,1,1,clear,11.74,12.0,82.0,7.0,144
winter,2012,12,23,0,1,1,clear,11.74,12.0,82.0,7.0,102
winter,2012,12,0,0,2,1,clear,11.74,12.0,88.0,7.0,55
winter,2012,12,1,0,2,1,clear,11.74,12.0,82.0,7.0,25
winter,2012,12,2,0,2,1,clear,11.74,12.0,88.0,6.0,8
winter,2012,12,3,0,2,1,misty,10.8,11.0,87.0,9.0,4
winter,2012,12,4,0,2,1,misty,10.8,11.0,87.0,9.0,7
winter,2012,12,5,0,2,1,misty,12.68,13.0,88.0,0.0,46
winter,2012,12,6,0,2,1,misty,8.92,9.0,93.0,0.0,153
winter,2012,12,7,0,2,1,clear,11.74,12.0,88.0,9.0,502
winter,2012,12,8,0,2,1,misty,12.68,13.0,88.0,11.0,721
winter,2012,12,9,0,2,1,clear,13.62,14.0,82.0,7.0,336
winter,2012,12,10,0,2,1,clear,13.62,14.0,82.0,13.0,156
winter,2012,12,11,0,2,1,clear,14.56,15.0,77.0,13.0,207
winter,2012,12,12,0,2,1,clear,16.44,17.0,68.0,13.0,312
winter,2012,12,13,0,2,1,misty,17.38,18.0,64.0,11.0,272
winter,2012,12,14,0,2,1,misty,19.26,20.0,56.0,15.0,270
winter,2012,12,15,0,2,1,misty,20.2,25.0,49.0,17.0,300
winter,2012,12,16,0,2,1,clear,19.26,20.0,49.0,19.0,435
winter,2012,12,17,0,2,1,clear,16.44,17.0,59.0,15.0,743
winter,2012,12,18,0,2,1,clear,15.5,16.0,63.0,15.0,731
winter,2012,12,19,0,2,1,clear,14.56,15.0,67.0,15.0,460
winter,2012,12,20,0,2,1,misty,15.5,16.0,63.0,15.0,306
winter,2012,12,21,0,2,1,misty,15.5,16.0,63.0,17.0,280
winter,2012,12,22,0,2,1,misty,15.5,16.0,63.0,20.0,181
winter,2012,12,23,0,2,1,clear,14.56,15.0,67.0,17.0,96
winter,2012,12,0,0,3,1,clear,15.5,16.0,59.0,19.0,37
winter,2012,12,1,0,3,1,clear,16.44,17.0,55.0,22.0,11
winter,2012,12,2,0,3,1,clear,13.62,14.0,67.0,11.0,9
winter,2012,12,3,0,3,1,clear,14.56,15.0,67.0,9.0,7
winter,2012,12,4,0,3,1,clear,15.5,16.0,63.0,30.0,10
winter,2012,12,5,0,3,1,clear,15.5,16.0,59.0,19.0,49
winter,2012,12,6,0,3,1,rain,14.56,15.0,55.0,26.0,124
winter,2012,12,7,0,3,1,rain,13.62,14.0,59.0,20.0,398
winter,2012,12,8,0,3,1,misty,12.68,13.0,58.0,19.0,759
winter,2012,12,9,0,3,1,misty,12.68,13.0,51.0,15.0,388
winter,2012,12,10,0,3,1,misty,12.68,13.0,47.0,24.0,141
winter,2012,12,11,0,3,1,clear,12.68,13.0,44.0,19.0,172
winter,2012,12,12,0,3,1,clear,12.68,13.0,41.0,19.0,232
winter,2012,12,13,0,3,1,clear,13.62,14.0,41.0,19.0,214
winter,2012,12,14,0,3,1,clear,14.56,15.0,33.0,33.0,218
winter,2012,12,15,0,3,1,clear,14.56,15.0,33.0,19.0,285
winter,2012,12,16,0,3,1,clear,13.62,14.0,33.0,19.0,377
winter,2012,12,17,0,3,1,clear,12.68,13.0,35.0,19.0,605
winter,2012,12,18,0,3,1,clear,11.74,12.0,35.0,30.0,609
winter,2012,12,19,0,3,1,clear,9.86,10.0,43.0,24.0,414
winter,2012,12,20,0,3,1,clear,7.98,4.0,46.0,26.0,293
winter,2012,12,21,0,3,1,clear,7.98,4.0,46.0,28.0,198
winter,2012,12,22,0,3,1,clear,7.04,3.0,45.0,26.0,105
winter,2012,12,23,0,3,1,clear,6.1,2.0,49.0,26.0,74
winter,2012,12,0,0,4,1,clear,4.22,-0.0,48.0,19.0,44
winter,2012,12,1,0,4,1,clear,4.22,-0.0,48.0,19.0,16
winter,2012,12,2,0,4,1,clear,3.28,-2.0,52.0,19.0,9
winter,2012,12,3,0,4,1,clear,2.34,-1.0,55.0,13.0,2
winter,2012,12,4,0,4,1,clear,2.34,-2.0,55.0,20.0,9
winter,2012,12,5,0,4,1,clear,2.34,-2.0,55.0,19.0,32
winter,2012,12,6,0,4,1,clear,2.34,-2.0,55.0,20.0,124
winter,2012,12,7,0,4,1,clear,2.34,-2.0,51.0,20.0,389
winter,2012,12,8,0,4,1,clear,2.34,-2.0,51.0,20.0,659
winter,2012,12,9,0,4,1,clear,3.28,-1.0,48.0,13.0,276
winter,2012,12,10,0,4,1,clear,3.28,-1.0,52.0,13.0,145
winter,2012,12,11,0,4,1,clear,4.22,1.0,48.0,11.0,178
winter,2012,12,12,0,4,1,clear,5.16,5.0,41.0,0.0,235
winter,2012,12,13,0,4,1,clear,6.1,6.0,39.0,0.0,245
winter,2012,12,14,0,4,1,clear,6.1,5.0,42.0,6.0,212
winter,2012,12,15,0,4,1,clear,7.04,7.0,39.0,0.0,270
winter,2012,12,16,0,4,1,clear,7.04,7.0,42.0,0.0,331
winter,2012,12,17,0,4,1,clear,6.1,5.0,45.0,7.0,617
winter,2012,12,18,0,4,1,clear,5.16,2.0,45.0,11.0,565
winter,2012,12,19,0,4,1,clear,4.22,1.0,60.0,13.0,373
winter,2012,12,20,0,4,1,misty,3.28,1.0,60.0,7.0,227
winter,2012,12,21,0,4,1,misty,3.28,-0.0,60.0,9.0,191
winter,2012,12,22,0,4,1,clear,3.28,-0.0,65.0,11.0,133
winter,2012,12,23,0,4,1,clear,3.28,-0.0,65.0,11.0,93
winter,2012,12,0,0,5,1,clear,3.28,1.0,70.0,7.0,48
winter,2012,12,1,0,5,1,misty,3.28,-1.0,70.0,13.0,28
winter,2012,12,2,0,5,1,misty,4.22,2.0,70.0,9.0,11
winter,2012,12,3,0,5,1,misty,4.22,1.0,81.0,13.0,5
winter,2012,12,4,0,5,1,clear,4.22,2.0,75.0,7.0,10
winter,2012,12,5,0,5,1,misty,4.22,2.0,81.0,7.0,26
winter,2012,12,6,0,5,1,misty,5.16,2.0,75.0,11.0,84
winter,2012,12,7,0,5,1,rain,5.16,2.0,81.0,11.0,215
winter,2012,12,8,0,5,1,misty,6.1,3.0,75.0,13.0,441
winter,2012,12,9,0,5,1,misty,6.1,4.0,81.0,9.0,301
winter,2012,12,10,0,5,1,misty,7.04,5.0,76.0,11.0,166
winter,2012,12,11,0,5,1,misty,7.04,5.0,76.0,13.0,203
winter,2012,12,12,0,5,1,misty,7.98,6.0,71.0,13.0,240
winter,2012,12,13,0,5,1,misty,8.92,7.0,66.0,9.0,220
winter,2012,12,14,0,5,1,misty,8.92,7.0,71.0,11.0,215
winter,2012,12,15,0,5,1,misty,8.92,7.0,71.0,11.0,303
winter,2012,12,16,0,5,1,clear,8.92,7.0,76.0,9.0,375
winter,2012,12,17,0,5,1,misty,9.86,10.0,66.0,0.0,568
winter,2012,12,18,0,5,1,misty,9.86,10.0,71.0,7.0,498
winter,2012,12,19,0,5,1,misty,9.86,10.0,76.0,0.0,352
winter,2012,12,20,0,5,1,rain,9.86,10.0,76.0,7.0,241
winter,2012,12,21,0,5,1,misty,8.92,8.0,93.0,7.0,171
winter,2012,12,22,0,5,1,misty,8.92,8.0,93.0,6.0,165
winter,2012,12,23,0,5,1,misty,8.92,8.0,93.0,6.0,122
winter,2012,12,0,0,6,0,misty,8.92,8.0,93.0,6.0,103
winter,2012,12,1,0,6,0,misty,8.92,7.0,93.0,9.0,100
winter,2012,12,2,0,6,0,misty,8.92,7.0,93.0,9.0,70
winter,2012,12,3,0,6,0,misty,8.92,8.0,93.0,7.0,29
winter,2012,12,4,0,6,0,misty,8.92,9.0,93.0,0.0,12
winter,2012,12,5,0,6,0,misty,8.92,8.0,93.0,7.0,6
winter,2012,12,6,0,6,0,misty,8.92,8.0,93.0,7.0,20
winter,2012,12,7,0,6,0,misty,8.92,8.0,100.0,6.0,39
winter,2012,12,8,0,6,0,misty,9.86,10.0,94.0,6.0,111
winter,2012,12,9,0,6,0,misty,9.86,10.0,94.0,0.0,170
winter,2012,12,10,0,6,0,misty,10.8,11.0,87.0,9.0,287
winter,2012,12,11,0,6,0,misty,10.8,11.0,87.0,7.0,404
winter,2012,12,12,0,6,0,misty,10.8,11.0,87.0,15.0,486
winter,2012,12,13,0,6,0,misty,10.8,11.0,87.0,11.0,547
winter,2012,12,14,0,6,0,misty,10.8,11.0,87.0,19.0,542
winter,2012,12,15,0,6,0,clear,11.74,12.0,82.0,11.0,541
winter,2012,12,16,0,6,0,clear,11.74,12.0,82.0,11.0,507
winter,2012,12,17,0,6,0,clear,9.86,10.0,87.0,9.0,345
winter,2012,12,18,0,6,0,clear,10.8,11.0,87.0,7.0,304
winter,2012,12,19,0,6,0,clear,10.8,11.0,87.0,0.0,246
winter,2012,12,20,0,6,0,misty,8.92,9.0,100.0,0.0,182
winter,2012,12,21,0,6,0,misty,8.92,9.0,100.0,0.0,209
winter,2012,12,22,0,6,0,misty,9.86,10.0,94.0,7.0,160
winter,2012,12,23,0,6,0,misty,10.8,11.0,94.0,0.0,162
winter,2012,12,0,0,0,0,misty,10.8,11.0,87.0,9.0,118
winter,2012,12,1,0,0,0,misty,10.8,11.0,87.0,7.0,102
winter,2012,12,2,0,0,0,misty,10.8,11.0,87.0,7.0,78
winter,2012,12,3,0,0,0,misty,10.8,11.0,87.0,7.0,48
winter,2012,12,4,0,0,0,misty,10.8,11.0,94.0,7.0,12
winter,2012,12,5,0,0,0,misty,10.8,11.0,87.0,7.0,8
winter,2012,12,6,0,0,0,rain,10.8,11.0,94.0,7.0,6
winter,2012,12,7,0,0,0,rain,10.8,11.0,87.0,15.0,23
winter,2012,12,8,0,0,0,rain,10.8,11.0,87.0,11.0,69
winter,2012,12,9,0,0,0,misty,10.8,11.0,87.0,17.0,103
winter,2012,12,10,0,0,0,misty,10.8,11.0,87.0,19.0,219
winter,2012,12,11,0,0,0,misty,10.8,11.0,87.0,20.0,250
winter,2012,12,12,0,0,0,misty,10.8,11.0,82.0,20.0,315
winter,2012,12,13,0,0,0,misty,9.86,10.0,87.0,19.0,285
winter,2012,12,14,0,0,0,misty,9.86,10.0,87.0,13.0,232
winter,2012,12,15,0,0,0,rain,8.92,7.0,93.0,11.0,225
winter,2012,12,16,0,0,0,rain,8.92,7.0,93.0,11.0,253
winter,2012,12,17,0,0,0,rain,8.92,7.0,93.0,9.0,229
winter,2012,12,18,0,0,0,rain,8.92,8.0,93.0,6.0,198
winter,2012,12,19,0,0,0,rain,9.86,10.0,94.0,6.0,122
winter,2012,12,20,0,0,0,rain,8.92,8.0,100.0,6.0,108
winter,2012,12,21,0,0,0,misty,8.92,8.0,100.0,7.0,96
winter,2012,12,22,0,0,0,rain,8.92,8.0,93.0,7.0,78
winter,2012,12,23,0,0,0,rain,8.92,8.0,100.0,6.0,51
winter,2012,12,0,0,1,1,rain,8.92,8.0,100.0,6.0,20
winter,2012,12,1,0,1,1,misty,8.92,9.0,100.0,0.0,4
winter,2012,12,2,0,1,1,misty,9.86,10.0,94.0,7.0,5
winter,2012,12,3,0,1,1,misty,9.86,10.0,94.0,7.0,4
winter,2012,12,4,0,1,1,misty,9.86,10.0,94.0,7.0,12
winter,2012,12,5,0,1,1,misty,9.86,10.0,94.0,7.0,27
winter,2012,12,6,0,1,1,misty,9.86,10.0,94.0,11.0,123
winter,2012,12,7,0,1,1,misty,9.86,10.0,94.0,17.0,294
winter,2012,12,8,0,1,1,misty,11.74,12.0,100.0,17.0,584
winter,2012,12,9,0,1,1,misty,11.74,12.0,100.0,15.0,284
winter,2012,12,10,0,1,1,misty,12.68,13.0,94.0,15.0,133
winter,2012,12,11,0,1,1,rain,13.62,14.0,94.0,15.0,134
winter,2012,12,12,0,1,1,rain,12.68,13.0,100.0,15.0,173
winter,2012,12,13,0,1,1,rain,12.68,13.0,100.0,15.0,220
winter,2012,12,14,0,1,1,misty,15.5,16.0,94.0,15.0,210
winter,2012,12,15,0,1,1,misty,15.5,16.0,87.0,11.0,236
winter,2012,12,16,0,1,1,misty,15.5,16.0,88.0,7.0,345
winter,2012,12,17,0,1,1,misty,14.56,15.0,82.0,19.0,616
winter,2012,12,18,0,1,1,misty,13.62,14.0,88.0,19.0,564
winter,2012,12,19,0,1,1,clear,16.44,17.0,77.0,19.0,427
winter,2012,12,20,0,1,1,clear,13.62,14.0,88.0,17.0,300
winter,2012,12,21,0,1,1,misty,13.62,14.0,94.0,13.0,245
winter,2012,12,22,0,1,1,misty,15.5,16.0,82.0,15.0,126
winter,2012,12,23,0,1,1,clear,13.62,14.0,88.0,17.0,84
winter,2012,12,0,0,2,1,rain,13.62,14.0,77.0,31.0,31
winter,2012,12,1,0,2,1,clear,11.74,12.0,71.0,30.0,8
winter,2012,12,2,0,2,1,misty,10.8,11.0,66.0,22.0,1
winter,2012,12,3,0,2,1,rain,8.92,6.0,76.0,19.0,3
winter,2012,12,4,0,2,1,misty,7.98,5.0,76.0,19.0,8
winter,2012,12,5,0,2,1,rain,7.98,4.0,71.0,22.0,41
winter,2012,12,6,0,2,1,misty,7.98,4.0,71.0,20.0,118
winter,2012,12,7,0,2,1,clear,7.98,4.0,66.0,28.0,380
winter,2012,12,8,0,2,1,misty,7.98,4.0,61.0,20.0,724
winter,2012,12,9,0,2,1,clear,7.98,4.0,61.0,26.0,334
winter,2012,12,10,0,2,1,clear,8.92,6.0,57.0,22.0,154
winter,2012,12,11,0,2,1,misty,8.92,6.0,53.0,24.0,173
winter,2012,12,12,0,2,1,misty,8.92,5.0,53.0,30.0,226
winter,2012,12,13,0,2,1,misty,9.86,10.0,50.0,15.0,254
winter,2012,12,14,0,2,1,misty,9.86,10.0,50.0,15.0,204
winter,2012,12,15,0,2,1,misty,9.86,10.0,50.0,15.0,270
winter,2012,12,16,0,2,1,misty,9.86,10.0,50.0,15.0,358
winter,2012,12,17,0,2,1,clear,7.04,4.0,53.0,15.0,601
winter,2012,12,18,0,2,1,clear,7.04,4.0,53.0,15.0,546
winter,2012,12,19,0,2,1,clear,7.04,4.0,53.0,15.0,433
winter,2012,12,20,0,2,1,clear,7.04,4.0,53.0,15.0,257
winter,2012,12,21,0,2,1,clear,7.04,5.0,53.0,13.0,207
winter,2012,12,22,0,2,1,clear,6.1,3.0,56.0,15.0,106
winter,2012,12,23,0,2,1,clear,6.1,3.0,52.0,15.0,64
winter,2012,12,0,0,3,1,clear,6.1,4.0,52.0,11.0,34
winter,2012,12,1,0,3,1,clear,5.16,2.0,61.0,15.0,21
winter,2012,12,2,0,3,1,clear,5.16,2.0,56.0,11.0,9
winter,2012,12,3,0,3,1,clear,4.22,2.0,60.0,9.0,10
winter,2012,12,4,0,3,1,clear,4.22,4.0,60.0,0.0,4
winter,2012,12,5,0,3,1,clear,4.22,1.0,60.0,13.0,37
winter,2012,12,6,0,3,1,misty,4.22,-0.0,60.0,17.0,128
winter,2012,12,7,0,3,1,misty,4.22,1.0,60.0,13.0,369
winter,2012,12,8,0,3,1,misty,4.22,1.0,65.0,11.0,688
winter,2012,12,9,0,3,1,misty,5.16,3.0,61.0,9.0,285
winter,2012,12,10,0,3,1,misty,6.1,4.0,56.0,11.0,136
winter,2012,12,11,0,3,1,misty,7.04,4.0,49.0,15.0,172
winter,2012,12,12,0,3,1,misty,7.98,8.0,42.0,0.0,232
winter,2012,12,13,0,3,1,misty,7.98,8.0,42.0,0.0,238
winter,2012,12,14,0,3,1,misty,7.98,8.0,46.0,0.0,225
winter,2012,12,15,0,3,1,misty,7.98,7.0,46.0,7.0,228
winter,2012,12,16,0,3,1,misty,7.98,6.0,46.0,9.0,329
winter,2012,12,17,0,3,1,misty,7.04,4.0,53.0,15.0,561
winter,2012,12,18,0,3,1,misty,7.04,4.0,49.0,15.0,540
winter,2012,12,19,0,3,1,misty,6.1,3.0,56.0,15.0,402
winter,2012,12,20,0,3,1,clear,6.1,3.0,52.0,19.0,268
winter,2012,12,21,0,3,1,misty,6.1,3.0,52.0,17.0,202
winter,2012,12,22,0,3,1,misty,6.1,3.0,52.0,15.0,122
winter,2012,12,23,0,3,1,misty,5.16,2.0,56.0,15.0,79
winter,2012,12,0,0,4,1,misty,5.16,2.0,52.0,15.0,32
winter,2012,12,1,0,4,1,misty,5.16,1.0,52.0,19.0,23
winter,2012,12,2,0,4,1,misty,4.22,-0.0,56.0,17.0,8
winter,2012,12,3,0,4,1,misty,4.22,-0.0,56.0,19.0,2
winter,2012,12,4,0,4,1,misty,4.22,1.0,56.0,13.0,8
winter,2012,12,5,0,4,1,misty,4.22,1.0,56.0,11.0,33
winter,2012,12,6,0,4,1,clear,4.22,-0.0,56.0,17.0,114
winter,2012,12,7,0,4,1,clear,3.28,-1.0,60.0,15.0,385
winter,2012,12,8,0,4,1,clear,3.28,-1.0,60.0,13.0,679
winter,2012,12,9,0,4,1,clear,5.16,2.0,52.0,17.0,325
winter,2012,12,10,0,4,1,clear,7.04,4.0,45.0,19.0,167
winter,2012,12,11,0,4,1,clear,7.98,5.0,42.0,17.0,189
winter,2012,12,12,0,4,1,clear,8.92,6.0,40.0,17.0,282
winter,2012,12,13,0,4,1,clear,8.92,7.0,34.0,13.0,271
winter,2012,12,14,0,4,1,clear,8.92,7.0,34.0,11.0,242
winter,2012,12,15,0,4,1,clear,8.92,7.0,34.0,9.0,280
winter,2012,12,16,0,4,1,clear,7.98,7.0,39.0,7.0,406
winter,2012,12,17,0,4,1,clear,7.04,6.0,42.0,7.0,550
winter,2012,12,18,0,4,1,clear,7.04,6.0,42.0,7.0,466
winter,2012,12,19,0,4,1,clear,6.1,4.0,45.0,11.0,348
winter,2012,12,20,0,4,1,clear,6.1,6.0,45.0,0.0,241
winter,2012,12,21,0,4,1,clear,5.16,5.0,48.0,0.0,213
winter,2012,12,22,0,4,1,clear,4.22,3.0,60.0,6.0,148
winter,2012,12,23,0,4,1,clear,4.22,4.0,60.0,0.0,120
winter,2012,12,0,0,5,1,clear,2.34,1.0,64.0,6.0,47
winter,2012,12,1,0,5,1,clear,2.34,1.0,69.0,6.0,26
winter,2012,12,2,0,5,1,clear,2.34,2.0,69.0,0.0,9
winter,2012,12,3,0,5,1,clear,1.4,-1.0,69.0,7.0,12
winter,2012,12,4,0,5,1,clear,1.4,-1.0,75.0,6.0,10
winter,2012,12,5,0,5,1,clear,1.4,-1.0,69.0,7.0,34
winter,2012,12,6,0,5,1,clear,-0.48,-4.0,80.0,7.0,113
winter,2012,12,7,0,5,1,clear,1.4,-2.0,72.0,7.0,308
winter,2012,12,8,0,5,1,clear,1.4,-1.0,69.0,6.0,636
winter,2012,12,9,0,5,1,clear,3.28,-0.0,75.0,9.0,343
winter,2012,12,10,0,5,1,clear,4.22,1.0,81.0,13.0,190
winter,2012,12,11,0,5,1,clear,7.04,4.0,65.0,13.0,211
winter,2012,12,12,0,5,1,clear,8.92,7.0,50.0,13.0,273
winter,2012,12,13,0,5,1,clear,8.92,7.0,50.0,15.0,313
winter,2012,12,14,0,5,1,clear,10.8,11.0,43.0,13.0,299
winter,2012,12,15,0,5,1,clear,10.8,11.0,47.0,11.0,309
winter,2012,12,16,0,5,1,clear,9.86,10.0,54.0,13.0,417
winter,2012,12,17,0,5,1,clear,7.98,6.0,57.0,11.0,622
winter,2012,12,18,0,5,1,clear,8.92,7.0,46.0,9.0,455
winter,2012,12,19,0,5,1,clear,7.98,7.0,53.0,6.0,319
winter,2012,12,20,0,5,1,clear,7.04,6.0,61.0,9.0,221
winter,2012,12,21,0,5,1,clear,6.1,4.0,75.0,11.0,172
winter,2012,12,22,0,5,1,clear,5.16,3.0,75.0,7.0,138
winter,2012,12,23,0,5,1,clear,5.16,4.0,75.0,6.0,134
winter,2012,12,0,0,6,0,clear,6.1,6.0,70.0,0.0,94
winter,2012,12,1,0,6,0,misty,4.22,3.0,81.0,6.0,95
winter,2012,12,2,0,6,0,clear,4.22,4.0,81.0,0.0,69
winter,2012,12,3,0,6,0,misty,3.28,3.0,81.0,0.0,23
winter,2012,12,4,0,6,0,misty,3.28,1.0,87.0,7.0,6
winter,2012,12,5,0,6,0,misty,4.22,4.0,75.0,0.0,3
winter,2012,12,6,0,6,0,misty,3.28,3.0,75.0,0.0,11
winter,2012,12,7,0,6,0,misty,3.28,1.0,75.0,6.0,48
winter,2012,12,8,0,6,0,misty,4.22,3.0,75.0,6.0,119
winter,2012,12,9,0,6,0,clear,4.22,2.0,75.0,7.0,220
winter,2012,12,10,0,6,0,clear,7.04,5.0,61.0,11.0,273
winter,2012,12,11,0,6,0,clear,7.98,7.0,61.0,6.0,393
winter,2012,12,12,0,6,0,clear,9.86,10.0,50.0,6.0,453
winter,2012,12,13,0,6,0,clear,9.86,10.0,54.0,17.0,456
winter,2012,12,14,0,6,0,clear,10.8,11.0,50.0,11.0,426
winter,2012,12,15,0,6,0,clear,11.74,12.0,47.0,0.0,447
winter,2012,12,16,0,6,0,clear,10.8,11.0,50.0,9.0,413
winter,2012,12,17,0,6,0,clear,10.8,11.0,50.0,15.0,309
winter,2012,12,18,0,6,0,clear,9.86,10.0,58.0,11.0,272
winter,2012,12,19,0,6,0,clear,8.92,7.0,62.0,9.0,257
winter,2012,12,20,0,6,0,misty,8.92,7.0,57.0,13.0,201
winter,2012,12,21,0,6,0,clear,8.92,7.0,62.0,9.0,184
winter,2012,12,22,0,6,0,clear,8.92,7.0,62.0,13.0,156
winter,2012,12,23,0,6,0,misty,8.92,7.0,62.0,9.0,119
winter,2012,12,0,0,0,0,misty,8.92,9.0,62.0,0.0,110
winter,2012,12,1,0,0,0,rain,7.98,7.0,76.0,7.0,96
winter,2012,12,2,0,0,0,misty,7.98,7.0,87.0,6.0,87
winter,2012,12,3,0,0,0,misty,7.98,6.0,87.0,13.0,38
winter,2012,12,4,0,0,0,misty,7.98,8.0,87.0,0.0,11
winter,2012,12,5,0,0,0,misty,7.98,8.0,87.0,0.0,9
winter,2012,12,6,0,0,0,misty,7.98,8.0,87.0,0.0,6
winter,2012,12,7,0,0,0,misty,7.98,7.0,87.0,6.0,27
winter,2012,12,8,0,0,0,misty,8.92,7.0,87.0,9.0,88
winter,2012,12,9,0,0,0,misty,8.92,7.0,87.0,9.0,132
winter,2012,12,10,0,0,0,misty,8.92,7.0,87.0,9.0,257
winter,2012,12,11,0,0,0,misty,8.92,7.0,87.0,9.0,295
winter,2012,12,12,0,0,0,misty,9.86,10.0,82.0,13.0,417
winter,2012,12,13,0,0,0,misty,9.86,10.0,76.0,13.0,356
winter,2012,12,14,0,0,0,misty,9.86,10.0,76.0,9.0,310
winter,2012,12,15,0,0,0,misty,9.86,10.0,82.0,7.0,338
winter,2012,12,16,0,0,0,misty,9.86,10.0,82.0,7.0,400
winter,2012,12,17,0,0,0,misty,9.86,10.0,82.0,7.0,243
winter,2012,12,18,0,0,0,rain,9.86,10.0,82.0,7.0,107
winter,2012,12,19,0,0,0,clear,8.92,7.0,93.0,9.0,109
winter,2012,12,20,0,0,0,misty,9.86,10.0,82.0,0.0,122
winter,2012,12,21,0,0,0,misty,8.92,9.0,93.0,0.0,106
winter,2012,12,22,0,0,0,misty,10.8,11.0,82.0,13.0,89
winter,2012,12,23,0,0,0,misty,8.92,7.0,93.0,9.0,33
winter,2012,12,0,0,1,1,misty,9.86,10.0,87.0,0.0,28
winter,2012,12,1,0,1,1,misty,9.86,10.0,87.0,7.0,15
winter,2012,12,2,0,1,1,misty,9.86,10.0,94.0,0.0,5
winter,2012,12,3,0,1,1,misty,8.92,9.0,93.0,0.0,3
winter,2012,12,4,0,1,1,rain,8.92,9.0,100.0,0.0,5
winter,2012,12,5,0,1,1,misty,9.86,10.0,87.0,0.0,24
winter,2012,12,6,0,1,1,misty,8.92,7.0,93.0,9.0,108
winter,2012,12,7,0,1,1,misty,8.92,7.0,93.0,9.0,319
winter,2012,12,8,0,1,1,misty,9.86,10.0,87.0,7.0,592
winter,2012,12,9,0,1,1,misty,10.8,11.0,87.0,0.0,282
winter,2012,12,10,0,1,1,misty,9.86,10.0,87.0,6.0,135
winter,2012,12,11,0,1,1,misty,10.8,11.0,87.0,6.0,170
winter,2012,12,12,0,1,1,misty,10.8,11.0,87.0,0.0,232
winter,2012,12,13,0,1,1,misty,10.8,11.0,87.0,9.0,210
winter,2012,12,14,0,1,1,misty,10.8,11.0,87.0,6.0,181
winter,2012,12,15,0,1,1,misty,11.74,12.0,88.0,0.0,211
winter,2012,12,16,0,1,1,rain,10.8,11.0,94.0,17.0,302
winter,2012,12,17,0,1,1,misty,10.8,11.0,94.0,17.0,495
winter,2012,12,18,0,1,1,misty,10.8,11.0,94.0,6.0,507
winter,2012,12,19,0,1,1,misty,11.74,12.0,88.0,9.0,340
winter,2012,12,20,0,1,1,misty,11.74,12.0,94.0,17.0,200
winter,2012,12,21,0,1,1,misty,11.74,12.0,94.0,9.0,120
winter,2012,12,22,0,1,1,misty,11.74,12.0,94.0,9.0,54
winter,2012,12,23,0,1,1,rain,11.74,12.0,94.0,15.0,47
winter,2012,12,0,0,2,1,misty,12.68,13.0,94.0,9.0,18
winter,2012,12,1,0,2,1,misty,12.68,13.0,94.0,9.0,15
winter,2012,12,2,0,2,1,misty,12.68,13.0,88.0,15.0,7
winter,2012,12,3,0,2,1,clear,11.74,12.0,88.0,13.0,5
winter,2012,12,4,0,2,1,clear,11.74,12.0,82.0,11.0,8
winter,2012,12,5,0,2,1,clear,9.86,10.0,87.0,6.0,36
winter,2012,12,6,0,2,1,clear,8.92,7.0,93.0,11.0,118
winter,2012,12,7,0,2,1,clear,8.92,7.0,93.0,9.0,355
winter,2012,12,8,0,2,1,clear,9.86,10.0,94.0,0.0,662
winter,2012,12,9,0,2,1,clear,10.8,11.0,87.0,6.0,326
winter,2012,12,10,0,2,1,clear,12.68,13.0,77.0,6.0,184
winter,2012,12,11,0,2,1,clear,14.56,15.0,63.0,15.0,269
winter,2012,12,12,0,2,1,rain,14.56,15.0,48.0,17.0,313
winter,2012,12,13,0,2,1,clear,15.5,16.0,42.0,19.0,286
winter,2012,12,14,0,2,1,clear,13.62,14.0,47.0,30.0,247
winter,2012,12,15,0,2,1,clear,13.62,14.0,44.0,33.0,246
winter,2012,12,16,0,2,1,clear,12.68,13.0,41.0,31.0,363
winter,2012,12,17,0,2,1,clear,10.8,11.0,47.0,30.0,572
winter,2012,12,18,0,2,1,clear,9.86,10.0,46.0,22.0,525
winter,2012,12,19,0,2,1,clear,9.86,10.0,46.0,26.0,353
winter,2012,12,20,0,2,1,clear,8.92,6.0,50.0,17.0,268
winter,2012,12,21,0,2,1,clear,8.92,7.0,50.0,15.0,168
winter,2012,12,22,0,2,1,clear,7.98,6.0,49.0,0.0,132
winter,2012,12,23,0,2,1,clear,7.98,7.0,49.0,6.0,81
winter,2012,12,0,0,3,1,clear,6.1,5.0,61.0,0.0,41
winter,2012,12,1,0,3,1,clear,6.1,5.0,65.0,6.0,15
winter,2012,12,2,0,3,1,clear,5.16,4.0,65.0,6.0,3
winter,2012,12,3,0,3,1,clear,4.22,2.0,75.0,9.0,5
winter,2012,12,4,0,3,1,clear,3.28,-0.0,75.0,9.0,7
winter,2012,12,5,0,3,1,clear,4.22,3.0,75.0,6.0,31
winter,2012,12,6,0,3,1,clear,3.28,1.0,75.0,6.0,112
winter,2012,12,7,0,3,1,clear,4.22,2.0,75.0,9.0,363
winter,2012,12,8,0,3,1,clear,3.28,1.0,87.0,7.0,678
winter,2012,12,9,0,3,1,clear,5.16,3.0,75.0,7.0,317
winter,2012,12,10,0,3,1,clear,7.04,6.0,70.0,7.0,164
winter,2012,12,11,0,3,1,clear,10.8,11.0,54.0,15.0,200
winter,2012,12,12,0,3,1,clear,10.8,11.0,54.0,19.0,236
winter,2012,12,13,0,3,1,clear,11.74,12.0,50.0,13.0,213
winter,2012,12,14,0,3,1,clear,11.74,12.0,50.0,13.0,218
winter,2012,12,15,0,3,1,clear,11.74,12.0,50.0,19.0,237
winter,2012,12,16,0,3,1,clear,11.74,12.0,50.0,24.0,334
winter,2012,12,17,0,3,1,clear,10.8,11.0,50.0,26.0,562
winter,2012,12,18,0,3,1,clear,9.86,10.0,50.0,24.0,569
winter,2012,12,19,0,3,1,clear,9.86,10.0,50.0,26.0,336
winter,2012,12,20,0,3,1,clear,8.92,7.0,57.0,15.0,241
winter,2012,12,21,0,3,1,clear,7.98,5.0,61.0,15.0,168
winter,2012,12,22,0,3,1,clear,7.98,7.0,61.0,6.0,129
winter,2012,12,23,0,3,1,clear,7.04,6.0,66.0,9.0,88
winter,2012,12,0,0,4,1,clear,7.04,6.0,61.0,9.0,42
winter,2012,12,1,0,4,1,clear,7.04,7.0,66.0,0.0,20
winter,2012,12,2,0,4,1,clear,7.04,7.0,66.0,0.0,8
winter,2012,12,3,0,4,1,misty,6.1,5.0,70.0,6.0,4
winter,2012,12,4,0,4,1,misty,6.1,5.0,70.0,6.0,6
winter,2012,12,5,0,4,1,misty,6.1,5.0,70.0,7.0,35
winter,2012,12,6,0,4,1,misty,6.1,6.0,65.0,0.0,118
winter,2012,12,7,0,4,1,misty,6.1,6.0,70.0,0.0,350
winter,2012,12,8,0,4,1,misty,6.1,6.0,70.0,0.0,599
winter,2012,12,9,0,4,1,misty,6.1,6.0,70.0,0.0,317
winter,2012,12,10,0,4,1,misty,7.04,6.0,66.0,0.0,161
winter,2012,12,11,0,4,1,misty,7.98,5.0,57.0,15.0,190
winter,2012,12,12,0,4,1,misty,8.92,7.0,53.0,11.0,212
winter,2012,12,13,0,4,1,misty,8.92,7.0,57.0,13.0,217
winter,2012,12,14,0,4,1,misty,8.92,7.0,53.0,13.0,214
winter,2012,12,15,0,4,1,misty,7.98,6.0,57.0,13.0,249
winter,2012,12,16,0,4,1,misty,7.98,4.0,53.0,22.0,302
winter,2012,12,17,0,4,1,misty,7.98,6.0,66.0,13.0,475
winter,2012,12,18,0,4,1,misty,7.98,6.0,71.0,13.0,381
winter,2012,12,19,0,4,1,rain,7.98,5.0,71.0,17.0,118
winter,2012,12,20,0,4,1,rain,7.98,6.0,76.0,11.0,50
winter,2012,12,21,0,4,1,rain,7.98,6.0,76.0,11.0,26
winter,2012,12,22,0,4,1,rain,7.98,6.0,87.0,13.0,21
winter,2012,12,23,0,4,1,rain,10.8,11.0,82.0,20.0,13
spring,2012,12,0,0,5,1,rain,11.74,12.0,88.0,20.0,17
spring,2012,12,1,0,5,1,rain,12.68,13.0,88.0,26.0,9
spring,2012,12,2,0,5,1,rain,13.62,14.0,94.0,26.0,3
spring,2012,12,3,0,5,1,rain,13.62,14.0,94.0,26.0,3
spring,2012,12,4,0,5,1,misty,8.92,5.0,71.0,33.0,6
spring,2012,12,5,0,5,1,misty,7.98,4.0,76.0,28.0,13
spring,2012,12,6,0,5,1,misty,7.98,3.0,57.0,39.0,80
spring,2012,12,7,0,5,1,misty,7.04,5.0,57.0,13.0,208
spring,2012,12,8,0,5,1,misty,7.04,4.0,57.0,19.0,472
spring,2012,12,9,0,5,1,misty,7.04,2.0,45.0,37.0,267
spring,2012,12,10,0,5,1,clear,7.04,3.0,42.0,31.0,154
spring,2012,12,11,0,5,1,misty,7.04,3.0,42.0,28.0,162
spring,2012,12,12,0,5,1,misty,7.04,3.0,39.0,24.0,224
spring,2012,12,13,0,5,1,misty,7.04,3.0,39.0,28.0,240
spring,2012,12,14,0,5,1,misty,7.04,3.0,39.0,30.0,219
spring,2012,12,15,0,5,1,misty,6.1,2.0,42.0,26.0,263
spring,2012,12,16,0,5,1,misty,6.1,2.0,39.0,22.0,281
spring,2012,12,17,0,5,1,misty,4.22,-1.0,56.0,22.0,321
spring,2012,12,18,0,5,1,misty,4.22,-1.0,56.0,20.0,243
spring,2012,12,19,0,5,1,clear,5.16,1.0,45.0,20.0,153
spring,2012,12,20,0,5,1,clear,5.16,2.0,41.0,17.0,112
spring,2012,12,21,0,5,1,clear,4.22,-1.0,41.0,28.0,70
spring,2012,12,22,0,5,1,clear,4.22,-1.0,44.0,20.0,63
spring,2012,12,23,0,5,1,clear,4.22,-0.0,44.0,19.0,40
spring,2012,12,0,0,6,0,clear,4.22,-2.0,44.0,39.0,31
spring,2012,12,1,0,6,0,clear,4.22,-2.0,44.0,30.0,35
spring,2012,12,2,0,6,0,clear,4.22,-2.0,44.0,35.0,23
spring,2012,12,3,0,6,0,clear,4.22,-2.0,48.0,30.0,7
spring,2012,12,4,0,6,0,clear,4.22,1.0,48.0,13.0,5
spring,2012,12,5,0,6,0,clear,4.22,-1.0,48.0,28.0,5
spring,2012,12,6,0,6,0,clear,4.22,-1.0,44.0,28.0,13
spring,2012,12,7,0,6,0,clear,4.22,-1.0,44.0,28.0,20
spring,2012,12,8,0,6,0,clear,4.22,-2.0,44.0,41.0,29
spring,2012,12,9,0,6,0,clear,4.22,-1.0,48.0,26.0,90
spring,2012,12,10,0,6,0,clear,4.22,-1.0,48.0,22.0,118
spring,2012,12,11,0,6,0,clear,5.16,1.0,41.0,24.0,159
spring,2012,12,12,0,6,0,clear,6.1,1.0,36.0,44.0,146
spring,2012,12,13,0,6,0,clear,7.04,3.0,36.0,30.0,158
spring,2012,12,14,0,6,0,clear,7.04,3.0,36.0,31.0,161
spring,2012,12,15,0,6,0,clear,7.04,2.0,33.0,39.0,153
spring,2012,12,16,0,6,0,clear,6.1,2.0,39.0,30.0,147
spring,2012,12,17,0,6,0,clear,5.16,1.0,41.0,20.0,114
spring,2012,12,18,0,6,0,clear,4.22,-2.0,44.0,31.0,82
spring,2012,12,19,0,6,0,clear,3.28,-2.0,48.0,24.0,60
spring,2012,12,20,0,6,0,clear,3.28,-0.0,48.0,11.0,61
spring,2012,12,21,0,6,0,clear,2.34,-2.0,51.0,19.0,53
spring,2012,12,22,0,6,0,clear,2.34,-2.0,51.0,19.0,39
spring,2012,12,23,0,6,0,clear,2.34,-1.0,51.0,13.0,40
spring,2012,12,0,0,0,0,clear,2.34,-2.0,47.0,19.0,27
spring,2012,12,1,0,0,0,clear,2.34,-1.0,47.0,13.0,20
spring,2012,12,2,0,0,0,clear,1.4,-2.0,51.0,11.0,18
spring,2012,12,3,0,0,0,clear,1.4,-2.0,51.0,9.0,9
spring,2012,12,4,0,0,0,clear,1.4,-2.0,47.0,9.0,4
spring,2012,12,5,0,0,0,clear,1.4,1.0,51.0,0.0,6
spring,2012,12,6,0,0,0,clear,-0.48,-3.0,64.0,6.0,9
spring,2012,12,7,0,0,0,clear,-0.48,-3.0,64.0,6.0,19
spring,2012,12,8,0,0,0,clear,-1.42,-5.0,69.0,7.0,48
spring,2012,12,9,0,0,0,clear,1.4,-1.0,59.0,7.0,56
spring,2012,12,10,0,0,0,clear,2.34,-1.0,64.0,13.0,93
spring,2012,12,11,0,0,0,clear,3.28,-1.0,52.0,13.0,152
spring,2012,12,12,0,0,0,clear,6.1,3.0,42.0,13.0,196
spring,2012,12,13,0,0,0,clear,7.04,4.0,39.0,15.0,186
spring,2012,12,14,0,0,0,clear,7.98,4.0,31.0,20.0,175
spring,2012,12,15,0,0,0,clear,7.98,6.0,34.0,9.0,137
spring,2012,12,16,0,0,0,clear,7.98,6.0,34.0,13.0,190
spring,2012,12,17,0,0,0,clear,7.04,5.0,49.0,13.0,114
spring,2012,12,18,0,0,0,clear,6.1,4.0,45.0,11.0,93
spring,2012,12,19,0,0,0,clear,6.1,6.0,42.0,0.0,58
spring,2012,12,20,0,0,0,clear,4.22,4.0,65.0,0.0,52
spring,2012,12,21,0,0,0,clear,3.28,3.0,70.0,0.0,42
spring,2012,12,22,0,0,0,clear,3.28,1.0,60.0,7.0,58
spring,2012,12,23,0,0,0,clear,3.28,3.0,60.0,0.0,25
spring,2012,12,0,0,1,1,clear,2.34,2.0,69.0,0.0,12
spring,2012,12,1,0,1,1,clear,2.34,2.0,69.0,0.0,11
spring,2012,12,2,0,1,1,clear,1.4,1.0,75.0,0.0,5
spring,2012,12,3,0,1,1,clear,1.4,1.0,75.0,0.0,3
spring,2012,12,5,0,1,1,clear,0.46,-3.0,80.0,9.0,9
spring,2012,12,6,0,1,1,clear,1.4,1.0,75.0,0.0,17
spring,2012,12,7,0,1,1,clear,1.4,1.0,69.0,0.0,30
spring,2012,12,8,0,1,1,clear,2.34,2.0,69.0,0.0,66
spring,2012,12,9,0,1,1,misty,3.28,1.0,65.0,7.0,85
spring,2012,12,10,0,1,1,misty,4.22,4.0,65.0,0.0,103
spring,2012,12,11,0,1,1,misty,4.22,1.0,60.0,11.0,124
spring,2012,12,12,0,1,1,misty,5.16,4.0,56.0,6.0,135
spring,2012,12,13,0,1,1,rain,3.28,1.0,81.0,7.0,70
spring,2012,12,14,0,1,1,rain,3.28,1.0,87.0,7.0,46
spring,2012,12,15,0,1,1,rain,3.28,-1.0,87.0,15.0,33
spring,2012,12,16,0,1,1,rain,3.28,-1.0,87.0,15.0,33
spring,2012,12,17,0,1,1,rain,3.28,-0.0,93.0,11.0,26
spring,2012,12,18,0,1,1,rain,3.28,1.0,93.0,7.0,26
spring,2012,12,19,0,1,1,misty,3.28,-0.0,93.0,9.0,18
spring,2012,12,20,0,1,1,rain,3.28,-0.0,93.0,9.0,23
spring,2012,12,21,0,1,1,rain,3.28,1.0,93.0,6.0,22
spring,2012,12,22,0,1,1,misty,3.28,3.0,93.0,0.0,12
spring,2012,12,23,0,1,1,rain,3.28,3.0,93.0,0.0,11
spring,2012,12,0,1,2,0,rain,3.28,1.0,93.0,6.0,13
spring,2012,12,1,1,2,0,misty,4.22,1.0,87.0,11.0,13
spring,2012,12,2,1,2,0,misty,4.22,1.0,87.0,11.0,7
spring,2012,12,4,1,2,0,misty,3.28,1.0,87.0,6.0,1
spring,2012,12,5,1,2,0,misty,2.34,-1.0,93.0,9.0,3
spring,2012,12,6,1,2,0,misty,2.34,-1.0,93.0,9.0,7
spring,2012,12,7,1,2,0,misty,2.34,-1.0,93.0,11.0,6
spring,2012,12,8,1,2,0,misty,3.28,3.0,87.0,0.0,11
spring,2012,12,9,1,2,0,misty,3.28,1.0,87.0,0.0,28
spring,2012,12,10,1,2,0,clear,5.16,5.0,81.0,0.0,32
spring,2012,12,11,1,2,0,clear,6.1,5.0,75.0,6.0,86
spring,2012,12,12,1,2,0,clear,7.04,6.0,76.0,6.0,114
spring,2012,12,13,1,2,0,clear,10.8,11.0,50.0,22.0,121
spring,2012,12,14,1,2,0,clear,9.86,10.0,46.0,20.0,126
spring,2012,12,15,1,2,0,clear,8.92,6.0,50.0,17.0,107
spring,2012,12,16,1,2,0,misty,8.92,6.0,50.0,17.0,86
spring,2012,12,17,1,2,0,misty,7.04,4.0,57.0,17.0,50
spring,2012,12,18,1,2,0,misty,7.04,4.0,66.0,17.0,43
spring,2012,12,19,1,2,0,misty,7.04,4.0,66.0,15.0,36
spring,2012,12,20,1,2,0,misty,7.04,4.0,66.0,19.0,40
spring,2012,12,21,1,2,0,misty,6.1,3.0,65.0,13.0,34
spring,2012,12,22,1,2,0,misty,6.1,4.0,70.0,11.0,19
spring,2012,12,23,1,2,0,misty,5.16,2.0,65.0,17.0,30
spring,2012,12,0,0,3,1,misty,5.16,2.0,65.0,17.0,9
spring,2012,12,1,0,3,1,misty,4.22,-1.0,65.0,20.0,7
spring,2012,12,2,0,3,1,misty,4.22,-1.0,65.0,20.0,1
spring,2012,12,3,0,3,1,misty,3.28,-2.0,70.0,24.0,2
spring,2012,12,4,0,3,1,clear,2.34,-3.0,69.0,24.0,2
spring,2012,12,5,0,3,1,misty,2.34,-2.0,69.0,19.0,11
spring,2012,12,6,0,3,1,misty,2.34,-2.0,69.0,15.0,36
spring,2012,12,7,0,3,1,rain,1.4,-4.0,86.0,22.0,26
spring,2012,12,8,0,3,1,rain,1.4,-4.0,86.0,22.0,31
spring,2012,12,9,0,3,1,rain,1.4,-4.0,86.0,22.0,23
spring,2012,12,10,0,3,1,rain,1.4,-4.0,86.0,20.0,8
spring,2012,12,11,0,3,1,rain,1.4,-5.0,86.0,31.0,10
spring,2012,12,12,0,3,1,rain,2.34,-3.0,87.0,22.0,10
spring,2012,12,13,0,3,1,rain,2.34,-3.0,87.0,22.0,15
spring,2012,12,14,0,3,1,rain,2.34,-2.0,93.0,17.0,20
spring,2012,12,15,0,3,1,rain,4.22,-1.0,87.0,24.0,13
spring,2012,12,16,0,3,1,rain,4.22,-1.0,87.0,24.0,13
spring,2012,12,17,0,3,1,rain,4.22,-1.0,93.0,24.0,53
spring,2012,12,18,0,3,1,rain,5.16,1.0,93.0,20.0,43
spring,2012,12,19,0,3,1,rain,6.1,3.0,87.0,13.0,35
spring,2012,12,20,0,3,1,rain,7.04,4.0,93.0,17.0,32
spring,2012,12,21,0,3,1,misty,6.1,2.0,87.0,20.0,20
spring,2012,12,22,0,3,1,rain,3.28,-3.0,93.0,30.0,11
spring,2012,12,23,0,3,1,rain,4.22,-1.0,87.0,20.0,10
spring,2012,12,0,0,4,1,rain,4.22,-1.0,87.0,20.0,3
spring,2012,12,1,0,4,1,rain,3.28,-3.0,93.0,30.0,5
spring,2012,12,2,0,4,1,misty,3.28,-3.0,87.0,30.0,2
spring,2012,12,3,0,4,1,misty,3.28,-1.0,87.0,15.0,1
spring,2012,12,4,0,4,1,misty,3.28,-2.0,87.0,22.0,3
spring,2012,12,5,0,4,1,clear,3.28,-0.0,75.0,11.0,11
spring,2012,12,6,0,4,1,clear,3.28,-3.0,70.0,33.0,45
spring,2012,12,7,0,4,1,clear,3.28,-1.0,70.0,15.0,90
spring,2012,12,8,0,4,1,clear,4.22,-1.0,65.0,24.0,208
spring,2012,12,9,0,4,1,clear,4.22,-2.0,60.0,33.0,133
spring,2012,12,10,0,4,1,clear,5.16,-1.0,56.0,35.0,75
spring,2012,12,11,0,4,1,misty,5.16,-0.0,56.0,30.0,103
spring,2012,12,12,0,4,1,clear,6.1,2.0,49.0,31.0,109
spring,2012,12,13,0,4,1,clear,6.1,2.0,49.0,31.0,118
spring,2012,12,14,0,4,1,misty,4.22,-2.0,56.0,35.0,119
spring,2012,12,15,0,4,1,misty,4.22,-2.0,56.0,30.0,120
spring,2012,12,16,0,4,1,misty,4.22,-0.0,52.0,19.0,174
spring,2012,12,17,0,4,1,misty,4.22,-0.0,52.0,19.0,257
spring,2012,12,18,0,4,1,misty,3.28,-1.0,60.0,17.0,197
spring,2012,12,19,0,4,1,clear,3.28,-2.0,60.0,19.0,117
spring,2012,12,20,0,4,1,clear,3.28,-0.0,60.0,11.0,91
spring,2012,12,21,0,4,1,misty,3.28,-1.0,60.0,17.0,63
spring,2012,12,22,0,4,1,misty,3.28,-2.0,60.0,19.0,44
spring,2012,12,23,0,4,1,misty,3.28,-1.0,60.0,17.0,26
spring,2012,12,0,0,5,1,misty,3.28,-0.0,60.0,11.0,25
spring,2012,12,1,0,5,1,clear,3.28,-1.0,60.0,13.0,9
spring,2012,12,2,0,5,1,clear,3.28,-1.0,60.0,17.0,5
spring,2012,12,3,0,5,1,misty,3.28,-0.0,60.0,11.0,2
spring,2012,12,4,0,5,1,misty,3.28,1.0,60.0,7.0,4
spring,2012,12,5,0,5,1,misty,3.28,1.0,60.0,6.0,15
spring,2012,12,6,0,5,1,clear,2.34,-2.0,64.0,19.0,51
spring,2012,12,7,0,5,1,clear,2.34,-1.0,64.0,11.0,112
spring,2012,12,8,0,5,1,misty,3.28,-0.0,60.0,9.0,239
spring,2012,12,9,0,5,1,misty,3.28,-2.0,60.0,19.0,191
spring,2012,12,10,0,5,1,misty,4.22,-0.0,56.0,17.0,162
spring,2012,12,11,0,5,1,misty,5.16,2.0,52.0,15.0,178
spring,2012,12,12,0,5,1,misty,6.1,4.0,49.0,9.0,222
spring,2012,12,13,0,5,1,misty,6.1,4.0,49.0,9.0,222
spring,2012,12,14,0,5,1,misty,6.1,4.0,49.0,9.0,261
spring,2012,12,15,0,5,1,misty,6.1,5.0,49.0,0.0,225
spring,2012,12,16,0,5,1,clear,6.1,4.0,49.0,9.0,250
spring,2012,12,17,0,5,1,clear,3.28,-0.0,60.0,9.0,271
spring,2012,12,18,0,5,1,clear,3.28,-0.0,60.0,9.0,213
spring,2012,12,19,0,5,1,misty,3.28,-1.0,65.0,13.0,128
spring,2012,12,20,0,5,1,misty,3.28,1.0,65.0,7.0,97
spring,2012,12,21,0,5,1,misty,3.28,-0.0,70.0,9.0,92
spring,2012,12,22,0,5,1,misty,3.28,1.0,70.0,6.0,62
spring,2012,12,23,0,5,1,misty,3.28,1.0,65.0,6.0,59
spring,2012,12,0,0,6,0,misty,3.28,-0.0,70.0,0.0,26
spring,2012,12,1,0,6,0,misty,3.28,-0.0,75.0,6.0,37
spring,2012,12,2,0,6,0,misty,3.28,-0.0,70.0,0.0,19
spring,2012,12,3,0,6,0,misty,3.28,-0.0,75.0,0.0,6
spring,2012,12,4,0,6,0,misty,3.28,-0.0,75.0,6.0,3
spring,2012,12,5,0,6,0,misty,3.28,-0.0,75.0,6.0,3
spring,2012,12,6,0,6,0,misty,4.22,-0.0,70.0,7.0,7
spring,2012,12,7,0,6,0,misty,4.22,-0.0,70.0,9.0,18
spring,2012,12,8,0,6,0,misty,4.22,-0.0,81.0,0.0,44
spring,2012,12,9,0,6,0,misty,4.22,-0.0,81.0,0.0,49
spring,2012,12,10,0,6,0,rain,4.22,-0.0,81.0,9.0,41
spring,2012,12,11,0,6,0,rain,1.4,-0.0,93.0,6.0,45
spring,2012,12,12,0,6,0,rain,1.4,-0.0,100.0,0.0,48
spring,2012,12,13,0,6,0,rain,1.4,-0.0,100.0,0.0,84
spring,2012,12,14,0,6,0,misty,3.28,-0.0,87.0,6.0,98
spring,2012,12,15,0,6,0,misty,3.28,-0.0,87.0,0.0,129
spring,2012,12,16,0,6,0,clear,6.1,-0.0,75.0,7.0,147
spring,2012,12,17,0,6,0,clear,4.22,-0.0,79.0,7.0,118
spring,2012,12,18,0,6,0,clear,6.1,-0.0,70.0,13.0,110
spring,2012,12,19,0,6,0,misty,6.1,-0.0,61.0,17.0,97
spring,2012,12,20,0,6,0,misty,6.1,-0.0,56.0,37.0,66
spring,2012,12,21,0,6,0,misty,5.16,-0.0,56.0,33.0,60
spring,2012,12,22,0,6,0,misty,4.22,-0.0,60.0,31.0,54
spring,2012,12,23,0,6,0,misty,4.22,-0.0,60.0,0.0,32
spring,2012,12,0,0,0,0,misty,4.22,1.0,60.0,11.0,41
spring,2012,12,1,0,0,0,misty,4.22,-1.0,56.0,28.0,28
spring,2012,12,2,0,0,0,misty,4.22,-0.0,56.0,19.0,19
spring,2012,12,3,0,0,0,misty,4.22,-1.0,56.0,28.0,15
spring,2012,12,4,0,0,0,misty,4.22,1.0,56.0,15.0,7
spring,2012,12,5,0,0,0,misty,4.22,-1.0,48.0,20.0,2
spring,2012,12,6,0,0,0,misty,3.28,-3.0,52.0,28.0,8
spring,2012,12,7,0,0,0,clear,3.28,-2.0,56.0,24.0,13
spring,2012,12,8,0,0,0,clear,3.28,-3.0,52.0,31.0,33
spring,2012,12,9,0,0,0,clear,3.28,-2.0,52.0,26.0,74
spring,2012,12,10,0,0,0,clear,4.22,-2.0,41.0,39.0,122
spring,2012,12,11,0,0,0,clear,4.22,-1.0,41.0,28.0,136
spring,2012,12,12,0,0,0,clear,5.16,-1.0,36.0,39.0,144
spring,2012,12,13,0,0,0,clear,6.1,1.0,36.0,44.0,169
spring,2012,12,14,0,0,0,clear,6.1,2.0,36.0,31.0,160
spring,2012,12,15,0,0,0,clear,5.16,1.0,38.0,22.0,138
spring,2012,12,16,0,0,0,clear,5.16,-0.0,38.0,28.0,133
spring,2012,12,17,0,0,0,clear,4.22,-1.0,41.0,22.0,123
spring,2012,12,18,0,0,0,misty,3.28,-2.0,44.0,20.0,125
spring,2012,12,19,0,0,0,clear,7.98,8.0,61.0,0.0,102
spring,2012,12,20,0,0,0,clear,2.34,-3.0,47.0,22.0,72
spring,2012,12,21,0,0,0,clear,1.4,-2.0,51.0,11.0,47
spring,2012,12,22,0,0,0,clear,1.4,-3.0,55.0,13.0,36
spring,2012,12,23,0,0,0,clear,1.4,-3.0,51.0,15.0,49
spring,2012,12,0,0,1,1,clear,0.46,-4.0,55.0,13.0,34
spring,2012,12,1,0,1,1,clear,0.46,-4.0,55.0,13.0,19
spring,2012,12,2,0,1,1,clear,-0.48,-5.0,59.0,11.0,11
spring,2012,12,3,0,1,1,clear,-0.48,-4.0,59.0,7.0,1
spring,2012,12,4,0,1,1,clear,-1.42,-5.0,69.0,7.0,3
spring,2012,12,5,0,1,1,clear,-0.48,-6.0,64.0,13.0,9
spring,2012,12,6,0,1,1,clear,-0.48,-5.0,64.0,11.0,40
spring,2012,12,7,0,1,1,clear,-0.48,-4.0,64.0,9.0,85
spring,2012,12,8,0,1,1,clear,-1.42,-6.0,69.0,9.0,196
spring,2012,12,9,0,1,1,misty,0.46,-2.0,64.0,7.0,157
spring,2012,12,10,0,1,1,misty,1.4,-2.0,69.0,9.0,120
spring,2012,12,11,0,1,1,misty,2.34,-1.0,60.0,13.0,157
spring,2012,12,12,0,1,1,misty,3.28,-1.0,56.0,13.0,224
spring,2012,12,13,0,1,1,misty,4.22,1.0,44.0,11.0,203
spring,2012,12,14,0,1,1,misty,5.16,2.0,45.0,15.0,247
spring,2012,12,15,0,1,1,misty,5.16,3.0,45.0,9.0,315
spring,2012,12,16,0,1,1,misty,4.22,1.0,48.0,13.0,214
spring,2012,12,17,0,1,1,misty,4.22,3.0,48.0,6.0,164
spring,2012,12,18,0,1,1,misty,4.22,2.0,48.0,9.0,122
spring,2012,12,19,0,1,1,misty,4.22,1.0,60.0,11.0,119
spring,2012,12,20,0,1,1,misty,4.22,1.0,60.0,11.0,89
spring,2012,12,21,0,1,1,clear,4.22,1.0,60.0,11.0,90
spring,2012,12,22,0,1,1,clear,4.22,2.0,56.0,9.0,61
spring,2012,12,23,0,1,1,clear,4.22,2.0,65.0,9.0,49
